name,country,lat,lon,population,elev_m,pga_475_g,seismic,vs30,precip,wtd,dw_km,pgv
Shanghai,CN,31.22222,121.45806,24874500,12,0.05296031,True,228.84739685058594,1049.0,0.2899214160372594,3.107094983087166,5.296030999999999
Beijing,CN,39.9075,116.39723,18960744,49,0.1370146489373686,True,230.77230834960938,569.0,5.2185854886702145,17.88414889483644,13.701464893736858
Shenzhen,CN,22.54554,114.0683,17494398,4,0.0340467299991359,False,261.2381896972656,1971.0,0.045777065690117524,2.285614023206151,3.40467299991359
Guangzhou,CN,23.11667,113.25,16096724,15,0.0288032264263024,False,284.6444396972656,1696.0,8.453498130769844,8.938418045049396,2.88032264263024
Kinshasa,CD,-4.32758,15.31357,16000000,281,0.0,False,272.80572509765625,1452.0,0.5798428320745188,5.2568220451148076,0.0
Istanbul,TR,41.01384,28.94966,15701602,39,0.4327548,True,350.5603332519531,718.0,2.6398107881285,0.5690703834498371,43.27548
Lagos,NG,6.45407,3.39467,15388000,11,0.0082515579999998,False,321.1914978027344,1541.0,6.912336919203483,0.5245006452092309,0.82515579999998
Ho Chi Minh City,VN,10.82302,106.62965,14002598,7,0.0137709700000021,False,233.24832153320312,1775.0,0.01525902189672479,21.012944437444844,1.3770970000002098
Chengdu,CN,30.66667,104.06667,13568357,499,0.2469592000001928,True,210.071044921875,931.0,8.361943999389666,28.736710454830003,24.69592000001928
Lahore,PK,31.558,74.35071,13004135,216,0.177375700015881,True,233.4724578857422,537.0,8.545052262150023,6.46833835525657,17.7375700015881
Mumbai,IN,19.07283,72.88261,12691836,8,0.120297400125448,True,232.39059448242188,2274.0,1.8768596932936816,4.7052142468930125,12.0297400125448
São Paulo,BR,-23.5475,-46.63611,12400232,769,0.0,False,749.1719360351562,1505.0,20.889600976577412,3.8466685074257767,0.0
Mexico City,MX,19.42847,-99.12766,12294193,2240,0.2219640727916876,True,212.8583984375,648.0,5.684341886080802e-14,43.43998910849127,22.19640727916876
Karachi,PK,24.8608,67.0104,11624219,8,0.2104098999919154,True,214.93113708496094,162.0,11.779964904249653,4.867763345184103,21.040989999191538
Tianjin,CN,39.14222,117.17667,11090314,11,0.117718599999321,True,205.9684600830078,556.0,3.112840466926116,1.816541073776195,11.771859999932099
Delhi,IN,28.65195,77.23149,11034555,227,0.2294909887507435,True,298.2158508300781,734.0,15.228503852903032,1.5667268818351607,22.949098875074352
Wuhan,CN,30.58333,114.26667,10392693,20,0.027548645116182,False,260.19219970703125,1251.0,0.3051804379339842,2.141434916875099,2.7548645116182002
Moscow,RU,55.75204,37.61781,10381222,155,0.0,False,487.27001953125,676.0,8.041504539559014,3.0110200173027075,0.0
Dhaka,BD,23.7104,90.40744,10356500,23,0.1949473000000002,True,267.74822998046875,2145.0,0.4882887006943406,1.8597388917786213,19.494730000000022
Seoul,KR,37.566,126.9784,10349312,38,0.1291627050768389,True,339.9872131347656,1315.0,9.628442816815493,4.389469306861391,12.91627050768389
Tokyo,JP,35.6895,139.69171,9733276,44,0.605276,True,253.3000030517578,1432.0,5.432211795223964,7.757012464687056,60.52760000000001
Dongguan,CN,23.01797,113.74866,9644871,1,0.039644854666046,False,319.8929138183594,1740.0,5.684341886080802e-14,6.016472651360396,3.9644854666046
Cairo,EG,30.06263,31.24967,9606916,23,0.2230294118225173,True,218.0430908203125,26.0,5.684341886080802e-14,5.9000890831617525,22.30294118225173
Xi’an,CN,34.25833,108.92861,9600000,416,0.1007263999999999,True,228.13194274902344,614.0,8.6366063935302,15.901550564097763,10.07263999999999
Johannesburg,ZA,-26.20227,28.04363,9418183,1767,0.1584781514039589,True,355.59576416015625,720.0,70.71030746929125,52.32961775105311,15.847815140395891
Nanjing,CN,32.06167,118.77778,9314685,22,0.058399089010373,True,239.25901794433594,1044.0,8.865491721980675,7.597868102461106,5.8399089010373
Hangzhou,CN,30.29365,120.16142,9236032,12,0.0213439675789516,False,224.6783905029297,1333.0,0.1983672846570812,7.518668476909269,2.13439675789516
Foshan,CN,23.02677,113.13148,9042509,5,0.0255832700000001,False,235.7669677734375,1711.0,0.793469138628268,2.6478834537748153,2.55832700000001
London,GB,51.50853,-0.12574,8961989,25,0.0081033783392234,False,551.5293579101562,624.0,25.986114290074056,1.6286690703358158,0.81033783392234
New York City,US,40.71427,-74.00597,8804190,57,0.0409690700000457,False,555.6364135742188,1222.0,5.684341886080802e-14,1.179713446153549,4.09690700000457
Jakarta,ID,-6.21462,106.84513,8540121,16,0.2440006999996528,True,214.38143920898438,2145.0,1.4648661020829081,12.46998739766137,24.40006999996528
Bengaluru,IN,12.97194,77.59369,8495492,914,0.1020980081948443,True,469.5596618652344,812.0,4.119935912108076,20.129319068236914,10.20980081948443
Hanoi,VN,21.0245,105.84117,8053663,10,0.08338389,True,273.5119934082031,1628.0,0.36621652552076966,1.9750752720214386,8.338389
Taipei,TW,25.05306,121.52639,7871900,5,0.3369818386905979,True,121.80533599853516,3055.0,0.22888532845047393,12.4933029549212,33.69818386905979
Lima,PE,-12.04318,-77.02824,7737002,152,0.5729318000000077,True,326.41680908203125,22.0,8.041504539559014,8.338886876920188,57.29318000000077
Bogotá,CO,4.60971,-74.08175,7674366,2582,0.2128795999903159,True,354.3930969238281,1312.0,0.8545052262150534,18.026550080255937,21.28795999903159
Chongqing,CN,29.56026,106.55771,7457599,289,0.1132862,True,432.7224426269531,1147.0,42.42008087281607,0.3210616400895512,11.32862
Hong Kong,HK,22.27832,114.17469,7396076,60,0.02464245,False,900.0,2118.0,2.8076600289921885,0.44692013273880016,2.464245
Baghdad,IQ,33.34058,44.40088,7216000,41,0.080273361037564,True,312.2768859863281,162.0,15.10643167772946,1.939212298038724,8.027336103756399
Wuzhong,CN,37.9867,106.201,7202654,1133,0.1972265914121957,True,217.73866271972656,220.0,20.73701075761045,3.6404052391194037,19.72265914121957
Qingdao,CN,36.06488,120.38042,7172451,16,0.0391026100000109,False,450.9671630859375,698.0,5.684341886080802e-14,2.043345684995244,3.9102610000010896
Tehran,IR,35.69439,51.42151,7153309,1178,0.4330289000001777,True,369.80340576171875,240.0,1.2359807736324342,106.9502179461994,43.30289000001777
Shenyang,CN,41.79222,123.43278,7050000,53,0.0998792262887538,True,251.6791534423828,673.0,1.3275349050126124,38.95666934077452,9.98792262887538
Hyderabad,IN,17.38405,78.45636,6993262,515,0.0742353288629107,True,457.43145751953125,788.0,2.868696116578974,124.9129820000264,7.4235328862910706
Rio de Janeiro,BR,-22.90642,-43.18223,6747815,12,0.0,False,593.8947143554688,1261.0,7.156481269550625,2.22552299478086,0.0
Suzhou,CN,31.30408,120.59538,6715559,10,0.0373966842288361,False,230.16864013671875,965.0,3.677424277103853,13.249286068945548,3.7396684228836103
Ahmedabad,IN,23.02579,72.58727,6357693,56,0.0785870407568552,True,272.72845458984375,759.0,16.14404516670487,73.45552146818392,7.85870407568552
Abidjan,CI,5.35444,-4.00167,6321017,50,0.0118439299293548,False,512.1356201171875,1699.0,8.712901503013711,4.20112245672764,1.18439299293548
Pudong,CN,31.23995,121.50094,5681512,9,0.0548643,True,234.18467712402344,1039.0,5.684341886080802e-14,0.9628049965868484,5.4864299999999995
Singapore,SG,1.28967,103.85007,5638700,23,0.0413356867053515,False,295.5825500488281,2357.0,5.684341886080802e-14,1.4076808100492189,4.13356867053515
Sydney,AU,-33.86785,151.20732,5557233,58,0.0269749699942927,False,515.9810791015625,1239.0,0.09155413138023505,3.6941360179226925,2.69749699942927
Dar es Salaam,TZ,-6.82349,39.26951,5383728,24,0.109765000000553,True,261.65869140625,1066.0,8.361943999389666,1.4221015900347755,10.9765000000553
Saint Petersburg,RU,59.93863,30.31413,5351935,11,0.0,False,365.1067810058594,639.0,16.35767147325862,2.202248679118601,0.0
Melbourne,AU,-37.814,144.96332,5350705,25,0.03655883,False,580.9895629882812,625.0,25.63515678645001,6.498239285306572,3.655883
Alexandria,EG,31.20176,29.91582,5263542,9,0.106489699999422,True,223.88836669921875,175.0,6.28671702143896,1.4910171735848954,10.6489699999422
Harbin,CN,45.75,126.65,5242897,140,0.0183948239478298,False,343.9610595703125,529.0,0.18310826276041325,4.080578759852046,1.83948239478298
Bangkok,TH,13.75398,100.50144,5104476,12,0.0133824575681102,False,215.7642822265625,1358.0,1.953154802777192,0.8871093678987888,1.33824575681102
Hefei,CN,31.86389,117.28083,5050000,24,0.0983821445081414,True,230.1564483642578,1091.0,3.082322423132723,75.70061622519975,9.838214450814139
Dalian,CN,38.91222,121.60222,4913879,33,0.0876957999990944,True,406.5933532714844,633.0,16.18982223239493,2.097084195587912,8.769579999909439
Kano,NG,12.00012,8.51672,4910000,484,0.0,False,331.3022155761719,759.0,4.27252613107504,15.045887943247566,0.0
Santiago,CL,-33.45694,-70.64827,4837295,556,0.4173637999999916,True,307.89996337890625,451.0,2.395666437781358,67.17842696066505,41.736379999999166
Cape Town,ZA,-33.92584,18.42322,4772846,25,0.0472046199999862,False,850.8930053710938,592.0,6.607156481269556,3.0344917952176695,4.72046199999862
Peshawar,PK,34.008,71.57849,4758762,340,0.2901222617456738,True,287.96417236328125,530.0,8.209353780422703,50.23090092866646,29.01222617456738
Changchun,CN,43.88,125.32278,4714996,206,0.0634228002268415,True,344.11676025390625,591.0,0.045777065690117524,89.42604805737493,6.34228002268415
Jeddah,SA,21.49012,39.18624,4697000,7,0.0409822442436537,False,600.0,80.0,15.32005798428321,2.715421152962458,4.0982244243653705
Chennai,IN,13.08784,80.27847,4681087,14,0.08934973,True,253.99093627929688,1239.0,8.041504539559014,1.7356817920194747,8.934973
Kolkata,IN,22.56263,88.36304,4631392,11,0.119528,True,239.5285186767578,1637.0,2.059967956054038,2.616875486305042,11.9528
Xiamen,CN,24.47979,118.08187,4617251,12,0.0827425507996686,True,700.76904296875,1093.0,0.01525902189672479,0.28517766793291277,8.27425507996686
Surat,IN,21.19594,72.83023,4591246,20,0.09830952,True,225.83724975585938,1070.0,8.25513084611282,2.0088310183989053,9.830952
Yangon,MM,16.80528,96.15611,4477638,30,0.2417016573252616,True,245.57081604003906,2441.0,1.4038300144961227,3.6698432474069445,24.17016573252616
Bao'an,CN,22.55213,113.88288,4476554,-9999,0.0298774199999999,False,600.0,1882.0,5.684341886080802e-14,1.7441910564741663,2.98774199999999
Kabul,AF,34.52813,69.17233,4434550,1798,0.3410787,True,372.23101806640625,347.0,2.4414435034714757,62.745092473346915,34.10787
Nairobi,KE,-1.28333,36.81667,4397073,1684,0.0624027300000072,True,394.0188293457031,1008.0,0.106813153276903,74.96640039668605,6.24027300000072
Wuxi,CN,31.56887,120.28857,4396835,10,0.04584123,False,232.49732971191406,1014.0,6.942854962996876,38.21116498936836,4.584123
Giza,EG,30.00944,31.20861,4367343,19,0.2299891999999745,True,236.05921936035156,26.0,17.608911268787722,1.1979372297735407,22.99891999999745
Jinan,CN,36.66833,116.99722,4335989,32,0.0310584197478758,False,278.32989501953125,674.0,1.4953841458763009,6.502118216393371,3.10584197478758
Taiyuan,CN,37.86944,112.56028,4303673,795,0.1791104881897064,True,256.29119873046875,412.0,0.13733119707029573,3.3902993865329636,17.91104881897064
Zhengzhou,CN,34.75778,113.64861,4253913,104,0.0933468099999583,True,200.2095489501953,613.0,1.831082627603621,16.15501701056385,9.33468099999583
Bamako,ML,12.60915,-7.97522,4227569,374,0.0,False,446.3092956542969,879.0,12.63447013046465,3.18006212259806,0.0
Riyadh,SA,24.68773,46.72185,4205961,612,0.0,False,272.4369201660156,124.0,15.701533531700647,359.44208326368135,0.0
New Taipei City,TW,25.06199,121.45703,4004367,4,0.3321715041340599,True,189.5024871826172,2693.0,0.5188067444877333,8.201788204387995,33.21715041340599
New Territories,HK,22.42441,114.11095,3984077,231,0.0290077864436968,False,900.0,2033.0,1.5259021896696936,6.098342988110496,2.9007786443696797
Shijiazhuang,CN,38.04139,114.47861,3938513,77,0.118746899999866,True,221.09710693359375,511.0,7.202258335240742,168.2098827174035,11.8746899999866
Chattogram,BD,22.3384,91.83168,3920222,15,0.2789350093955502,True,296.0547790527344,2959.0,1.724269474326718,1.1638933942429677,27.89350093955502
Addis Ababa,ET,9.02497,38.74689,3860000,2405,0.0987208442743054,True,459.8425598144531,1130.0,16.52552071412225,39.539854059055386,9.87208442743054
Kunming,CN,25.03889,102.71833,3855346,1895,0.2247326999966429,True,233.0612030029297,928.0,0.32043945983065214,45.263394465658926,22.47326999966429
Zhongshan,CN,22.52306,113.37912,3841873,9,0.0236906200007139,False,332.4124450683594,1882.0,2.8992141603723667,10.378104125977574,2.36906200007139
Nanning,CN,22.81667,108.31667,3839800,91,0.0379763238454125,False,335.81494140625,1450.0,16.40344853894868,1.1587513733835877,3.7976323845412505
Shantou,CN,23.35489,116.67876,3838900,3,0.07380899,True,301.50555419921875,1578.0,,0.31084020035835946,7.380899
Los Angeles,US,34.05223,-118.24368,3820914,96,0.4290697,True,310.8283386230469,406.0,27.450980392156907,21.770203780158184,42.90697
Faisalabad,PK,31.41554,73.08969,3800193,186,0.2352902999999999,True,224.0375213623047,362.0,16.174563210498263,36.52755469068954,23.529029999999988
Dubai,AE,25.07725,55.30927,3790000,24,0.0299385956884189,False,255.95420837402344,105.0,14.465552758068213,12.97140876361916,2.99385956884189
Yokohama,JP,35.43333,139.65,3777491,21,0.6621291,True,246.6999969482422,1671.0,2.6398107881285,1.8340361042652882,66.21291000000001
Fuzhou,CN,26.06139,119.30611,3740000,14,0.051719552891057,True,245.52935791015625,1374.0,6.744487678339851,2.5539335553755724,5.1719552891057
Ningbo,CN,29.87819,121.54945,3731203,15,0.0110521152166757,False,235.72549438476562,1245.0,5.684341886080802e-14,18.391283941564367,1.10521152166757
Casablanca,MA,33.58831,-7.61138,3665954,27,0.0352247299790776,False,341.8592834472656,406.0,4.379339284351886,2.2789200208321923,3.52247299790776
Ibadan,NG,7.37756,3.90591,3649000,181,0.0066346722000214,False,306.392333984375,1315.0,0.12207217517362778,38.850506313935824,0.66346722000214
Puyang,CN,29.45679,119.88872,3590000,76,0.0146433046966581,False,445.68853759765625,1448.0,5.684341886080802e-14,33.165439752431254,1.46433046966581
Ankara,TR,39.91987,32.85427,3517182,874,0.1666255618933042,True,432.7453308105469,400.0,9.079118028534424,47.80716762693401,16.66255618933042
Shiyan,CN,32.6475,110.77806,3460000,247,0.0575011800151797,True,298.7441101074219,954.0,5.684341886080802e-14,18.241640976192198,5.750118001517969
Berlin,DE,52.52437,13.41053,3426354,43,0.0,False,344.1461181640625,572.0,11.596856641489296,59.93276797805975,0.0
Tangshan,CN,39.64381,118.18319,3372102,7,0.3162972999999999,True,319.56634521484375,621.0,0.22888532845047393,48.69996845772576,31.629729999999988
Rawalpindi,PK,33.59733,73.0479,3357612,501,0.3984775999894386,True,265.31805419921875,947.0,6.500343327992709,48.5603920148053,39.84775999894386
Lüliang,CN,37.5192,111.14436,3346500,959,0.08261043,True,405.2712707519531,492.0,0.18310826276041325,31.717494205758204,8.261042999999999
Durban,ZA,-29.8579,31.0292,3338026,21,0.0247316200000002,False,302.9079284667969,1010.0,5.684341886080802e-14,1.7191937657625513,2.47316200000002
Changzhou,CN,31.77359,119.95401,3290918,9,0.055045040004099,True,230.5048370361328,1047.0,5.684341886080802e-14,20.263042692707568,5.5045040004099
Busan,KR,35.10168,129.03004,3285147,15,0.1661660969867312,True,608.4011840820312,1441.0,28.53437094682232,0.811974975748829,16.61660969867312
Madrid,ES,40.4165,-3.70256,3255944,665,0.0158092200002295,False,669.3474731445312,405.0,40.146486610208285,42.76865429053143,1.58092200002295
Pyongyang,KP,39.03385,125.75432,3222000,43,0.1516701309305629,True,615.4934692382812,1062.0,29.480430304417496,35.74982510574854,15.167013093056289
Zibo,CN,36.79056,118.06333,3129228,51,0.0319178642797818,False,241.4834442138672,680.0,3.2654306858930795,54.59211919373445,3.19178642797818
Pune,IN,18.51957,73.85535,3124458,554,0.1458257,True,407.9278259277344,686.0,0.16784924086368846,22.971530526555007,14.58257
Bursa,TR,40.19559,29.06013,3101833,155,0.4104262999848779,True,534.7181396484375,600.0,2.1362630655375483,18.907002207839582,41.04262999848779
Changsha,CN,28.19874,112.97087,3093980,67,0.0236179223243138,False,358.9906921386719,1387.0,21.591515983825445,1.1592517572772874,2.3617922324313803
Quezon City,PH,14.6488,121.0509,3084270,49,0.3776324,True,280.5470886230469,2273.0,6.759746700236519,11.550313649240403,37.763239999999996
Jaipur,IN,26.91962,75.78781,3046163,435,0.0645149268963529,True,382.1997375488281,612.0,11.810482948043045,78.01301884391924,6.451492689635289
Guiyang,CN,26.58333,106.71667,3037159,1087,0.0515039400000423,True,713.9971313476562,1113.0,25.3757534142062,49.840495897988895,5.15039400000423
Ürümqi,CN,43.80096,87.60046,3029372,862,0.2520546002296858,True,329.3302307128906,223.0,0.7171740291447577,218.11113452115293,25.20546002296858
Incheon,KR,37.45646,126.70515,3015482,43,0.1299214000302797,True,387.766357421875,1259.0,21.896696421759373,7.101012323889473,12.992140003027968
Lanzhou,CN,36.05701,103.83987,3000000,1521,0.0837336089308837,True,243.3724822998047,334.0,17.456321049820758,3.397202569436719,8.373360893088371
Caracas,VE,10.48801,-66.87919,3000000,887,0.1730225400287133,True,258.7844543457031,1025.0,0.01525902189672479,13.53134292509169,17.30225400287133
Kyiv,UA,50.45466,30.5238,2952301,187,0.0,False,900.0,598.0,89.15846494239725,1.5416388762729507,0.0
İzmir,TR,38.41273,27.13838,2938292,122,0.7108020999973488,True,527.6024169921875,679.0,90.42496375982302,2.3178310335841,71.08020999973488
Huizhou,CN,23.11147,114.41523,2900113,25,0.0866846999999999,True,333.48883056640625,1854.0,18.49393453879611,0.2290439187071343,8.66846999999999
Buenos Aires,AR,-34.61315,-58.37723,2891082,31,0.0,False,475.3589172363281,1093.0,11.627374685282689,3.0089555219128714,0.0
Surabaya,ID,-7.24917,112.75083,2874314,8,0.1756715000089241,True,203.4541473388672,1663.0,2.3346303501945727,3.964466797522865,17.567150000892408
Haikou,CN,20.03421,110.34651,2873358,9,0.0606846,True,320.0976867675781,1697.0,1.4190890363927906,2.162402121684889,6.06846
Taichung,TW,24.1469,120.6839,2850285,91,0.5903575,True,443.689697265625,2072.0,2.3651483939879654,21.470808951212064,59.03575
Kanpur,IN,26.46523,80.34975,2823249,137,0.0874991899999999,True,227.27545166015625,906.0,13.42793926909286,2.583761393982147,8.74991899999999
Toronto,CA,43.70643,-79.39864,2794356,161,0.0373606989015622,False,391.6415100097656,839.0,2.7161058976120103,54.94653815502408,3.73606989015622
Quito,EC,-0.22985,-78.52495,2781641,2854,0.5291945128205688,True,608.2095947265625,1119.0,39.597161821927216,75.13167151041071,52.91945128205688
Brisbane,AU,-27.46794,153.02809,2780063,27,0.0119569599997158,False,520.909423828125,1273.0,11.886778057526556,16.009524471233348,1.19569599997158
Luanda,AO,-8.83682,13.23432,2776168,73,0.023175360001899,False,675.7468872070312,512.0,51.6517891203174,3.446599146294076,2.3175360001899
Osaka,JP,34.69379,135.50107,2753862,4,0.3697804212391887,True,260.20001220703125,1381.0,5.684341886080802e-14,8.060177663586122,36.97804212391887
Linyi,CN,35.06306,118.34278,2743843,69,0.0818507500000001,True,224.00645446777344,796.0,0.5951018539711868,16.843507285824703,8.18507500000001
Baoding,CN,38.87288,115.46246,2739887,15,0.1072925044906819,True,201.0353240966797,507.0,10.040436408026267,97.73415394827522,10.72925044906819
Kaohsiung,TW,22.61626,120.31333,2737660,9,0.3681412361152513,True,209.50657653808594,1990.0,1.1596856641489808,2.8664741308134767,36.814123611525126
Brooklyn,US,40.6501,-73.94958,2736074,18,0.0406302935179303,False,330.3778991699219,1169.0,8.484016174563237,5.57773365763938,4.0630293517930305
Guayaquil,EC,-2.19616,-79.88621,2723665,14,0.6265439059161264,True,600.0,1002.0,10.299839780270133,2.146082664993562,62.65439059161264
Belo Horizonte,BR,-19.92083,-43.93778,2721564,872,0.0,False,298.6899719238281,1527.0,5.684341886080802e-14,10.611023878443527,0.0
Minhang,CN,31.10881,121.37471,2716600,12,0.0492274899976319,False,229.47024536132812,1009.0,1.602197299153147,12.262428409652038,4.92274899976319
Bazhong,CN,31.8694,106.74432,2712894,393,0.0669995699998099,True,864.8499755859375,1049.0,101.89974822613874,72.91542454912583,6.69995699998099
Salvador,BR,-12.97563,-38.49096,2711840,4,0.0,False,447.3353576660156,2003.0,5.767910276951284,3.1261266945818735,0.0
Abuja,NG,9.05785,7.49508,2690000,476,0.0,False,415.2186584472656,1364.0,13.04646372167548,115.33733166470235,0.0
Gazipur,BD,23.99844,90.42234,2674697,12,0.1960511,True,227.94357299804688,2121.0,1.6174563210498718,22.780264572050623,19.60511
Chicago,US,41.85003,-87.65005,2664452,180,0.0233895300196742,False,229.8573760986328,928.0,5.684341886080802e-14,71.90074825823807,2.33895300196742
Wenzhou,CN,27.99942,120.66682,2650000,10,0.0686242899999701,True,239.22329711914062,1528.0,0.045777065690117524,2.5667036269480707,6.86242899999701
Dakar,SN,14.6937,-17.44406,2646503,12,0.0,False,233.1459503173828,380.0,3.2806897077897474,0.7404359957743109,0.0
Haiphong,VN,20.86481,106.68345,2625200,12,0.0714270100110461,True,600.0,1694.0,4.53192950331885,2.5877902915309345,7.1427010011046095
Yunfu,CN,22.92787,112.03809,2612800,67,0.0355194099910954,False,582.9514770507812,1865.0,3.8452735179675415,16.721537790831402,3.55194099910954
Navi Mumbai,IN,19.03681,73.01582,2600000,14,0.1217893695201236,True,331.6882019042969,2988.0,5.684341886080802e-14,2.9449367549001586,12.17893695201236
Mogadishu,SO,2.03711,45.34375,2587183,12,0.0,False,477.9299621582031,476.0,5.684341886080802e-14,10.244262300193517,0.0
Bekasi,ID,-6.2349,106.9896,2564940,18,0.2359025999999658,True,233.7062225341797,2145.0,0.793469138628268,17.295904322981052,23.59025999999658
Kumasi,GH,6.68848,-1.62443,2544530,270,0.0362928984092718,False,296.9313659667969,1361.0,2.4719615472648684,168.64172958081036,3.6292898409271803
Gujranwala,PK,32.15567,74.18705,2511118,230,0.1442940429027946,True,230.1870574951172,585.0,17.807278553444746,34.60648428963618,14.42940429027946
Huai'an,CN,33.58861,119.01917,2494013,14,0.0370337678398638,False,241.51194763183594,869.0,2.0294499122606453,48.49880933770603,3.70337678398638
Lucknow,IN,26.83928,80.92313,2472011,126,0.092923407530698,True,235.35450744628906,993.0,1.0986495765621953,60.69847212010058,9.2923407530698
Bandung,ID,-6.92222,107.60694,2444160,714,0.2817743936394322,True,294.5260925292969,2273.0,0.9002822919051141,67.33540343947566,28.17743936394322
Medan,ID,3.58333,98.66667,2435252,26,0.1908047019318471,True,219.6578826904297,2430.0,0.18310826276041325,21.390082899960998,19.08047019318471
Ouagadougou,BF,12.36566,-1.53388,2415266,299,0.0,False,278.3036193847656,730.0,4.425116350042003,45.542312628506416,0.0
Nagpur,IN,21.14631,79.08491,2405665,319,0.0473826900000256,False,342.4120178222656,1129.0,8.224612802319427,53.49671734061,4.7382690000025605
Fortaleza,BR,-3.71722,-38.54306,2400000,18,0.0405301115765517,False,512.7322387695312,1483.0,4.913405050736287,1.8736620087071447,4.05301115765517
Cali,CO,3.43054,-76.5199,2392877,758,0.3503494944669512,True,270.05010986328125,1832.0,0.106813153276903,7.326531954680867,35.034949446695116
Daegu,KR,35.87028,128.59111,2365523,45,0.212614409616326,True,323.8189697265625,1082.0,2.532997634851654,10.96860095030915,21.261440961632598
Algiers,DZ,36.73225,3.08746,2364230,113,0.360220200010265,True,441.31878662109375,699.0,52.33844510566877,2.5318003149771924,36.0220200010265
Nanchang,CN,28.68396,115.85306,2357839,20,0.0431071234865407,False,254.18154907226562,1560.0,3.1738765545129013,4.747867172799816,4.31071234865407
Baku,AZ,40.37767,49.89201,2351300,-23,0.223503,True,319.5342102050781,243.0,5.684341886080802e-14,0.9662492573689095,22.3503
Hohhot,CN,40.81056,111.65222,2350000,1051,0.1767671363819321,True,238.4240264892578,284.0,3.204394598306294,77.35917199553887,17.67671363819321
Nagoya,JP,35.18147,136.90641,2332176,23,0.4578695,True,156.6999969482422,1974.0,12.802319371328338,10.286121018355862,45.78695
Rome,IT,41.89193,12.51133,2318895,52,0.1219487,True,282.48480224609375,760.0,22.308690012970203,3.0196185810197647,12.19487
Queens,US,40.68149,-73.83652,2316841,13,0.0394160613661988,False,288.0276184082031,1175.0,2.6703288319218927,3.6799894695226225,3.9416061366198805
Houston,US,29.76328,-95.36327,2314157,30,0.0111891804069207,False,311.7457580566406,1209.0,0.36621652552076966,29.426041628601514,1.11891804069207
Perth,AU,-31.95224,115.8614,2309338,34,0.03218378,False,401.00970458984375,757.0,16.90699626153969,1.986057050338135,3.2183780000000004
Mashhad,IR,36.29807,59.60567,2307177,980,0.2156777999852094,True,260.73651123046875,279.0,14.023041123064047,110.84740925217056,21.56777999852094
Shaoxing,CN,30.00237,120.57864,2300000,21,0.0143226300000102,False,235.06134033203125,1279.0,7.324330510414313,13.256807452449314,1.43226300000102
Nantong,CN,32.03028,120.87472,2273326,6,0.0583333852838798,True,215.8314666748047,1032.0,3.006027313649213,5.051191452121848,5.83333852838798
Baoshan,CN,31.40845,121.48956,2265900,5,0.0563865307407588,True,330.9303894042969,1075.0,3.418020904860043,3.0932227372328467,5.63865307407588
Kowloon,HK,22.31667,114.18333,2232339,92,0.0279793307148631,False,475.2884216308594,2118.0,23.910887312123293,0.9410938730229412,2.7979330714863098
Yantai,CN,37.47649,121.44081,2227733,22,0.06942275,True,887.8772583007812,698.0,21.515220874341992,2.6388460424414077,6.942275
Gaziantep,TR,37.05944,37.3825,2222415,842,0.192733631962112,True,428.8000793457031,532.0,0.12207217517362778,43.13763314856911,19.2733631962112
Lubumbashi,CD,-11.66089,27.47938,2221925,1260,0.1269135000001872,True,223.46115112304688,1135.0,43.121995880064105,34.81068401711484,12.69135000001872
Manaus,BR,-3.10194,-60.025,2219580,20,0.0155746900450295,False,285.6146545410156,2270.0,0.01525902189672479,6.4592698042198995,1.55746900450295
Lusaka,ZM,-15.40669,28.28713,2212301,1277,0.0653223858044363,True,315.58099365234375,818.0,16.60181582360576,42.70270298602353,6.5322385804436305
Brasília,BR,-15.77972,-47.92972,2207718,1136,0.005179858,False,664.3837280273438,1504.0,26.13870450904102,64.77968896582475,0.5179857999999999
Zhuhai,CN,22.27694,113.56778,2207090,35,0.022328132872429,False,620.9058837890625,1979.0,0.9613183794918996,1.1301928851150866,2.2328132872429003
Santo Domingo,DO,18.47186,-69.89232,2201941,24,0.4312265999999539,True,390.5118103027344,1644.0,3.8147554741741487,0.9185420873771835,43.12265999999539
Lomé,TG,6.12874,1.22154,2188376,13,0.0383485392112877,False,325.4688720703125,954.0,4.745555809872599,3.795444231148591,3.8348539211287695
Multan,PK,30.19679,71.47824,2169915,126,0.1521000982379538,True,319.241943359375,157.0,22.41550316624705,13.936799976815438,15.210009823795382
Havana,CU,23.13302,-82.38304,2163824,41,0.0697232325262081,True,328.41571044921875,1315.0,4.592965590905635,2.7575855890063075,6.97232325262081
Baotou,CN,40.6516,109.84389,2150000,1064,0.1640915259445369,True,258.5539245605469,297.0,6.62241550316628,15.137723399665889,16.40915259445369
Depok,ID,-6.4,106.81861,2145400,92,0.2647448,True,264.6269226074219,2925.0,11.779964904249653,33.02210438613376,26.47448
Paris,FR,48.85341,2.3488,2138551,42,0.0074986433603403,False,467.8030700683594,641.0,0.6561379415579722,0.7640551556083837,0.74986433603403
Coimbatore,IN,11.00555,76.96612,2136916,425,0.0912118499914439,True,322.4190979003906,966.0,2.2125581750210017,91.243074911898,9.12118499914439
Qingyang,CN,35.70976,107.64455,2125400,1427,0.0669624900083473,True,293.6593017578125,551.0,93.69039444571604,25.244481686979565,6.6962490008347295
Port Harcourt,NG,4.77742,7.0134,2120000,16,0.0188086798184175,False,278.3228759765625,2990.0,9.964141298542813,6.72239790122255,1.88086798184175
Pretoria,ZA,-25.74486,28.18783,2112693,1332,0.0231098771174801,False,540.68798828125,695.0,35.309376668955565,105.02202768902286,2.3109877117480098
Córdoba,AR,-31.40648,-64.18853,2106734,378,0.0992516499400665,True,346.3520812988281,815.0,0.01525902189672479,82.129533711114,9.92516499400665
Mbuji-Mayi,CD,-6.13603,23.58979,2101332,621,0.0135192300474642,False,590.59033203125,1515.0,9.628442816815493,18.93194492400433,1.35192300474642
Aleppo,SY,36.20124,37.16117,2098210,401,0.1731152907777781,True,324.3851013183594,354.0,22.247653925383418,80.944667912458,17.31152907777781
Kunshan,CN,31.37762,120.95431,2092496,10,0.0388416982001791,False,250.55711364746094,1059.0,5.722133211261166,5.5734622957147355,3.8841698200179104
Al Mawşil al Jadīdah,IQ,36.33271,43.10555,2065597,239,0.1837698,True,412.71783447265625,463.0,22.247653925383418,3.827131002888901,18.37698
Weifang,CN,36.71,119.10194,2044028,30,0.0536312100003509,True,227.69410705566406,691.0,0.24414435034719872,50.28162268134629,5.36312100003509
Zunyi,CN,27.68667,106.90722,2037775,867,0.0692180620677416,True,900.0,1068.0,26.214999618524473,37.40682924827924,6.92180620677416
Al Başrah al Qadīmah,IQ,30.50316,47.81507,2015483,7,0.0807779799930052,True,232.05459594726562,151.0,0.106813153276903,3.935100805466994,8.07779799930052
La Paz,BO,-16.5,-68.15,2004652,3782,0.2280680000698181,True,826.513671875,547.0,33.09681849393456,83.35432659603939,22.80680000698181
Lianyungang,CN,34.59845,119.21556,2001009,1,0.0316016099999887,False,266.9856262207031,869.0,0.12207217517362778,10.879338350256022,3.16016099999887
Medellín,CO,6.245,-75.57151,1999979,1528,0.1971214240095512,True,323.5350341796875,2467.0,0.01525902189672479,31.294794897603673,19.71214240095512
Indore,IN,22.71792,75.8333,1994397,550,0.0668241401186886,True,253.0897979736328,964.0,0.6408789196613043,32.10972620014968,6.68241401186886
Brazzaville,CG,-4.26613,15.28318,1982000,284,0.0,False,422.8861083984375,1452.0,1.4496070801861833,3.900774112739331,0.0
Tashkent,UZ,41.26465,69.21627,1978028,424,0.170258,True,301.8589782714844,453.0,15.182726787212971,55.30665842023168,17.0258
Ganzhou,CN,25.84664,114.9326,1977253,117,0.0297788500081422,False,422.99017333984375,1467.0,0.09155413138023505,2.278557520512199,2.97788500081422
Almaty,KZ,43.25249,76.9115,1977011,783,0.3968644310264769,True,454.9982604980469,517.0,5.684341886080802e-14,73.56998639267314,39.68644310264769
Khartoum,SD,15.55177,32.53241,1974647,381,0.0,False,223.9425048828125,119.0,13.611047531853217,6.405768180148231,0.0
Hamburg,DE,53.55073,9.99302,1973896,9,0.0,False,333.6302490234375,757.0,5.684341886080802e-14,0.9737135993074725,0.0
Sapporo,JP,43.06667,141.35,1973832,26,0.1806720360283885,True,164.8000030517578,1209.0,0.9918364232852923,12.62179004769341,18.06720360283885
Songjiang,CN,31.03443,121.22326,1973500,3,0.0394952506747467,False,233.14212036132812,979.0,0.7476920729381504,23.427279026257338,3.94952506747467
Accra,GH,5.55602,-0.1969,1963264,33,0.0840799599994307,True,338.271240234375,925.0,11.53582055390251,11.697926397713383,8.40799599994307
Curitiba,BR,-25.42778,-49.27306,1948626,924,0.0,False,463.74139404296875,1579.0,9.033340962844306,53.90391678182183,0.0
Ordos,CN,39.6086,109.78157,1940653,1310,0.0849750370641149,True,324.48675537109375,358.0,14.969100480659222,96.54588073187392,8.49750370641149
Sanaa,YE,15.35452,44.20646,1937451,2253,0.0526933723888093,True,264.03765869140625,251.0,6.607156481269556,143.50906134517945,5.26933723888093
Conakry,GN,9.53795,-13.67729,1928389,13,0.0261233257690502,False,252.71884155273438,3628.0,3.082322423132723,1.698334681023274,2.61233257690502
Tijuana,MX,32.5027,-117.00371,1922523,97,0.1454692999529328,True,576.450927734375,266.0,62.3941405355917,11.304429362805186,14.546929995293281
Hyderabad,PK,25.39689,68.37718,1921275,14,0.1405366,True,322.2336120605469,158.0,9.781033035782457,5.298445403991156,14.05366
Beirut,LB,33.89332,35.50157,1916100,40,0.3636114465008213,True,455.3077697753906,939.0,19.30266269932099,1.7684668153955374,36.361144650082124
Tangerang,ID,-6.17806,106.63,1912679,18,0.2445076999837557,True,217.17312622070312,2285.0,0.7324330510414825,15.863102948470502,24.45076999837557
Jieyang,CN,23.5418,116.36581,1899394,7,0.0664599161984411,True,244.671630859375,1557.0,5.684341886080802e-14,21.10861264207552,6.645991619844111
Jilin,CN,43.84652,126.5608,1895865,188,0.0314893779934083,False,234.42295837402344,668.0,2.2125581750210017,2.0153478709244195,3.14893779934083
Jiading,CN,31.38575,121.24465,1886100,9,0.044961097596051,False,232.96376037597656,1050.0,0.12207217517362778,13.518658961327729,4.4961097596051
Bucharest,RO,44.43225,26.10626,1877155,83,0.3229623135362622,True,267.0908203125,579.0,0.2899214160372594,35.102746784109364,32.29623135362622
Camayenne,GN,9.535,-13.68778,1871242,6,0.0261233257690502,False,328.5824890136719,3628.0,5.684341886080802e-14,1.7409966192478372,2.61233257690502
Kakamega,KE,0.28422,34.75229,1867579,1563,0.0544357799794899,True,375.9353332519531,1896.0,20.080872816052533,163.28163872308917,5.44357799794899
Shangqiu,CN,34.4143,115.65613,1859723,52,0.0612330999999998,True,205.05328369140625,718.0,0.4730296787976158,100.64752208277586,6.12330999999998
Nanchong,CN,30.79508,106.08473,1858875,287,0.0702872509812431,True,285.2292175292969,1090.0,21.637293049515563,1.6133376582818284,7.028725098124309
Tainan,TW,22.99083,120.21333,1856642,26,0.6576578501474174,True,208.47552490234375,2245.0,4.486152437628789,5.071396979016769,65.76578501474174
Datong,CN,40.09361,113.29139,1850000,1054,0.2004275999999999,True,263.5890808105469,369.0,4.1809719996948616,28.052323729160864,20.04275999999999
Kaduna,NG,10.52641,7.43879,1850000,626,0.0,False,483.6053466796875,1145.0,24.521248187991205,101.98229517903468,0.0
Omdurman,SD,15.64453,32.47773,1849659,391,0.0,False,244.257568359375,112.0,19.531548027771464,1.7317085143158562,0.0
Davao,PH,7.07306,125.61278,1848947,13,0.4845108999999862,True,238.9282684326172,1920.0,0.6103608758679115,2.289362460020071,48.45108999999862
Thāne,IN,19.19704,72.96355,1841488,23,0.1226549788237301,True,373.1346740722656,2495.0,2.0904859998474308,3.7974994838586196,12.26549788237301
Iztapalapa,MX,19.35529,-99.06224,1835486,2238,0.2343617999998143,True,186.9036407470703,648.0,5.684341886080802e-14,49.31674439288145,23.43617999998143
Diyarbakır,TR,37.91363,40.21721,1833684,674,0.1193813,True,332.98101806640625,527.0,6.530861371786102,2.8662057642742735,11.93813
Santa Cruz de la Sierra,BO,-17.78629,-63.18117,1831434,433,0.2547707,True,268.4552001953125,1257.0,1.5106431677729688,42.13985582001263,25.47707
Vadodara,IN,22.29941,73.20812,1822221,46,0.0722415566693286,True,230.35496520996094,891.0,8.30090791180288,16.9649676405298,7.224155666932861
Adana,TR,36.98615,35.32531,1816750,30,0.244605180957939,True,237.5637664794922,695.0,12.268253604943936,21.956628132559462,24.4605180957939
Nanyang,CN,33.00524,112.54659,1811812,126,0.066139472892516,True,212.85964965820312,879.0,0.3509575036240449,82.15549548699089,6.6139472892516
Abu Dhabi,AE,24.45118,54.39696,1807000,6,0.0128677391221177,False,236.02691650390625,63.0,10.772869459067692,1.94936793143837,1.2867739122117698
Sharjah,AE,25.3342,55.41221,1800000,15,0.0350941647104482,False,215.3917236328125,115.0,6.2714579995422355,3.5866661324238422,3.50941647104482
Bhopal,IN,23.25469,77.40289,1798218,523,0.0656964099919073,True,396.8281555175781,1160.0,5.684341886080802e-14,5.8069725276424835,6.569640999190731
Jiangmen,CN,22.58333,113.08333,1795459,11,0.02427985,False,322.11651611328125,1925.0,9.292744335088173,7.208953189546411,2.427985
Benin City,NG,6.33815,5.62575,1782000,88,0.023297087293339,False,303.7732238769531,1965.0,10.421911955443704,60.33500776968526,2.3297087293339
Jiangyin,CN,31.91102,120.26302,1779515,7,0.0463305199999987,False,238.2819061279297,1006.0,4.821850919356109,3.126697300002036,4.6330519999998705
Fuyang,CN,32.9,115.81667,1768947,31,0.06560592,True,196.7847900390625,855.0,3.8452735179675415,3.0721340287966603,6.560592
Montréal,CA,45.50884,-73.58781,1762949,216,0.1345321564491395,True,900.0,1007.0,45.10566872663463,3.906986263742583,13.453215644913948
Bayan Nur,CN,40.74143,107.38599,1760000,1041,0.1635738308048777,True,202.82696533203125,147.0,9.277485313191448,6.001112074112899,16.357383080487768
Maracaibo,VE,10.64232,-71.61089,1752602,-9999,0.09229294999185,True,600.0,868.0,6.042572671091818,0.49580925256141384,9.229294999185
Chaozhou,CN,23.65396,116.62262,1750945,23,0.0802770209793662,True,287.3603515625,1560.0,0.7171740291447577,25.946520627101503,8.02770209793662
Minsk,BY,53.90019,27.56653,1742124,222,0.0,False,425.0794677734375,645.0,0.1983672846570812,70.99446714304716,0.0
Budapest,HU,47.49835,19.04045,1741041,104,0.0753313029959833,True,425.91802978515625,523.0,39.71923399710079,1.0130254947993622,7.53313029959833
Qingyuan,CN,23.7,113.03333,1738424,11,0.0299048900015524,False,283.8975524902344,1730.0,4.348821240558493,0.6908969185888322,2.99048900015524
Tai’an,CN,36.18528,117.12,1735425,143,0.0238793655433105,False,276.1127014160156,740.0,0.3967345693141624,54.912801417800225,2.3879365543310502
Rasapūdipalem,IN,17.73308,83.31622,1728128,45,0.03413424,False,606.9210205078125,1042.0,16.449225604638798,3.1770921893307404,3.4134240000000005
Pimpri-Chinchwad,IN,18.61867,73.80375,1727692,568,0.1354138,True,311.8620300292969,1138.0,5.645838101777713,19.612134255508874,13.54138
Caloocan,PH,14.64953,120.96788,1712945,6,0.3198267016083664,True,240.3080596923828,2258.0,0.09155413138023505,2.6995491791968473,31.98267016083664
Warsaw,PL,52.22977,21.01178,1702139,113,0.0102079298302931,False,242.95460510253906,496.0,20.43183031967652,2.25201732945822,1.0207929830293099
Soweto,ZA,-26.26781,27.85849,1695047,1632,0.108932,True,395.20379638671875,701.0,47.486076142519266,45.457918330925594,10.8932
Puebla,MX,19.04778,-98.20723,1692181,2166,0.2727666710441241,True,329.80419921875,825.0,12.4208438239109,3.0505593283846575,27.27666710441241
Vienna,AT,48.20849,16.37208,1691468,193,0.0797164551533543,True,373.5909118652344,572.0,11.062790875104952,4.038805725414847,7.971645515335429
Barcelona,ES,41.38879,2.15899,1686208,47,0.0434411498479171,False,599.819580078125,635.0,10.696574349584239,4.4978681344343165,4.344114984791711
Patna,IN,25.59408,85.13563,1684297,53,0.0921172673310556,True,236.1080780029297,1046.0,4.257267109178315,5.362086505644111,9.21172673310556
Mosul,IQ,36.335,43.11889,1683000,228,0.1837698,True,336.72503662109375,534.0,15.73205157549404,2.635228999131869,18.37698
Kallakurichi,IN,11.73379,78.95925,1682687,124,0.07896554,True,308.8377990722656,970.0,7.858396276798658,32.00793720256394,7.896554
Kampala,UG,0.31628,32.58219,1680600,1223,0.034418081218468,False,340.27117919921875,1332.0,0.061036087586842314,60.58730942843735,3.4418081218467997
Xining,CN,36.62554,101.75739,1677177,2275,0.1094059,True,415.0482177734375,397.0,27.60357061112387,49.35382130959234,10.94059
Changshu,CN,31.64615,120.74221,1677050,9,0.0415452049181363,False,468.7073669433594,999.0,0.32043945983065214,16.916344164848006,4.15452049181363
Palembang,ID,-2.91673,104.7458,1668848,5,0.0647146814960711,True,226.7239532470703,2530.0,0.3967345693141624,10.250407505539897,6.47146814960711
Huainan,CN,32.62639,116.99694,1666826,47,0.0631583100000002,True,436.29193115234375,897.0,11.459525444419057,4.0746166596298465,6.315831000000021
Rabat,MA,34.01325,-6.83255,1655753,46,0.0716719748318391,True,361.2696228027344,519.0,40.05493247882811,3.0863421126778765,7.16719748318391
Semarang,ID,-6.99306,110.42083,1653524,18,0.1518648833245408,True,372.357421875,2204.0,5.684341886080802e-14,3.687673874702902,15.18648833245408
Recife,BR,-8.05389,-34.88111,1653461,8,0.006257868978535,False,265.8705749511719,1500.0,5.684341886080802e-14,0.9876530448738156,0.6257868978535001
Phoenix,US,33.44838,-112.07404,1650070,366,0.0259575904808661,False,236.5426025390625,202.0,16.556038757915644,20.42879362886933,2.59575904808661
Suzhou,CN,33.63611,116.97889,1647642,34,0.0637811998549458,True,210.95289611816406,710.0,8.6366063935302,79.85345813219351,6.378119985494581
Ecatepec de Morelos,MX,19.60492,-99.06064,1645352,2306,0.1769872000143959,True,500.3542175292969,627.0,16.510261692225583,42.08730703197381,17.69872000143959
Lu’an,CN,31.73561,116.51688,1644344,81,0.0953109421185819,True,297.3522033691406,1112.0,16.632333867399154,78.25982684319419,9.531094211858191
Valencia,VE,10.16153,-68.00044,1619470,547,0.1146405999959031,True,256.42413330078125,1174.0,1.3427939269093372,34.51950388715642,11.46405999959031
Ludhiana,IN,30.91204,75.85379,1618879,256,0.2378727929457269,True,233.46356201171875,710.0,10.421911955443704,9.737568862437087,23.78727929457269
Yancheng,CN,33.3575,120.1573,1615717,3,0.0926327899996998,True,206.17608642578125,950.0,5.684341886080802e-14,43.20952082615922,9.26327899996998
Novosibirsk,RU,55.02259,82.93175,1612833,113,0.0372541476417667,False,464.790283203125,449.0,0.5798428320745188,0.1798777337191558,3.7254147641766697
Erbil,IQ,36.19117,44.00943,1612700,429,0.1994300000000405,True,343.24786376953125,648.0,1.4190890363927906,62.98119082862433,19.943000000004048
Fukuoka,JP,33.6,130.41667,1612392,3,0.2703739154132848,True,194.5,1708.0,0.13733119707029573,2.396636241031313,27.037391541328482
Taizhou,CN,32.49069,119.90812,1607108,10,0.0583105917944863,True,229.90362548828125,985.0,6.042572671091818,21.407592189123765,5.83105917944863
Daqing,CN,46.58333,125.0,1604027,146,0.0359483551244383,False,234.399169921875,464.0,0.045777065690117524,86.33590814617473,3.5948355124438303
Manila,PH,14.6042,120.9822,1600000,13,0.3303762000045073,True,222.3428497314453,2258.0,2.838178072785581,2.868634674256883,33.03762000045073
Wuhu,CN,31.35259,118.42947,1598165,9,0.0523950000000047,True,220.00238037109375,1156.0,0.061036087586842314,9.887412838679904,5.23950000000047
Santiago de Querétaro,MX,20.58806,-100.38806,1594212,1826,0.1017961999998979,True,283.23876953125,593.0,0.33569848172737693,57.65609446211876,10.179619999989791
Dazhou,CN,31.2106,107.46308,1589435,292,0.0418239687946619,False,416.5518493652344,1203.0,0.061036087586842314,100.05544296352902,4.18239687946619
Yangzhou,CN,32.39722,119.43583,1584237,14,0.0492300052949292,False,231.0249786376953,1017.0,3.5248340581368893,7.018742286517193,4.92300052949292
León de los Aldama,MX,21.12183,-101.68253,1579803,1803,0.0725108399999994,True,298.2978515625,606.0,4.27252613107504,73.25153582460912,7.251083999999939
Makkah,SA,21.42664,39.82563,1578722,333,0.0303715417645029,False,510.7756652832031,86.0,47.455558098725874,67.62423825436768,3.03715417645029
Philadelphia,US,39.95238,-75.16362,1573916,8,0.0310933199997094,False,386.60986328125,1141.0,23.392080567635617,2.6493289179098145,3.10933199997094
Phnom Penh,KH,11.56245,104.91601,1573544,20,0.0,False,252.32521057128906,1318.0,4.211490043488254,4.037330964230755,0.0
Guilin,CN,25.28022,110.29639,1572300,141,0.0095802516116735,False,272.0049133300781,1810.0,0.8697642481117214,39.62436584940651,0.9580251611673499
Damascus,SY,33.5102,36.29128,1569394,701,0.1947431999999904,True,267.14776611328125,383.0,0.6561379415579722,40.74972040179098,19.47431999999904
Quetta,PK,30.18414,67.00141,1565546,1683,0.2636647003322439,True,349.1476745605469,226.0,31.494621194781416,285.74772380420507,26.366470033224388
Zhaoqing,CN,23.04893,112.46091,1553109,16,0.0265732699978783,False,600.0,1806.0,1.5411612115663615,0.411428987216661,2.65732699978783
Onitsha,NG,6.14978,6.78569,1553000,57,0.0122633699999938,False,854.0469360351562,1827.0,12.466620889601018,3.3558883016568712,1.2263369999993798
Mianyang,CN,31.46784,104.68168,1550000,471,0.2671537664423017,True,382.36553955078125,951.0,0.4882887006943406,68.66857540647992,26.715376644230172
Auckland,NZ,-36.84853,174.76349,1547200,43,0.1584837125632816,True,421.1944580078125,1351.0,27.130540932326255,0.6990959187734161,15.848371256328159
Isfahan,IR,32.65246,51.67462,1547164,1578,0.2009237,True,216.2838592529297,142.0,14.38925764858476,288.6280739341316,20.092370000000003
Wanzhou,CN,30.76451,108.39586,1545900,205,0.0686881409288709,True,555.062255859375,1287.0,5.684341886080802e-14,2.5424586128057878,6.86881409288709
Harare,ZW,-17.82772,31.05337,1542813,1494,0.0169213200007677,False,463.4034118652344,863.0,14.969100480659222,58.64286245682623,1.69213200007677
Monrovia,LR,6.30054,-10.7969,1542549,32,0.0238805801088771,False,394.00408935546875,4347.0,5.684341886080802e-14,1.269156879229257,2.38805801088771
Putian,CN,25.43944,119.01028,1539389,23,0.0725754700111157,True,454.3734130859375,1205.0,1.6937514305333252,9.506761385672382,7.257547001111569
Kawasaki,JP,35.52056,139.71722,1538262,1,0.6526173009763581,True,150.6999969482422,1512.0,5.684341886080802e-14,4.7299740992182135,65.2617300976358
Goiânia,BR,-16.67861,-49.25389,1536097,766,0.0,False,683.022216796875,1657.0,22.552834363317345,55.042467334659904,0.0
San Antonio,US,29.42412,-98.49363,1526656,202,0.0064031629958965,False,282.0566711425781,784.0,0.7324330510414825,190.50973301481747,0.64031629958965
Kobe,JP,34.6913,135.183,1525152,35,0.3464501999999914,True,775.5,1449.0,0.41199359121083035,1.8435619871600346,34.645019999999136
Stockholm,SE,59.32938,18.06871,1515017,17,0.0229392,False,290.559326171875,590.0,9.079118028534424,1.5264277333124041,2.29392
Ciudad Juárez,MX,31.72024,-106.46084,1512450,1124,0.04202973,False,259.5218200683594,226.0,8.682383459220318,4.085572725617234,4.202973
Cần Thơ,VN,10.03711,105.78825,1507187,3,0.0,False,600.0,1499.0,5.684341886080802e-14,2.484252769032133,0.0
Munich,DE,48.13743,11.57549,1505005,524,0.0195632499379413,False,298.40374755859375,1006.0,8.834973678187282,46.770597486485926,1.9563249937941298
Khulna,BD,22.80979,89.56439,1500689,8,0.1785707941310001,True,233.68092346191406,1848.0,4.364080262455218,28.99120641137531,17.85707941310001
Belém,BR,-1.45583,-48.50444,1499641,15,0.0062548447746018,False,600.0,2652.0,5.684341886080802e-14,0.8250755410353986,0.62548447746018
Yekaterinburg,RU,56.85733,60.61529,1495066,278,0.0,False,636.4998168945312,515.0,0.12207217517362778,26.333957876900037,0.0
Porto Alegre,BR,-30.03283,-51.23019,1488252,46,0.0,False,494.7345886230469,1479.0,5.684341886080802e-14,1.0367203466528683,0.0
Yinchuan,CN,38.46806,106.27306,1487579,1117,0.1974322000193669,True,228.0862274169922,192.0,13.992523079270654,16.630109896740148,19.74322000193669
Manhattan,US,40.78343,-73.96625,1487536,38,0.0413615554970037,False,264.57366943359375,1175.0,7.537956816968062,1.8058439566979523,4.13615554970037
Nashik,IN,19.99727,73.79096,1486053,584,0.07369488,True,408.8996276855469,1330.0,4.516670481422182,2.7022359147238024,7.3694880000000005
Taizhou,CN,28.66266,121.43312,1485502,15,0.01631205,False,376.4742126464844,1457.0,5.684341886080802e-14,3.662305866818348,1.6312050000000002
Asunción,PY,-25.28646,-57.647,1482200,113,0.0390447319232082,False,758.359375,1397.0,30.350194552529217,2.353572740644891,3.9044731923208196
Yiwu,CN,29.31506,120.07676,1481384,84,0.0162349234711639,False,313.7362976074219,1431.0,14.480811779964938,57.11159682814266,1.6234923471163902
Zapopan,MX,20.72111,-103.38742,1476491,1565,0.1116775796298197,True,363.3905944824219,861.0,25.787747005416975,6.832237292742613,11.16775796298197
Adelaide,AU,-34.92866,138.59863,1469163,59,0.03981218,False,403.9419860839844,544.0,22.217135881590025,9.975999591185541,3.981218
Quanzhou,CN,24.91389,118.58583,1469157,14,0.0701559140831337,True,282.0137634277344,1158.0,5.935759517814915,3.4805807584817794,7.0155914083133695
Madurai,IN,9.919,78.11953,1465625,139,0.0518413650634364,True,229.16986083984375,879.0,12.314030670634054,96.29667618826151,5.18413650634364
Jinhua,CN,29.10678,119.64421,1463990,55,0.020100842173499,False,344.352783203125,1465.0,4.60822461280236,49.873743758026706,2.0100842173499
Kyoto,JP,35.02107,135.75385,1463723,50,0.3363467999654756,True,328.29998779296875,1690.0,1.022354467078685,48.01917459566171,33.63467999654756
Cixi,CN,30.1764,121.2457,1457510,11,0.0155615499999991,False,221.3283233642578,1171.0,0.061036087586842314,17.665123680965753,1.55615499999991
Changde,CN,29.03205,111.69844,1457419,38,0.0130651438291027,False,225.99075317382812,1290.0,12.054627298390187,0.6187425357426262,1.30651438291027
Kuala Lumpur,MY,3.1412,101.68653,1453975,56,0.0504047260380783,True,369.849609375,2309.0,1.7395284962234427,36.42053579388946,5.04047260380783
Kayseri,TR,38.73222,35.48528,1452458,1054,0.1602327415417343,True,237.00697326660156,385.0,0.671396963454697,25.2353942423577,16.023274154173432
Kaifeng,CN,34.7986,114.30742,1451741,76,0.0997951691928758,True,187.62701416015625,628.0,1.7700465400168355,11.03332152556843,9.97951691928758
Anshan,CN,41.12361,122.99,1450000,55,0.1456538782815366,True,236.4249267578125,690.0,0.1983672846570812,35.47408126492566,14.565387828153659
Karaj,IR,35.83266,50.99155,1448075,1341,0.3347232003058362,True,458.1684265136719,278.0,6.713969634546459,100.93446446943915,33.47232003058362
Kathmandu,NP,27.70169,85.3206,1442271,1296,0.4388813174745403,True,313.22491455078125,1779.0,1.3122758831159445,88.13437950287968,43.888131747454025
Daejeon,KR,36.34913,127.38493,1441203,58,0.1340866,True,315.70611572265625,1302.0,15.533684290836959,56.11089282215968,13.40866
Baoji,CN,34.36775,107.23705,1437802,567,0.2637275969052465,True,526.0692138671875,674.0,69.19966430151828,5.648410099470091,26.37275969052465
Suqian,CN,33.94917,118.29583,1437685,23,0.0827449899982909,True,279.94952392578125,754.0,5.844205386434737,82.64939249859692,8.27449899982909
Liuzhou,CN,24.32405,109.40698,1436599,102,0.0206938098646083,False,297.9306640625,1581.0,5.684341886080802e-14,1.0014618767114671,2.0693809864608297
Tirunelveli,IN,8.72742,77.6838,1435844,49,0.0476156725829231,False,272.81793212890625,769.0,13.076981765468872,47.97861890018037,4.7615672582923105
Konya,TR,37.87135,32.48464,1433861,1030,0.1308908002953623,True,228.1295166015625,471.0,5.8136873426413445,151.85653315660343,13.089080029536229
Zhangjiagang,CN,31.865,120.53889,1432044,13,0.0449885300000003,False,226.44747924804688,1005.0,7.141222247653957,15.240778543778122,4.49885300000003
Agra,IN,27.18333,78.01667,1430055,166,0.0807868441135139,True,415.8485412597656,794.0,16.983291371023142,0.851027348032077,8.078684411351391
Tabriz,IR,38.08,46.2919,1424641,1396,0.6090702000000001,True,338.6087646484375,251.0,0.7476920729381504,2.8335395212469976,60.90702000000001
Makassar,ID,-5.14861,119.43194,1423877,6,0.06073681,True,202.31625366210938,2840.0,0.6408789196613043,4.150668720810128,6.0736810000000006
Kharkiv,UA,49.98177,36.25475,1421125,128,0.0,False,339.8302917480469,555.0,7.904173342488775,31.790491397138755,0.0
Jinjiang,CN,24.81978,118.57415,1416151,33,0.071012860000007,True,456.33648681640625,1112.0,10.009918364232874,4.433820347710244,7.101286000000701
Faridabad,IN,28.41124,77.31316,1414050,209,0.2051115996711991,True,213.6325225830078,706.0,0.686655985351365,7.956696361421535,20.51115996711991
Bozhou,CN,33.87722,115.77028,1409436,40,0.04548381,False,196.99180603027344,784.0,8.697642481116986,78.11633856970796,4.548381
Qujing,CN,25.48333,103.78333,1408500,1887,0.1917821182272825,True,601.1237182617188,981.0,5.684341886080802e-14,11.376667567385027,19.17821182272825
South Tangerang,ID,-6.28862,106.71789,1404785,39,0.2550163,True,250.1710205078125,2225.0,1.2359807736324342,21.760221773268544,25.50163
San Diego,US,32.71571,-117.16472,1404452,20,0.2093355109849011,True,345.15380859375,301.0,13.656824597543334,1.0087655487028435,20.93355109849011
Gwangju,KR,35.15472,126.91556,1401235,47,0.1201671,True,404.34820556640625,1350.0,0.33569848172737693,41.720918904807604,12.01671
Zhanjiang,CN,21.23391,110.38749,1400709,16,0.0402585400371868,False,290.8089599609375,1763.0,2.853437094682249,1.7615131365407561,4.025854003718679
Fushun,CN,41.88669,123.94363,1400646,85,0.0714560299394532,True,305.089599609375,718.0,0.4730296787976158,48.02573761554028,7.14560299394532
Rājkot,IN,22.29161,70.79322,1390640,140,0.1954547999956735,True,312.34197998046875,607.0,4.287785152971708,69.71446055523188,19.54547999956735
Luoyang,CN,34.67345,112.43684,1390581,128,0.09239673,True,241.15199279785156,607.0,10.86442359044787,25.4490277070789,9.239673
Guadalajara,MX,20.67738,-103.34749,1385629,1546,0.1157240041523691,True,277.2016906738281,861.0,0.106813153276903,8.683764003819196,11.57240041523691
The Bronx,US,40.84985,-73.86641,1385108,19,0.0412039500000015,False,378.4925231933594,1195.0,7.095445181963839,4.089048015551575,4.12039500000015
Guankou,CN,28.15861,113.62709,1380000,79,0.011907950115502,False,266.242431640625,1463.0,0.2899214160372594,60.16490510039245,1.1907950115502002
Huế,VN,16.4619,107.59546,1380000,8,0.0407667597158694,False,283.3669738769531,2538.0,2.3651483939879654,8.211890873957715,4.07667597158694
Milan,IT,45.46427,9.18951,1371498,127,0.0906286899990103,True,236.84722900390625,924.0,10.055695429922991,26.356962115957,9.062868999901031
Najafgarh,IN,28.60922,76.97982,1365000,215,0.2602816118756782,True,234.36016845703125,621.0,3.7079423208972457,25.294214139545574,26.02816118756782
N'Djamena,TD,12.10672,15.0444,1359526,299,0.0,False,351.26611328125,497.0,11.520561532005843,1.6929200098997412,0.0
Handan,CN,36.60999,114.48764,1358318,61,0.1106007000579147,True,222.9814910888672,561.0,3.8147554741741487,39.82701572687744,11.06007000579147
Bannu,PK,32.98527,70.60403,1357890,379,0.2527685959281018,True,283.909912109375,330.0,15.640497444113862,77.0479338800971,25.27685959281018
Yichang,CN,30.71444,111.28472,1350150,63,0.0836621915854064,True,546.5783081054688,1100.0,5.684341886080802e-14,1.7291175805312542,8.36621915854064
Antananarivo,MG,-18.91368,47.53613,1349501,1274,0.0318427031506555,False,601.5759887695312,1296.0,2.7008468757152855,2.0986959424251066,3.1842703150655502
Heze,CN,35.23929,115.47358,1346717,53,0.1273150867469405,True,183.7837677001953,628.0,0.25940337224386667,28.87308810728661,12.73150867469405
Abobo,CI,5.41613,-4.0159,1340083,105,0.0118308400000148,False,240.46502685546875,1699.0,11.978332188906734,11.217872025102661,1.18308400000148
Jamshedpur,IN,22.80278,86.18545,1339438,171,0.1567997419895702,True,378.3258056640625,1269.0,18.08194094758528,3.4616104711520226,15.67997419895702
Douala,CM,4.04827,9.70428,1338082,19,0.04370667,False,236.7086944580078,3097.0,0.4882887006943406,3.5600014240208795,4.370667
Antalya,TR,36.90812,30.69556,1335002,61,0.2329981000000742,True,337.7432861328125,741.0,5.684341886080802e-14,2.047429226417349,23.29981000000742
Basrah,IQ,30.50852,47.7804,1326564,4,0.0802772099999999,True,226.5775604248047,151.0,1.129167620355588,6.029802912522257,8.02772099999999
Dallas,US,32.78306,-96.80667,1326087,139,0.0187143299999999,False,455.9928283691406,937.0,13.733119707026788,50.159640646588926,1.8714329999999901
Saitama,JP,35.90807,139.65657,1324854,16,0.5603807087562043,True,200.39999389648438,1376.0,5.684341886080802e-14,21.692457016899937,56.03807087562043
Gorakhpur,IN,29.44768,75.67206,1324570,218,0.1145384535457551,True,226.06674194335938,428.0,34.1954680704967,134.67239888467972,11.453845354575511
Niamey,NE,13.51366,2.1098,1323691,206,0.0,False,423.0414123535156,461.0,5.684341886080802e-14,1.0706860303023866,0.0
Liupanshui,CN,26.59444,104.83333,1320825,1799,0.1616298438553274,True,562.401123046875,1072.0,0.9918364232852923,10.173406163953887,16.162984385532738
Taguig,PH,14.5243,121.0792,1308085,5,0.3682486999999998,True,215.34266662597656,2273.0,5.684341886080802e-14,10.262590930682526,36.82486999999998
Maoming,CN,21.66625,110.91364,1307802,31,0.0668608739610053,True,287.4617614746094,1878.0,11.230640115968583,18.24871947576607,6.686087396100531
Calgary,CA,51.05011,-114.08529,1306784,1042,0.0271429239643594,False,332.2342224121094,427.0,0.3814755474174376,1.0938967976042426,2.71429239643594
Tripoli,LY,32.88743,13.18733,1302947,15,0.0913415484777827,True,324.6783447265625,331.0,13.488975356679646,3.204420033548859,9.13415484777827
Callao,PE,-12.05162,-77.13452,1300000,5,0.5972655999999986,True,283.4322509765625,22.0,5.684341886080802e-14,2.6418648431257825,59.726559999999864
Madinah,SA,24.46861,39.61417,1300000,603,0.040730014353155,False,277.81024169921875,72.0,9.948882276646088,140.31660897331685,4.0730014353155
Yaoundé,CM,3.86667,11.51667,1299369,726,0.0268740231533198,False,358.4903564453125,1608.0,0.6256198977645795,56.499843743227174,2.68740231533198
Qinzhou,CN,21.98247,108.65061,1296300,12,0.0319101589597609,False,275.311767578125,1810.0,4.806591897459384,8.667527805807953,3.1910158959760895
Luohe,CN,33.57424,114.03261,1294974,67,0.0534729595322506,True,199.62509155273438,790.0,11.520561532005843,0.9652806881183412,5.34729595322506
Xiangyang,CN,32.0422,112.14479,1294733,71,0.03890985,False,282.66156005859375,979.0,11.459525444419057,1.5160434258911082,3.890985
Yangjiang,CN,21.85563,111.96272,1292987,15,0.1137957653696654,True,314.6648864746094,2205.0,1.0986495765621953,1.542818629129887,11.37957653696654
Yixing,CN,31.36059,119.82016,1285785,8,0.0784322184296391,True,235.54908752441406,1086.0,5.684341886080802e-14,67.90125332253342,7.84322184296391
Pimpri,IN,18.62292,73.80696,1284606,571,0.1354138,True,440.5750732421875,1138.0,5.645838101777713,19.05087445115642,13.54138
Da Nang,VN,16.06778,108.22083,1276000,11,0.0345864799999893,False,231.4513702392578,2030.0,8.85023270008395,2.200924423640421,3.4586479999989304
Amman,JO,31.95522,35.94503,1275857,757,0.1517072145721601,True,422.46490478515625,325.0,2.1057450217441556,37.72202782183565,15.170721457216011
Budta,PH,7.20417,124.43972,1273715,4,0.5609091576962117,True,207.17054748535156,2365.0,1.007095445182017,9.336091396501567,56.090915769621176
Belgrade,RS,44.80401,20.46513,1273651,120,0.1254296751815343,True,421.4849853515625,675.0,41.76394293125816,2.018777414849737,12.54296751815343
Biên Hòa,VN,10.94469,106.82432,1272235,6,0.023843090000222,False,245.8521270751953,2037.0,0.24414435034719872,29.279301868518687,2.3843090000222
Qingpu,CN,31.15394,121.11408,1271424,6,0.03973991,False,233.2423095703125,953.0,0.03051804379344958,13.275698629193046,3.9739910000000003
Montevideo,UY,-34.90328,-56.18816,1270737,34,0.0,False,515.1436767578125,898.0,5.684341886080802e-14,1.2762871714665887,0.0
Xuchang,CN,34.03189,113.86299,1265536,71,0.0894938719935299,True,210.11386108398438,710.0,4.058899824521291,44.308046079103875,8.94938719935299
Kalyān,IN,19.2437,73.13554,1262255,10,0.1256955999999282,True,282.42620849609375,2807.0,1.1749446860456487,9.468827724119528,12.56955999999282
Zigong,CN,29.34162,104.77689,1262064,306,0.209717,True,256.50396728515625,1159.0,0.9918364232852923,22.404711089733848,20.9717
Nizhniy Novgorod,RU,56.32867,44.00205,1259013,141,0.0,False,900.0,606.0,57.557030594338926,1.1884617815771645,0.0
Jepara,ID,-6.5924,110.671,1257912,5,0.1135043000000001,True,321.54241943359375,2618.0,0.03051804379344958,1.7422983269701109,11.35043000000001
Maputo,MZ,-25.96553,32.58322,1254837,70,0.0,False,469.26800537109375,780.0,24.551766231784597,0.5989006644964137,0.0
Xuzhou,CN,34.20442,117.28386,1253991,35,0.0361889910838038,False,242.247802734375,694.0,4.6540016784924205,129.71297530068722,3.61889910838038
Dammam,SA,26.43442,50.10326,1252523,10,0.0110548324824004,False,225.060546875,78.0,13.64156557564661,3.423394119888557,1.10548324824004
Ra’s Bayrūt,LB,33.9,35.48333,1251739,35,0.4060524820209177,True,483.7886962890625,813.0,5.684341886080802e-14,1.1125840621137226,40.60524820209177
Neijiang,CN,29.58354,105.06216,1251095,349,0.2026418999999999,True,394.89263916015625,1079.0,41.306172274357266,2.451926539738705,20.26418999999999
Shiraz,IR,29.61031,52.53113,1249942,1545,0.2974346085091356,True,284.4859619140625,191.0,2.166781109330941,167.06127136375858,29.74346085091356
Heshan,CN,28.56938,112.34733,1249807,73,0.01636503,False,320.9658203125,1340.0,21.423666742961814,29.237332260689037,1.6365029999999998
Dombivali,IN,19.21667,73.08333,1247327,11,0.1242170029365362,True,411.0974426269531,2807.0,3.8452735179675415,3.538018292708381,12.42170029365362
Kananga,CD,-5.89624,22.41659,1247168,643,0.0106492800000002,False,581.2982177734375,1532.0,25.94033722438394,142.48632558282713,1.06492800000002
Kazan,RU,55.78874,49.12214,1243500,61,0.0,False,663.5064697265625,516.0,7.904173342488775,8.634116222737484,0.0
Jining,CN,35.405,116.58139,1241012,43,0.0406330539176069,False,221.38131713867188,686.0,2.655069810025225,79.6075816015495,4.06330539176069
Barquisimeto,VE,10.0647,-69.35703,1240714,606,0.4172064835994755,True,279.1226806640625,964.0,19.623102159151642,17.463442359662942,41.720648359947546
Shubrā al Khaymah,EG,30.12511,31.25053,1240289,26,0.2214394999999993,True,240.82977294921875,26.0,5.684341886080802e-14,0.7160351281105645,22.14394999999993
Putuo,CN,31.251,121.3897,1239100,10,0.0503584899999993,True,217.3177490234375,1049.0,2.1972991531243338,3.3595569007410666,5.03584899999993
Port-au-Prince,HT,18.54349,-72.33881,1234742,27,0.412546161369622,True,422.40887451171875,1195.0,10.833905546654478,0.8166687863346503,41.254616136962206
Suwon,KR,37.29111,127.00889,1234582,58,0.1291057000001796,True,338.2337341308594,1315.0,2.655069810025225,12.496469967354347,12.910570000017959
Xinyang,CN,32.12278,114.06556,1230042,89,0.05836012,True,239.5323028564453,1082.0,0.686655985351365,14.430962681166656,5.836012
Liaocheng,CN,36.45064,116.00247,1229768,32,0.0541538398080472,True,202.4702911376953,588.0,1.0681315327688026,32.76515284883505,5.41538398080472
Jinzhong,CN,37.68403,112.75471,1226617,821,0.1660062000160998,True,337.4549865722656,411.0,19.439993896391286,20.00991202641643,16.600620001609983
Meerut,IN,28.98002,77.70636,1223184,228,0.1854663015917488,True,245.03773498535156,917.0,7.84313725490199,35.588906420345765,18.546630159174878
Virār,IN,19.45591,72.81136,1222390,9,0.1198278828077522,True,334.10052490234375,1913.0,0.5951018539711868,5.855155470481908,11.98278828077522
Nowrangapur,IN,19.23114,82.54826,1220946,578,0.0316483197110548,False,419.4571533203125,1510.0,2.5787747005417145,2.8208495221717858,3.16483197110548
Karbala,IQ,32.61603,44.02488,1218732,32,0.1316135122730927,True,266.0051574707031,95.0,3.9368276493477197,18.32849958572826,13.16135122730927
Changzhi,CN,36.18389,113.10528,1214940,937,0.0989742381105521,True,218.19586181640625,601.0,9.353780422674959,34.22981005080626,9.89742381105521
Tianshui,CN,34.57952,105.74238,1212791,1153,0.2934561000002377,True,528.0335083007812,611.0,1.3275349050126124,5.532523941838416,29.34561000002377
Sadr City,IQ,33.3889,44.4583,1211849,39,0.08109344,True,229.61187744140625,162.0,14.05355916685744,8.401801457459626,8.109344
Yangpu,CN,31.26193,121.51904,1210800,9,0.0545040442712518,True,238.46218872070312,1039.0,5.684341886080802e-14,1.4397563704997285,5.45040442712518
Mombasa,KE,-4.05466,39.66359,1208333,20,0.0996536100001263,True,238.92295837402344,1085.0,18.50919356069278,2.0871898205220156,9.965361000012631
Mandalay,MM,21.97473,96.08359,1208099,83,0.3333079,True,217.5217742919922,792.0,4.516670481422182,3.9087577784911067,33.33079
Srinagar,IN,34.08565,74.80555,1206419,1589,0.3927438,True,228.3923797607422,749.0,3.006027313649213,10.122732983789488,39.27438
Barranquilla,CO,10.96854,-74.78132,1206319,24,0.09359839,True,337.7365417480469,947.0,5.737392233157891,2.8900111171520977,9.359839000000001
Chelyabinsk,RU,55.1611,61.42877,1202371,232,0.0,False,520.953369140625,431.0,0.045777065690117524,136.37002068281308,0.0
Mérida,MX,20.967,-89.62318,1201000,10,0.0,False,217.5302734375,989.0,5.722133211261166,37.33099775653255,0.0
Hiroshima,JP,34.4,132.45,1200754,16,0.350937245802441,True,207.5,1907.0,0.6408789196613043,5.409366507511519,35.0937245802441
Santiago de los Caballeros,DO,19.45036,-70.69085,1200000,209,0.5522715806493135,True,349.0228271484375,1182.0,18.020904859998495,1.893056959046609,55.227158064931345
Shymkent,KZ,42.30988,69.60042,1200000,520,0.1657323680398688,True,309.73211669921875,486.0,0.07629510948351026,108.02027800594989,16.57323680398688
Weinan,CN,34.50355,109.50891,1199290,354,0.1088599,True,271.04229736328125,583.0,1.1139085984588633,3.928875819636614,10.88599
Ghāziābād,IN,28.66535,77.43915,1199191,214,0.2054343120910291,True,221.97930908203125,789.0,5.188067444876822,17.451651417204314,20.54343120910291
Matola,MZ,-25.96222,32.45889,1198988,42,0.038304451551785,False,336.12176513671875,697.0,29.678797589074577,2.6542763320934895,3.8304451551785004
Dhanbad,IN,23.79759,86.42992,1196214,247,0.1588235880529,True,401.5318908691406,1171.0,16.006713969634575,69.05409564434167,15.88235880529
Hong Kong Island,HK,22.26302,114.18419,1195529,170,0.02464245,False,900.0,2118.0,21.560997940032053,1.8976382528565832,2.464245
Fes,MA,34.03313,-5.00028,1191905,406,0.217885838432581,True,349.4361572265625,559.0,22.095063706416454,9.304042507932788,21.7885838432581
Gustavo Adolfo Madero,MX,19.49392,-99.11075,1185772,2284,0.208636099855132,True,467.4730529785156,648.0,14.023041123064047,42.267643657226884,20.8636099855132
Nouakchott,MR,18.08581,-15.9785,1184530,10,0.0,False,264.48046875,85.0,13.778896772716905,8.61306442561425,0.0
Kisangani,CD,0.51528,25.19099,1181788,400,0.0220924099996899,False,350.31353759765625,1727.0,1.2817578393225517,1.6216979650639758,2.20924099996899
Jiaxing,CN,30.7522,120.75,1180000,8,0.0272011702348849,False,247.69590759277344,1106.0,0.061036087586842314,31.8464496130936,2.72011702348849
Aurangabad,IN,19.87757,75.34226,1175116,588,0.0945352192163259,True,415.62115478515625,726.0,9.796292057679125,35.78221898546021,9.453521921632591
Zhongwei,CN,37.51129,105.19067,1174600,1227,0.2145857,True,231.54873657226562,195.0,22.308690012970203,2.7071899826771264,21.458569999999998
Omsk,RU,54.99244,73.36859,1172070,90,0.0,False,506.9842224121094,382.0,17.456321049820758,0.6158245263669598,0.0
Guarulhos,BR,-23.46278,-46.53333,1169577,774,0.0,False,631.366455078125,1424.0,4.028381780727898,1.4534020521883513,0.0
Panjin,CN,41.121,122.0739,1166481,7,0.1240245000000066,True,181.6923828125,597.0,0.9460593575952316,22.182548288641573,12.40245000000066
Bandar Lampung,ID,-5.42917,105.26111,1166066,95,0.2649017,True,439.3459167480469,2236.0,20.38605325398646,2.6500488079175253,26.490170000000003
Prague,CZ,50.08804,14.42076,1165581,202,0.0095259890360695,False,539.0255737304688,495.0,22.507057297627227,0.23400307922096236,0.95259890360695
Varanasi,IN,25.31668,83.01041,1164404,86,0.0641719299859855,True,230.38583374023438,1040.0,26.092927443350902,3.0783896695672963,6.4171929985985505
Batam,ID,1.14937,104.02491,1164352,38,0.0,False,321.93701171875,2341.0,17.02906843671326,1.6222803117811702,0.0
Jiujiang,CN,29.70475,116.00206,1164268,41,0.09921758,True,478.69488525390625,1415.0,1.144426642252256,4.377298825555467,9.921758
Samara,RU,53.20767,50.13553,1163399,107,0.0,False,900.0,523.0,14.282444495307857,3.082910621825347,0.0
Aba,NG,5.10658,7.36667,1160000,64,0.02000115,False,274.8172912597656,2417.0,9.002822919050914,48.208707405611776,2.000115
Amritsar,IN,31.62234,74.87534,1159227,244,0.2266374003158889,True,236.2508087158203,657.0,14.450293736171545,36.240516501611836,22.66374003158889
Birmingham,GB,52.48142,-1.89983,1157603,149,0.0126114018677969,False,608.72314453125,918.0,29.49568932631422,30.410246576229966,1.26114018677969
Copenhagen,DK,55.67594,12.56553,1153615,14,0.0059035945200018,False,337.5050354003906,612.0,0.671396963454697,1.3185348619921553,0.59035945200018
Sofia,BG,42.69751,23.32415,1152556,562,0.2816335999999533,True,298.1591796875,616.0,12.619211108567981,21.31815767610219,28.16335999999533
Anyang,CN,36.096,114.38278,1146839,70,0.0894178111152896,True,245.30303955078125,547.0,5.004959182116465,16.82503865070662,8.94178111152896
Yerevan,AM,40.17765,44.5126,1144700,1002,0.2668403281842528,True,409.4377136230469,366.0,13.778896772716905,22.49153647086504,26.68403281842528
Luohu District,CN,22.54721,114.13149,1143801,2,0.034756657842108,False,323.775634765625,1971.0,0.13733119707029573,5.421226802975205,3.4756657842107996
Vijayawada,IN,16.50745,80.6466,1143232,47,0.06847776,True,478.8851623535156,907.0,5.859464408331462,3.1419600754671415,6.847776
Fengxiang,CN,30.85841,121.46779,1140872,5,0.0425799899999999,False,209.0601043701172,1002.0,1.3580529488060051,7.1330340806614405,4.25799899999999
Bijie,CN,27.30193,105.28627,1137383,1471,0.1369299999813432,True,416.3954162597656,1039.0,0.01525902189672479,71.60428136551405,13.69299999813432
Monterrey,MX,25.68435,-100.31721,1135512,560,0.03426227,False,285.1766052246094,657.0,8.25513084611282,49.85833675012388,3.426227
Kigali,RW,-1.94995,30.05885,1132686,1542,0.0795449316772242,True,438.3205871582031,1047.0,146.8070496681163,81.99603921595634,7.95449316772242
Rostov-on-Don,RU,47.21997,39.70769,1130305,54,0.0,False,823.473388671875,591.0,24.826428625925132,2.5432688370536924,0.0
Zhuzhou,CN,27.83333,113.15,1129687,54,0.0272441500000001,False,339.12322998046875,1436.0,1.937895780880467,1.3932804256595663,2.72441500000001
Bogor,ID,-6.59444,106.78917,1127408,245,0.3060344748976977,True,319.47705078125,3580.0,5.684341886080802e-14,51.29852903280589,30.60344748976977
Malingao,PH,7.16083,124.475,1121974,5,0.5545271999996771,True,208.9109344482422,2223.0,0.36621652552076966,6.959409912321897,55.45271999996771
Touba,SN,14.86229,-15.87532,1120824,47,0.0,False,248.57241821289062,463.0,24.658579385061444,93.4834603887007,0.0
Ufa,RU,54.74306,55.96779,1120547,158,0.0,False,718.0714721679688,554.0,8.316166933699606,4.252725426080909,0.0
Ranchi,IN,23.34316,85.3094,1120374,643,0.1272203,True,324.3065490722656,1398.0,3.2806897077897474,4.519244043659992,12.72203
Shangrao,CN,28.45179,117.94287,1116486,84,0.01429737,False,392.59246826171875,1747.0,1.9684138246738598,78.84427732003367,1.429737
Lilongwe,MW,-13.96692,33.78725,1115815,1056,0.1319032000000003,True,288.5593566894531,883.0,4.1962310215915295,163.50372875700162,13.19032000000003
Huaibei,CN,33.97444,116.79167,1113321,51,0.0403614299998528,False,485.9961242675781,704.0,0.01525902189672479,120.90620507117198,4.03614299998528
Maiduguri,NG,11.84692,13.15712,1110000,325,0.0,False,250.07691955566406,535.0,11.322194247348762,126.25635175475271,0.0
Xuhui,CN,31.19594,121.44709,1109800,11,0.0507968402419307,True,231.6250457763672,1049.0,3.31120775158314,4.619253362715052,5.07968402419307
Meishan,CN,30.04392,103.83696,1107742,423,0.3372052999999958,True,266.9643859863281,1298.0,9.704737926298947,54.449201404115385,33.720529999999584
Mwanza,TZ,-2.51667,32.9,1104521,1144,0.0367660100014596,False,375.5384826660156,1013.0,5.684341886080802e-14,203.27963154263924,3.67660100014596
Ulsan,KR,35.53722,129.31667,1098421,10,0.1786687466094599,True,401.5296936035156,1241.0,0.106813153276903,5.140750290729801,17.86687466094599
Sendai,JP,38.26667,140.86667,1096704,53,0.358443995853743,True,389.0,1206.0,14.785992217898865,12.49914195880178,35.8443995853743
Krasnoyarsk,RU,56.03742,92.93136,1090811,182,0.0334530200000012,False,900.0,467.0,22.690165560387584,2.7051697159961585,3.34530200000012
Fuzhou,CN,27.95999,116.33333,1089888,53,0.0168803198111938,False,340.3161315917969,1679.0,0.6408789196613043,58.06234246877608,1.68803198111938
Guigang,CN,23.11603,109.59472,1086327,40,0.0319751293423415,False,233.83998107910156,1440.0,0.6103608758679115,2.319194804983908,3.19751293423415
Pekanbaru,ID,0.51667,101.44167,1085000,19,0.1002372737678649,True,203.21205139160156,2707.0,0.6256198977645795,102.23814659471654,10.02372737678649
Oslo,NO,59.91273,10.74609,1082575,26,0.0161361696845921,False,759.3906860351562,797.0,22.32394903486687,1.9820616273162992,1.61361696845921
Jabalpur,IN,23.16697,79.95006,1081677,416,0.1361818,True,382.11773681640625,1238.0,2.2583352407111192,7.089875175554792,13.618179999999999
Ilorin,NG,8.49664,4.54214,1080000,320,0.0,False,360.64434814453125,1172.0,22.27817196917681,76.73897137734966,0.0
Aden,YE,12.77957,45.03852,1079670,7,0.1397681999999957,True,423.1080017089844,55.0,5.684341886080802e-14,2.570549106771659,13.97681999999957
Ciudad Nezahualcoyotl,MX,19.40061,-99.01483,1077208,2235,0.2175630999998143,True,198.61001586914062,648.0,5.684341886080802e-14,54.83326678530531,21.75630999998143
Hengyang,CN,26.88946,112.61888,1075516,66,0.0134601358217285,False,239.2587890625,1431.0,2.3346303501945727,0.5434512493100494,1.3460135821728498
Prayagraj,IN,25.44478,81.84322,1073438,99,0.0632544323089667,True,338.3668212890625,919.0,8.484016174563237,2.307411403210911,6.32544323089667
Visakhapatnam,IN,17.68009,83.20161,1063178,24,0.03554549,False,351.7192687988281,1042.0,5.1117723353933116,5.163794423038848,3.5545489999999997
Goyang-si,KR,37.65639,126.835,1061752,19,0.1293693534595363,True,446.4551086425781,1315.0,0.4425116350042231,6.414666309623628,12.936935345953628
Yulin,CN,22.6305,110.14686,1056743,87,0.0475222199565833,False,252.3052520751953,1577.0,3.5248340581368893,60.91588199073209,4.7522219956583305
Jodhpur,IN,26.26841,73.00594,1056191,237,0.0838126802212359,True,333.015625,417.0,18.600747692072957,163.01573723634954,8.38126802212359
Gwalior,IN,26.22983,78.17337,1054420,220,0.0816219629180576,True,430.6668395996094,915.0,44.38849469748993,51.2505965193506,8.16219629180576
Jingzhou,CN,30.35028,112.19028,1052282,39,0.0267322,False,233.84767150878906,1062.0,5.684341886080802e-14,4.782558421651431,2.67322
Gqeberha,ZA,-33.96109,25.61494,1050078,61,0.0063994849996309,False,887.1707153320312,546.0,64.82032501716645,1.7387452983853537,0.63994849996309
Tbilisi,GE,41.69143,44.83412,1049498,433,0.2589542,True,537.6358032226562,591.0,43.320363164721186,1.715992670810635,25.89542
Voronezh,RU,51.66833,39.19204,1047549,148,0.0,False,315.0205383300781,556.0,16.037232013427968,9.584126721673059,0.0
Xinxiang,CN,35.19033,113.80151,1047088,82,0.0947264799999963,True,209.10267639160156,559.0,8.072022583352464,31.997927031209127,9.47264799999963
Yichun,CN,27.83333,114.4,1045952,99,0.009223588,False,241.67967224121094,1518.0,5.684341886080802e-14,77.9357377750151,0.9223587999999999
Sokoto,NG,13.06269,5.24322,1040000,296,0.0,False,689.1421508789062,582.0,42.2980086976425,3.8685832863542227,0.0
Jos,NG,9.92849,8.89212,1040000,1186,0.0,False,430.95013427734375,1227.0,0.3051804379339842,10.501349278833626,0.0
Tangier,MA,35.76727,-5.79975,1035141,20,0.2055809999960579,True,265.04656982421875,818.0,2.4414435034714757,3.107309122440449,20.55809999960579
Teni,IN,10.01115,77.47772,1034724,300,0.0889033836992875,True,238.12823486328125,1077.0,0.3509575036240449,119.18791036897882,8.89033836992875
Xianyang,CN,34.33778,108.70261,1034081,387,0.0907892488942864,True,288.21337890625,607.0,3.0365453574426056,3.281209554576678,9.07892488942864
Mexicali,MX,32.62781,-115.45446,1032686,4,0.6835515193668443,True,227.14088439941406,67.0,19.577325093461525,50.884348917537196,68.35515193668444
Pointe-Noire,CG,-4.77609,11.86352,1032000,12,0.02288354,False,269.57537841796875,1208.0,1.144426642252256,1.1755605106195681,2.288354
Maceió,BR,-9.66583,-35.73528,1031597,11,0.0,False,604.7310791015625,1982.0,5.684341886080802e-14,1.6540787475610883,0.0
Campinas,BR,-22.90556,-47.06083,1031554,686,0.0,False,688.6202392578125,1295.0,7.8736552986953825,40.224947892300946,0.0
Sanya,CN,18.25435,109.50947,1031396,1,0.0397058599478498,False,426.0753479003906,1458.0,5.684341886080802e-14,0.35848337287145293,3.97058599478498
Rangpur,BD,25.74664,89.25166,1031388,36,0.2707102941607577,True,205.86761474609375,2340.0,2.4719615472648684,11.447750903358232,27.07102941607577
Kirkuk,IQ,35.46806,44.39222,1031000,346,0.1908058061616414,True,370.6116027832031,357.0,3.006027313649213,87.89915362368748,19.080580616164138
Ashgabat,TM,37.95,58.38333,1030063,219,0.2575801691258474,True,283.0121154785156,245.0,12.298771648737329,70.01556202069145,25.75801691258474
Comilla,BD,23.46186,91.18503,1030000,17,0.2488164092290879,True,228.96910095214844,2233.0,3.0518043793393304,45.97290692276194,24.88164092290879
Shaoguan,CN,24.8,113.58333,1028460,69,0.0366988816869562,False,415.3095397949219,1568.0,1.480125123979576,1.3427710412039535,3.6698881686956204
Howrah,IN,22.57688,88.31857,1027672,8,0.116651700000003,True,238.06759643554688,1560.0,2.075226977950763,2.4225415226283515,11.6651700000003
Raipur,IN,21.23333,81.63333,1027264,296,0.0375554900549034,False,359.2319641113281,1308.0,8.85023270008395,34.90747324609451,3.75554900549034
Changwon,KR,35.22806,128.68111,1025702,27,0.2072810476453046,True,425.8367614746094,1396.0,1.6327153429465397,6.908779725169293,20.72810476453046
Longyan,CN,25.07485,117.01775,1025087,318,0.071305121177354,True,668.2405395507812,1501.0,5.684341886080802e-14,3.9880659283358186,7.1305121177354005
Köln,DE,50.93333,6.95,1024621,58,0.071448900103232,True,310.1999206542969,745.0,20.40131227588313,1.0260347523658857,7.1448900103232
Dublin,IE,53.33306,-6.24889,1024027,17,0.0,False,368.8656005859375,997.0,0.7019150072480898,2.57101696832442,0.0
Tiruchirappalli,IN,10.8155,78.69651,1022518,79,0.04405201,False,277.5801086425781,809.0,6.576638437476163,2.104038668759858,4.405201
Yongzhou,CN,26.42389,111.61306,1020715,101,0.0071268726446821,False,381.4632568359375,1363.0,9.002822919050914,1.7108292346302656,0.71268726446821
Brussels,BE,50.85045,4.34878,1019022,28,0.0373208137563866,False,623.8582153320312,783.0,0.01525902189672479,24.243032759920347,3.73208137563866
Zamboanga,PH,6.91028,122.07389,1018849,9,0.2637117133536004,True,251.51161193847656,1583.0,5.684341886080802e-14,1.848680897817665,26.37117133536004
Ottawa,CA,45.41117,-75.69812,1017449,71,0.1030978999999999,True,348.5962219238281,922.0,13.519493400473038,3.602642792835557,10.309789999999989
Huzhou,CN,30.8703,120.0933,1015937,6,0.0472285599999492,False,233.83920288085938,1175.0,5.004959182116465,55.09794895528952,4.722855999994921
Volgograd,RU,48.71378,44.4976,1013533,42,0.0,False,851.1190185546875,411.0,28.107118333714823,3.1726166131442857,0.0
Khartoum North,SD,15.64925,32.53458,1012211,381,0.0,False,225.57635498046875,119.0,9.948882276646088,2.903535837184822,0.0
Edmonton,CA,53.55014,-113.46871,1010899,610,0.0163225176842831,False,794.7916870117188,470.0,2.5940337224384393,0.5900663340107702,1.63225176842831
Odesa,UA,46.48572,30.74383,1010537,34,0.07080644,True,797.9493408203125,453.0,,2.1789493579866823,7.0806439999999995
Wuwei,CN,37.92672,102.63202,1010295,1542,0.2731125054061775,True,334.6279296875,187.0,18.58548867017629,170.31982168581172,27.31125054061775
Jacksonville,US,30.33218,-81.65565,1009833,12,0.018135550000001,False,252.28575134277344,1290.0,5.684341886080802e-14,2.321899965270718,1.8135550000001
Arequipa,PE,-16.39899,-71.53747,1008290,2397,0.5941330976280723,True,435.9530944824219,59.0,0.8239871824216607,63.178369809360916,59.41330976280723
Fort Worth,US,32.72541,-97.32085,1008106,203,0.0171696300000213,False,369.1302185058594,854.0,12.619211108567981,47.17125058803143,1.71696300000213
Hanzhong,CN,33.07507,107.02214,1006557,517,0.1400477000011399,True,241.13682556152344,851.0,3.6469062333104603,3.7579241939182646,14.00477000011399
Hezhou,CN,24.40357,111.56675,1005490,106,0.0404926476843859,False,224.03831481933594,1567.0,0.793469138628268,104.45525182577907,4.04926476843859
Pest,HU,47.5,19.08333,1001748,113,0.07254013,True,184.59002685546875,523.0,6.62241550316628,2.2552030429321372,7.254013
Kota,IN,25.18254,75.83907,1001694,267,0.0572934900065894,True,464.3928527832031,719.0,26.108186465247627,3.573697289176253,5.72934900065894
Zhu Cheng City,CN,35.99502,119.40259,1000000,67,0.0394921699999834,False,287.9229736328125,778.0,7.019150072480386,50.47462546694357,3.9492169999983404
Shivaji Nagar,IN,18.53017,73.85263,1000000,559,0.1458257,True,414.0531311035156,686.0,0.2899214160372594,22.232076088401882,14.58257
Dongying,CN,37.46271,118.49165,998968,6,0.0850820200001394,True,203.51611328125,604.0,1.1596856641489808,17.180003744732034,8.50820200001394
Luzhou,CN,28.8903,105.42575,998900,256,0.1971011047434862,True,260.203125,1130.0,1.586938277256479,0.8434698243891883,19.710110474348618
San Jose,US,37.33939,-121.89496,997368,23,0.5581442998560356,True,272.7223205566406,403.0,1.2207217517357662,17.783360745851873,55.81442998560357
Sholapur,IN,17.67152,75.91044,997281,473,0.1578071376906078,True,364.1421813964844,708.0,10.727092393377632,28.71134655604204,15.78071376906078
Marrakesh,MA,31.63416,-7.99994,995871,457,0.1452008,True,279.8376770019531,272.0,34.6227206836042,98.7940385848495,14.520079999999998
Guatemala City,GT,14.64072,-90.51327,994938,1508,0.7158972990198481,True,303.26348876953125,1286.0,28.61066605630583,27.688106183355178,71.58972990198481
Meizhou,CN,24.28859,116.11768,992351,84,0.0582796099993988,True,219.72723388671875,1520.0,12.49713893339441,69.04694859391644,5.82796099993988
Yueyang,CN,29.37455,113.09481,991465,43,0.0104891950303087,False,357.0052185058594,1279.0,2.6703288319218927,2.838597383121113,1.04891950303087
Laiwu,CN,36.19278,117.65694,989535,182,0.022201940754173,False,216.5086212158203,727.0,0.32043945983065214,76.64950043045428,2.2201940754173
Benxi,CN,41.28861,123.765,987717,212,0.0821459299999999,True,656.154541015625,802.0,21.637293049515563,93.11246825330251,8.21459299999999
Perm,RU,58.01046,56.25017,982419,149,0.0,False,789.3131103515625,605.0,31.31151293202106,3.043564327857076,0.0
Zaria,NG,11.11128,7.7227,980000,644,0.0,False,433.7702331542969,998.0,21.4847028305486,49.38882456363472,0.0
Kennedy,CO,4.6165,-74.14597,979914,2556,0.209905099994845,True,209.766357421875,1312.0,3.4943160143434966,25.18164934703556,20.990509999484498
Chiba,JP,35.6,140.11667,979768,5,0.7891407000048927,True,260.20001220703125,1376.0,0.07629510948351026,3.375080387177573,78.91407000048926
Pingdingshan,CN,33.73091,113.31554,979130,82,0.0720692848428089,True,246.779052734375,761.0,0.15259021896702052,8.930517090704994,7.2069284842808905
Ciudad Guayana,VE,8.35122,-62.64102,978202,103,0.0609216311130317,True,438.891357421875,1269.0,24.00244144350347,3.3409581085302,6.09216311130317
Sargodha,PK,32.08586,72.67418,975886,187,0.184708032842362,True,224.92298889160156,400.0,16.69336995498594,34.150165997595764,18.4708032842362
Austin,US,30.26715,-97.74306,974447,165,0.0084697018768319,False,512.1005859375,835.0,23.788815136949722,119.72978088600551,0.84697018768319
Managua,NI,12.13282,-86.2504,973087,108,0.6997626999999993,True,394.2102355957031,1478.0,0.5951018539711868,17.885559097502387,69.97626999999993
Bengbu,CN,32.94083,117.36083,972784,31,0.0847586799999958,True,232.01014709472656,825.0,6.927595941100208,4.665622431255438,8.47586799999958
Salé,MA,34.0531,-6.79846,972299,34,0.0743428500016187,True,375.85699462890625,519.0,23.20897230487526,2.6435092208753797,7.43428500016187
Jerusalem,IL,31.76904,35.21633,971800,786,0.2469425443693514,True,456.1331481933594,383.0,29.907682917524994,28.666171782012192,24.69425443693514
Chandigarh,IN,30.73629,76.7884,970602,351,0.2426430999999998,True,319.9261779785156,1008.0,5.61532005798432,37.932361302421846,24.26430999999998
Dnipro,UA,48.46664,35.04066,968502,61,0.0,False,600.0,510.0,4.028381780727898,0.6944402469336598,0.0
Cebu City,PH,10.31672,123.89071,965332,37,0.3347104821106495,True,322.85845947265625,1493.0,0.33569848172737693,2.9997171038362787,33.471048211064954
Sanhe,CN,39.98049,117.06887,965075,24,0.1181934999923526,True,218.5737762451172,541.0,12.481879911497685,68.0306212679399,11.819349999235259
Tiruppur,IN,11.11541,77.35456,963173,305,0.0790061099999997,True,364.5045471191406,589.0,6.439307240405924,49.11430994792621,7.90061099999997
Guwahati,IN,26.1844,91.7458,962334,59,0.5471443669493168,True,300.69305419921875,1713.0,11.734187838559592,5.507508815566938,54.71443669493168
Xiangtan,CN,27.85,112.9,959303,31,0.03704844,False,226.5083770751953,1410.0,2.0294499122606453,1.51375371386887,3.704844
Linfen,CN,36.08889,111.51889,959198,451,0.1546868420043955,True,293.7706298828125,507.0,12.08514534218358,3.074087015091247,15.46868420043955
Victoria,HK,22.2875,114.14417,956800,31,0.0246343238372662,False,900.0,2023.0,31.158922713054096,0.5401320026165132,2.46343238372662
Zhenjiang,CN,32.21086,119.45508,950516,26,0.05357852,True,267.0880126953125,1005.0,9.048599984741031,2.5249988852248895,5.357851999999999
Enugu,NG,6.44132,7.49883,950000,192,0.0095672716410944,False,407.1233215332031,1755.0,0.061036087586842314,86.71508223195238,0.95672716410944
Rosario,AR,-32.94682,-60.63932,948312,38,0.0,False,224.8001251220703,967.0,29.526207370107613,1.7033868182880805,0.0
Sulţānah,SA,24.49258,39.58572,946697,597,0.0405626580927988,False,307.7417907714844,72.0,8.026245517662346,139.38032826104606,4.05626580927988
Huludao,CN,40.75243,120.83552,944495,17,0.0637216438575618,True,206.0533447265625,564.0,5.684341886080802e-14,7.778257301568918,6.37216438575618
Hubballi,IN,15.34776,75.13378,943788,620,0.0547479081197656,True,464.99090576171875,939.0,1.37331197070273,73.64393719685143,5.474790811976559
Kitakyushu,JP,33.85181,130.85034,940978,57,0.2292976253441503,True,391.70001220703125,1721.0,0.4882887006943406,5.658078522498746,22.92976253441503
Taiz,YE,13.57952,44.02091,940600,1316,0.0585731727777385,True,518.7100830078125,426.0,90.21133745326927,78.44383653665069,5.85731727777385
Setagaya,JP,35.64188,139.64715,940071,44,0.6109242,True,249.10000610351562,1545.0,0.03051804379344958,10.097668151213993,61.092420000000004
Kingston,JM,17.99702,-76.79358,937700,65,0.3996163345675977,True,377.14495849609375,1321.0,0.03051804379344958,3.620369011699103,39.96163345675977
Jing’an,CN,31.22,121.41583,936500,32,0.0507968402419307,True,226.0771942138672,1049.0,4.104676890211351,0.870828709193776,5.07968402419307
Baoshan,CN,25.11626,99.16366,935618,1680,0.199426,True,374.0596008300781,1085.0,1.2817578393225517,27.31000489710512,19.9426
Rui’an,CN,27.77605,120.65859,927383,4,0.0790537299212845,True,225.30406188964844,1481.0,5.684341886080802e-14,2.6020261697394584,7.9053729921284495
Chihuahua,MX,28.63528,-106.08889,925762,1437,0.02216761,False,373.1947937011719,423.0,0.3051804379339842,60.24554963040381,2.216761
Nay Pyi Taw,MM,19.745,96.12972,925000,122,0.7756317,True,259.0514831542969,1169.0,0.7476920729381504,11.665951490205869,77.56317
Eskişehir,TR,39.77667,30.52056,921630,794,0.2589663756735736,True,255.27093505859375,428.0,0.8545052262150534,81.96021192692872,25.89663756735736
Mysuru,IN,12.29791,76.63925,920550,757,0.0643349354158487,True,454.8702697753906,723.0,3.1891355764095692,13.861406656238097,6.43349354158487
Trujillo,PE,-8.11599,-79.02998,919899,31,0.6669608730816291,True,292.241455078125,18.0,18.768596932936646,7.293542108476252,66.69608730816292
Salem,IN,11.65376,78.15538,917414,283,0.08556316,True,280.0541687011719,875.0,0.15259021896702052,40.93274648833618,8.556316
São Luís,BR,-2.52972,-44.30278,917237,29,0.0257792964790852,False,382.8339538574219,2164.0,11.82574196993977,0.3080506358638348,2.57792964790852
Seongnam-si,KR,37.43861,127.13778,914832,80,0.1251497073317258,True,841.6481323242188,1314.0,0.8697642481117214,8.27514052387191,12.514970733172582
Cartagena,CO,10.39817,-75.49328,914552,20,0.0708730299999999,True,275.66290283203125,1175.0,10.849164568551203,3.3758426691046455,7.087302999999991
Antipolo,PH,14.62578,121.12251,913712,23,0.3849308817020014,True,341.6148681640625,2273.0,0.3967345693141624,17.099947866912323,38.49308817020014
Columbus,US,39.96118,-82.99879,913175,242,0.0271681803739575,False,494.7720947265625,967.0,7.660028992141633,0.8664707040994112,2.71681803739575
Sialkot,PK,32.49268,74.53134,911817,250,0.2226351088871861,True,252.8179931640625,868.0,6.042572671091818,21.967043960570752,22.26351088871861
Charlotte,US,35.22709,-80.84313,911311,272,0.044948042960656,False,404.6309814453125,1147.0,35.20256351567866,62.37170962137206,4.4948042960656
Laibin,CN,23.74743,109.22222,910282,72,0.0251662,False,228.7532501220703,1464.0,13.824673838406966,2.474110062017504,2.51662
Warri,NG,5.51737,5.75006,910000,6,0.0171042400000148,False,244.99681091308594,2657.0,0.4730296787976158,12.453106982929652,1.71042400000148
Naples,IT,40.85216,14.26811,909048,14,0.1617050012910862,True,375.1390075683594,954.0,0.5951018539711868,1.492898685712159,16.17050012910862
Padang,ID,-0.94924,100.35427,909040,6,0.4070697,True,252.6883544921875,3392.0,5.684341886080802e-14,3.10603770717609,40.70697
Xiaogan,CN,30.92689,113.92221,908266,35,0.03145518,False,261.6593017578125,1161.0,5.554283970397535,27.636681923935853,3.145518
Campo Grande,BR,-20.44278,-54.64639,906092,592,0.0057351701237207,False,666.897216796875,1450.0,39.765011062790904,109.85221326699128,0.57351701237207
Ziyang,CN,30.12108,104.64811,905729,365,0.155723199999444,True,397.6422424316406,1107.0,13.09224078736554,1.910309214687527,15.572319999944401
Bobo-Dioulasso,BF,11.18064,-4.29489,904920,453,0.0,False,443.9926452636719,955.0,7.400625619897767,34.415614084821215,0.0
Bahawalpur,PK,29.39779,71.6752,903795,121,0.1190218000000238,True,218.0327911376953,136.0,22.384985122453656,6.163876555104304,11.90218000000238
Quzhou,CN,28.95944,118.86861,902767,77,0.0184655342591435,False,234.79214477539062,1585.0,15.259021896696424,67.06548336081991,1.8465534259143501
Blantyre,MW,-15.78499,35.00854,902588,1041,0.1351129930442335,True,327.522216796875,1111.0,4.104676890211351,28.12492530203392,13.51129930442335
Donetsk,UA,48.023,37.80224,901645,223,0.0,False,716.096435546875,530.0,44.81574731059743,96.25707081708676,0.0
Abū Ghurayb,IQ,33.30563,44.18477,900000,42,0.0786549269613512,True,229.891357421875,146.0,20.73701075761045,17.7403234107251,7.865492696135119
Qom,IR,34.6401,50.8764,900000,935,0.2228387004565928,True,246.07989501953125,213.0,8.85023270008395,190.19135820299167,22.283870045659278
Bishkek,KG,42.87,74.59,900000,767,0.2286191,True,446.03271484375,421.0,6.240939955748843,141.11167410704275,22.861909999999998
Zaozhuang,CN,34.86472,117.55417,899753,79,0.0514844965701924,True,253.9835968017578,717.0,7.904173342488775,89.10527496928707,5.14844965701924
Krasnodar,RU,45.04534,38.98178,899541,36,0.0126894985042666,False,206.09371948242188,722.0,4.043640802624566,4.586605949332602,1.2689498504266599
Natal,BR,-5.795,-35.20944,896708,32,0.0874660044554751,True,545.1959838867188,1439.0,26.214999618524473,3.385927282411228,8.74660044554751
Pingxiang,CN,27.61672,113.85353,893550,167,0.0092738376708217,False,609.4481201171875,1522.0,0.33569848172737693,71.3752821256948,0.9273837670821701
Cancún,MX,21.17429,-86.84656,888797,11,0.0,False,232.45375061035156,1225.0,3.4790569924468286,4.707901146752652,0.0
Indianapolis,US,39.76838,-86.15804,887642,248,0.04072788,False,279.45721435546875,1026.0,10.284580758373409,96.29649319946189,4.072788
Gurugram,IN,28.4601,77.02635,886519,228,0.245183804485506,True,272.1584167480469,661.0,5.706874189364498,27.08891191930653,24.5183804485506
Bhubaneswar,IN,20.27241,85.83385,885363,62,0.0658473024412692,True,377.0162048339844,1565.0,13.229571984435836,16.17039247653336,6.58473024412692
Zhoushan,CN,29.98869,122.20488,882932,2,0.0108372699999976,False,221.72010803222656,1259.0,5.684341886080802e-14,2.042351885291541,1.08372699999976
Qiqihar,CN,47.33922,123.96154,882364,146,0.0230403999987728,False,246.7487030029297,425.0,0.7324330510414825,4.922885080021732,2.30403999987728
Mulenvos,AO,-8.86695,13.3344,882014,88,0.0229595224709066,False,318.09197998046875,562.0,42.71000228885333,11.252079125777577,2.29595224709066
Sulaymaniyah,IQ,35.56496,45.4329,878146,847,0.2492028713214842,True,525.6239624023438,768.0,3.555352101930282,120.1914653154235,24.92028713214842
Marseille,FR,43.29695,5.38107,877215,28,0.03640796,False,429.44073486328125,602.0,1.4190890363927906,2.1030997749910614,3.6407960000000004
Puning,CN,23.31072,116.16869,874954,12,0.0537996565096425,True,328.3429870605469,1590.0,0.6256198977645795,35.778460739919204,5.37996565096425
Pikine,SN,14.76457,-17.39071,874062,17,0.0,False,238.843994140625,380.0,8.010986495765621,2.8124425970771463,0.0
Bhiwandi,IN,19.30023,73.05881,874032,9,0.125094701840259,True,325.197265625,2807.0,3.2349126420996868,5.510253283387274,12.5094701840259
Soshanguve,ZA,-25.47288,28.09919,872309,1179,0.0169661257016687,False,531.3754272460938,599.0,33.508812085145394,81.49907390363079,1.6966125701668702
Teresina,BR,-5.08917,-42.80194,871126,87,0.0064747196408212,False,329.5397644042969,1429.0,30.16708628976886,3.6928437125811757,0.64747196408212
Ankang,CN,32.68,109.01722,870126,273,0.0616723443335407,True,509.4773864746094,914.0,23.49889372091252,2.1926193258491864,6.16723443335407
Jalandhar,IN,31.32556,75.57917,868929,243,0.2688223032851797,True,234.9681854248047,672.0,8.682383459220318,32.012843260117485,26.88223032851797
Rotterdam,NL,51.9225,4.47917,868135,9,0.0217932537882352,False,234.2847442626953,863.0,4.699778744182538,2.0923570003925405,2.17932537882352
Langfang,CN,39.52079,116.71471,868066,19,0.1032498746941712,True,184.24293518066406,548.0,10.696574349584239,12.859938284997149,10.32498746941712
Viana,AO,-8.90553,13.37499,865863,128,0.0225645684119586,False,387.6022033691406,562.0,61.49385824368659,15.91687048219582,2.25645684119586
Jiaozuo,CN,35.23925,113.23914,865413,90,0.0894723600000021,True,353.5187683105469,576.0,4.974441138323073,17.785109917555534,8.94723600000021
Rohini,IN,28.74322,77.06778,860000,216,0.2509831,True,226.6600799560547,662.0,3.7232013427939705,13.716744392586502,25.09831
Wanxian,CN,30.81601,108.37407,859662,232,0.06553053,True,879.706298828125,1287.0,143.40428778515297,3.5505628796640183,6.553053
Guang’an,CN,30.47413,106.63696,858159,244,0.0617389367804756,True,900.0,1144.0,11.383230334935547,36.57955758059786,6.17389367804756
Johor Bahru,MY,1.4655,103.7578,858118,32,0.0205667203871151,False,311.30517578125,2304.0,5.684341886080802e-14,1.9466096085757003,2.0566720387115103
Pasig City,PH,14.58691,121.0614,853050,63,0.3756936,True,235.3219757080078,2273.0,34.134431982909916,9.33741833388168,37.56936
Cheongju-si,KR,36.63722,127.48972,852147,49,0.1316890549833704,True,470.4707336425781,1266.0,5.684341886080802e-14,52.69009154855256,13.168905498337041
Kanayannur,IN,9.96667,76.26667,851406,1,0.089061245488473,True,236.30612182617188,3138.0,,1.710224606485294,8.9061245488473
Tegucigalpa,HN,14.0818,-87.20681,850848,944,0.3124423751018672,True,325.9839172363281,1136.0,5.684341886080802e-14,74.75589263081783,31.244237510186718
Bucheon-si,KR,37.49889,126.78306,850731,14,0.1299450930209851,True,455.43804931640625,1259.0,3.570611123827007,9.98754344425012,12.994509302098509
Thanh Hóa,VN,19.8,105.76667,850000,5,0.0497392400003996,False,246.4912567138672,1616.0,0.12207217517362778,10.95745742781885,4.97392400003996
Turin,IT,45.07049,7.68682,847287,245,0.114485601526381,True,310.64501953125,800.0,18.58548867017629,1.4599486990328332,11.4485601526381
Malang,ID,-7.9797,112.6304,847182,452,0.2511457000002879,True,299.45806884765625,2857.0,0.5798428320745188,47.38555879812772,25.11457000002879
Al Ain City,AE,24.19167,55.76056,846747,275,0.0336202038043989,False,344.3825378417969,127.0,33.15785458152135,92.59352403227464,3.3620203804398905
Libreville,GA,0.39241,9.45356,846090,8,0.0,False,391.5169677734375,2748.0,5.684341886080802e-14,3.6678906007710594,0.0
Saratov,RU,51.54048,45.9901,844858,80,0.0,False,900.0,449.0,20.416571297779853,6.118385434503118,0.0
Ulan Bator,MN,47.90771,106.88324,844818,1284,0.0670028685074193,True,389.903564453125,282.0,0.9308003356985068,117.51593605491985,6.7002868507419295
Weihai,CN,37.50914,122.11356,844310,14,0.11579407809397,True,900.0,708.0,2.7924010070954637,2.1526573331981536,11.579407809396999
Takeo,KH,10.99081,104.78498,843931,12,0.0,False,285.6951599121094,1410.0,4.577706569008967,30.45626649745824,0.0
Cochabamba,BO,-17.38195,-66.15995,841276,2537,0.2752713000102564,True,283.78692626953125,836.0,0.01525902189672479,26.976166774380996,27.52713000102564
Ahvaz,IR,31.31901,48.6842,841145,23,0.2630809,True,210.4767303466797,254.0,14.328221560997974,30.53754593657927,26.30809
Vientiane,LA,17.96667,102.6,840940,174,0.0418676300024356,False,319.0004577636719,1601.0,6.439307240405924,1.256392846796025,4.186763000243561
Zhabei,CN,31.25861,121.45972,840000,10,0.0543976236497186,True,224.72799682617188,1049.0,3.0365453574426056,1.8840728118856178,5.43976236497186
Xinyu,CN,27.80429,114.93335,839488,68,0.0110012401042899,False,357.5865173339844,1551.0,14.831769283588926,34.0761771949783,1.10012401042899
Pietermaritzburg,ZA,-29.61679,30.39278,839327,636,0.0292399892845925,False,739.300537109375,820.0,34.86686503395134,65.86265983329818,2.92399892845925
Yibin,CN,28.7593,104.63994,836340,323,0.2324686612517436,True,390.972900390625,1152.0,67.002365148394,3.3806425893691796,23.24686612517436
Naucalpan de Juárez,MX,19.47851,-99.23963,834434,2300,0.2131674108778622,True,398.6851806640625,880.0,19.699397268635096,32.02633587517517,21.31674108778622
Kampung Baru Subang,MY,3.15,101.53333,833571,27,0.0515035017817863,True,263.61822509765625,2331.0,5.684341886080802e-14,20.40473050758888,5.1503501781786305
Bouaké,CI,7.69385,-5.03031,832371,339,0.0,False,453.9009094238281,1061.0,17.853055619134864,61.971442303194266,0.0
Samarinda,ID,-0.49167,117.14583,831460,24,0.0306742810979839,False,289.1295471191406,1939.0,5.684341886080802e-14,2.761965308691974,3.06742810979839
Taicang,CN,31.44778,121.09389,831113,4,0.0435812299999999,False,237.5775909423828,1057.0,0.01525902189672479,15.862107297918127,4.35812299999999
San Francisco,US,37.77493,-122.41942,827526,28,0.414144,True,285.6695251464844,783.0,6.530861371786102,2.871752612667218,41.4144
Sakai,JP,34.58216,135.46653,826161,2,0.3961307725316076,True,159.6999969482422,1340.0,5.684341886080802e-14,4.702428708779064,39.61307725316076
Valencia,ES,39.47391,-0.37966,824340,10,0.0695070899995153,True,227.96429443359375,427.0,9.674219882505554,4.272835929379792,6.95070899995153
Nova Iguaçu,BR,-22.75917,-43.45111,823302,36,0.0,False,900.0,1627.0,52.87251087205311,18.04598321685168,0.0
Jinshan,CN,30.83556,121.29373,822776,7,0.0363038758088169,False,210.28936767578125,1005.0,1.144426642252256,13.492741714946334,3.63038758088169
Chenzhou,CN,25.8,113.03333,822534,180,0.0107582572175814,False,309.078369140625,1474.0,5.684341886080802e-14,55.802345721689434,1.07582572175814
Duque de Caxias,BR,-22.78556,-43.31167,818329,15,0.0,False,267.737060546875,1503.0,0.9308003356985068,4.179962389036127,0.0
João Pessoa,BR,-7.115,-34.86306,817511,45,0.0141988686399615,False,444.2457580566406,1773.0,25.192645151445845,2.5618856732078474,1.41988686399615
Bukavu,CD,-2.49077,28.84281,816811,1631,0.2586775108511142,True,696.26416015625,1436.0,11.581597619592628,2.5059640486189716,25.86775108511142
Barcelona,VE,10.1384,-64.68769,815141,3,0.1565541,True,220.58836364746094,943.0,5.95101853971164,4.488523015994694,15.65541
Bangui,CF,4.36122,18.55496,812407,351,0.0324533764992867,False,298.89044189453125,1534.0,0.7629510948348752,0.7819642417811832,3.24533764992867
Hermosillo,MX,29.08874,-110.96677,812229,202,0.070163362633263,True,294.76593017578125,304.0,23.025864042114904,90.54734758483518,7.0163362633263
Bhayandar,IN,19.30157,72.85107,809378,9,0.1212539,True,243.01022338867188,2495.0,2.9297322041657594,2.301836643909409,12.12539
Culiacán,MX,24.80209,-107.39421,808416,47,0.1008736010758394,True,375.4324951171875,638.0,19.943541618982238,34.02929276481546,10.08736010758394
Petaling Jaya,MY,3.10726,101.60671,807879,45,0.0509691800000053,True,313.5376892089844,2331.0,18.142977035172066,27.05673898641926,5.09691800000053
Anqing,CN,30.51365,117.04723,804493,19,0.0734550466256087,True,327.2950439453125,1499.0,5.684341886080802e-14,2.890169741685439,7.34550466256087
Kraków,PL,50.06143,19.93658,804237,219,0.01631238,False,339.6158752441406,687.0,12.16144045166709,0.9858920392812154,1.6312380000000002
Oran,DZ,35.69906,-0.63588,803329,118,0.35129380212298,True,469.12841796875,364.0,32.42542153047992,2.3825713674305344,35.129380212298
Freetown,SL,8.48714,-13.2356,802639,38,0.0131588334517139,False,899.8282470703125,3097.0,1.0376134889754098,1.0374500048037685,1.31588334517139
San Pedro Sula,HN,15.50585,-88.02588,801259,90,0.3644254999999999,True,385.2497253417969,1646.0,14.0993362325475,19.502948465874848,36.44254999999999
Narela,IN,28.85267,77.09288,800000,219,0.2424865001761759,True,298.95941162109375,658.0,5.142290379186704,10.981015819752885,24.24865001761759
Xingtai,CN,37.06217,114.49272,798770,71,0.1481206,True,230.07064819335938,551.0,5.004959182116465,86.12211140604973,14.812059999999999
Niigata,JP,37.92259,139.04125,797591,1,0.2601448673891304,True,194.5,1922.0,5.684341886080802e-14,3.067905673733997,26.01448673891304
Muscat,OM,23.58413,58.40778,797000,14,0.0413737,False,349.6401672363281,123.0,10.086213473716384,3.5910028855101395,4.13737
Zarqa,JO,32.07275,36.08796,792665,625,0.1103541999999981,True,292.1699523925781,221.0,50.58365758754866,50.65887089580094,11.03541999999981
Çankaya,TR,39.9179,32.86268,792189,889,0.1666255618933042,True,451.94464111328125,400.0,0.5340657663844013,47.093533997494,16.66255618933042
Hamamatsu,JP,34.7,137.73333,791707,3,0.7980442000000426,True,282.1000061035156,2021.0,0.24414435034719872,5.597182522288186,79.80442000000426
Kolwezi,CD,-10.71484,25.46674,790248,1485,0.0596853308455603,True,369.09490966796875,1274.0,30.991073472190465,24.342807686248975,5.96853308455603
Vinh,VN,18.67337,105.69232,790000,12,0.0391255544400587,False,196.6060028076172,1564.0,4.516670481422182,3.677149578781496,3.9125554440058696
Thiruvananthapuram,IN,8.4855,76.94924,788271,18,0.0432872255068696,False,296.0295715332031,1688.0,0.12207217517362778,8.547988288525758,4.32872255068696
Zhaotong,CN,27.31667,103.71667,787845,1974,0.3048376300465372,True,305.1794738769531,882.0,0.01525902189672479,51.307922653639714,30.483763004653717
Panzhihua,CN,26.58509,101.71276,787177,1101,0.1657901999999992,True,576.024169921875,796.0,5.020218204013133,0.4427418883550131,16.579019999999918
Chuzhou,CN,32.32194,118.29778,782671,24,0.0542267150809773,True,326.5135192871094,976.0,2.075226977950763,46.08184492991453,5.42267150809773
Seattle,US,47.60621,-122.33207,780995,56,0.3056356000013193,True,327.0,1004.0,6.8513008316166975,1.0029095226957891,30.56356000013193
Port Said,EG,31.26531,32.3019,780515,16,0.0488937299948677,False,247.2050323486328,70.0,13.397421225299468,0.7107193304806949,4.88937299948677
Cúcuta,CO,7.90745,-72.5049,777106,298,0.3421606999999999,True,394.21624755859375,1858.0,5.684341886080802e-14,31.744940504524337,34.21606999999999
Homs,SY,34.72405,36.72559,775404,508,0.2051711999995663,True,286.3260498046875,383.0,3.6163881895170675,68.52741857313096,20.51711999995663
Xuancheng,CN,30.9525,118.75528,774332,25,0.04742578,False,444.97186279296875,1250.0,0.4882887006943406,57.603198259538814,4.742578
Ibb,YE,13.96667,44.18333,771514,1931,0.0532805400032114,True,606.5333251953125,462.0,90.9132524605173,101.15049582871417,5.328054000321139
Nampula,MZ,-15.11646,39.2666,770379,431,0.0543753599773965,True,335.9989929199219,1087.0,31.14366369115743,88.78034614095527,5.4375359977396505
Shangyu,CN,30.01556,120.87111,770000,13,0.0135982700009401,False,739.0575561523438,1215.0,0.4425116350042231,9.442822333500185,1.35982700009401
Bujumbura,BI,-3.38193,29.36142,769317,807,0.2002549999330951,True,383.58843994140625,1218.0,2.166781109330941,17.005984732151855,20.02549999330951
Tyumen,RU,57.15222,65.52722,768358,81,0.0,False,353.2959899902344,455.0,1.4343480582895154,2.6510582634202926,0.0
Erzurum,TR,39.90861,41.27694,767848,1914,0.3338670945674483,True,477.9228515625,478.0,0.5798428320745188,8.1118468446616,33.38670945674483
Anshun,CN,26.25,105.93333,765313,1374,0.101610587258357,True,444.9998474121094,1189.0,0.18310826276041325,19.845735002664753,10.1610587258357
Dodoma,TZ,-6.17221,35.73947,765179,1125,0.189315614930807,True,299.6851806640625,583.0,44.876783398184216,58.66457806656322,18.9315614930807
Rajshahi,BD,24.374,88.60114,763580,23,0.127690699939077,True,235.15640258789062,1474.0,5.684341886080802e-14,8.642371791434504,12.7690699939077
Dera Ismail Khan,PK,31.83129,70.9017,763195,177,0.2558566188558271,True,201.0021514892578,246.0,18.8448920424201,6.302280692276117,25.58566188558271
Wuzhou,CN,23.48054,111.28848,761948,51,0.0319486264328246,False,600.0,1595.0,5.684341886080802e-14,1.314396994525072,3.1948626432824603
Ipoh,MY,4.5841,101.0829,759952,45,0.0427305400484699,False,250.129638671875,2624.0,4.211490043488254,17.69655232214481,4.27305400484699
Qinhuangdao,CN,39.94104,119.58936,759718,2,0.1847800918294732,True,234.6234893798828,614.0,1.1596856641489808,4.0203159583287285,18.478009182947318
Benghazi,LY,32.11486,20.06859,757490,3,0.0783412446839008,True,238.5429229736328,227.0,6.332494087129021,3.9734942709756456,7.83412446839008
Alīgarh,IN,27.88145,78.07464,753207,189,0.1183113748902241,True,234.17764282226562,803.0,6.424048218509199,38.97481484924177,11.83113748902241
Shaoyang,CN,27.23818,111.46214,753194,243,0.0134536902077958,False,440.7982482910156,1353.0,0.5035477225910086,73.76365056301708,1.34536902077958
Malatya,TR,38.35018,38.31667,750491,963,0.2950226995043289,True,395.4807434082031,442.0,0.8850232700084462,19.097429352391543,29.50226995043289
