name,country,lat,lon,population,elev_m,pga_475_g,seismic,vs30,precip,wtd,dw_km,pgv,full_dTWS_cm,recent_dTWS_cm,full_trend_cm_yr,recent_trend_cm_yr,full_p,recent_p,reversal,dist_lake_km,gw_clean,P0_full,dP_full,wtdnew_full,dLSE_full,P0_recent,dP_recent,wtdnew_recent,dLSE_recent
Yokohama,JP,35.43333,139.65,3777491,21,0.6621291,True,246.6999969482422,1671.0,2.6398107881285,1.834036104265288,66.21291000000001,12.55,15.72,0.5728,1.5877,0.0,0.0,False,3107.158070655385,True,0.5189420934283357,0.01042311198168211,1.3848107881285001,1.3334972273524137,0.5189420934283357,0.013052194913305337,1.0678107881285,1.6650578930678854
Bhayandar,IN,19.30157,72.85107,809378,9,0.1212539,True,243.01022338867188,2495.0,2.9297322041657594,2.301836643909409,12.12539,7.19,14.03,0.3283,1.4173,0.00087,0.0001,False,2571.5141207990905,True,0.469437365737197,0.005967392316910736,2.2107322041657596,0.793120617105739,0.469437365737197,0.011650852020113123,1.5267322041657596,1.5508003710621878
Mumbai,IN,19.07283,72.88261,12691836,8,0.120297400125448,True,232.39059448242188,2274.0,1.8768596932936816,4.7052142468930125,12.0297400125448,7.19,14.03,0.3283,1.4173,0.00087,0.0001,False,2596.280398320384,True,0.35036063504717974,0.005468884013017594,1.1578596932936818,0.4329638942475986,0.35036063504717974,0.010706730597230374,0.4738596932936818,0.8654591198516766
Dar es Salaam,TZ,-6.82349,39.26951,5383728,24,0.109765000000553,True,261.65869140625,1066.0,8.361943999389666,1.4221015900347755,10.9765000000553,11.34,15.35,0.5172,1.5505,0.0,0.0,False,630.6388190838273,True,0.2553153425850038,0.007245794024929697,7.227943999389666,0.21257403933936403,0.2553153425850038,0.009839482163022162,6.826943999389666,0.29354383648077476
Surat,IN,21.19594,72.83023,4591246,20,0.09830952,True,225.83724975585935,1070.0,8.25513084611282,2.0088310183989053,9.830952,8.61,14.02,0.3929,1.4158,0.00032,0.00058,False,2363.2571210323963,True,0.2809631242668905,0.005828461547950858,7.39413084611282,0.23204124132801462,0.2809631242668905,0.00952745799458804,6.85313084611282,0.3876471148117986
Nashik,IN,19.99727,73.79096,1486053,584,0.07369488,True,408.8996276855469,1330.0,4.516670481422182,2.7022359147238024,7.369488,15.44,26.07,0.7046,2.633,0.0,0.0,False,2482.8273368328482,True,0.11386043759947732,0.005291488917054596,2.972670481422182,0.018393796105524163,0.11386043759947732,0.009057037497464823,1.9096704814221819,0.03249856735930298
Bhiwandi,IN,19.30023,73.05881,874032,9,0.125094701840259,True,325.197265625,2807.0,3.2349126420996868,5.510253283387274,12.5094701840259,7.19,14.03,0.3283,1.4173,0.00087,0.0001,False,2568.8044361707443,True,0.23663864969112508,0.004352264109153181,2.515912642099687,0.09794242859296132,0.23663864969112508,0.00854308210611443,1.831912642099687,0.19783654199960532
Thāne,IN,19.19704,72.96355,1841488,23,0.1226549788237301,True,373.1346740722656,2495.0,2.0904859998474308,3.79749948385862,12.26549788237301,7.19,14.03,0.3283,1.4173,0.00087,0.0001,False,2581.4726286870387,True,0.22787742868701172,0.004240124792949107,1.371485999847431,0.0845571438242505,0.22787742868701172,0.008324655662538732,0.687485999847431,0.1708218389422338
Dombivali,IN,19.21667,73.08333,1247327,11,0.1242170029365362,True,411.0974426269531,2807.0,3.8452735179675415,3.538018292708381,12.42170029365362,7.19,14.03,0.3283,1.4173,0.00087,0.0001,False,2577.6933702662986,True,0.2247228330713731,0.004198830002857118,3.1262735179675416,0.08011476411958962,0.2247228330713731,0.008244185199944187,2.442273517967542,0.16185128308241792
Tokyo,JP,35.6895,139.69171,9733276,44,0.605276,True,253.3000030517578,1432.0,5.432211795223964,7.757012464687056,60.52760000000001,12.55,15.72,0.5728,1.5877,0.0,0.0,False,3088.0154143384493,True,0.190982890999505,0.0065406548775676365,4.177211795223964,0.07789353992843873,0.190982890999505,0.008219225160770116,3.8602117952239636,0.09913915462094292
Yangon,MM,16.80528,96.15611,4477638,30,0.2417016573252616,True,245.57081604003903,2441.0,1.4038300144961229,3.669843247406945,24.17016573252616,-1.27,9.4,-0.0579,0.949,0.70369,0.07462,True,3326.6138946938713,True,0.4572328805930004,-0.0010493485081148335,1.5308300144961229,-0.13698484526689114,0.4572328805930004,0.0077780251512339915,0.46383001449612293,1.0218870176856072
Tianjin,CN,39.14222,117.17667,11090314,11,0.117718599999321,True,205.9684600830078,556.0,3.112840466926116,1.816541073776195,11.7718599999321,-9.3,10.07,-0.4242,1.0174,0.0,0.0,True,1648.257729168789,True,0.31645415467833393,-0.006660540587324015,4.0428404669261155,-0.36567059624206966,0.31645415467833393,0.007297808968259989,2.105840466926116,0.4298289031654807
Varanasi,IN,25.31668,83.01041,1164404,86,0.0641719299859855,True,230.3858337402344,1040.0,26.092927443350906,3.0783896695672963,6.417192998598551,-4.44,17.23,-0.2026,1.7399,0.15592,0.0007,True,1940.4054078860959,True,0.12451900671508154,-0.0016028665316171892,26.536927443350905,-0.006274450783294555,0.12451900671508154,0.006390703133812431,24.369927443350907,0.026724090750339297
Chattogram,BD,22.3384,91.83168,3920222,15,0.2789350093955502,True,296.0547790527344,2959.0,1.724269474326718,1.1638933942429677,27.89350093955502,-0.53,7.69,-0.024,0.7765,0.88999,0.2023,True,2571.2124966337105,True,0.5749226779348066,-0.00043137482597133125,1.777269474326718,-0.046957147246864395,0.5749226779348066,0.006245853952507652,0.9552694743267179,0.670197417023985
Patna,IN,25.59408,85.13563,1684297,53,0.0921172673310556,True,236.1080780029297,1046.0,4.257267109178315,5.362086505644111,9.21172673310556,-21.29,12.92,-0.9716,1.3047,0.0,0.03213,True,1969.5544097825891,True,0.16584980274415223,-0.009577079365659963,6.3862671091783145,-0.06850786542271126,0.16584980274415223,0.006037913462983185,2.965267109178315,0.04878714588749483
Kanpur,IN,26.46523,80.34975,2823249,137,0.0874991899999999,True,227.27545166015625,906.0,13.42793926909286,2.583761393982147,8.74991899999999,-14.17,10.84,-0.6466,1.095,0.0,0.02825,True,1764.862906168225,True,0.2026506374537788,-0.007517615787286935,14.84493926909286,-0.09594104751651245,0.2026506374537788,0.005895344168795447,12.34393926909286,0.08303526533095662
Barcelona,VE,10.1384,-64.68769,815141,3,0.1565541,True,220.5883636474609,943.0,5.95101853971164,4.488523015994694,15.65541,4.09,9.47,0.1865,0.9569,0.12257,0.02105,False,2196.620167110894,True,0.22435511399956032,0.0023789932322831886,5.54201853971164,0.04458413417026441,0.22435511399956032,0.00553539246586765,5.00401853971164,0.10607013323893066
Kalyān,IN,19.2437,73.13554,1262255,10,0.1256955999999282,True,282.4262084960937,2807.0,1.1749446860456487,9.468827724119528,12.56955999999282,7.19,14.03,0.3283,1.4173,0.00087,0.0001,False,2574.022464226019,True,0.16197243727464822,0.0032762784228214936,0.45594468604564875,0.024376492948057604,0.16197243727464822,0.005381297964220544,0.0,0.040712109480327
Prayagraj,IN,25.44478,81.84322,1073438,99,0.0632544323089667,True,338.3668212890625,919.0,8.484016174563237,2.307411403210911,6.32544323089667,-1.1,15.15,-0.0501,1.5299,0.71456,0.00157,True,1901.3293756466842,True,0.11783876729536837,-0.00038024636235006737,8.594016174563237,-0.0013466118549399497,0.11783876729536837,0.005346308497458846,6.9690161745632375,0.019856964012206185
Makassar,ID,-5.14861,119.43194,1423877,6,0.06073681,True,202.31625366210935,2840.0,0.6408789196613043,4.150668720810128,6.0736810000000006,6.0,6.25,0.2738,0.6312,0.0,9e-05,False,3129.9235517069224,True,0.47034726176738023,0.004980216801489634,0.0408789196613043,0.6621193250084652,0.47034726176738023,0.005187839283554374,0.01587891966130428,0.6897665181826724
Howrah,IN,22.57688,88.31857,1027672,8,0.116651700000003,True,238.06759643554688,1560.0,2.075226977950763,2.4225415226283515,11.6651700000003,-3.5,6.6,-0.1599,0.6662,0.32813,0.2367,True,2396.2470082192763,True,0.3548242848339327,-0.002663572379689283,2.425226977950763,-0.21154247060652676,0.3548242848339327,0.005047192703953485,1.4152269779507627,0.41322030218749983
Kolkata,IN,22.56263,88.36304,4631392,11,0.119528,True,239.5285186767578,1637.0,2.059967956054038,2.616875486305042,11.9528,-3.5,6.6,-0.1599,0.6662,0.32813,0.2367,True,2399.4184977245204,True,0.3545118937969244,-0.002662506218756966,2.409967956054038,-0.21093049190957824,0.3545118937969244,0.005045225526296215,1.399967956054038,0.4120538553537898
Luzhou,CN,28.8903,105.42575,998900,256,0.1971011047434862,True,260.203125,1130.0,1.586938277256479,0.8434698243891883,19.710110474348618,15.64,6.29,0.7136,0.6356,0.0,0.01952,False,2511.698768826794,True,0.3810304064247856,0.012356926467266494,0.02293827725647901,1.241524809325952,0.3810304064247856,0.00495212365595632,0.9579382772564792,0.4865879142665044
Ranchi,IN,23.34316,85.3094,1120374,643,0.1272203,True,324.3065490722656,1398.0,3.2806897077897474,4.519244043659992,12.72203,-4.89,11.29,-0.2232,1.1405,0.15627,0.03456,True,2213.411166391311,True,0.15183674228264088,-0.002085185291534397,3.7696897077897473,-0.012663503464051318,0.15183674228264088,0.004905292216513174,2.151689707789748,0.03150243775915623
Ciudad Guayana,VE,8.35122,-62.64102,978202,103,0.0609216311130317,True,438.891357421875,1269.0,24.00244144350347,3.3409581085302,6.09216311130317,16.99,32.62,0.7751,3.2946,8e-05,0.0,False,2443.4222508018074,True,0.044604315160460234,0.0024740874914844016,22.303441443503473,0.0025844826732048173,0.044604315160460234,0.004864881744891733,20.74044144350347,0.0051897047492169765
Haikou,CN,20.03421,110.34651,2873358,9,0.0606846,True,320.0976867675781,1697.0,1.4190890363927906,2.162402121684889,6.06846,11.69,8.16,0.5333,0.8239,0.0,0.00928,False,3529.3580934500633,True,0.22536624203154929,0.006868415743842504,0.2500890363927908,0.1347400461560495,0.22536624203154929,0.004779097140629074,0.6030890363927905,0.0923850271033202
Jing’an,CN,31.22,121.41583,936500,32,0.0507968402419307,True,226.0771942138672,1049.0,4.104676890211351,0.870828709193776,5.07968402419307,8.63,6.51,0.3939,0.6576,0.0,0.00162,False,2608.3748763706526,True,0.30966996056815854,0.006176789518708148,3.2416768902113513,0.33783794260671307,0.30966996056815854,0.004653284592404827,3.4536768902113515,0.25251344428975386
Vijayawada,IN,16.50745,80.6466,1143232,47,0.06847776,True,478.8851623535156,907.0,5.859464408331462,3.141960075467141,6.847776,11.36,23.21,0.5183,2.3443,3e-05,0.0,False,2868.5582876472836,True,0.06046931500298672,0.0021852322690779913,4.723464408331462,0.002996505788575937,0.06046931500298672,0.004543091882138667,3.5384644083314623,0.006358768048884841
Zhabei,CN,31.25861,121.45972,840000,10,0.0543976236497186,True,224.72799682617188,1049.0,3.0365453574426056,1.8840728118856176,5.43976236497186,8.63,6.51,0.3939,0.6576,0.0,0.00162,False,2606.2094989525463,True,0.2809287858449564,0.005841655011046054,2.1735453574426056,0.2324911996622454,0.2809287858449564,0.004399909019489334,2.3855453574426058,0.17362951382347047
Kaifeng,CN,34.7986,114.30742,1451741,76,0.0997951691928758,True,187.62701416015625,628.0,1.7700465400168357,11.03332152556843,9.97951691928758,-40.16,22.55,-1.8324,2.2778,0.0,2e-05,True,1998.2814198029541,True,0.07901016658668171,-0.009199755019167144,5.786046540016835,-0.015743999398502073,0.07901016658668171,0.004396939206460337,0.0,0.008443969335351187
Qinhuangdao,CN,39.94104,119.58936,759718,2,0.1847800918294732,True,234.6234893798828,614.0,1.1596856641489808,4.0203159583287285,18.47800918294732,0.86,7.21,0.0395,0.7283,0.3578,0.0,False,1679.3106841299418,True,0.2269505878939417,0.0005028294286127666,1.0736856641489807,0.009643991065728219,0.2269505878939417,0.004239879892171672,0.4386856641489808,0.083471735228408
Nagoya,JP,35.18147,136.90641,2332176,23,0.4578695,True,156.6999969482422,1974.0,12.802319371328338,10.286121018355862,45.78695,6.74,6.57,0.3077,0.664,0.0,1e-05,False,2970.4201863811445,True,0.2520813183052804,0.004255044919145912,12.128319371328338,0.11743995772657878,0.2520813183052804,0.004147145276507391,12.145319371328338,0.11438131184746858
Luohe,CN,33.57424,114.03261,1294974,67,0.0534729595322506,True,199.6250915527344,790.0,11.520561532005845,0.9652806881183412,5.34729595322506,-17.26,5.9,-0.7877,0.5955,0.0,0.10562,True,2121.904194377731,True,0.27842975736089753,-0.01139896630517484,13.246561532005845,-0.39740165960746676,0.27842975736089753,0.0039643425300825985,10.930561532005845,0.15150725346866745
Putuo,CN,31.251,121.3897,1239100,10,0.0503584899999993,True,217.3177490234375,1049.0,2.1972991531243338,3.3595569007410666,5.03584899999993,8.63,6.51,0.3939,0.6576,0.0,0.00162,False,2604.2070385290062,True,0.23569380193435863,0.00521617048428985,1.3342991531243338,0.11657612367398129,0.23569380193435863,0.003927527161828009,1.546299153124334,0.08700532167450303
Hanzhong,CN,33.07507,107.02214,1006557,517,0.1400477000011399,True,241.13682556152344,851.0,3.64690623331046,3.7579241939182646,14.00477000011399,6.26,6.76,0.2854,0.6823,0.0,0.00039,False,2053.8071921697447,True,0.21900588444603977,0.0035863913094269506,3.02090623331046,0.06286806876294992,0.21900588444603977,0.003874644231499247,2.97090623331046,0.06806085223926095
Benghazi,LY,32.11486,20.06859,757490,3,0.0783412446839008,True,238.5429229736328,227.0,6.332494087129021,3.9734942709756456,7.83412446839008,3.53,9.67,0.1609,0.9766,1e-05,0.0,False,1947.2804822600224,True,0.12831764450278224,0.001320566203742768,5.979494087129021,0.005635379181268579,0.12831764450278224,0.003645076159717625,5.365494087129021,0.015855428319769188
Accra,GH,5.55602,-0.1969,1963264,33,0.0840799599994307,True,338.271240234375,925.0,11.53582055390251,11.697926397713385,8.40799599994307,57.79,53.73,2.6367,5.4265,0.0,0.0,False,1783.6883318332966,True,0.01899036920626472,0.003937448510519467,5.756820553902512,0.002663098864496366,0.01899036920626472,0.003636521692033323,6.162820553902511,0.002453004003270934
Jabalpur,IN,23.16697,79.95006,1081677,416,0.1361818,True,382.1177368164063,1238.0,2.2583352407111192,7.089875175554792,13.61818,8.25,16.07,0.3763,1.6226,0.00635,0.00107,False,2124.485380437506,True,0.06961290146172097,0.0018004852628631385,1.4333352407111193,0.0028795772070543124,0.06961290146172097,0.003546719414641089,0.6513352407111193,0.005758556066306791
Manila,PH,14.6042,120.9822,1600000,13,0.3303762000045073,True,222.3428497314453,2258.0,2.838178072785581,2.868634674256883,33.03762000045073,7.54,4.17,0.3439,0.4215,0.0,0.01473,False,4340.933241628025,True,0.5352704588103365,0.00623996148224415,2.084178072785581,0.7715094927747081,0.5352704588103365,0.0034525042116553273,2.4211780727855814,0.4284990881437025
Nanchong,CN,30.79508,106.08473,1858875,287,0.0702872509812431,True,285.2292175292969,1090.0,21.637293049515563,1.6133376582818284,7.028725098124309,15.56,8.48,0.7102,0.8565,0.0,0.00116,False,2301.8076421846567,True,0.13550419512687714,0.006185162114926063,20.081293049515562,0.03088159127657153,0.13550419512687714,0.0033421029186353757,20.789293049515564,0.016301970416991052
Linfen,CN,36.08889,111.51889,959198,451,0.1546868420043955,True,293.7706298828125,507.0,12.08514534218358,3.074087015091247,15.46868420043955,-37.41,9.01,-1.7069,0.9104,0.0,0.02997,True,1792.1185280075297,True,0.12526262390434942,-0.013025062599856058,15.82614534218358,-0.04706077629289743,0.12526262390434942,0.003324649379068373,11.18414534218358,0.013719682082084655
Jamshedpur,IN,22.80278,86.18545,1339438,171,0.1567997419895702,True,378.3258056640625,1269.0,18.08194094758528,3.4616104711520226,15.67997419895702,-1.55,11.5,-0.0705,1.161,0.64692,0.02806,True,2297.663521040827,True,0.09184177486528729,-0.00042959853198715203,18.236940947585282,-0.0009843271436964784,0.09184177486528729,0.0032443803711670466,16.931940947585282,0.007668984450062033
Xuhui,CN,31.19594,121.44709,1109800,11,0.0507968402419307,True,231.6250457763672,1049.0,3.31120775158314,4.619253362715052,5.07968402419307,8.63,6.51,0.3939,0.6576,0.0,0.00162,False,2612.0442579464243,True,0.16914971483376806,0.004077255248391781,2.44820775158314,0.034149258205650845,0.16914971483376806,0.003068514903830727,2.6602077515831404,0.025498198892819568
Malingao,PH,7.16083,124.475,1121974,5,0.5545271999996771,True,208.9109344482422,2223.0,0.3662165255207696,6.959409912321897,55.45271999996771,3.48,3.94,0.1586,0.3983,0.0,0.00569,False,4120.250457986224,True,0.41506837508233535,0.0028162487532839564,0.018216525520769633,0.3278199625547469,0.41506837508233535,0.002963818340636637,0.0,0.34510133192208414
Maracaibo,VE,10.64232,-71.61089,1752602,-9999,0.09229294999185,True,600.0,868.0,6.042572671091818,0.4958092525614138,9.229294999185,7.32,13.06,0.3342,1.3193,0.0,0.0,False,1437.3731136235292,True,0.07177900916227815,0.0016411167665807969,5.310572671091818,0.0027202077685135884,0.07177900916227815,0.002952097833542222,4.736572671091818,0.0049487768665003595
Dalian,CN,38.91222,121.60222,4913879,33,0.0876957999990944,True,406.5933532714844,633.0,16.18982223239493,2.097084195587912,8.769579999909439,-2.9,13.4,-0.1322,1.3534,0.02928,0.0,True,1862.99199104763,True,0.0675900577208251,-0.0006060644913461477,16.47982223239493,-0.000917059020204794,0.0675900577208251,0.0028669946571540927,14.849822232394931,0.004469868480030545
Budta,PH,7.20417,124.43972,1273715,4,0.5609091576962117,True,207.1705474853516,2365.0,1.007095445182017,9.336091396501567,56.090915769621176,3.48,3.94,0.1586,0.3983,0.0,0.00569,False,4126.05751208717,True,0.3195365565377467,0.002524952078285625,0.6590954451820171,0.14972723307170188,0.3195365565377467,0.0028594931823949232,0.6130954451820172,0.16984513649919908
Mombasa,KE,-4.05466,39.66359,1208333,20,0.0996536100001263,True,238.92295837402344,1085.0,18.50919356069278,2.087189820522016,9.965361000012631,3.09,5.22,0.1408,0.5269,0.0,0.0,False,678.1165793589436,True,0.19898803448474553,0.0016451748917675202,18.200193560692778,0.0212745836015249,0.19898803448474553,0.0027851466347859066,17.98719356069278,0.036322564102511556
Chennai,IN,13.08784,80.27847,4681087,14,0.08934973,True,253.99093627929688,1239.0,8.041504539559014,1.7356817920194747,8.934973,0.13,4.13,0.0059,0.4167,0.68507,0.0,False,3244.1475941609324,True,0.2607011320522958,8.34440796997904e-05,8.028504539559014,0.002504309332187482,0.2607011320522958,0.002659389924254685,7.628504539559014,0.08112979046213686
Cartagena,CO,10.39817,-75.49328,914552,20,0.0708730299999999,True,275.66290283203125,1175.0,10.849164568551204,3.375842669104645,7.087302999999991,2.41,6.23,0.11,0.6294,0.16135,0.02112,False,1016.0496914122915,True,0.14909125977718016,0.0010209838453879294,10.608164568551205,0.006083288197241132,0.14909125977718016,0.002651092928865062,10.226164568551205,0.01600398156322691
Virār,IN,19.45591,72.81136,1222390,9,0.1198278828077522,True,334.1005249023437,1913.0,0.5951018539711868,5.855155470481908,11.98278828077522,7.19,14.03,0.3283,1.4173,0.00087,0.0001,False,2555.0748278449455,True,0.15397201004333153,0.0025991780956606536,0.0,0.016951968518108484,0.15397201004333153,0.0025991780956606536,0.0,0.016951968518108484
Mandalay,MM,21.97473,96.08359,1208099,83,0.3333079,True,217.5217742919922,792.0,4.516670481422182,3.9087577784911063,33.33079,-1.9,3.69,-0.0866,0.3728,0.62041,0.53293,True,2821.616835936578,True,0.2940001137521673,-0.0013115439337492152,4.706670481422182,-0.05819849976930014,0.2940001137521673,0.0025569248205660755,4.147670481422182,0.11594791557077233
Ziyang,CN,30.12108,104.64811,905729,365,0.155723199999444,True,397.6422424316406,1107.0,13.09224078736554,1.910309214687527,15.5723199999444,10.05,7.14,0.4584,0.7209,0.0,0.00045,False,2374.30973614629,True,0.12004772396763427,0.0035804700740927897,12.087240787365541,0.013590126089638277,0.12004772396763427,0.002534405003566831,12.37824078736554,0.00953641150434198
Santo Domingo,DO,18.47186,-69.89232,2201941,24,0.4312265999999539,True,390.5118103027344,1644.0,3.8147554741741487,0.9185420873771836,43.12265999999539,7.96,3.45,0.363,0.3488,0.0,0.00231,False,1438.7679978341882,True,0.3070350909936708,0.005668368364761089,3.0187554741741485,0.30089563250482243,0.3070350909936708,0.0024497493120357317,3.4697554741741485,0.12786122716530457
Baoshan,CN,31.40845,121.48956,2265900,5,0.0563865307407588,True,330.9303894042969,1075.0,3.418020904860043,3.0932227372328467,5.63865307407588,8.63,6.51,0.3939,0.6576,0.0,0.00162,False,2592.265027106618,True,0.12817790728497164,0.00324587238665347,2.555020904860043,0.014040445895581538,0.12817790728497164,0.0024421027118616268,2.7670209048600434,0.010493925871186999
Barranquilla,CO,10.96854,-74.78132,1206319,24,0.09359839,True,337.7365417480469,947.0,5.737392233157891,2.8900111171520977,9.359839,2.41,6.23,0.11,0.6294,0.16135,0.02112,False,1089.8100371224407,True,0.13105470970353966,0.0009166252432443178,5.496392233157891,0.004077050391009085,0.13105470970353966,0.002380666559973016,5.114392233157891,0.010716723546181917
Cebu City,PH,10.31672,123.89071,965332,37,0.3347104821106495,True,322.85845947265625,1493.0,0.3356984817273769,2.9997171038362787,33.471048211064954,6.39,9.82,0.2918,0.9923,0.0,0.0,False,4473.588232021719,True,0.2835265651794575,0.002276329626615059,0.0,0.09145172551875103,0.2835265651794575,0.002276329626615059,0.0,0.09145172551875103
Surabaya,ID,-7.24917,112.75083,2874314,8,0.1756715000089241,True,203.4541473388672,1663.0,2.3346303501945727,3.964466797522865,17.567150000892408,9.27,2.75,0.4229,0.2774,0.0,0.32501,False,3419.707901060991,True,0.39425643036497254,0.0073956596156532495,1.4076303501945728,0.7892618613272528,0.39425643036497254,0.0021890830526307137,2.0596303501945727,0.23040356453820188
Seoul,KR,37.566,126.9784,10349312,38,0.1291627050768389,True,339.9872131347656,1315.0,9.628442816815491,4.389469306861391,12.91627050768389,-1.45,6.33,-0.066,0.6391,0.09208,0.0,True,2235.3635657527548,True,0.1155377233384598,-0.000492503189135185,9.773442816815491,-0.0016773700078400455,0.1155377233384598,0.002171544490339586,8.995442816815492,0.0075613072823035865
Weinan,CN,34.50355,109.50891,1199290,354,0.1088599,True,271.04229736328125,583.0,1.1139085984588633,3.928875819636614,10.88599,-0.75,4.47,-0.0341,0.4515,0.38691,0.00051,True,1924.6230408992074,True,0.15768643389098527,-0.00033143797466100855,1.1889085984588632,-0.0022399898292904674,0.15768643389098527,0.0019871487264553622,0.6669085984588633,0.013679027035053193
Alexandria,EG,31.20176,29.91582,5263542,9,0.106489699999422,True,223.88836669921875,175.0,6.28671702143896,1.4910171735848954,10.6489699999422,-1.21,3.28,-0.0554,0.331,0.04723,0.00306,True,1633.112724145925,True,0.22997029683447354,-0.0007127479417105842,6.407717021438961,-0.014136692985388777,0.22997029683447354,0.0019398839931569212,5.95871702143896,0.039189965046421804
Sapporo,JP,43.06667,141.35,1973832,26,0.1806720360283885,True,164.8000030517578,1209.0,0.9918364232852924,12.62179004769341,18.06720360283885,9.32,5.42,0.4251,0.5472,0.0,0.0089,False,2611.4565494391686,True,0.11973258130766293,0.0033098460850499167,0.05983642328529237,0.01246974383241145,0.11973258130766293,0.0019153563651006927,0.4498364232852925,0.007132976064779389
Nantong,CN,32.03028,120.87472,2273326,6,0.0583333852838798,True,215.8314666748047,1032.0,3.006027313649213,5.051191452121848,5.83333852838798,4.25,3.8,0.1938,0.3838,4e-05,0.07538,False,2505.1246731865717,True,0.1827601729327332,0.002123299335519191,2.581027313649213,0.021596204447683176,0.1827601729327332,0.0018975796545036838,2.626027313649213,0.01926709992954212
Auckland,NZ,-36.84853,174.76349,1547200,43,0.1584837125632816,True,421.1944580078125,1351.0,27.13054093232625,0.6990959187734161,15.84837125632816,7.18,6.18,0.3277,0.6243,0.0,0.0,False,3509.1658074095512,True,0.101268245898653,0.0021969053446709574,26.41254093232625,0.00603176569673089,0.101268245898653,0.0018884217915555307,26.512540932326253,0.005171336341284277
Xianyang,CN,34.33778,108.70261,1034081,387,0.0907892488942864,True,288.21337890625,607.0,3.0365453574426056,3.281209554576678,9.07892488942864,-0.96,4.47,-0.0437,0.4512,0.2044,0.00014,True,1931.185663705445,True,0.14529362538624271,-0.00039653947028889247,3.1325453574426056,-0.002197950208135735,0.14529362538624271,0.0018582591460782338,2.5895453574426055,0.010488647528969441
Hamamatsu,JP,34.7,137.73333,791707,3,0.7980442000000426,True,282.1000061035156,2021.0,0.2441443503471987,5.597182522288186,79.80442000000426,2.96,2.55,0.1353,0.2575,0.0,0.00243,False,3059.209249092183,True,0.3491192316542594,0.0018496808038376833,0.0,0.1428567062844337,0.3491192316542594,0.0018496808038376833,0.0,0.1428567062844337
Karachi,PK,24.8608,67.0104,11624219,8,0.2104098999919154,True,214.9311370849609,162.0,11.779964904249653,4.867763345184103,21.040989999191535,1.37,4.36,0.0623,0.44,0.09577,0.00276,False,2119.012837245723,True,0.1435331805189991,0.000561737914952759,11.642964904249652,0.0030500824823067596,0.1435331805189991,0.0017940701482725974,11.343964904249653,0.009838696552892823
Shanghai,CN,31.22222,121.45806,24874500,12,0.05296031,True,228.84739685058597,1049.0,0.2899214160372594,3.107094983087166,5.296030999999999,8.63,6.51,0.3939,0.6576,0.0,0.00162,False,2609.8216483836386,True,0.24169870341881028,0.0017738693845824882,0.0,0.041996342892522964,0.24169870341881028,0.0017738693845824882,0.0,0.041996342892522964
Tainan,TW,22.99083,120.21333,1856642,26,0.6576578501474174,True,208.47552490234372,2245.0,4.486152437628789,5.071396979016769,65.76578501474174,2.67,1.92,0.1217,0.1935,0.0,0.01375,False,3422.2511851743884,True,0.4951055488073359,0.0022226440888672983,4.2191524376287886,0.2955248055575659,0.4951055488073359,0.001598291408141994,4.294152437628789,0.21255365122679848
Kitakyushu,JP,33.85181,130.85034,940978,57,0.2292976253441503,True,391.7000122070313,1721.0,0.4882887006943406,5.658078522498746,22.92976253441503,3.79,4.03,0.173,0.407,2e-05,0.00537,False,2770.9823055063534,True,0.13565104188150426,0.001486591131866638,0.1092887006943406,0.007159243677548055,0.13565104188150426,0.0015811886174426637,0.08528870069434058,0.007620687200165455
Lanzhou,CN,36.05701,103.83987,3000000,1521,0.0837336089308837,True,243.3724822998047,334.0,17.456321049820758,3.397202569436719,8.373360893088371,1.35,4.87,0.0617,0.4924,0.01608,4e-05,False,1715.785894572369,True,0.106565346687678,0.00042877047781396393,17.321321049820757,0.00126739743387555,0.106565346687678,0.0015538970702668464,16.96932104982076,0.004636621058896784
Hiroshima,JP,34.4,132.45,1200754,16,0.350937245802441,True,207.5,1907.0,0.6408789196613043,5.409366507511519,35.0937245802441,-0.01,1.92,-0.0005,0.1934,0.98117,0.02936,True,2799.798757916498,True,0.4147114489219935,-8.082748283122498e-06,0.6418789196613043,-0.0009339751088823789,0.4147114489219935,0.0015527334955716676,0.44887891966130433,0.18000768289571667
Davao,PH,7.07306,125.61278,1848947,13,0.4845108999999862,True,238.9282684326172,1920.0,0.6103608758679115,2.289362460020071,48.45108999999862,0.86,1.82,0.0392,0.1836,0.17907,0.16454,False,4072.647074546431,True,0.5353409432689337,0.0007123005862429421,0.5243608758679116,0.08871147523775846,0.5353409432689337,0.0015072529700153048,0.42836087586791155,0.18752033529750278
Neijiang,CN,29.58354,105.06216,1251095,349,0.2026418999999999,True,394.89263916015625,1079.0,41.30617227435727,2.451926539738705,20.26418999999999,14.67,9.02,0.6695,0.9115,0.0,0.00044,False,2434.159449902478,True,0.0494244737783714,0.0023462852465578263,39.839172274357274,0.002661879818294216,0.0494244737783714,0.0014304218243648553,40.40417227435727,0.001609923832434107
Santiago de los Caballeros,DO,19.45036,-70.69085,1200000,209,0.5522715806493135,True,349.0228271484375,1182.0,18.020904859998492,1.893056959046609,55.22715806493135,5.86,2.68,0.2676,0.2709,0.0,0.01864,False,1304.1357190799145,True,0.191695307122232,0.003041832239585762,17.434904859998493,0.035657814591778414,0.191695307122232,0.0013866258689778643,17.75290485999849,0.016053256688891238
Port-au-Prince,HT,18.54349,-72.33881,1234742,27,0.412546161369622,True,422.4088745117188,1195.0,10.833905546654478,0.8166687863346503,41.254616136962206,5.71,2.64,0.2605,0.2663,0.0,0.00544,False,1249.4878732330099,True,0.19231560023574856,0.0029707879188720088,10.262905546654478,0.0351311812250642,0.19231560023574856,0.0013692346675861222,10.569905546654478,0.0159979782390256
Hyderabad,PK,25.39689,68.37718,1921275,14,0.1405366,True,322.2336120605469,158.0,9.781033035782457,5.298445403991156,14.05366,-1.42,6.77,-0.0649,0.6834,0.19882,0.0017,True,2015.5041562029828,True,0.06169798016563883,-0.0002731783014799233,9.923033035782456,-0.0003745719271294329,0.06169798016563883,0.0013180763977805807,9.104033035782457,0.0018322821923223154
Nay Pyi Taw,MM,19.745,96.12972,925000,122,0.7756317,True,259.0514831542969,1169.0,0.7476920729381504,11.665951490205869,77.56317,-5.35,4.35,-0.2442,0.4398,0.16588,0.45873,True,3037.711973420837,True,0.10038068718648242,-0.0015974032926087262,1.2826920729381504,-0.004185393053534464,0.10038068718648242,0.0013156976099069073,0.3126920729381505,0.003532625272816614
Zhengzhou,CN,34.75778,113.64861,4253913,104,0.0933468099999583,True,200.2095489501953,613.0,1.831082627603621,16.15501701056385,9.33468099999583,-23.2,15.11,-1.0587,1.526,0.0,0.00087,True,1985.6489327045508,True,0.02496938609247963,-0.0018134157377097358,4.151082627603621,-0.0012949869458156182,0.02496938609247963,0.0012547217865291303,0.3200826276036213,0.0009204313499388689
Anyang,CN,36.096,114.38278,1146839,70,0.0894178111152896,True,245.30303955078125,547.0,5.004959182116465,16.82503865070662,8.94178111152896,-53.93,27.38,-2.4606,2.7657,0.0,0.0,True,1862.9397995040897,True,0.012770191200503446,-0.0020767757599947333,10.397959182116466,-0.001193947140935979,0.012770191200503446,0.0012020239860798913,2.266959182116466,0.000711277085825815
Fukuoka,JP,33.6,130.41667,1612392,3,0.2703739154132848,True,194.5,1708.0,0.1373311970702957,2.396636241031313,27.03739154132848,3.79,4.03,0.173,0.407,2e-05,0.00537,False,2773.9099274775217,True,0.5548847109336004,0.0011292210388418322,0.0,0.13240625725581268,0.5548847109336004,0.0011292210388418322,0.0,0.13240625725581268
Panzhihua,CN,26.58509,101.71276,787177,1101,0.1657901999999992,True,576.024169921875,796.0,5.020218204013133,0.4427418883550131,16.579019999999918,3.74,3.95,0.1709,0.3991,0.01689,0.1358,False,2766.456660621837,True,0.09280873696784285,0.0010539158369730628,4.646218204013134,0.0024855645597275655,0.09280873696784285,0.0011134099135017561,4.625218204013134,0.002627198986975249
Quezon City,PH,14.6488,121.0509,3084270,49,0.3776324,True,280.5470886230469,2273.0,6.759746700236519,11.550313649240405,37.76324,6.65,3.33,0.3033,0.3367,0.0,0.04485,False,4338.03326064767,True,0.10287323448927357,0.0020617705746247827,6.094746700236519,0.005808432425592064,0.10287323448927357,0.0010279143562108017,6.426746700236519,0.0028707793777586754
Bandar Lampung,ID,-5.42917,105.26111,1166066,95,0.2649017,True,439.3459167480469,2236.0,20.38605325398646,2.6500488079175253,26.490170000000003,4.84,2.49,0.2209,0.2514,0.00061,0.27942,False,4164.634388621458,True,0.14306230594577038,0.00198728542047652,19.90205325398646,0.01083291692398164,0.14306230594577038,0.001019536562571588,20.137053253986462,0.0055143113304021996
Yangjiang,CN,21.85563,111.96272,1292987,15,0.1137957653696654,True,314.6648864746094,2205.0,1.0986495765621953,1.542818629129887,11.37957653696654,6.25,1.29,0.2851,0.1299,0.0,0.52968,False,3351.2513587763087,True,0.35912111542239994,0.004803974270784772,0.4736495765621953,0.4060602042139143,0.35912111542239994,0.0009892659992292163,0.9696495765621953,0.08241931741082631
Chongqing,CN,29.56026,106.55771,7457599,289,0.1132862,True,432.7224426269531,1147.0,42.42008087281607,0.3210616400895512,11.32862,17.74,5.79,0.8095,0.585,0.0,0.03524,False,2441.0503763423435,True,0.05270235090401166,0.0030284096866638258,40.64608087281607,0.003658164499521138,0.05270235090401166,0.0009709287614518142,41.84108087281607,0.001152019083767969
Jakarta,ID,-6.21462,106.84513,8540121,16,0.2440006999996528,True,214.3814392089844,2145.0,1.464866102082908,12.46998739766137,24.40006999996528,5.22,2.47,0.2383,0.2499,0.0,0.12402,False,3974.901915753875,True,0.1326802771040632,0.0020131269918345074,0.942866102082908,0.009277540766589043,0.1326802771040632,0.0009493763697186186,1.2178661020829078,0.004337335178871138
Pasig City,PH,14.58691,121.0614,853050,63,0.3756936,True,235.3219757080078,2273.0,34.13443198290992,9.33741833388168,37.56936,6.65,3.33,0.3033,0.3367,0.0,0.04485,False,4344.974473879513,True,0.09217958183859007,0.0018699180435163137,33.469431982909924,0.004393712320569232,0.09217958183859007,0.0009321528509811938,33.801431982909925,0.0021729201159664535
Goyang-si,KR,37.65639,126.835,1061752,19,0.1293693534595363,True,446.4551086425781,1315.0,0.4425116350042231,6.414666309623628,12.936935345953628,-1.45,6.33,-0.066,0.6391,0.09208,0.0,True,2220.1069887937992,True,0.06492128634475759,-0.0002925063385982446,0.5875116350042231,-0.00042389409405239886,0.06492128634475759,0.0009003048747226322,0.0,0.001318168004099285
Tianshui,CN,34.57952,105.74238,1212791,1153,0.2934561000002377,True,528.0335083007812,611.0,1.3275349050126124,5.532523941838416,29.34561000002377,1.87,5.56,0.0851,0.562,0.01051,1e-05,False,1880.0852155599537,True,0.04998412828681383,0.0002965282983827672,1.1405349050126123,0.0003336891504754913,0.04998412828681383,0.0008865498871869007,0.7715349050126125,0.001002776863354135
Haiphong,VN,20.86481,106.68345,2625200,12,0.0714270100110461,True,600.0,1694.0,4.53192950331885,2.5877902915309345,7.1427010011046095,3.05,3.95,0.139,0.3986,0.06146,0.12084,False,3407.515014839996,True,0.07056996758035017,0.0006690757099588884,4.22692950331885,0.001077243631621691,0.07056996758035017,0.00086762432952181,4.13692950331885,0.0013993004957001537
Changwon,KR,35.22806,128.68111,1025702,27,0.2072810476453046,True,425.8367614746094,1396.0,1.6327153429465395,6.908779725169293,20.72810476453046,-2.33,3.72,-0.1065,0.376,0.02335,0.02543,True,2536.594167332857,True,0.07470001369052473,-0.0005345280108469269,1.8657153429465396,-0.0009142101652216128,0.07470001369052473,0.0008607537691692063,1.2607153429465394,0.0014898344376658018
Bujumbura,BI,-3.38193,29.36142,769317,807,0.2002549999330951,True,383.5884399414063,1218.0,2.166781109330941,17.005984732151855,20.02549999330951,38.86,32.13,1.773,3.2449,0.0,0.0,False,3.1187941465647566,False,0.010816959400033488,0.000799930019383303,0.0,0.0004557067628425948,0.010816959400033488,0.000799930019383303,0.0,0.0004557067628425948
Kaohsiung,TW,22.61626,120.31333,2737660,9,0.3681412361152513,True,209.50657653808597,1990.0,1.1596856641489808,2.8664741308134767,36.814123611525126,5.02,0.95,0.2291,0.0956,0.0,0.41937,False,3465.0631479735143,True,0.550557823687945,0.0041328316827340394,0.6576856641489809,0.4892835305227372,0.550557823687945,0.0007826629665146356,1.0646856641489808,0.09317810785448088
Vadodara,IN,22.29941,73.20812,1822221,46,0.0722415566693286,True,230.3549652099609,891.0,8.30090791180288,16.9649676405298,7.224155666932861,7.77,16.2,0.3546,1.6367,0.01852,0.00288,False,2236.2303752290168,True,0.014051098119062844,0.00036299497025648643,7.523907911802881,0.00021807614343605924,0.014051098119062844,0.0007672779227115342,6.680907911802881,0.0004626032876905578
Langfang,CN,39.52079,116.71471,868066,19,0.1032498746941712,True,184.2429351806641,548.0,10.69657434958424,12.859938284997147,10.32498746941712,-10.67,5.65,-0.4868,0.5703,0.0,3e-05,True,1592.4126622555223,True,0.042075596599572475,-0.0014090158345194947,11.76357434958424,-0.0013616961574324307,0.042075596599572475,0.0007648903932365378,10.131574349584241,0.0007533112241572895
Caloocan,PH,14.64953,120.96788,1712945,6,0.3198267016083664,True,240.3080596923828,2258.0,0.091554131380235,2.699549179196848,31.98267016083664,7.54,4.17,0.3439,0.4215,0.0,0.01473,False,4335.666406469412,True,0.5268838785496096,0.0007599218058339519,0.0,0.09659365051014035,0.5268838785496096,0.0007599218058339519,0.0,0.09659365051014035
Hanoi,VN,21.0245,105.84117,8053663,10,0.08338389,True,273.5119934082031,1628.0,0.3662165255207696,1.9750752720214384,8.338389,3.0,1.06,0.1367,0.1071,0.10692,0.71788,False,3387.0100471533665,True,0.3120306007830926,0.002148545074470487,0.06621652552076962,0.1179240404420403,0.3120306007830926,0.0007582356568330839,0.2602165255207696,0.04131965844257035
Dongying,CN,37.46271,118.49165,998968,6,0.0850820200001394,True,203.51611328125,604.0,1.1596856641489808,17.180003744732034,8.50820200001394,-11.82,20.39,-0.5393,2.0596,0.0,0.0,True,1867.018418102612,True,0.01945046612587861,-0.0007366622274975095,2.3416856641489807,-0.00048198657239566234,0.01945046612587861,0.0007503506881893704,0.0,0.0004974005994511158
Taiyuan,CN,37.86944,112.56028,4303673,795,0.1791104881897064,True,256.29119873046875,412.0,0.1373311970702957,3.390299386532964,17.91104881897064,-38.57,6.36,-1.7597,0.6424,0.0,0.01801,True,1626.1859966266186,True,0.205668978830565,-0.020191770264494507,3.9943311970702955,-0.24598173592444117,0.205668978830565,0.0007481143005881596,0.0,0.010603089733778881
Incheon,KR,37.45646,126.70515,3015482,43,0.1299214000302797,True,387.766357421875,1259.0,21.896696421759373,7.101012323889473,12.992140003027968,-1.45,6.33,-0.066,0.6391,0.09208,0.0,True,2232.8289861973212,True,0.03621473038319386,-0.0001681533284634898,22.041696421759372,-0.00014831294292866337,0.03621473038319386,0.0007429572648600738,21.263696421759374,0.0006605313037769886
Zhenjiang,CN,32.21086,119.45508,950516,26,0.05357852,True,267.0880126953125,1005.0,9.048599984741031,2.524998885224889,5.357851999999999,0.59,1.57,0.027,0.1582,0.45705,0.31659,False,2432.831398439645,True,0.16358610088461223,0.00026899913925479413,8.989599984741032,0.002004694552808828,0.16358610088461223,0.0007165971046557973,8.891599984741031,0.005359199445468754
Giza,EG,30.00944,31.20861,4367343,19,0.2299891999999745,True,236.0592193603516,26.0,17.608911268787722,1.197937229773541,22.99891999999745,-2.54,1.36,-0.1159,0.1375,0.0,0.0398,True,1733.9670237898576,True,0.18996409512632562,-0.0012981168307906465,17.862911268787723,-0.014349342791522446,0.18996409512632562,0.0006978601645874216,17.472911268787723,0.007830972436345673
Ankang,CN,32.68,109.01722,870126,273,0.0616723443335407,True,509.4773864746094,914.0,23.49889372091252,2.1926193258491864,6.16723443335407,3.31,5.78,0.1512,0.5842,0.00193,0.00164,False,2117.7950155290705,True,0.03606887194532928,0.0003851881105910726,23.16789372091252,0.00034051696222950345,0.03606887194532928,0.0006752001743450878,22.92089372091252,0.0005984105654232227
Suwon,KR,37.29111,127.00889,1234582,58,0.1291057000001796,True,338.2337341308594,1315.0,2.655069810025225,12.496469967354347,12.91057000001796,-1.45,6.33,-0.066,0.6391,0.09208,0.0,True,2262.6480307249944,True,0.03051409643075647,-0.00014251809661505743,2.800069810025225,-0.00011380755788800018,0.03051409643075647,0.0006297860098032002,2.022069810025225,0.0005063263165922399
Chiba,JP,35.6,140.11667,979768,5,0.7891407000048927,True,260.20001220703125,1376.0,0.0762951094835102,3.375080387177573,78.91407000048926,8.23,10.2,0.3753,1.0304,0.0,0.0,False,3120.6867249487436,True,0.4113296161094694,0.0006153195528436073,0.0,0.07016641592358397,0.4113296161094694,0.0006153195528436073,0.0,0.07016641592358397
Pimpri-Chinchwad,IN,18.61867,73.80375,1727692,568,0.1354138,True,311.8620300292969,1138.0,5.645838101777713,19.612134255508877,13.54138,13.55,25.04,0.6182,2.5294,0.0,0.0,False,2635.15273145464,True,0.007076883636339587,0.0003242158358595709,4.290838101777712,0.00017218157009819476,0.007076883636339587,0.0006106625592601726,3.141838101777713,0.00032512719064155954
Cali,CO,3.43054,-76.5199,2392877,758,0.3503494944669512,True,270.05010986328125,1832.0,0.106813153276903,7.326531954680867,35.03494944669512,1.59,1.13,0.0725,0.1145,0.03178,0.36481,False,1245.699726133405,True,0.21977284906362302,0.0006105155087874903,0.0,0.01059233335395704,0.21977284906362302,0.0006105155087874903,0.0,0.01059233335395704
Barquisimeto,VE,10.0647,-69.35703,1240714,606,0.4172064835994755,True,279.1226806640625,964.0,19.62310215915164,17.463442359662942,41.720648359947546,1.27,15.56,0.0579,1.5713,0.51123,0.0,False,1688.0778111186503,True,0.011279064354055313,4.725988504879208e-05,19.49610215915164,2.696368893909118e-05,0.011279064354055313,0.000592707236014383,18.067102159151638,0.00033979480145375496
Tangerang,ID,-6.17806,106.63,1912679,18,0.2445076999837557,True,217.17312622070312,2285.0,0.7324330510414825,15.863102948470502,24.45076999837557,5.22,2.47,0.2383,0.2499,0.0,0.12402,False,3995.533601927149,True,0.07596824021472673,0.0012292370087660792,0.21043305104148258,0.0021811138776692968,0.07596824021472673,0.0005793953862026774,0.4854330510414825,0.001022353729607503
Mysuru,IN,12.29791,76.63925,920550,757,0.0643349354158487,True,454.8702697753906,723.0,3.189135576409569,13.861406656238096,6.43349354158487,3.16,21.88,0.1442,2.2097,0.2327,0.0,False,3320.1230955068672,True,0.007556444717322037,7.932442418565316e-05,2.873135576409569,4.2393247220433306e-05,0.007556444717322037,0.0005664797725936253,1.001135576409569,0.0003040486800345507
Bucheon-si,KR,37.49889,126.78306,850731,14,0.1299450930209851,True,455.4380493164063,1259.0,3.570611123827007,9.98754344425012,12.994509302098509,-1.45,6.33,-0.066,0.6391,0.09208,0.0,True,2232.4751247009435,True,0.027318310475398965,-0.00012801058759934897,3.715611123827007,-9.66716618692881e-05,0.027318310475398965,0.0005657246738699391,2.937611123827007,0.00042983268198084484
Tripoli,LY,32.88743,13.18733,1302947,15,0.0913415484777827,True,324.6783447265625,331.0,13.488975356679646,3.204420033548859,9.13415484777827,-2.85,2.35,-0.1302,0.2372,1e-05,0.01486,True,2187.480211517716,True,0.07727016650633332,-0.0006739588637304367,13.773975356679646,-0.001203010055824863,0.07727016650633332,0.0005598031548912225,13.253975356679646,0.0010098217637700274
Beirut,LB,33.89332,35.50157,1916100,40,0.3636114465008213,True,455.3077697753906,939.0,19.30266269932099,1.7684668153955374,36.361144650082124,-5.21,1.8,-0.2378,0.1822,0.0,0.15528,True,1262.9701240821719,True,0.09647597559548854,-0.0015017587873730198,19.82366269932099,-0.0036874878871281658,0.09647597559548854,0.0005237524040718339,19.12266269932099,0.0013081484669836552
Yibin,CN,28.7593,104.63994,836340,323,0.2324686612517436,True,390.972900390625,1152.0,67.002365148394,3.38064258936918,23.24686612517436,12.54,7.78,0.572,0.7861,0.0,0.00174,False,2525.734745698328,True,0.019867774914031234,0.0008296733091249127,65.748365148394,0.0005544178282347323,0.019867774914031234,0.0005108215294008928,66.224365148394,0.00034039277828377956
Havana,CU,23.13302,-82.38304,2163824,41,0.0697232325262081,True,328.41571044921875,1315.0,4.592965590905635,2.7575855890063075,6.97232325262081,3.35,1.12,0.1528,0.1134,0.0,0.06215,False,427.35198319444123,True,0.15815498068066472,0.0014909355384186695,4.257965590905635,0.010298873907446549,0.15815498068066472,0.0004971996649107691,4.480965590905635,0.003407549612427563
Guwahati,IN,26.1844,91.7458,962334,59,0.5471443669493168,True,300.69305419921875,1713.0,11.734187838559592,5.507508815566938,54.71443669493168,-13.2,0.94,-0.6024,0.0952,0.00025,0.87079,True,2193.442362274042,True,0.1974719355127817,-0.006873495027558213,13.054187838559592,-0.0815938603925851,0.1974719355127817,0.000496533784906994,11.640187838559592,0.006224790755295695
Dhaka,BD,23.7104,90.40744,10356500,23,0.1949473000000002,True,267.74822998046875,2145.0,0.4882887006943406,1.8597388917786213,19.494730000000025,-11.85,0.6,-0.5407,0.0607,0.0109,0.93309,True,2369.042851291865,True,0.45836747505821357,-0.009779394479112191,1.6732887006943404,-1.2693006974438958,0.45836747505821357,0.0004960780318955527,0.4282887006943406,0.06495225021306794
San Jose,US,37.33939,-121.89496,997368,23,0.5581442998560356,True,272.7223205566406,403.0,1.2207217517357662,17.783360745851873,55.81442998560357,-17.5,8.97,-0.7984,0.9056,0.0,0.05754,True,880.093046621183,True,0.01649498840850174,-0.0009192291569792253,2.9707217517357662,-0.0005700574362497088,0.01649498840850174,0.0004916436905111135,0.3237217517357662,0.00030869740983852784
Kota,IN,25.18254,75.83907,1001694,267,0.0572934900065894,True,464.3928527832031,719.0,26.108186465247627,3.573697289176253,5.72934900065894,0.26,5.63,0.0121,0.5691,0.91881,0.18198,False,1890.8204537904783,True,0.026377928760844008,2.2244711622432245e-05,26.082186465247627,1.654605611953186e-05,0.026377928760844008,0.00048578533611177976,25.545186465247628,0.00036280865333748746
Jiaozuo,CN,35.23925,113.23914,865413,90,0.0894723600000021,True,353.5187683105469,576.0,4.974441138323073,17.785109917555534,8.94723600000021,-45.98,24.21,-2.0977,2.4451,0.0,1e-05,True,1924.0625301268867,True,0.005330301564095408,-0.0007532664581963036,9.572441138323072,-0.0003842156823091504,0.005330301564095408,0.00044493773735168,2.553441138323073,0.00022936128120520927
Taipei,TW,25.05306,121.52639,7871900,5,0.3369818386905979,True,121.80533599853516,3055.0,0.2288853284504739,12.4933029549212,33.69818386905979,5.29,0.5,0.2414,0.0507,0.0,0.66723,False,3247.6643235774823,True,0.46087376296387134,0.001894358063716961,0.0,0.24914888339068142,0.46087376296387134,0.0004137279708691932,0.17888532845047392,0.05436096469580676
Agra,IN,27.18333,78.01667,1430055,166,0.0807868441135139,True,415.8485412597656,794.0,16.983291371023142,0.851027348032077,8.078684411351391,-37.04,1.58,-1.6898,0.1594,0.0,0.7875,True,1666.249280654184,True,0.08484224954413953,-0.009099380468301652,20.687291371023143,-0.017216756808146286,0.08484224954413953,0.0004094096974728567,16.82529137102314,0.0008390901195991368
New Taipei City,TW,25.06199,121.45703,4004367,4,0.3321715041340599,True,189.5024871826172,2693.0,0.5188067444877333,8.201788204387995,33.21715041340599,5.29,0.5,0.2414,0.0507,0.0,0.66723,False,3244.348945797868,True,0.4174407368464747,0.004207206738659652,0.0,0.49577774449474354,0.4174407368464747,0.0004049568791275604,0.46880674448773335,0.047363062515289656
Linyi,CN,35.06306,118.34278,2743843,69,0.0818507500000001,True,224.00645446777344,796.0,0.5951018539711868,16.843507285824703,8.18507500000001,-11.02,8.03,-0.503,0.8114,0.0,0.00206,True,2100.9776901817413,True,0.019352023834308053,-0.0006842646246213793,1.6971018539711866,-0.0004471350143452485,0.019352023834308053,0.0003796795217104777,0.0,0.0002504326479873323
Bekasi,ID,-6.2349,106.9896,2564940,18,0.2359025999999658,True,233.7062225341797,2145.0,0.793469138628268,17.295904322981052,23.59025999999658,5.22,2.47,0.2383,0.2499,0.0,0.12402,False,3961.375939022316,True,0.04639034089157938,0.0007750681071895665,0.27146913862826805,0.0008228775139395086,0.04639034089157938,0.00036522484281577283,0.546469138628268,0.0003863734596566831
Pimpri,IN,18.62292,73.80696,1284606,571,0.1354138,True,440.5750732421875,1138.0,5.645838101777713,19.05087445115642,13.54138,13.55,25.04,0.6182,2.5294,0.0,0.0,False,2634.648492357834,True,0.004105784759444252,0.00018868851870346235,4.290838101777712,9.496997916779923e-05,0.004105784759444252,0.00035543906324885834,3.141838101777713,0.00017916221287546732
Pingdingshan,CN,33.73091,113.31554,979130,82,0.0720692848428089,True,246.779052734375,761.0,0.1525902189670205,8.930517090704994,7.20692848428089,-7.12,2.25,-0.325,0.2273,0.00012,0.40951,True,2087.3713933224967,True,0.0736118894928045,-0.001600577003296036,0.8645902189670205,-0.0026626571086456885,0.0736118894928045,0.00034725850295594385,0.0,0.0005873795133837234
Bhubaneswar,IN,20.27241,85.83385,885363,62,0.0658473024412692,True,377.0162048339844,1565.0,13.229571984435836,16.17039247653336,6.58473024412692,3.0,13.28,0.1367,1.3414,0.39822,0.01481,False,2556.3896485432524,True,0.007666398099450471,7.637517760764739e-05,12.929571984435835,4.089531740723851e-05,0.007666398099450471,0.00034385790892061275,11.901571984435837,0.0001845551661276562
Ulsan,KR,35.53722,129.31667,1098421,10,0.1786687466094599,True,401.5296936035156,1241.0,0.106813153276903,5.140750290729801,17.86687466094599,-2.61,1.45,-0.1189,0.1467,0.00028,0.21179,True,2537.7277355892734,True,0.10684515689414531,-0.0008265747773700399,0.36781315327690295,-0.002429115740426341,0.10684515689414531,0.0003399052354951526,0.0,0.0010086792580048243
Wenzhou,CN,27.99942,120.66682,2650000,10,0.0686242899999701,True,239.22329711914065,1528.0,0.0457770656901175,2.5667036269480707,6.86242899999701,6.73,2.57,0.3071,0.2598,0.0,0.03872,False,2910.813171161828,True,0.31783772575895614,0.00033060228889042476,0.0,0.019067792397384764,0.31783772575895614,0.00033060228889042476,0.0,0.019067792397384764
Natal,BR,-5.795,-35.20944,896708,32,0.0874660044554751,True,545.1959838867188,1439.0,26.214999618524477,3.385927282411228,8.74660044554751,1.09,3.01,0.0498,0.3037,0.00057,0.0,False,3447.715780280714,True,0.03387943781188277,0.00011900718153010081,26.105999618524475,0.00010102374441503525,0.03387943781188277,0.0003296160904295506,25.91399961852448,0.000280322695213317
Antipolo,PH,14.62578,121.12251,913712,23,0.3849308817020014,True,341.6148681640625,2273.0,0.3967345693141624,17.099947866912323,38.49308817020014,6.65,3.33,0.3033,0.3367,0.0,0.04485,False,4342.4893191289575,True,0.030323246181374098,0.0003908803154227189,0.0,0.00031255181169508733,0.030323246181374098,0.0003277588840639861,0.06373456931416238,0.00026193443985212533
Panjin,CN,41.121,122.0739,1166481,7,0.1240245000000066,True,181.6923828125,597.0,0.9460593575952316,22.182548288641573,12.40245000000066,-6.73,15.55,-0.3071,1.571,0.0,0.0,True,1675.428833218693,True,0.009941902165521575,-0.00021818645424444977,1.6190593575952317,-0.00012129921671839156,0.009941902165521575,0.0003149296385248114,0.0,0.0001759080929076562
Managua,NI,12.13282,-86.2504,973087,108,0.6997626999999993,True,394.2102355957031,1478.0,0.5951018539711868,17.885559097502387,69.97626999999993,-2.92,5.32,-0.1333,0.5376,0.19875,0.14674,True,38.12287727012986,True,0.015704353064535312,-0.00014959909267220524,0.8871018539711868,-9.211223486386977e-05,0.015704353064535312,0.00027620540192215687,0.06310185397118673,0.00017070578281772053
Ottawa,CA,45.41117,-75.69812,1017449,71,0.1030978999999999,True,348.5962219238281,922.0,13.519493400473038,3.602642792835557,10.309789999999987,7.38,1.01,0.3367,0.1017,0.0,0.64986,False,101.22043674634808,True,0.0879345788274279,0.0019910610255507583,12.781493400473039,0.00435872740160298,0.0879345788274279,0.00027011778635106787,13.418493400473038,0.0005827428262149686
Beijing,CN,39.9075,116.39723,18960744,49,0.1370146489373686,True,230.77230834960935,569.0,5.218585488670215,17.88414889483644,13.701464893736858,-10.67,5.65,-0.4868,0.5703,0.0,3e-05,True,1541.6965274632223,True,0.013375198859327296,-0.00046086222179891716,6.285585488670216,-0.00027161740124073686,0.013375198859327296,0.00025056855581759817,4.653585488670215,0.0001486050919232984
Xi’an,CN,34.25833,108.92861,9600000,416,0.1007263999999999,True,228.13194274902344,614.0,8.6366063935302,15.901550564097764,10.07263999999999,-0.75,4.47,-0.0341,0.4515,0.38691,0.00051,True,1942.9590144370436,True,0.01689264532886208,-4.142668610570763e-05,8.7116063935302,-2.607133559899555e-05,0.01689264532886208,0.0002489869743338806,8.189606393530202,0.0001570975806370542
Jepara,ID,-6.5924,110.671,1257912,5,0.1135043000000001,True,321.5424194335937,2618.0,0.0305180437934495,1.7422983269701109,11.35043000000001,6.85,4.78,0.3127,0.4829,0.0,0.01295,False,3634.4743868860173,True,0.40045710055596606,0.00024401756337893987,0.0,0.026400484644014455,0.40045710055596606,0.00024401756337893987,0.0,0.026400484644014455
Zigong,CN,29.34162,104.77689,1262064,306,0.209717,True,256.50396728515625,1159.0,0.9918364232852924,22.404711089733848,20.9717,14.67,9.02,0.6695,0.9115,0.0,0.00044,False,2460.953847628002,True,0.007921898341212144,0.00026383694732508983,0.0,0.00014214589024486024,0.007921898341212144,0.00023958503963622362,0.0898364232852924,0.00012905218979171462
Busan,KR,35.10168,129.03004,3285147,15,0.1661660969867312,True,608.4011840820312,1441.0,28.53437094682232,0.811974975748829,16.61660969867312,2.17,1.38,0.0989,0.139,0.00129,0.17813,False,2565.1029225323873,True,0.05245158558273667,0.000360303846984697,28.317370946822322,0.0004234041975533509,0.05245158558273667,0.00022886358788732492,28.39637094682232,0.00026863849882403923
Daegu,KR,35.87028,128.59111,2365523,45,0.212614409616326,True,323.8189697265625,1082.0,2.532997634851654,10.96860095030915,21.2614409616326,-2.61,1.45,-0.1189,0.1467,0.00028,0.21179,True,2471.510402477065,True,0.04668399793342554,-0.00038528244801902534,2.793997634851654,-0.00040701526238168945,0.04668399793342554,0.00021536144459487205,2.387997634851654,0.00022869910690576783
Bengaluru,IN,12.97194,77.59369,8495492,914,0.1020980081948443,True,469.5596618652344,812.0,4.119935912108076,20.129319068236917,10.20980081948443,2.49,26.09,0.1135,2.6353,0.40823,0.0,False,3245.124989517323,True,0.002341144117784493,1.9446752640938508e-05,3.870935912108076,9.473063341633448e-06,0.002341144117784493,0.00021195248550555205,1.510935912108076,0.00010342398966518146
Kingston,JM,17.99702,-76.79358,937700,65,0.3996163345675977,True,377.14495849609375,1321.0,0.0305180437934495,3.620369011699103,39.96163345675977,6.41,2.68,0.2924,0.2704,0.0,0.00089,False,1047.9778774784286,True,0.20161006925165487,0.00016362884800588673,0.0,0.0021755609336987503,0.20161006925165487,0.00016362884800588673,0.0,0.0021755609336987503
Medan,ID,3.58333,98.66667,2435252,26,0.1908047019318471,True,219.6578826904297,2430.0,0.1831082627604132,21.390082899961,19.08047019318471,10.17,12.32,0.4639,1.2442,0.0,0.0,False,4773.668603797838,True,0.02554056320828076,0.00015219602330251297,0.0,0.00011168387682070069,0.02554056320828076,0.00015219602330251297,0.0,0.00011168387682070069
South Tangerang,ID,-6.28862,106.71789,1404785,39,0.2550163,True,250.1710205078125,2225.0,1.2359807736324342,21.760221773268544,25.50163,5.22,2.47,0.2383,0.2499,0.0,0.12402,False,3980.144483186913,True,0.01770296815637054,0.0003048238315132429,0.7139807736324343,0.00019518451285284455,0.01770296815637054,0.00014359981998647922,0.9889807736324342,9.181935175387596e-05
Setagaya,JP,35.64188,139.64715,940071,44,0.6109242,True,249.1000061035156,1545.0,0.0305180437934495,10.097668151213991,61.09242,12.55,15.72,0.5728,1.5877,0.0,0.0,False,3089.392607458946,True,0.16134579775607094,0.00013755961943143213,0.0,0.0009886423150688994,0.16134579775607094,0.00013755961943143213,0.0,0.0009886423150688994
Sendai,JP,38.26667,140.86667,1096704,53,0.358443995853743,True,389.0,1206.0,14.785992217898864,12.49914195880178,35.8443995853743,1.1,1.83,0.05,0.1848,0.41912,0.39212,False,2946.977722527545,True,0.020852894886534322,7.492273754615073e-05,14.675992217898864,5.0603088623958625e-05,0.020852894886534322,0.00012478954866796885,14.602992217898864,8.432024762774354e-05
Bogotá,CO,4.60971,-74.08175,7674366,2582,0.2128795999903159,True,354.3930969238281,1312.0,0.8545052262150534,18.026550080255937,21.28795999903159,-0.44,3.14,-0.0203,0.3176,0.70453,0.09845,True,1379.5593446617743,True,0.011446037560436282,-1.656691373406842e-05,0.8985052262150535,-9.474630235047077e-06,0.011446037560436282,0.00011891857492440233,0.5405052262150534,6.809089670865853e-05
Luoyang,CN,34.67345,112.43684,1390581,128,0.09239673,True,241.1519927978516,607.0,10.86442359044787,25.4490277070789,9.239673,-21.31,14.14,-0.9722,1.4284,0.0,0.0008,True,1965.313579099099,True,0.0019496602288644686,-0.00013331497066442844,12.99542359044787,-6.440640612403667e-05,0.0019496602288644686,9.380564181989755e-05,9.45042359044787,4.540997601013008e-05
Palembang,ID,-2.91673,104.7458,1668848,5,0.0647146814960711,True,226.7239532470703,2530.0,0.3967345693141624,10.250407505539895,6.47146814960711,-1.96,0.21,-0.0895,0.0212,0.04702,0.90409,True,4392.762147277735,True,0.15078868139571713,-0.0008338627091425133,0.5927345693141624,-0.005029884635278481,0.15078868139571713,8.956825168085492e-05,0.3757345693141624,0.0005442738925772739
Baoji,CN,34.36775,107.23705,1437802,567,0.2637275969052465,True,526.0692138671875,674.0,69.19966430151828,5.648410099470091,26.37275969052465,1.89,4.77,0.0864,0.4814,0.01615,0.00018,False,1912.2199089881572,True,0.005361293052894392,3.366616261219705e-05,69.01066430151829,1.730109431212143e-05,0.005361293052894392,8.537171218222887e-05,68.72266430151828,4.3892702544210543e-05
Al Başrah al Qadīmah,IQ,30.50316,47.81507,2015483,7,0.0807779799930052,True,232.0545959472656,151.0,0.106813153276903,3.935100805466994,8.07779799930052,-5.24,0.19,-0.2391,0.0194,0.0,0.88172,True,1798.8719259229367,True,0.1572685462359222,-0.0022988261461474035,0.630813153276903,-0.01519586700054043,0.1572685462359222,8.387317456556853e-05,0.08781315327690299,0.0005649638867598061
Kennedy,CO,4.6165,-74.14597,979914,2556,0.209905099994845,True,209.766357421875,1312.0,3.4943160143434966,25.18164934703556,20.990509999484495,-0.44,3.14,-0.0203,0.3176,0.70453,0.09845,True,1373.1329825491387,True,0.0065936056848633524,-9.590315618333844e-06,3.5383160143434966,-5.034997057423718e-06,0.0065936056848633524,6.88440196130154e-05,3.1803160143434965,3.6168734361782806e-05
Basrah,IQ,30.50852,47.7804,1326564,4,0.0802772099999999,True,226.5775604248047,151.0,1.129167620355588,6.029802912522257,8.02772099999999,-5.24,0.19,-0.2391,0.0194,0.0,0.88172,True,1799.8897857567104,True,0.10916928668888494,-0.001685421513360555,1.653167620355588,-0.005112402256987253,0.10916928668888494,6.15461483719909e-05,1.1101676203555881,0.00018942214535988544
Khulna,BD,22.80979,89.56439,1500689,8,0.1785707941310001,True,233.6809234619141,1848.0,4.364080262455218,28.99120641137531,17.85707941310001,-4.78,6.02,-0.2182,0.6085,0.24509,0.35116,True,2422.4535914783096,True,0.003025386558015194,-4.76327896504038e-05,4.842080262455218,-2.347177865493627e-05,0.003025386558015194,6.10716184024666e-05,3.762080262455218,3.0122896732372867e-05
Xinxiang,CN,35.19033,113.80151,1047088,82,0.0947264799999963,True,209.1026763916016,559.0,8.072022583352464,31.997927031209127,9.47264799999963,-40.16,22.55,-1.8324,2.2778,0.0,2e-05,True,1943.2992351941691,True,0.0007207940461426382,-9.016937064713784e-05,12.088022583352462,-4.264168199038035e-05,0.0007207940461426382,5.616585227403081e-05,5.817022583352464,2.6595601300659355e-05
Jinzhong,CN,37.68403,112.75471,1226617,821,0.1660062000160998,True,337.4549865722656,411.0,19.43999389639129,20.00991202641643,16.600620001609983,-38.57,6.36,-1.7597,0.6424,0.0,0.01801,True,1650.8258571880276,True,0.0025700084532017174,-0.0003090678917659498,23.29699389639129,-0.00015072799491757868,0.0025700084532017174,5.4865768713662465e-05,18.80399389639129,2.684345133625865e-05
Sholapur,IN,17.67152,75.91044,997281,473,0.1578071376906078,True,364.1421813964844,708.0,10.727092393377632,28.71134655604204,15.78071376906078,11.55,26.98,0.527,2.7252,0.00025,0.0,False,2724.7418225545453,True,0.0005749277161406561,2.25298598512659e-05,9.572092393377632,1.0637654892637488e-05,0.0005749277161406561,5.4010910099438255e-05,8.029092393377631,2.550879042789375e-05
Liupanshui,CN,26.59444,104.83333,1320825,1799,0.1616298438553274,True,562.401123046875,1072.0,0.9918364232852924,10.173406163953889,16.162984385532738,10.38,0.84,0.4738,0.0844,0.0,0.77161,False,2766.42880909141,True,0.0187493752155183,0.0006174039451910598,0.0,0.0004037861218471328,0.0187493752155183,5.153176336554835e-05,0.9078364232852925,3.353472548651981e-05
Petaling Jaya,MY,3.10726,101.60671,807879,45,0.0509691800000053,True,313.5376892089844,2331.0,18.142977035172063,27.05673898641926,5.09691800000053,5.16,8.51,0.2356,0.8591,3e-05,4e-05,False,4955.436278646937,True,0.0013851567847111652,2.39727027454323e-05,17.62697703517206,1.1482460546840406e-05,0.0013851567847111652,3.975772896918739e-05,17.291977035172064,1.9045841522132012e-05
Chengdu,CN,30.66667,104.06667,13568357,499,0.2469592000001928,True,210.071044921875,931.0,8.361943999389666,28.736710454830003,24.69592000001928,7.8,4.9,0.3559,0.495,0.0,0.00405,False,2314.3760038421224,True,0.002324618149889408,6.1024684351604266e-05,7.581943999389666,2.97290923203207e-05,0.002324618149889408,3.81515858650437e-05,7.871943999389666,1.8582359680087424e-05
Changzhi,CN,36.18389,113.10528,1214940,937,0.0989742381105521,True,218.19586181640625,601.0,9.35378042267496,34.22981005080626,9.89742381105521,-45.98,24.21,-2.0977,2.4451,0.0,1e-05,True,1819.6634362933225,True,0.00041790962074229567,-5.930834375294006e-05,13.951780422674961,-2.7905012084637054e-05,0.00041790962074229567,3.507102707532236e-05,6.932780422674961,1.6514959699263226e-05
Taizhou,CN,32.49069,119.90812,1607108,10,0.0583105917944863,True,229.90362548828125,985.0,6.042572671091818,21.407592189123765,5.83105917944863,0.59,1.57,0.027,0.1582,0.45705,0.31659,False,2421.131217871866,True,0.006028723460362595,1.1784658249136548e-05,5.983572671091818,6.126788943499467e-06,0.006028723460362595,3.1409796416761136e-05,5.885572671091818,1.633263730522333e-05
Gazipur,BD,23.99844,90.42234,2674697,12,0.1960511,True,227.94357299804688,2121.0,1.6174563210498718,22.780264572050623,19.60511,-11.85,0.6,-0.5407,0.0607,0.0109,0.93309,True,2341.1513586296373,True,0.014716108937484904,-0.0005613371104627694,2.8024563210498714,-0.0003384415244574307,0.014716108937484904,2.899819798554866e-05,1.5574563210498718,1.7574637225549472e-05
Multan,PK,30.19679,71.47824,2169915,126,0.1521000982379538,True,319.241943359375,157.0,22.41550316624705,13.936799976815438,15.210009823795382,-4.51,1.08,-0.2058,0.1093,1e-05,0.60513,True,1414.0541874557734,True,0.007591485846748322,-0.00011231301604681856,22.86650316624705,-5.9958939991711785e-05,0.007591485846748322,2.7142794667756043e-05,22.30750316624705,1.4508178836122876e-05
Liaocheng,CN,36.45064,116.00247,1229768,32,0.0541538398080472,True,202.4702911376953,588.0,1.0681315327688026,32.76515284883505,5.41538398080472,-30.33,16.74,-1.3836,1.6904,0.0,0.0001,True,1876.0523531391507,True,0.0006969838850868146,-6.691424772122337e-05,4.101131532768802,-3.163736165266717e-05,0.0006969838850868146,2.5218804814582953e-05,0.0,1.1933287489863942e-05
Valencia,VE,10.16153,-68.00044,1619470,547,0.1146405999959031,True,256.42413330078125,1174.0,1.3427939269093372,34.51950388715642,11.46405999959031,5.63,16.27,0.257,1.6437,0.0051,0.0,False,1835.0450000214905,True,0.0005400822544660074,1.0215294564303772e-05,0.7797939269093372,4.819735774139189e-06,0.0005400822544660074,2.46839178901176e-05,0.0,1.1647749476099284e-05
Kallakurichi,IN,11.73379,78.95925,1682687,124,0.07896554,True,308.8377990722656,970.0,7.858396276798658,32.00793720256394,7.896554,-4.75,17.4,-0.2168,1.7572,0.10896,0.00015,True,3386.486492702164,True,0.00040311158188510005,-6.323544267116104e-06,8.333396276798657,-2.9758896849668703e-06,0.00040311158188510005,2.4036758815862912e-05,6.1183962767986575,1.1314850632725831e-05
Heze,CN,35.23929,115.47358,1346717,53,0.1273150867469405,True,183.7837677001953,628.0,0.2594033722438666,28.87308810728661,12.73150867469405,-24.37,9.17,-1.1119,0.9261,0.0,0.02203,True,1985.1227645507847,True,0.0026021367727783605,-0.00020234087443415276,2.6964033722438665,-9.882796985834566e-05,0.0026021367727783605,2.2515712648938854e-05,0.0,1.1019073345292646e-05
Shivaji Nagar,IN,18.53017,73.85263,1000000,559,0.1458257,True,414.0531311035156,686.0,0.2899214160372594,22.23207608840188,14.58257,13.55,25.04,0.6182,2.5294,0.0,0.0,False,2644.430200830899,True,0.002312920031486052,2.2385554731239442e-05,0.0,1.0899479172491594e-05,0.002312920031486052,2.2385554731239442e-05,0.0,1.0899479172491594e-05
Caracas,VE,10.48801,-66.87919,3000000,887,0.1730225400287133,True,258.7844543457031,1025.0,0.0152590218967247,13.53134292509169,17.30225400287133,4.05,11.89,0.1849,1.2007,0.14228,0.00539,False,1954.676413995753,True,0.04193696841377472,2.042034761258471e-05,0.0,1.9933022850762705e-05,0.04193696841377472,2.042034761258471e-05,0.0,1.9933022850762705e-05
Baoshan,CN,25.11626,99.16366,935618,1680,0.199426,True,374.0596008300781,1085.0,1.2817578393225515,27.31000489710512,19.9426,0.85,4.03,0.0387,0.4075,0.69833,0.24517,False,2718.8748535705613,True,0.0013213182569047017,3.7403266186007787e-06,1.1967578393225515,1.789201930790102e-06,0.0013213182569047017,1.7827567733316946e-05,0.8787578393225515,8.528959211807907e-06
Indore,IN,22.71792,75.8333,1994397,550,0.0668241401186886,True,253.0897979736328,964.0,0.6408789196613043,32.10972620014968,6.68241401186886,18.9,23.13,0.8626,2.336,0.0,0.0001,False,2164.507043620439,True,0.0006930996580622024,1.4940004805608672e-05,0.0,7.068333020235351e-06,0.0006930996580622024,1.4940004805608672e-05,0.0,7.068333020235351e-06
Handan,CN,36.60999,114.48764,1358318,61,0.1106007000579147,True,222.9814910888672,561.0,3.8147554741741487,39.82701572687744,11.06007000579147,-53.93,27.38,-2.4606,2.7657,0.0,0.0,True,1811.870423628921,True,0.00015511450541682957,-2.5495141256027382e-05,9.20775547417415,-1.1943571526562557e-05,0.00015511450541682957,1.4804890256320746e-05,1.0767554741741492,6.938040606089407e-06
Depok,ID,-6.4,106.81861,2145400,92,0.2647448,True,264.6269226074219,2925.0,11.779964904249653,33.02210438613376,26.47448,5.22,2.47,0.2383,0.2499,0.0,0.12402,False,3963.6260819966615,True,0.0016635305155515037,2.91198965729001e-05,11.257964904249652,1.4017350575948329e-05,0.0016635305155515037,1.3716086337180666e-05,11.532964904249653,6.60156878480242e-06
Kolwezi,CD,-10.71484,25.46674,790248,1485,0.0596853308455603,True,369.0949096679688,1274.0,30.991073472190465,24.34280768624897,5.96853308455603,13.16,5.93,0.6004,0.5986,6e-05,0.26481,False,600.4268226698434,True,0.0006868235540204824,3.074569439553889e-05,29.675073472190466,1.4546652868027699e-05,0.0006868235540204824,1.3687836645149502e-05,30.398073472190465,6.475123323280985e-06
Taichung,TW,24.1469,120.6839,2850285,91,0.5903575,True,443.689697265625,2072.0,2.3651483939879654,21.470808951212064,59.03575,3.83,0.51,0.1749,0.0511,0.0,0.66437,False,3314.734405088308,True,0.007423328168232321,9.456638127085595e-05,1.9821483939879654,5.042715351750646e-05,0.007423328168232321,1.2523925837977859e-05,2.3141483939879652,6.673499500935848e-06
Pune,IN,18.51957,73.85535,3124458,554,0.1458257,True,407.9278259277344,686.0,0.1678492408636884,22.971530526555007,14.58257,13.55,25.04,0.6182,2.5294,0.0,0.0,False,2645.574773142102,True,0.0020534839194700965,1.1486070368725825e-05,0.0,5.56640785330173e-06,0.0020534839194700965,1.1486070368725825e-05,0.0,5.56640785330173e-06
Aurangabad,IN,19.87757,75.34226,1175116,588,0.0945352192163259,True,415.62115478515625,726.0,9.796292057679125,35.78221898546021,9.453521921632593,16.45,27.0,0.7507,2.7271,0.0,0.0,False,2482.6944602647422,True,9.16834520767329e-05,5.161885054246566e-06,8.151292057679125,2.4161029799907308e-06,9.16834520767329e-05,8.624330068220996e-06,7.096292057679125,4.036879501217311e-06
Shenyang,CN,41.79222,123.43278,7050000,53,0.0998792262887538,True,251.6791534423828,673.0,1.3275349050126124,38.95666934077452,9.98792262887538,-5.62,17.76,-0.2566,1.7943,8e-05,0.0,True,1676.1632168946057,True,0.00016403117091760456,-3.0407416667724285e-06,1.8895349050126122,-1.4249877195102179e-06,0.00016403117091760456,7.412707708519327e-06,0.0,3.474150596236708e-06
Kuala Lumpur,MY,3.1412,101.68653,1453975,56,0.0504047260380783,True,369.849609375,2309.0,1.7395284962234427,36.42053579388946,5.04047260380783,5.16,8.51,0.2356,0.8591,3e-05,4e-05,False,4955.824883637284,True,0.0002509336037781066,4.347888694866697e-06,1.2235284962234427,2.0408272632527202e-06,0.0002509336037781066,7.2108856328779135e-06,0.8885284962234429,3.384756557093388e-06
Blantyre,MW,-15.78499,35.00854,902588,1041,0.1351129930442335,True,327.522216796875,1111.0,4.104676890211351,28.12492530203392,13.51129930442335,2.75,1.7,0.1254,0.1713,0.26606,0.68942,False,155.7809383756039,True,0.0011691096561136003,1.0742602653307032e-05,3.8296768902113514,5.125271955088578e-06,0.0011691096561136003,6.6292948502082345e-06,3.9346768902113514,3.162706834147766e-06
Xuchang,CN,34.03189,113.86299,1265536,71,0.0894938719935299,True,210.1138610839844,710.0,4.058899824521291,44.30804607910388,8.94938719935299,-23.2,15.11,-1.0587,1.526,0.0,0.00087,True,2068.677382162232,True,6.937819780327166e-05,-5.157739599088412e-06,6.378899824521291,-2.4129895815176716e-06,6.937819780327166e-05,3.5799081459215147e-06,2.547899824521291,1.6749486382479362e-06
Anshan,CN,41.12361,122.99,1450000,55,0.1456538782815366,True,236.4249267578125,690.0,0.1983672846570812,35.47408126492566,14.56538782815366,-6.5,17.56,-0.2965,1.7737,2e-05,0.0,True,1717.3043796809222,True,0.0004493579955278099,-9.61761461885501e-06,0.8483672846570812,-4.529667847988361e-06,0.0004493579955278099,2.976771155298167e-06,0.0,1.4021446676851235e-06
Lubumbashi,CD,-11.66089,27.47938,2221925,1260,0.1269135000001872,True,223.46115112304688,1135.0,43.121995880064105,34.81068401711484,12.69135000001872,14.85,5.02,0.6777,0.5065,7e-05,0.41468,False,478.28403348511904,True,0.00016697171670204886,8.462909396882926e-06,41.636995880064106,3.966597096224239e-06,0.00016697171670204886,2.814181734603512e-06,42.6199958800641,1.318951519054673e-06
Addis Ababa,ET,9.02497,38.74689,3860000,2405,0.0987208442743054,True,459.8425598144531,1130.0,16.52552071412225,39.539854059055386,9.87208442743054,21.7,22.9,0.9902,2.3129,0.0,0.0,False,325.82803835330265,True,3.5216725296544107e-05,2.6388958969220146e-06,14.355520714122251,1.2339163233954231e-06,3.5216725296544107e-05,2.7904638408887518e-06,14.235520714122252,1.3047894404788485e-06
Comilla,BD,23.46186,91.18503,1030000,17,0.2488164092290879,True,228.96910095214844,2233.0,3.0518043793393304,45.97290692276194,24.88164092290879,-6.48,5.67,-0.2955,0.5728,0.15928,0.42911,True,2429.819315462959,True,0.00013857583335109112,-2.9578120367219278e-06,3.6998043793393305,-1.385501052077881e-06,0.00013857583335109112,2.6409482253958417e-06,2.48480437933933,1.2371366947261375e-06
Jerusalem,IL,31.76904,35.21633,971800,786,0.2469425443693514,True,456.1331481933594,383.0,29.907682917524998,28.666171782012192,24.69425443693514,-5.88,2.61,-0.2683,0.2634,0.0,0.01297,True,1499.2403576483591,True,0.00019382951787741225,-3.7576301163156365e-06,30.495682917525,-1.7618619292600335e-06,0.00019382951787741225,1.6916417420703538e-06,29.646682917525,7.932081634853816e-07
Pyongyang,KP,39.03385,125.75432,3222000,43,0.1516701309305629,True,615.4934692382812,1062.0,29.480430304417496,35.74982510574854,15.167013093056289,-3.44,14.04,-0.1571,1.418,0.01014,0.0,True,2040.3095848567318,True,3.1692283420142506e-05,-3.6095869631297243e-07,29.824430304417497,-1.6876498562870546e-07,3.1692283420142506e-05,1.5168489378177794e-06,28.076430304417496,7.092092396444871e-07
Kyoto,JP,35.02107,135.75385,1463723,50,0.3363467999654756,True,328.29998779296875,1690.0,1.022354467078685,48.01917459566171,33.63467999654756,6.74,6.57,0.3077,0.664,0.0,1e-05,False,2920.035397658461,True,4.023278565693553e-05,9.131648273817675e-07,0.3483544670786851,4.270163911079816e-07,4.023278565693553e-05,8.89879654161623e-07,0.365354467078685,4.161276351832832e-07
Malang,ID,-7.9797,112.6304,847182,452,0.2511457000002879,True,299.45806884765625,2857.0,0.5798428320745188,47.38555879812772,25.11457000002879,9.27,2.75,0.4229,0.2774,0.0,0.32501,False,3371.92456480046,True,9.457789772597152e-05,1.8437494217660882e-06,0.0,8.630153151209519e-07,9.457789772597152e-05,8.699918265909308e-07,0.30484283207451884,4.0721900311166404e-07
Medellín,CO,6.245,-75.57151,1999979,1528,0.1971214240095512,True,323.5350341796875,2467.0,0.0152590218967247,31.294794897603676,19.71214240095512,-1.26,5.91,-0.0576,0.5965,0.40574,0.01477,True,1145.1993863152973,True,0.001688399230008528,-7.057458356679418e-06,0.1412590218967247,-3.3976333153190597e-06,0.001688399230008528,8.566869730858729e-07,0.0,4.1245895811975464e-07
Gwangju,KR,35.15472,126.91556,1401235,47,0.1201671,True,404.3482055664063,1350.0,0.3356984817273769,41.7209189048076,12.01671,1.57,3.92,0.0715,0.3956,0.0636,0.00164,False,2462.139443016562,True,5.93785546995185e-05,3.1123135732707903e-07,0.17869848172737687,1.4558731826000426e-07,5.93785546995185e-05,6.674624721634217e-07,0.0,3.122255369247817e-07
Damascus,SY,33.5102,36.29128,1569394,701,0.1947431999999904,True,267.14776611328125,383.0,0.6561379415579722,40.74972040179098,19.47431999999904,-5.21,1.8,-0.2378,0.1822,0.0,0.15528,True,1307.7432737990057,True,0.00011060425483334106,-1.9021496153243713e-06,1.1771379415579721,-8.905740814732499e-07,0.00011060425483334106,6.648787873521654e-07,0.4761379415579722,3.112989953625578e-07
Amman,JO,31.95522,35.94503,1275857,757,0.1517072145721601,True,422.46490478515625,325.0,2.105745021744156,37.72202782183565,15.170721457216011,-5.88,2.61,-0.2683,0.2634,0.0,0.01297,True,1479.186037528039,True,7.266128652353663e-05,-1.408798254533706e-06,2.693745021744156,-6.591503348037098e-07,7.266128652353663e-05,6.34226887592882e-07,1.844745021744156,2.967482540701394e-07
Puning,CN,23.31072,116.16869,874954,12,0.0537996565096425,True,328.3429870605469,1590.0,0.6256198977645795,35.778460739919204,5.37996565096425,7.98,0.71,0.364,0.0714,0.0,0.78993,False,3278.787378594784,True,0.00025863194979166713,5.4431959914899054e-06,0.0,2.555319275975021e-06,0.00025863194979166713,6.120482431828727e-07,0.5546198977645795,2.8731499414694217e-07
Qingyang,CN,35.70976,107.64455,2125400,1427,0.0669624900083473,True,293.6593017578125,551.0,93.69039444571604,25.244481686979565,6.6962490008347295,-5.93,2.07,-0.2704,0.2095,0.0,0.12623,True,1767.5277918161978,True,7.713386080048027e-05,-1.5081002879176593e-06,94.28339444571604,-7.056671267845205e-07,7.713386080048027e-05,5.334866970218259e-07,93.48339444571604,2.4963248677206673e-07
Salem,IN,11.65376,78.15538,917414,283,0.08556316,True,280.0541687011719,875.0,0.1525902189670205,40.93274648833618,8.556316,-1.79,22.11,-0.0817,2.2328,0.53792,0.0,True,3392.8397363770337,True,9.810469988748985e-05,-5.82976456604432e-07,0.33159021896702046,-2.7288860499075085e-07,9.810469988748985e-05,4.997142860270237e-07,0.0,2.3391620571078242e-07
Kunming,CN,25.03889,102.71833,3855346,1895,0.2247326999966429,True,233.0612030029297,928.0,0.3204394598306521,45.263394465658926,22.47326999966429,5.07,1.23,0.2315,0.1242,0.00762,0.71124,False,2944.17998545115,True,8.099939513921492e-05,8.68871601920486e-07,0.0,4.065969422192839e-07,8.099939513921492e-05,3.324187517173661e-07,0.1974394598306521,1.5555785934026622e-07
Tiruppur,IN,11.11541,77.35456,963173,305,0.0790061099999997,True,364.5045471191406,589.0,6.439307240405924,49.11430994792621,7.90061099999997,-1.81,12.93,-0.0828,1.306,0.4358,0.00057,True,3451.3265079415646,True,7.4594840108496915e-06,-4.48249920726983e-08,6.620307240405924,-2.0948842622409147e-08,7.4594840108496915e-06,3.2819457466522124e-07,5.146307240405924,1.533813809330431e-07
Fushun,CN,41.88669,123.94363,1400646,85,0.0714560299394532,True,305.089599609375,718.0,0.4730296787976158,48.02573761554028,7.14560299394532,-4.76,19.51,-0.2171,1.9705,0.00157,0.0,True,1692.1466603025158,True,1.6597277522305454e-05,-2.610018203181472e-07,0.9490296787976158,-1.2199800988529907e-07,1.6597277522305454e-05,2.6350394759514496e-07,0.0,1.23168130996415e-07
Meishan,CN,30.04392,103.83696,1107742,423,0.3372052999999958,True,266.9643859863281,1298.0,9.704737926298948,54.449201404115385,33.720529999999584,10.05,7.14,0.4584,0.7209,0.0,0.00045,False,2384.112314192626,True,9.68313919586411e-06,3.2954106950855835e-07,8.699737926298948,1.5401672623371887e-07,9.68313919586411e-06,2.329847415137032e-07,8.990737926298948,1.0888936104180846e-07
Tangshan,CN,39.64381,118.18319,3372102,7,0.3162972999999999,True,319.5663452148437,621.0,0.2288853284504739,48.69996845772576,31.629729999999988,-6.73,9.39,-0.307,0.9489,0.0,0.0,True,1642.548016162232,True,2.0787691234791498e-05,-4.6067999195962696e-07,0.9018853284504739,-2.1534758134697518e-07,2.0787691234791498e-05,1.5904333389553664e-07,0.0,7.434615282783663e-08
Weifang,CN,36.71,119.10194,2044028,30,0.0536312100003509,True,227.6941070556641,691.0,0.2441443503471987,50.28162268134629,5.36312100003509,-15.19,14.33,-0.6932,1.4478,0.0,0.0,True,1966.2979475186273,True,1.651501549718634e-05,-8.145853198206297e-07,1.7631443503471986,-3.8075273321377945e-07,1.651501549718634e-05,1.3481222346287719e-07,0.0,6.301433687350144e-08
Soweto,ZA,-26.26781,27.85849,1695047,1632,0.108932,True,395.2037963867188,701.0,47.48607614251927,45.4579183309256,10.8932,1.46,8.47,0.0664,0.8554,0.16684,3e-05,False,1512.057522428132,True,4.0812799005565885e-06,1.989059811891199e-08,47.34007614251927,9.29526853057916e-09,4.0812799005565885e-06,1.1675117394731583e-07,46.63907614251927,5.4560171467571417e-08
Lucknow,IN,26.83928,80.92313,2472011,126,0.092923407530698,True,235.35450744628903,993.0,1.0986495765621953,60.69847212010058,9.2923407530698,-14.17,10.84,-0.6466,1.095,0.0,0.02825,True,1732.3271250187204,True,2.5083988654345876e-06,-1.1561218214529467e-07,2.515649576562195,-5.402628279818633e-08,2.5083988654345876e-06,9.220000992287974e-08,0.014649576562195454,4.308571015937401e-08
Xining,CN,36.62554,101.75739,1677177,2275,0.1094059,True,415.0482177734375,397.0,27.60357061112387,49.35382130959234,10.94059,5.43,6.47,0.248,0.6531,0.0,5e-05,False,1666.1811817095513,True,2.7493342803258933e-06,5.016522281539056e-08,27.06057061112387,2.3442651066879483e-08,2.7493342803258933e-06,5.987722986318241e-08,26.956570611123873,2.7981160024420637e-08
Daejeon,KR,36.34913,127.38493,1441203,58,0.1340866,True,315.70611572265625,1302.0,15.53368429083696,56.11089282215968,13.40866,-4.8,5.84,-0.2189,0.59,6e-05,0.00518,True,2369.375522048705,True,3.026727325143254e-06,-4.799447180669487e-08,16.01368429083696,-2.2428330598983637e-08,3.026727325143254e-06,5.9437260911067654e-08,14.949684290836961,2.7775694879522694e-08
Dodoma,TZ,-6.17221,35.73947,765179,1125,0.189315614930807,True,299.6851806640625,583.0,44.876783398184216,58.66457806656322,18.9315614930807,27.12,28.26,1.2375,2.8545,0.0,0.0,False,413.3160498759888,True,5.667095039637116e-07,5.3561434550857685e-08,42.16478339818421,2.5028764772533352e-08,5.667095039637116e-07,5.5920580683667794e-08,42.050783398184215,2.6131172569526795e-08
Gwalior,IN,26.22983,78.17337,1054420,220,0.0816219629180576,True,430.6668395996094,915.0,44.38849469748993,51.2505965193506,8.16219629180576,-5.35,11.79,-0.2439,1.1912,0.05562,0.01085,True,1772.6897475498376,True,1.190361765577402e-06,-2.101907661907462e-08,44.92349469748993,-9.822122726266258e-09,1.190361765577402e-06,4.7663915369612626e-08,43.20949469748993,2.2273153058027795e-08
Johannesburg,ZA,-26.20227,28.04363,9418183,1767,0.1584781514039589,True,355.59576416015625,720.0,70.71030746929125,52.32961775105311,15.847815140395891,1.46,8.47,0.0664,0.8554,0.16684,3e-05,False,1496.692429233419,True,6.438070122101373e-07,3.1376801131052775e-09,70.56430746929125,1.4662103510476587e-09,6.438070122101373e-07,1.841713679859062e-08,69.86330746929126,8.606167369029638e-09
Zarqa,JO,32.07275,36.08796,792665,625,0.1103541999999981,True,292.1699523925781,221.0,50.58365758754866,50.65887089580094,11.03541999999981,-5.88,2.61,-0.2683,0.2634,0.0,0.01297,True,1466.5666893527612,True,1.749095335924001e-06,-3.3914811240177726e-08,51.17165758754866,-1.5848398100815064e-08,1.749095335924001e-06,1.5268139350028348e-08,50.322657587548655,7.1348076821631246e-09
Sanhe,CN,39.98049,117.06887,965075,24,0.1181934999923526,True,218.5737762451172,541.0,12.481879911497684,68.0306212679399,11.81934999923526,-9.3,10.07,-0.4242,1.0174,0.0,0.0,True,1562.1733375951048,True,3.7244578235370537e-07,-1.1357496402301673e-08,13.411879911497683,-5.307232115586702e-09,3.7244578235370537e-07,1.2701018987969054e-08,11.474879911497684,5.935046572258518e-09
Rājkot,IN,22.29161,70.79322,1390640,140,0.1954547999956735,True,312.34197998046875,607.0,4.287785152971708,69.71446055523188,19.54547999956735,1.42,12.13,0.0648,1.2249,0.55944,0.00131,False,2282.6951880482907,True,2.140293235596366e-07,1.0144554284776195e-09,4.145785152971707,4.740424962290657e-10,2.140293235596366e-07,8.82224161042721e-09,3.0747851529717076,4.122524845801001e-09
Bandung,ID,-6.92222,107.60694,2444160,714,0.2817743936394322,True,294.5260925292969,2273.0,0.9002822919051141,67.33540343947566,28.17743936394322,4.53,1.91,0.2068,0.1929,0.0,0.09798,False,3859.7771087116084,True,1.2160496912106169e-06,1.848302212143016e-08,0.44728229190511415,8.637042477055434e-09,1.2160496912106169e-06,7.759080267887678e-09,0.7092822919051142,3.6257869033551327e-09
Zhaotong,CN,27.31667,103.71667,787845,1974,0.3048376300465372,True,305.1794738769531,882.0,0.0152590218967247,51.307922653639714,30.48376300465372,9.07,3.68,0.4137,0.3715,0.0,0.19493,False,2687.571719538245,True,1.5225658574540946e-05,7.738392314048773e-09,0.0,3.617016124113359e-09,1.5225658574540946e-05,7.738392314048773e-09,0.0,3.617016124113359e-09
Ashgabat,TM,37.95,58.38333,1030063,219,0.2575801691258474,True,283.0121154785156,245.0,12.298771648737327,70.01556202069145,25.75801691258474,8.89,11.94,0.4055,1.2063,0.0,0.0,False,719.826329231212,True,1.678461876942227e-07,5.043146928291651e-09,11.409771648737328,2.3565984406948015e-09,1.678461876942227e-07,6.808044568742884e-09,11.104771648737326,3.1813127132629404e-09
Mianyang,CN,31.46784,104.68168,1550000,471,0.2671537664423017,True,382.3655395507813,951.0,0.4882887006943406,68.66857540647992,26.71537664423017,9.04,4.94,0.4124,0.4989,0.0,0.00727,False,2224.5458008208716,True,2.731168392827404e-07,4.477183212607225e-09,0.0,2.092134680775626e-09,2.731168392827404e-07,4.477183212607225e-09,0.0,2.092134680775626e-09
Dhanbad,IN,23.79759,86.42992,1196214,247,0.1588235880529,True,401.5318908691406,1171.0,16.006713969634575,69.05409564434167,15.88235880529,-9.6,6.06,-0.4382,0.6117,0.00787,0.27492,True,2200.9996316203246,True,1.297263327667773e-07,-4.081504530179412e-09,16.966713969634576,-1.9072337355263702e-09,1.297263327667773e-07,2.6444435347250697e-09,15.400713969634575,1.2357139790586391e-09
Ahmedabad,IN,23.02579,72.58727,6357693,56,0.0785870407568552,True,272.7284545898437,759.0,16.14404516670487,73.45552146818392,7.85870407568552,1.23,11.17,0.0562,1.128,0.64796,0.0073,False,2166.250697507373,True,6.94700437295348e-08,2.851258571473502e-10,16.02104516670487,1.3323545738908038e-10,6.94700437295348e-08,2.6326735727303e-09,15.027045166704871,1.2302127302965538e-09
Hubballi,IN,15.34776,75.13378,943788,620,0.0547479081197656,True,464.9909057617188,939.0,1.37331197070273,73.64393719685143,5.474790811976559,7.39,22.16,0.3372,2.2387,0.00875,0.0,False,2986.8110239650127,True,3.837254522836757e-08,9.560132934199219e-10,0.63431197070273,4.467318147349797e-10,3.837254522836757e-08,1.7955698116368267e-09,0.0,8.39044989736637e-10
Xingtai,CN,37.06217,114.49272,798770,71,0.1481206,True,230.07064819335935,551.0,5.004959182116465,86.12211140604973,14.81206,-43.94,20.45,-2.005,2.0652,0.0,0.0,True,1764.6156134390612,True,1.1422123878863439e-08,-1.554767560255535e-09,9.398959182116464,-7.265210551221646e-10,1.1422123878863439e-08,8.04925565435387e-10,2.9599591821164655,3.761304288862899e-10
Suzhou,CN,33.63611,116.97889,1647642,34,0.0637811998549458,True,210.9528961181641,710.0,8.6366063935302,79.85345813219351,6.378119985494581,-12.4,1.65,-0.5656,0.1665,0.0,0.54802,True,2199.9583646570427,True,3.562895113755546e-08,-1.4412301891058825e-09,9.876606393530201,-6.734669280583638e-10,3.562895113755546e-08,1.9630206199655252e-10,8.471606393530202,9.172924572697916e-11
Nairobi,KE,-1.28333,36.81667,4397073,1684,0.0624027300000072,True,394.0188293457031,1008.0,0.106813153276903,74.96640039668605,6.24027300000072,16.11,11.02,0.735,1.1129,0.0,3e-05,False,244.6414177795621,True,4.544787030866318e-08,1.6194035317150484e-10,0.0,7.56724960471189e-11,4.544787030866318e-08,1.6194035317150484e-10,0.0,7.56724960471189e-11
Coimbatore,IN,11.00555,76.96612,2136916,425,0.0912118499914439,True,322.4190979003906,966.0,2.2125581750210017,91.243074911898,9.12118499914439,1.58,17.43,0.072,1.76,0.52417,2e-05,False,3463.5172335292195,True,2.4398304841092003e-09,1.2870753477762195e-11,2.054558175021002,6.014314046787206e-12,2.4398304841092003e-09,1.458028022804804e-10,0.4695581750210016,6.813158370810868e-11
Nanyang,CN,33.00524,112.54659,1811812,126,0.066139472892516,True,212.85964965820312,879.0,0.3509575036240449,82.15549548699089,6.6139472892516,-0.83,1.31,-0.0381,0.1323,0.50051,0.52013,True,2147.6743594424597,True,3.189647612198668e-08,-8.803694884406296e-11,0.43395750362404484,-4.113845028519414e-11,3.189647612198668e-08,1.3944592467402375e-10,0.21995750362404487,6.51611507807015e-11
Suqian,CN,33.94917,118.29583,1437685,23,0.0827449899982909,True,279.94952392578125,754.0,5.844205386434737,82.64939249859692,8.27449899982909,-5.43,2.52,-0.2478,0.2545,0.0,0.13311,True,2212.7371718832337,True,1.4294183051919223e-08,-2.561432278753713e-10,6.387205386434737,-1.1969214508411596e-10,1.4294183051919223e-08,1.2045576621006584e-10,5.592205386434737,5.6287294269985466e-11
Zaozhuang,CN,34.86472,117.55417,899753,79,0.0514844965701924,True,253.9835968017578,717.0,7.904173342488775,89.10527496928707,5.14844965701924,-12.17,5.12,-0.5554,0.5173,0.0,0.07357,True,2092.4914710920057,True,3.5730803496813373e-09,-1.4190809862420942e-10,9.121173342488776,-6.63116644927797e-11,3.5730803496813373e-09,6.144188189797734e-11,7.392173342488775,2.8710912119978005e-11
Bijie,CN,27.30193,105.28627,1137383,1471,0.1369299999813432,True,416.3954162597656,1039.0,0.0152590218967247,71.60428136551405,13.69299999813432,13.29,0.88,0.6063,0.0892,0.0,0.74317,False,2688.0826251616336,True,1.0814710223536957e-07,5.496625048199433e-11,0.0,2.5684992327468237e-11,1.0814710223536957e-07,5.496625048199433e-11,0.0,2.5684992327468237e-11
Madurai,IN,9.919,78.11953,1465625,139,0.0518413650634364,True,229.16986083984372,879.0,12.314030670634054,96.29667618826151,5.18413650634364,-5.09,8.54,-0.2324,0.863,0.02523,0.01754,True,3585.5791305891703,True,9.385351897581616e-10,-1.5773831396234386e-11,12.823030670634054,-7.37088862168278e-12,9.385351897581616e-10,2.7073386024379927e-11,11.460030670634055,1.2651008712838419e-11
Baoding,CN,38.87288,115.46246,2739887,15,0.1072925044906819,True,201.0353240966797,507.0,10.040436408026268,97.73415394827522,10.72925044906819,-15.87,7.23,-0.7242,0.7306,0.0,1e-05,True,1609.6149268291526,True,1.0100572790042162e-09,-5.1992667203852886e-11,11.627436408026268,-2.429543718984739e-11,1.0100572790042162e-09,2.4613140873958202e-11,9.317436408026268,1.1501369301392117e-11
Pekanbaru,ID,0.51667,101.44167,1085000,19,0.1002372737678649,True,203.2120513916016,2707.0,0.6256198977645795,102.23814659471654,10.02372737678649,1.99,3.85,0.0908,0.389,0.0044,0.00124,False,4921.606765762632,True,1.7242400740950322e-09,1.1463963852264424e-11,0.4266198977645795,5.356944055012747e-12,1.7242400740950322e-09,2.224792989259916e-11,0.24061989776457954,1.0396142280377774e-11
Shangqiu,CN,34.4143,115.65613,1859723,52,0.0612330999999998,True,205.05328369140625,718.0,0.4730296787976158,100.64752208277586,6.12330999999998,-24.37,9.17,-1.1119,0.9261,0.0,0.02203,True,2077.1990073352636,True,6.831902174909475e-10,-5.325232967030332e-11,2.9100296787976156,-2.488406009026889e-11,6.831902174909475e-10,1.0846740032236545e-11,0.0,5.068535868790747e-12
Kigali,RW,-1.94995,30.05885,1132686,1542,0.0795449316772242,True,438.3205871582031,1047.0,146.8070496681163,81.99603921595634,7.95449316772242,44.19,32.97,2.0163,3.3303,0.0,0.0,False,172.7586860566985,True,7.31934869613255e-11,1.1603426227393234e-11,142.38804966811628,5.4221106771112915e-12,7.31934869613255e-11,8.493649503769363e-12,143.5100496681163,3.968953637967232e-12
Nampula,MZ,-15.11646,39.2666,770379,431,0.0543753599773965,True,335.9989929199219,1087.0,31.14366369115743,88.78034614095527,5.4375359977396505,2.14,1.8,0.0976,0.1819,0.1955,0.52412,False,436.3415480036993,True,1.2813391870822597e-09,9.16369167326302e-12,30.92966369115743,4.282067755934094e-12,1.2813391870822597e-09,7.70341113662203e-12,30.96366369115743,3.5996969294238568e-12
Taiz,YE,13.57952,44.02091,940600,1316,0.0585731727777385,True,518.7100830078125,426.0,90.21133745326928,78.44383653665069,5.85731727777385,4.13,3.01,0.1886,0.3041,0.0,0.01402,False,714.8239996513958,True,4.670000850266993e-10,6.466973354069345e-12,89.79833745326928,3.0219299285150214e-12,4.670000850266993e-10,4.704419467533952e-12,89.91033745326928,2.198310977696849e-12
Changchun,CN,43.88,125.32278,4714996,206,0.0634228002268415,True,344.11676025390625,591.0,0.0457770656901175,89.42604805737493,6.34228002268415,-0.5,10.43,-0.0229,1.0533,0.55692,0.0,True,1591.8091444160752,True,2.4307989623123874e-09,-4.043912770824852e-12,0.09577706569011749,-1.8896689768510555e-12,2.4307989623123874e-09,3.708277976184314e-12,0.0,1.7328152801532326e-12
Teni,IN,10.01115,77.47772,1034724,300,0.0889033836992875,True,238.12823486328125,1077.0,0.3509575036240449,119.18791036897882,8.89033836992875,-2.39,6.93,-0.1088,0.7001,0.20697,0.02459,True,3574.204459643979,True,1.5713325216523356e-11,-1.245613108615842e-13,0.5899575036240449,-5.820344206597383e-14,1.5713325216523356e-11,1.8471710406842523e-13,0.0,8.631290127070201e-14
Ulan Bator,MN,47.90771,106.88324,844818,1284,0.0670028685074193,True,389.903564453125,282.0,0.9308003356985068,117.51593605491983,6.7002868507419295,3.77,7.52,0.172,0.7594,0.0,0.0,False,424.134546778432,True,4.995217178720972e-12,6.310574508509928e-14,0.5538003356985068,2.9493768538557674e-14,4.995217178720972e-12,1.2666759089897372e-13,0.17880033569850695,5.919570389423257e-14
Hyderabad,IN,17.38405,78.45636,6993262,515,0.0742353288629107,True,457.4314575195313,788.0,2.868696116578974,124.9129820000264,7.4235328862910706,11.68,29.13,0.5328,2.9418,0.00049,0.0,False,2756.726875437227,True,1.0264636424274304e-12,4.071025599449538e-14,1.700696116578974,1.9019508190609713e-14,1.0264636424274304e-12,1.028918604337368e-13,0.0,4.8069187519317325e-14
Ibb,YE,13.96667,44.18333,771514,1931,0.0532805400032114,True,606.5333251953125,462.0,90.9132524605173,101.15049582871416,5.328054000321139,4.13,3.01,0.1886,0.3041,0.0,0.01402,False,742.2141706541858,True,3.1482346231131906e-12,4.359645765041325e-14,90.5002524605173,2.0372592501871623e-14,3.1482346231131906e-12,3.171437593085342e-14,90.6122524605173,1.4828416272649747e-14
Navi Mumbai,IN,19.03681,73.01582,2600000,14,0.1217893695201236,True,331.6882019042969,2988.0,5.684341886080803e-14,2.9449367549001586,12.17893695201236,7.19,14.03,0.3283,1.4173,0.00087,0.0001,False,2598.432208153508,True,0.38094859336649367,4.996003610813204e-16,0.0,4.263256414560601e-14,0.38094859336649367,4.996003610813204e-16,0.0,4.263256414560601e-14
Sakai,JP,34.58216,135.46653,826161,2,0.3961307725316076,True,159.6999969482422,1340.0,5.684341886080803e-14,4.702428708779064,39.61307725316076,4.29,3.5,0.1955,0.3534,0.0,0.00157,False,2943.1919111977295,True,0.5145080846281008,4.440892098500626e-16,0.0,4.973799150320701e-14,0.5145080846281008,4.440892098500626e-16,0.0,4.973799150320701e-14
Kawasaki,JP,35.52056,139.71722,1538262,1,0.6526173009763581,True,150.6999969482422,1512.0,5.684341886080803e-14,4.7299740992182135,65.2617300976358,12.55,15.72,0.5728,1.5877,0.0,0.0,False,3103.751393819344,True,0.6042994598328536,4.440892098500626e-16,0.0,3.552713678800501e-14,0.6042994598328536,4.440892098500626e-16,0.0,3.552713678800501e-14
Pudong,CN,31.23995,121.50094,5681512,9,0.0548643,True,234.18467712402344,1039.0,5.684341886080803e-14,0.9628049965868484,5.48643,8.63,6.51,0.3939,0.6576,0.0,0.00162,False,2609.7308175827093,True,0.32494742117709424,4.440892098500626e-16,0.0,2.6645352591003757e-14,0.32494742117709424,4.440892098500626e-16,0.0,2.6645352591003757e-14
Yangpu,CN,31.26193,121.51904,1210800,9,0.0545040442712518,True,238.46218872070312,1039.0,5.684341886080803e-14,1.4397563704997285,5.45040442712518,8.63,6.51,0.3939,0.6576,0.0,0.00162,False,2608.2300214252236,True,0.2960850909603779,3.885780586188048e-16,0.0,1.7319479184152442e-14,0.2960850909603779,3.885780586188048e-16,0.0,1.7319479184152442e-14
Zamboanga,PH,6.91028,122.07389,1018849,9,0.2637117133536004,True,251.51161193847656,1583.0,5.684341886080803e-14,1.848680897817665,26.37117133536004,3.28,2.69,0.1498,0.2715,0.0,0.00012,False,4185.659017875632,True,0.4424022693033588,3.885780586188048e-16,0.0,4.973799150320701e-14,0.4424022693033588,3.885780586188048e-16,0.0,4.973799150320701e-14
Rui’an,CN,27.77605,120.65859,927383,4,0.0790537299212845,True,225.30406188964844,1481.0,5.684341886080803e-14,2.6020261697394584,7.9053729921284495,6.73,2.57,0.3071,0.2598,0.0,0.03872,False,2933.735444441644,True,0.34691150793949077,3.885780586188048e-16,0.0,2.930988785010413e-14,0.34691150793949077,3.885780586188048e-16,0.0,2.930988785010413e-14
Shubrā al Khaymah,EG,30.12511,31.25053,1240289,26,0.2214394999999993,True,240.82977294921875,26.0,5.684341886080803e-14,0.7160351281105645,22.14394999999993,-2.54,1.36,-0.1159,0.1375,0.0,0.0398,True,1720.5708091586218,True,0.30663219828360766,-0.0017953414784220856,0.2540000000000568,-0.09123635101003913,0.30663219828360766,3.885780586188048e-16,0.0,1.9984014443252818e-14
Taguig,PH,14.5243,121.0792,1308085,5,0.3682486999999998,True,215.34266662597656,2273.0,5.684341886080803e-14,10.262590930682526,36.82486999999998,6.65,3.33,0.3033,0.3367,0.0,0.04485,False,4352.194870204161,True,0.2355606880829783,3.885780586188048e-16,0.0,8.215650382226158e-15,0.2355606880829783,3.885780586188048e-16,0.0,8.215650382226158e-15
Semarang,ID,-6.99306,110.42083,1653524,18,0.1518648833245408,True,372.357421875,2204.0,5.684341886080803e-14,3.687673874702902,15.18648833245408,5.75,2.24,0.2623,0.2262,2e-05,0.27427,False,3623.7671256562726,True,0.22966748066705722,3.608224830031759e-16,0.0,6.8833827526759706e-15,0.22966748066705722,3.608224830031759e-16,0.0,6.8833827526759706e-15
Padang,ID,-0.94924,100.35427,909040,6,0.4070697,True,252.6883544921875,3392.0,5.684341886080803e-14,3.10603770717609,40.70697,0.35,1.24,0.0159,0.1255,0.54776,0.1876,False,4902.433015645052,True,0.6512807931448363,3.3306690738754696e-16,0.0,3.552713678800501e-14,0.6512807931448363,3.3306690738754696e-16,0.0,3.552713678800501e-14
Osaka,JP,34.69379,135.50107,2753862,4,0.3697804212391887,True,260.20001220703125,1381.0,5.684341886080803e-14,8.060177663586122,36.97804212391887,4.29,3.5,0.1955,0.3534,0.0,0.00157,False,2935.1357182730007,True,0.172397564419732,3.0531133177191805e-16,0.0,2.6645352591003757e-15,0.172397564419732,3.0531133177191805e-16,0.0,2.6645352591003757e-15
Ra’s Bayrūt,LB,33.9,35.48333,1251739,35,0.4060524820209177,True,483.7886962890625,813.0,5.684341886080803e-14,1.1125840621137226,40.60524820209177,-7.55,1.48,-0.3446,0.1491,0.0,0.18884,True,1262.2181131934108,True,0.16698412218334738,-0.003467974980636529,0.7550000000000567,-0.026475231682656197,0.16698412218334738,2.7755575615628914e-16,0.0,2.1649348980190553e-15
Cairo,EG,30.06263,31.24967,9606916,23,0.2230294118225173,True,218.0430908203125,26.0,5.684341886080803e-14,5.9000890831617525,22.30294118225173,-2.54,1.36,-0.1159,0.1375,0.0,0.0398,True,1727.4064298467435,True,0.15608090830367738,-0.0011108731322857501,0.2540000000000568,-0.007274042868748332,0.15608090830367738,2.498001805406602e-16,0.0,1.7763568394002505e-15
Huludao,CN,40.75243,120.83552,944495,17,0.0637216438575618,True,206.0533447265625,564.0,5.684341886080803e-14,7.778257301568918,6.37216438575618,-5.61,12.37,-0.256,1.2492,0.0,0.0,True,1653.5577976251416,True,0.10983200194879789,-0.0018131820382904645,0.5610000000000569,-0.005555179402464555,0.10983200194879789,1.8041124150158794e-16,0.0,4.996003610813204e-16
Yichang,CN,30.71444,111.28472,1350150,63,0.0836621915854064,True,546.5783081054688,1100.0,5.684341886080803e-14,1.7291175805312542,8.36621915854064,8.13,1.94,0.3707,0.1956,0.0,0.51719,False,2369.346740702132,True,0.0878438109842943,1.3877787807814457e-16,0.0,3.469446951953614e-16,0.0878438109842943,1.3877787807814457e-16,0.0,3.469446951953614e-16
Aden,YE,12.77957,45.03852,1079670,7,0.1397681999999957,True,423.1080017089844,55.0,5.684341886080803e-14,2.570549106771659,13.97681999999957,0.04,2.3,0.0018,0.2321,0.91477,4e-05,False,810.9474667840284,True,0.08198295545705829,1.249000902703301e-16,0.0,2.0816681711721685e-16,0.08198295545705829,1.249000902703301e-16,0.0,2.0816681711721685e-16
Wanzhou,CN,30.76451,108.39586,1545900,205,0.0686881409288709,True,555.062255859375,1287.0,5.684341886080803e-14,2.542458612805788,6.86881409288709,12.74,8.33,0.5813,0.8416,0.0,0.0029,False,2321.7724925946072,True,0.07574663445698164,1.249000902703301e-16,0.0,2.498001805406602e-16,0.07574663445698164,1.249000902703301e-16,0.0,2.498001805406602e-16
Bhopal,IN,23.25469,77.40289,1798218,523,0.0656964099919073,True,396.8281555175781,1160.0,5.684341886080803e-14,5.806972527642484,6.569640999190731,13.03,16.58,0.5946,1.675,7e-05,0.00246,False,2101.579717012159,True,0.06836741619474151,1.1102230246251565e-16,0.0,1.8041124150158794e-16,0.06836741619474151,1.1102230246251565e-16,0.0,1.8041124150158794e-16
Kakamega,KE,0.28422,34.75229,1867579,1563,0.0544357799794899,True,375.9353332519531,1896.0,20.080872816052533,163.28163872308917,5.44357799794899,52.97,37.79,2.4168,3.8168,0.0,0.0,False,41.18587078800588,True,5.229399026762879e-16,1.008768431151034e-16,14.783872816052535,5.204170427930421e-17,5.229399026762879e-16,7.012702092678077e-17,16.301872816052533,3.469446951953614e-17
Lilongwe,MW,-13.96692,33.78725,1115815,1056,0.1319032000000003,True,288.5593566894531,883.0,4.1962310215915295,163.50372875700162,13.19032000000003,-2.15,13.78,-0.0982,1.3916,0.51649,0.0123,True,80.05575576228557,True,1.0943603801378827e-15,-7.807092354488447e-18,4.411231021591529,0.0,1.0943603801378827e-15,5.138735181137799e-17,2.8182310215915294,2.42861286636753e-17
Saitama,JP,35.90807,139.65657,1324854,16,0.5603807087562043,True,200.3999938964844,1376.0,5.684341886080803e-14,21.692457016899937,56.03807087562043,12.55,15.72,0.5728,1.5877,0.0,0.0,False,3067.5882313580505,True,0.02338951054362959,4.163336342344337e-17,0.0,3.469446951953614e-17,0.02338951054362959,4.163336342344337e-17,0.0,3.469446951953614e-17
Shijiazhuang,CN,38.04139,114.47861,3938513,77,0.118746899999866,True,221.09710693359372,511.0,7.202258335240742,168.2098827174035,11.8746899999866,-43.94,20.45,-2.005,2.0652,0.0,0.0,True,1662.0818399180125,True,4.955505700614727e-16,-6.7453826151012e-17,11.59625833524074,-3.469446951953614e-17,4.955505700614727e-16,3.4921817686100326e-17,5.157258335240742,1.3877787807814457e-17
Kampung Baru Subang,MY,3.15,101.53333,833571,27,0.0515035017817863,True,263.61822509765625,2331.0,5.684341886080803e-14,20.40473050758888,5.150350178178631,5.16,8.51,0.2356,0.8591,3e-05,4e-05,False,4947.656506797804,True,0.01373505158462972,2.42861286636753e-17,0.0,1.3877787807814457e-17,0.01373505158462972,2.42861286636753e-17,0.0,1.3877787807814457e-17
Jieyang,CN,23.5418,116.36581,1899394,7,0.0664599161984411,True,244.671630859375,1557.0,5.684341886080803e-14,21.10861264207552,6.645991619844111,7.98,0.71,0.364,0.0714,0.0,0.78993,False,3258.6108109511893,True,0.009864262612354041,1.734723475976807e-17,0.0,1.0408340855860843e-17,0.009864262612354041,1.734723475976807e-17,0.0,1.0408340855860843e-17
Changzhou,CN,31.77359,119.95401,3290918,9,0.055045040004099,True,230.5048370361328,1047.0,5.684341886080803e-14,20.263042692707568,5.5045040004099,3.8,0.95,0.1735,0.0957,0.00232,0.70856,False,2495.9865580234245,True,0.009381465847721338,1.5612511283791264e-17,0.0,0.0,0.009381465847721338,1.5612511283791264e-17,0.0,0.0
Shiyan,CN,32.6475,110.77806,3460000,247,0.0575011800151797,True,298.7441101074219,954.0,5.684341886080803e-14,18.2416409761922,5.750118001517969,4.33,5.9,0.1976,0.5956,0.00013,0.00384,False,2149.1777941164064,True,0.008346935387935921,1.3877787807814457e-17,0.0,1.3877787807814457e-17,0.008346935387935921,1.3877787807814457e-17,0.0,1.3877787807814457e-17
Cúcuta,CO,7.90745,-72.5049,777106,298,0.3421606999999999,True,394.21624755859375,1858.0,5.684341886080803e-14,31.744940504524337,34.21606999999999,-4.7,14.92,-0.2146,1.5072,0.08881,0.00035,True,1390.4086137840477,True,0.000912529167195798,-1.415808040200711e-05,0.4700000000000568,-6.722717132392336e-06,0.000912529167195798,1.734723475976807e-18,0.0,0.0
Yancheng,CN,33.3575,120.1573,1615717,3,0.0926327899996998,True,206.17608642578125,950.0,5.684341886080803e-14,43.20952082615922,9.26327899996998,-1.37,2.09,-0.0624,0.2108,0.05978,0.07767,True,2342.9975027516325,True,0.00011885618623587,-5.40934815142238e-07,0.13700000000005683,-2.533021990699935e-07,0.00011885618623587,2.168404344971009e-19,0.0,0.0
Wuwei,CN,37.92672,102.63202,1010295,1542,0.2731125054061775,True,334.6279296875,187.0,18.58548867017629,170.31982168581172,27.31125054061775,-1.85,0.38,-0.0846,0.0388,7e-05,0.70452,True,1514.3702914320236,True,1.1009459670289659e-16,-6.761529045725249e-19,18.770488670176288,0.0,1.1009459670289659e-16,1.3940188363844354e-19,18.54748867017629,0.0
Bogor,ID,-6.59444,106.78917,1127408,245,0.3060344748976977,True,319.47705078125,3580.0,5.684341886080803e-14,51.29852903280589,30.60344748976977,5.22,2.47,0.2383,0.2499,0.0,0.12402,False,3952.0058651314603,True,6.021644137780506e-05,1.0164395367051604e-19,0.0,0.0,6.021644137780506e-05,1.0164395367051604e-19,0.0,0.0
Cheongju-si,KR,36.63722,127.48972,852147,49,0.1316890549833704,True,470.4707336425781,1266.0,5.684341886080803e-14,52.69009154855256,13.16890549833704,-4.8,5.84,-0.2189,0.59,6e-05,0.00518,True,2346.9501625986536,True,4.649488768202305e-06,-7.372629816021896e-08,0.4800000000000568,-3.445407014898705e-08,4.649488768202305e-06,7.623296525288703e-21,0.0,0.0
Yixing,CN,31.36059,119.82016,1285785,8,0.0784322184296391,True,235.5490875244141,1086.0,5.684341886080803e-14,67.90125332253342,7.84322184296391,3.8,0.95,0.1735,0.0957,0.00232,0.70856,False,2533.3658012357196,True,5.879361412226328e-07,1.0587911840678754e-21,0.0,0.0,5.879361412226328e-07,1.0587911840678754e-21,0.0,0.0
Tegucigalpa,HN,14.0818,-87.20681,850848,944,0.3124423751018672,True,325.9839172363281,1136.0,5.684341886080803e-14,74.75589263081783,31.24423751018672,-4.42,2.93,-0.2014,0.2957,0.026,0.35687,True,263.786886386152,True,1.2573197869027839e-07,-1.8370459358630622e-09,0.4420000000000568,-8.584275131007235e-10,1.2573197869027839e-07,2.117582368135751e-22,0.0,0.0
Zunyi,CN,27.68667,106.90722,2037775,867,0.0692180620677416,True,900.0,1068.0,26.214999618524477,37.40682924827924,6.92180620677416,13.93,-5.58,0.6357,-0.5637,0.0,0.01416,True,2650.928833021891,True,0.0,0.0,24.821999618524476,0.0,0.0,0.0,26.772999618524477,0.0
Seongnam-si,KR,37.43861,127.13778,914832,80,0.1251497073317258,True,841.6481323242188,1314.0,0.8697642481117214,8.27514052387191,12.514970733172582,-1.45,6.33,-0.066,0.6391,0.09208,0.0,True,2254.860582259928,True,0.0,0.0,1.0147642481117214,0.0,0.0,0.0,0.23676424811172148,0.0
Weihai,CN,37.50914,122.11356,844310,14,0.11579407809397,True,900.0,708.0,2.792401007095464,2.1526573331981536,11.579407809397,-3.0,10.48,-0.1369,1.0586,0.08403,0.00014,True,2021.1393417151698,True,0.0,0.0,3.092401007095464,0.0,0.0,0.0,1.744401007095464,0.0
Bukavu,CD,-2.49077,28.84281,816811,1631,0.2586775108511142,True,696.26416015625,1436.0,11.581597619592628,2.505964048618972,25.86775108511142,26.37,21.36,1.203,2.157,0.0,0.0,False,102.09380325725355,True,0.0,0.0,8.944597619592628,0.0,0.0,0.0,9.445597619592629,0.0
Kobe,JP,34.6913,135.183,1525152,35,0.3464501999999914,True,775.5,1449.0,0.4119935912108303,1.8435619871600344,34.645019999999136,4.29,3.5,0.1955,0.3534,0.0,0.00157,False,2917.9783228383944,True,0.0,0.0,0.0,0.0,0.0,0.0,0.06199359121083026,0.0
Benxi,CN,41.28861,123.765,987717,212,0.0821459299999999,True,656.154541015625,802.0,21.637293049515563,93.11246825330252,8.21459299999999,-4.76,19.51,-0.2171,1.9705,0.00157,0.0,True,1737.946444567683,True,0.0,0.0,22.113293049515562,0.0,0.0,0.0,19.686293049515562,0.0
Longyan,CN,25.07485,117.01775,1025087,318,0.071305121177354,True,668.2405395507812,1501.0,5.684341886080803e-14,3.988065928335818,7.1305121177354005,1.87,-5.93,0.0853,-0.5993,0.35072,0.09229,True,3109.6184063559745,True,0.0,0.0,0.0,0.0,0.0,0.0,0.5930000000000568,0.0
Guiyang,CN,26.58333,106.71667,3037159,1087,0.0515039400000423,True,713.9971313476562,1113.0,25.3757534142062,49.840495897988895,5.15039400000423,12.19,-3.99,0.5561,-0.4032,0.0,0.09515,True,2772.4348881311457,True,0.0,0.0,24.1567534142062,0.0,0.0,0.0,25.774753414206202,0.0
Xiamen,CN,24.47979,118.08187,4617251,12,0.0827425507996686,True,700.76904296875,1093.0,0.0152590218967247,0.2851776679329127,8.27425507996686,5.55,-1.34,0.2531,-0.1349,4e-05,0.59795,True,3201.6834128771184,True,0.0,0.0,0.0,0.0,0.0,0.0,0.14925902189672471,0.0
Montréal,CA,45.50884,-73.58781,1762949,216,0.1345321564491395,True,900.0,1007.0,45.10566872663463,3.906986263742583,13.453215644913948,5.53,-1.17,0.2524,-0.1184,4e-05,0.59939,True,206.6015365089457,True,0.0,0.0,44.552668726634636,0.0,0.0,0.0,45.22266872663463,0.0
Bazhong,CN,31.8694,106.74432,2712894,393,0.0669995699998099,True,864.8499755859375,1049.0,101.89974822613874,72.91542454912583,6.69995699998099,9.94,6.81,0.4536,0.688,0.0,0.00144,False,2185.725002349668,True,0.0,0.0,100.90574822613874,0.0,0.0,0.0,101.21874822613874,0.0
La Paz,BO,-16.5,-68.15,2004652,3782,0.2280680000698181,True,826.513671875,547.0,33.09681849393456,83.35432659603939,22.80680000698181,-3.97,-9.17,-0.181,-0.9263,0.00174,1e-05,False,49.96697482654054,True,0.0,0.0,33.49381849393456,0.0,0.0,0.0,34.013818493934565,0.0
Yantai,CN,37.47649,121.44081,2227733,22,0.06942275,True,887.8772583007812,698.0,21.515220874341992,2.638846042441408,6.942275,-3.0,10.48,-0.1369,1.0586,0.08403,0.00014,True,1996.6217843176337,True,0.0,0.0,21.815220874341993,0.0,0.0,0.0,20.46722087434199,0.0
Guang’an,CN,30.47413,106.63696,858159,244,0.0617389367804756,True,900.0,1144.0,11.383230334935549,36.57955758059786,6.17389367804756,14.98,8.62,0.6836,0.8708,0.0,0.00152,False,2339.9888650209655,True,0.0,0.0,9.88523033493555,0.0,0.0,0.0,10.521230334935549,0.0
Wanxian,CN,30.81601,108.37407,859662,232,0.06553053,True,879.706298828125,1287.0,143.40428778515297,3.5505628796640183,6.553053,12.74,8.33,0.5813,0.8416,0.0,0.0029,False,2315.8520703136287,True,0.0,0.0,142.13028778515297,0.0,0.0,0.0,142.57128778515298,0.0
Isfahan,IR,32.65246,51.67462,1547164,1578,0.2009237,True,216.2838592529297,142.0,14.38925764858476,288.6280739341316,20.092370000000003,-9.5,-1.35,-0.4334,-0.136,0.0,0.49236,False,1428.2926983148352,True,7.199655343828144e-27,-2.241961766291464e-28,15.33925764858476,0.0,7.199655343828144e-27,-3.2293408702576055e-29,14.52425764858476,0.0
Quetta,PK,30.18414,67.00141,1565546,1683,0.2636647003322439,True,349.1476745605469,226.0,31.494621194781416,285.74772380420507,26.366470033224388,-9.56,-3.72,-0.436,-0.3758,0.0,0.058,False,1582.2907148639415,True,3.3659313823889644e-27,-1.0546609934187318e-28,32.45062119478142,0.0,3.3659313823889644e-27,-4.143861916900288e-29,31.866621194781416,0.0
Ürümqi,CN,43.80096,87.60046,3029372,862,0.2520546002296858,True,329.3302307128906,223.0,0.7171740291447577,218.11113452115293,25.20546002296858,-38.64,-38.2,-1.7629,-3.8585,0.0,0.0,False,725.705083751595,True,1.1145676948944192e-20,-1.3456953781774498e-21,4.581174029144758,0.0,1.1145676948944192e-20,-1.3313259206861282e-21,4.537174029144758,0.0
Qom,IR,34.6401,50.8764,900000,935,0.2228387004565928,True,246.07989501953125,213.0,8.85023270008395,190.1913582029917,22.28387004565928,-17.31,-7.61,-0.7897,-0.769,0.0,0.00187,False,1258.2193294056722,True,4.390951382792978e-18,-2.459479386343993e-19,10.58123270008395,0.0,4.390951382792978e-18,-1.0987435687989551e-19,9.61123270008395,0.0
Shiraz,IR,29.61031,52.53113,1249942,1545,0.2974346085091356,True,284.4859619140625,191.0,2.166781109330941,167.06127136375858,29.74346085091356,-24.14,-13.15,-1.1013,-1.3286,0.0,1e-05,False,1723.5404192864198,True,5.229078713933866e-16,-4.038945225793059e-17,4.580781109330941,-1.734723475976807e-17,5.229078713933866e-16,-2.2403769444172196e-17,3.481781109330941,-6.938893903907228e-18
Jodhpur,IN,26.26841,73.00594,1056191,237,0.0838126802212359,True,333.015625,417.0,18.60074769207296,163.01573723634954,8.38126802212359,-41.5,-26.2,-1.8935,-2.6459,0.0,0.0,False,1803.846079554098,True,3.8000499463390326e-16,-4.904768391976617e-17,22.75074769207296,-2.42861286636753e-17,3.8000499463390326e-16,-3.1748801388743665e-17,21.220747692072962,-1.3877787807814457e-17
Sanaa,YE,15.35452,44.20646,1937451,2253,0.0526933723888093,True,264.03765869140625,251.0,6.607156481269556,143.50906134517945,5.26933723888093,-1.97,-1.15,-0.0897,-0.1163,0.00015,0.27228,False,798.832020038976,True,3.804881199448267e-14,-2.4878708527577195e-16,6.804156481269556,-1.214306433183765e-16,3.804881199448267e-14,-1.4542928707784997e-16,6.722156481269556,-6.938893903907228e-17
Bishkek,KG,42.87,74.59,900000,767,0.2286191,True,446.03271484375,421.0,6.240939955748843,141.11167410704277,22.86191,-8.73,-6.12,-0.3982,-0.6183,0.0,0.00018,False,139.4986173345909,True,4.126370568394902e-14,-1.1823044697459595e-15,7.113939955748843,-5.48172618408671e-16,4.126370568394902e-14,-8.324267436721883e-16,6.852939955748843,-3.8510861166685117e-16
Konya,TR,37.87135,32.48464,1433861,1030,0.1308908002953623,True,228.1295166015625,471.0,5.8136873426413445,151.85653315660343,13.089080029536229,-24.05,-37.09,-1.0971,-3.7459,0.0,0.0,False,855.6474737735055,True,1.421027522389235e-14,-1.0936725132710337e-15,8.218687342641346,-5.134781488891349e-16,1.421027522389235e-14,-1.651048278073949e-15,9.522687342641344,-7.667477763817487e-16
Mashhad,IR,36.29807,59.60567,2307177,980,0.2156777999852094,True,260.73651123046875,279.0,14.023041123064049,110.84740925217056,21.56777999852094,-7.51,-0.14,-0.3425,-0.0141,0.0,0.92172,False,909.7105920135266,True,4.056263369416008e-11,-1.0018233503202132e-12,14.774041123064048,-4.681324772271012e-13,4.056263369416008e-11,-1.8905892521410426e-14,14.037041123064048,-8.826273045769994e-15
Gorakhpur,IN,29.44768,75.67206,1324570,218,0.1145384535457551,True,226.06674194335935,428.0,34.1954680704967,134.67239888467972,11.453845354575511,-166.21,-83.92,-7.5836,-8.4765,0.0,0.0,False,1418.877545436484,True,1.791220170045359e-13,-7.613654468298972e-14,50.8164680704967,-3.556877015142845e-14,1.791220170045359e-13,-4.367051833291235e-14,42.5874680704967,-2.0403817524439205e-14
Sulaymaniyah,IQ,35.56496,45.4329,878146,847,0.2492028713214842,True,525.6239624023438,768.0,3.555352101930282,120.1914653154235,24.92028713214842,-22.94,-12.57,-1.0467,-1.2696,0.0,0.00301,False,1368.5512974317257,True,3.0047582591419828e-12,-2.2098604764297832e-13,5.8493521019302825,-1.0326808852489933e-13,3.0047582591419828e-12,-1.2317749922477955e-13,4.812352101930282,-5.75546554859585e-14
Shymkent,KZ,42.30988,69.60042,1200000,520,0.1657323680398688,True,309.73211669921875,486.0,0.0762951094835102,108.02027800594988,16.57323680398688,-8.59,-7.87,-0.3917,-0.7951,0.0,9e-05,False,463.2738083763229,True,8.491563493643454e-11,-2.3945749399393354e-12,0.9352951094835102,-1.1189486837093199e-12,8.491563493643454e-11,-2.1964850712667372e-12,0.8632951094835102,-1.0263873084781494e-12
Tehran,IR,35.69439,51.42151,7153309,1178,0.4330289000001777,True,369.8034057617188,240.0,1.2359807736324342,106.9502179461994,43.30289000001777,-45.42,-32.0,-2.0725,-3.2319,0.0,0.0,False,1131.5131097958463,True,8.740793514792776e-11,-1.2269105100712439e-11,5.777980773632434,-5.7331812908234525e-12,8.740793514792776e-11,-8.835096949677342e-12,4.4359807736324335,-4.128510033840627e-12
Marrakesh,MA,31.63416,-7.99994,995871,457,0.1452008,True,279.8376770019531,272.0,34.6227206836042,98.7940385848495,14.520079999999998,-8.7,-15.79,-0.3969,-1.5947,0.0,0.0,False,2533.5269945618084,True,1.851377660124858e-10,-5.286676306466057e-12,35.4927206836042,-2.4703850076690514e-12,1.851377660124858e-10,-9.483172636930078e-12,36.2017206836042,-4.431354588829706e-12
Hermosillo,MX,29.08874,-110.96677,812229,202,0.070163362633263,True,294.76593017578125,304.0,23.025864042114904,90.54734758483518,7.0163362633263,-5.32,-3.75,-0.2426,-0.3792,0.0,0.00055,False,1295.8141408158374,True,1.0704711143308709e-09,-1.8797045972551553e-11,23.557864042114904,-8.783595378814013e-12,1.0704711143308709e-09,-1.3284390982260323e-11,23.400864042114904,-6.2076108142683495e-12
Karaj,IR,35.83266,50.99155,1448075,1341,0.3347232003058362,True,458.1684265136719,278.0,6.713969634546459,100.93446446943916,33.47232003058362,-45.42,-32.0,-2.0725,-3.2319,0.0,0.0,False,1137.362265315687,True,1.556156393289929e-10,-2.1843149948558072e-11,11.255969634546458,-1.0206991502004215e-11,1.556156393289929e-10,-1.5729455889176516e-11,9.913969634546458,-7.350151737250954e-12
Ordos,CN,39.6086,109.78157,1940653,1310,0.0849750370641149,True,324.4867553710937,358.0,14.969100480659222,96.54588073187392,8.49750370641149,-29.08,-28.31,-1.3267,-2.8592,0.0,0.0,False,1374.6167541440755,True,3.7277357178635927e-10,-3.440532525508363e-11,17.877100480659223,-1.6077122272362132e-11,3.7277357178635927e-10,-3.353660196371072e-11,17.80010048065922,-1.5671176162301848e-11
Quito,EC,-0.22985,-78.52495,2781641,2854,0.5291945128205688,True,608.2095947265625,1119.0,39.597161821927216,75.13167151041071,52.91945128205688,2.61,-2.43,0.1189,-0.2457,0.00047,0.06072,True,1434.1981173572105,True,1.1122646050752852e-08,9.709156732573572e-11,39.33616182192721,4.5369520640381467e-11,1.1122646050752852e-08,-8.964016981265625e-11,39.84016182192722,-4.188759755718863e-11
Kirkuk,IQ,35.46806,44.39222,1031000,346,0.1908058061616414,True,370.6116027832031,357.0,3.006027313649213,87.89915362368748,19.080580616164134,-25.62,-13.0,-1.1691,-1.313,0.0,0.00195,False,1325.503821417231,True,3.327875631510059e-09,-2.72142467063134e-10,5.568027313649212,-1.271683418291314e-10,3.327875631510059e-09,-1.4098998976820962e-10,4.306027313649213,-6.588263615214807e-11
Lu’an,CN,31.73561,116.51688,1644344,81,0.0953109421185819,True,297.3522033691406,1112.0,16.632333867399154,78.25982684319419,9.531094211858193,-1.18,-3.15,-0.0538,-0.3185,0.28625,0.12501,False,2385.0713781911113,True,2.7865287737726122e-08,-1.0927901750451897e-10,16.750333867399153,-5.106456230086209e-11,2.7865287737726122e-08,-2.9076527045200214e-10,16.947333867399156,-1.358705717380282e-10
Hefei,CN,31.86389,117.28083,5050000,24,0.0983821445081414,True,230.1564483642578,1091.0,3.082322423132723,75.70061622519975,9.83821445081414,-1.93,-0.75,-0.0883,-0.0756,0.01784,0.60966,False,2394.813706751268,True,1.2088091499001342e-07,-7.74398303466989e-10,3.275322423132723,-3.6186615509636866e-10,1.2088091499001342e-07,-3.015233647532603e-10,3.1573224231327233,-1.408979079242645e-10
Aleppo,SY,36.20124,37.16117,2098210,401,0.1731152907777781,True,324.3851013183594,354.0,22.247653925383418,80.944667912458,17.31152907777781,-14.75,-11.79,-0.6729,-1.1913,0.0,6e-05,False,1017.0707500112796,True,9.128865539091079e-09,-4.3755332259523937e-10,23.72265392538342,-2.0446251983163855e-10,9.128865539091079e-09,-3.514611976963077e-10,23.426653925383416,-1.642328807671678e-10
Kathmandu,NP,27.70169,85.3206,1442271,1296,0.4388813174745403,True,313.22491455078125,1779.0,1.3122758831159445,88.13437950287968,43.888131747454025,-39.77,-9.15,-1.8147,-0.9247,0.0,0.10227,False,1755.350662858675,True,1.3201392371402538e-08,-1.637492004144431e-09,5.289275883115945,-7.651770467242969e-10,1.3201392371402538e-08,-3.961735646575666e-10,2.2272758831159445,-1.8512634480938317e-10
Córdoba,AR,-31.40648,-64.18853,2106734,378,0.0992516499400665,True,346.3520812988281,815.0,0.0152590218967247,82.129533711114,9.92516499400665,-4.58,-23.94,-0.2089,-2.4175,0.00105,0.0,False,1009.6556618509394,True,1.4100887189073153e-08,-2.1342660364194917e-10,0.47325902189672464,-9.973127185203268e-11,1.4100887189073153e-08,-1.0804851133439763e-09,2.4092590218967245,-5.048955559194823e-10
Arequipa,PE,-16.39899,-71.53747,1008290,2397,0.5941330976280723,True,435.9530944824219,59.0,0.8239871824216607,63.17836980936092,59.41330976280723,2.49,-0.66,0.1138,-0.0667,8e-05,0.52288,True,172.83000135788603,True,5.229125356603996e-07,4.3538570793932696e-09,0.5749871824216607,2.034514830911993e-09,5.229125356603996e-07,-1.1479945778928964e-09,0.8899871824216606,-5.364466128254808e-10
Bannu,PK,32.98527,70.60403,1357890,379,0.2527685959281018,True,283.909912109375,330.0,15.640497444113862,77.0479338800971,25.27685959281018,-8.13,-11.46,-0.371,-1.1579,0.0,0.0,False,1150.768437625961,True,3.663172151428041e-08,-9.784227672992207e-10,16.45349744411386,-4.572034348337972e-10,3.663172151428041e-08,-1.3715946670801262e-09,16.786497444113863,-6.409272244878306e-10
Jaipur,IN,26.91962,75.78781,3046163,435,0.0645149268963529,True,382.1997375488281,612.0,11.810482948043044,78.01301884391924,6.451492689635289,-78.81,-45.48,-3.5958,-4.5934,0.0,0.0,False,1698.350053779435,True,1.424538485827013e-08,-3.288196763014549e-09,19.691482948043046,-1.5365282483859044e-09,1.424538485827013e-08,-2.002014605096657e-09,16.358482948043044,-9.355133646915537e-10
Hohhot,CN,40.81056,111.65222,2350000,1051,0.1767671363819321,True,238.4240264892578,284.0,3.204394598306294,77.35917199553887,17.67671363819321,-13.94,-10.45,-0.6359,-1.0557,0.0,0.0,False,1290.676399222815,True,6.290806186603757e-08,-2.853463097453223e-09,4.598394598306294,-1.3333844514629156e-09,6.290806186603757e-08,-2.1514552483478234e-09,4.249394598306294,-1.0053457545622368e-09
Eskişehir,TR,39.77667,30.52056,921630,794,0.2589663756735736,True,255.27093505859372,428.0,0.8545052262150534,81.96021192692872,25.89663756735736,-19.7,-28.58,-0.899,-2.8862,0.0,0.0,False,723.4136667804806,True,2.8483904913031635e-08,-1.8086010169999629e-09,2.824505226215053,-8.45134129345837e-10,2.8483904913031635e-08,-2.5858519568883225e-09,3.712505226215053,-1.208332680441293e-09
Almaty,KZ,43.25249,76.9115,1977011,783,0.3968644310264769,True,454.9982604980469,517.0,5.684341886080803e-14,73.56998639267314,39.68644310264769,-18.34,-14.5,-0.8367,-1.4642,0.0,0.0,False,69.57401394432787,True,6.55831151062378e-08,-3.885450769822495e-09,1.834000000000057,-1.8156183050066499e-09,6.55831151062378e-08,-3.0914447076924874e-09,1.4500000000000566,-1.4445900829718195e-09
Homs,SY,34.72405,36.72559,775404,508,0.2051711999995663,True,286.3260498046875,383.0,3.616388189517068,68.52741857313096,20.51711999995663,-8.88,-3.86,-0.4053,-0.3894,0.0,0.03671,False,1175.9211755166116,True,2.971263683660909e-07,-8.65750918301554e-09,4.504388189517068,-4.045552736559044e-09,2.971263683660909e-07,-3.794760996517075e-09,4.002388189517068,-1.7732474828779932e-09
Meizhou,CN,24.28859,116.11768,992351,84,0.0582796099993988,True,219.72723388671875,1520.0,12.49713893339441,69.04694859391644,5.82796099993988,2.09,-4.62,0.0952,-0.4666,0.28025,0.18244,True,3171.9416509607663,True,4.01021955608834e-07,2.800726179392193e-09,12.28813893339441,1.3087491090857384e-09,4.01021955608834e-07,-6.122344277436626e-09,12.95913893339441,-2.8609051620775983e-09
León de los Aldama,MX,21.12183,-101.68253,1579803,1803,0.0725108399999994,True,298.2978515625,606.0,4.27252613107504,73.25153582460912,7.251083999999939,-23.6,-32.21,-1.0766,-3.2531,0.0,0.0,False,502.7410962381394,True,8.11754619308019e-08,-6.135183534517081e-09,6.632526131075039,-2.8668885841687253e-09,8.11754619308019e-08,-8.256135199994118e-09,7.49352613107504,-3.8579806363459035e-09
Santiago,CL,-33.45694,-70.64827,4837295,556,0.4173637999999916,True,307.89996337890625,451.0,2.395666437781358,67.17842696066505,41.736379999999166,-6.55,-5.39,-0.2991,-0.5445,0.0,0.00773,False,1578.274063454553,True,4.6708529778133715e-07,-1.0077523839475835e-08,3.0506664377813584,-4.709123063717513e-09,4.6708529778133715e-07,-8.308781069715971e-09,2.934666437781358,-3.882607853278319e-09
Chuzhou,CN,32.32194,118.29778,782671,24,0.0542267150809773,True,326.5135192871094,976.0,2.075226977950763,46.08184492991453,5.42267150809773,1.47,-0.25,0.0669,-0.0253,0.14743,0.8991,True,2380.4163411944746,True,2.1592851042642695e-05,1.0595599260635949e-07,1.9282269779507628,4.9530708187695005e-08,2.1592851042642695e-05,-1.7968180369026696e-08,2.1002269779507627,-8.399484548865521e-09
Mexicali,MX,32.62781,-115.45446,1032686,4,0.6835515193668443,True,227.1408843994141,67.0,19.577325093461525,50.8843489175372,68.35515193668444,-5.73,-0.59,-0.2616,-0.0592,0.0,0.55784,False,937.5287599291893,True,1.2858080145618672e-05,-2.4301480280829914e-07,20.150325093461525,-1.1358298302246994e-07,1.2858080145618672e-05,-2.52371460468918e-08,19.636325093461526,-1.1795642993611688e-08
Kabul,AF,34.52813,69.17233,4434550,1798,0.3410787,True,372.2310180664063,347.0,2.441443503471476,62.74509247334692,34.10787,-8.91,-11.84,-0.4067,-1.1962,0.0,0.0,False,1063.1826578896905,True,7.119544339759629e-07,-2.081358747655294e-08,3.332443503471476,-9.726016221567324e-09,7.119544339759629e-07,-2.7524184438935975e-08,3.625443503471476,-1.2861821569593035e-08
Erbil,IQ,36.19117,44.00943,1612700,429,0.1994300000000405,True,343.24786376953125,648.0,1.4190890363927906,62.98119082862433,19.943000000004048,-25.62,-13.0,-1.1691,-1.313,0.0,0.00195,False,1239.1397517614653,True,8.064000658008629e-07,-6.594463430136362e-08,3.9810890363927904,-3.0815418033264264e-08,8.064000658008629e-07,-3.416421230208309e-08,2.7190890363927904,-1.5964676903373887e-08
Tashkent,UZ,41.26465,69.21627,1978028,424,0.170258,True,301.8589782714844,453.0,15.182726787212973,55.30665842023168,17.0258,-17.96,-18.31,-0.8196,-1.8495,0.0,0.0,False,568.2558113717399,True,2.6939658649995846e-06,-1.563937502950024e-07,16.978726787212974,-7.308397370967001e-08,2.6939658649995846e-06,-1.5934956026560677e-07,17.013726787212974,-7.446524395368637e-08
Santiago de Querétaro,MX,20.58806,-100.38806,1594212,1826,0.1017961999998979,True,283.23876953125,593.0,0.3356984817273769,57.65609446211876,10.179619999989791,-23.28,-30.89,-1.0622,-3.1198,0.0,0.0,False,449.64288367670156,True,2.7979482576912805e-06,-2.0870878636350176e-07,2.6636984817273768,-9.753131715792285e-08,2.7979482576912805e-06,-2.734989146832626e-07,3.424698481727377,-1.2780819899638196e-07
Ankara,TR,39.91987,32.85427,3517182,874,0.1666255618933042,True,432.7453308105469,400.0,9.079118028534424,47.80716762693401,16.66255618933042,-13.53,-21.78,-0.6175,-2.1996,0.0,0.0,False,628.4217398270719,True,7.448007050467005e-06,-3.2811962177543686e-07,10.432118028534424,-1.533454301212711e-07,7.448007050467005e-06,-5.21057003515195e-07,11.257118028534425,-2.4351354999119224e-07
Çankaya,TR,39.9179,32.86268,792189,889,0.1666255618933042,True,451.9446411132813,400.0,0.5340657663844013,47.093533997494,16.66255618933042,-13.53,-21.78,-0.6175,-2.1996,0.0,0.0,False,628.4016892008782,True,1.0546700209910275e-05,-4.646302036861053e-07,1.8870657663844013,-2.1715476533276656e-07,1.0546700209910275e-05,-7.378371332956161e-07,2.712065766384401,-3.4484297606676706e-07
Peshawar,PK,34.008,71.57849,4758762,340,0.2901222617456738,True,287.96417236328125,530.0,8.209353780422703,50.23090092866646,29.01222617456738,-16.56,-21.85,-0.7555,-2.2067,0.0,0.0,False,1010.6059829641351,True,1.3142100944880229e-05,-7.05089826656556e-07,9.865353780422703,-3.2955309707885516e-07,1.3142100944880229e-05,-9.222554284166065e-07,10.394353780422703,-4.3105365760479075e-07
Ciudad Nezahualcoyotl,MX,19.40061,-99.01483,1077208,2235,0.2175630999998143,True,198.61001586914065,648.0,5.684341886080803e-14,54.83326678530531,21.75630999998143,-19.23,-24.26,-0.8774,-2.4499,0.0,0.0,False,507.43352783980407,True,1.3251017793287787e-05,-8.219328501051651e-07,1.9230000000000567,-3.8416489381298824e-07,1.3251017793287787e-05,-1.0283824039697595e-06,2.426000000000057,-4.806568995249783e-07
Tijuana,MX,32.5027,-117.00371,1922523,97,0.1454692999529328,True,576.450927734375,266.0,62.3941405355917,11.304429362805186,14.54692999529328,-7.69,-0.29,-0.351,-0.0297,0.0,0.82237,False,999.4981259141011,True,0.0011659267682605486,-2.9444163631765254e-05,63.1631405355917,-1.4041962431581706e-05,0.0011659267682605486,-1.124081137501582e-06,62.423140535591706,-5.362101440607725e-07
Ecatepec de Morelos,MX,19.60492,-99.06064,1645352,2306,0.1769872000143959,True,500.3542175292969,627.0,16.510261692225583,42.08730703197381,17.69872000143959,-19.23,-24.26,-0.8774,-2.4499,0.0,0.0,False,486.79316854414486,True,1.6441702495208754e-05,-1.0198412800038597e-06,18.43326169222558,-4.766918042381496e-07,1.6441702495208754e-05,-1.2760006844844204e-06,18.936261692225585,-5.964238767239283e-07
Lusaka,ZM,-15.40669,28.28713,2212301,1277,0.0653223858044363,True,315.5809936523437,818.0,16.60181582360576,42.70270298602353,6.532238580443631,-9.84,-14.14,-0.4488,-1.4279,0.00352,0.00616,False,687.5515185072355,True,2.7791972952167508e-05,-8.958827020701838e-07,17.585815823605763,-4.1883595584477074e-07,2.7791972952167508e-05,-1.2782534903820531e-06,18.015815823605763,-5.975968839291856e-07
Gustavo Adolfo Madero,MX,19.49392,-99.11075,1185772,2284,0.208636099855132,True,467.4730529785156,648.0,14.023041123064049,42.26764365722688,20.8636099855132,-19.23,-24.26,-0.8774,-2.4499,0.0,0.0,False,500.10579475008166,True,2.0952951171524775e-05,-1.2996582396092651e-06,15.946041123064049,-6.075301819362389e-07,2.0952951171524775e-05,-1.6261009947454318e-06,16.44904112306405,-7.601248925293014e-07
Los Angeles,US,34.05223,-118.24368,3820914,96,0.4290697,True,310.8283386230469,406.0,27.450980392156907,21.770203780158184,42.90697,-13.62,-0.27,-0.6216,-0.0272,0.0,0.88904,False,901.3082544526798,True,0.0021991142102822567,-9.730697203835185e-05,28.812980392156906,-4.7233296828545074e-05,0.0021991142102822567,-1.9719927028859566e-06,27.47798039215691,-9.580223525457177e-07
Rawalpindi,PK,33.59733,73.0479,3357612,501,0.3984775999894386,True,265.31805419921875,947.0,6.500343327992709,48.5603920148053,39.84775999894386,-16.42,-19.45,-0.7493,-1.9647,0.0,0.0,False,1009.8484310399116,True,3.195855593760266e-05,-1.7004825721242292e-06,8.142343327992709,-7.950490476214822e-07,3.195855593760266e-05,-2.0042393467341197e-06,8.44534332799271,-9.370659407106907e-07
Gaziantep,TR,37.05944,37.3825,2222415,842,0.192733631962112,True,428.8000793457031,532.0,0.1220721751736277,43.13763314856911,19.2733631962112,-23.09,-20.9,-1.0534,-2.1107,0.0,0.0,False,925.7337290477737,True,3.0050663042978227e-05,-2.223928038178449e-06,2.4310721751736275,-1.0397424902094943e-06,3.0050663042978227e-05,-2.0202599536026003e-06,2.2120721751736276,-9.445242221545191e-07
Chaozhou,CN,23.65396,116.62262,1750945,23,0.0802770209793662,True,287.3603515625,1560.0,0.7171740291447577,25.946520627101503,8.02770209793662,7.17,-0.22,0.3271,-0.022,0.0,0.93856,True,3252.8878201400507,True,0.0028142120884351116,6.780499793690746e-05,0.0001740291447577258,3.332141565000682e-05,0.0028142120884351116,-2.0551410850402907e-06,0.7391740291447577,-1.009334562741826e-06
Culiacán,MX,24.80209,-107.39421,808416,47,0.1008736010758394,True,375.4324951171875,638.0,19.94354161898224,34.02929276481546,10.08736010758394,-3.41,-5.67,-0.1557,-0.5729,0.00296,0.0018,False,964.7636790196556,True,0.00011100851823805163,-1.253267595419791e-06,20.284541618982242,-5.867793054781245e-07,0.00011100851823805163,-2.0760736625047375e-06,20.51054161898224,-9.720096471876882e-07
Iztapalapa,MX,19.35529,-99.06224,1835486,2238,0.2343617999998143,True,186.9036407470703,648.0,5.684341886080803e-14,49.31674439288145,23.43617999998143,-19.23,-24.26,-0.8774,-2.4499,0.0,0.0,False,513.5835255306081,True,4.7393939728248984e-05,-2.9396525625891026e-06,1.9230000000000567,-1.374774935954115e-06,4.7393939728248984e-05,-3.6780237909959078e-06,2.426000000000057,-1.720074661787363e-06
Alīgarh,IN,27.88145,78.07464,753207,189,0.1183113748902241,True,234.1776428222656,803.0,6.424048218509199,38.97481484924177,11.83113748902241,-101.7,-7.19,-4.64,-0.726,0.0,0.312,False,1588.8196619853954,True,0.00017977560095657708,-5.163859399734077e-05,16.5940482185092,-2.4195816267263276e-05,0.00017977560095657708,-4.252447099770563e-06,7.1430482185091995,-1.9933651309693434e-06
Ahvaz,IR,31.31901,48.6842,841145,23,0.2630809,True,210.4767303466797,254.0,14.328221560997974,30.53754593657927,26.30809,-6.89,-1.46,-0.3143,-0.1475,0.0,0.47954,False,1680.1699692851062,True,0.0009302363362460756,-2.1080897606447755e-05,15.017221560997974,-1.0012419038162024e-05,0.0009302363362460756,-4.507470208927299e-06,14.474221560997975,-2.1411468270997325e-06
Santa Cruz de la Sierra,BO,-17.78629,-63.18117,1831434,433,0.2547707,True,268.4552001953125,1257.0,1.5106431677729688,42.13985582001263,25.47707,0.67,-9.83,0.0307,-0.9932,0.60812,0.0,True,596.6122571731579,True,0.00014046733967149362,3.1370238179269675e-07,1.4436431677729689,1.4695393222088904e-07,0.00014046733967149362,-4.522987402349576e-06,2.493643167772969,-2.118703521038906e-06
Maoming,CN,21.66625,110.91364,1307802,31,0.0668608739610053,True,287.4617614746094,1878.0,11.230640115968583,18.24871947576607,6.686087396100531,6.15,-0.18,0.2804,-0.0184,4e-05,0.94396,True,3356.5363005519257,True,0.010676190802561011,0.00021849065648714416,10.615640115968583,0.0001235262234138973,0.010676190802561011,-6.329131997365525e-06,11.248640115968584,-3.571160548269947e-06
San Pedro Sula,HN,15.50585,-88.02588,801259,90,0.3644254999999999,True,385.2497253417969,1646.0,14.0993362325475,19.502948465874848,36.44254999999999,-0.24,-0.41,-0.0108,-0.041,0.63697,0.60066,False,444.64905373510925,True,0.006673964150721587,-5.296145971629002e-06,14.1233362325475,-2.7845753525213013e-06,0.006673964150721587,-9.045056744078246e-06,14.1403362325475,-4.755497413522214e-06
Mexico City,MX,19.42847,-99.12766,12294193,2240,0.2219640727916876,True,212.8583984375,648.0,5.684341886080803e-14,43.43998910849127,22.19640727916876,-19.23,-24.26,-0.8774,-2.4499,0.0,0.0,False,507.58974517763437,True,0.00012126131231742666,-7.5208229207878645e-06,1.9230000000000567,-3.5216894207976135e-06,0.00012126131231742666,-9.409886670879518e-06,2.426000000000057,-4.406185974362847e-06
Yerevan,AM,40.17765,44.5126,1144700,1002,0.2668403281842528,True,409.4377136230469,366.0,13.778896772716903,22.49153647086504,26.68403281842528,-11.55,-2.1,-0.5269,-0.2119,0.0,0.43607,False,931.2819328989676,True,0.001472756759294082,-5.5490195434266046e-05,14.933896772716903,-2.6601244437877286e-05,0.001472756759294082,-1.0248051583200846e-05,13.988896772716904,-4.914742378871878e-06
Guatemala City,GT,14.64072,-90.51327,994938,1508,0.7158972990198481,True,303.26348876953125,1286.0,28.61066605630583,27.688106183355178,71.58972990198481,-7.89,-2.91,-0.3598,-0.2942,0.00737,0.48463,False,575.7479439161126,True,0.001257323090425434,-3.256440340524249e-05,29.399666056305833,-1.555470860726757e-05,0.001257323090425434,-1.2109897436108014e-05,28.90166605630583,-5.785458507601149e-06
Sargodha,PK,32.08586,72.67418,975886,187,0.184708032842362,True,224.9229888916016,400.0,16.69336995498594,34.150165997595764,18.4708032842362,-13.4,-11.71,-0.6116,-1.1823,0.0,1e-05,False,1181.240581988264,True,0.0003467951619116838,-1.5129496780274046e-05,18.03336995498594,-7.112366813031429e-06,0.0003467951619116838,-1.3258344263970996e-05,17.86436995498594,-6.232842382384446e-06
Faisalabad,PK,31.41554,73.08969,3800193,186,0.2352902999999999,True,224.0375213623047,362.0,16.174563210498263,36.52755469068954,23.529029999999988,-26.03,-21.48,-1.1876,-2.1694,0.0,0.0,False,1243.2314797337406,True,0.00023175199113475672,-1.9238146266059277e-05,18.777563210498265,-9.025120665754477e-06,0.00023175199113475672,-1.599442590382357e-05,18.322563210498263,-7.5036214187695904e-06
Lüliang,CN,37.5192,111.14436,3346500,959,0.08261043,True,405.2712707519531,492.0,0.1831082627604132,31.717494205758204,8.261042999999999,-34.24,-19.6,-1.5621,-1.9793,0.0,0.0,False,1629.9537224881017,True,0.00025723097422806937,-2.7712635627658548e-05,3.6071082627604136,-1.3005614275168886e-05,0.00025723097422806937,-1.624887188348182e-05,2.143108262760413,-7.626412612336819e-06
Naucalpan de Juárez,MX,19.47851,-99.23963,834434,2300,0.2131674108778622,True,398.6851806640625,880.0,19.699397268635096,32.02633587517517,21.31674108778622,-19.23,-24.26,-0.8774,-2.4499,0.0,0.0,False,505.6513963221126,True,0.00022020336954396943,-1.3656101863700464e-05,21.622397268635094,-6.405444015356726e-06,0.00022020336954396943,-1.7086237816174202e-05,22.125397268635098,-8.014118491182776e-06
Meerut,IN,28.98002,77.70636,1223184,228,0.1854663015917488,True,245.0377349853516,917.0,7.84313725490199,35.588906420345765,18.54663015917488,-184.82,-23.45,-8.4326,-2.3689,0.0,0.02108,False,1465.7030921257644,True,0.00038938339209473936,-0.00017892397961670866,26.325137254901986,-8.405359863344897e-05,0.00038938339209473936,-2.923894534432697e-05,10.188137254901989,-1.3753854677844152e-05
Chandigarh,IN,30.73629,76.7884,970602,351,0.2426430999999998,True,319.9261779785156,1008.0,5.61532005798432,37.932361302421846,24.26430999999998,-146.7,-56.34,-6.6935,-5.6908,0.0,0.0,False,1269.8983744920179,True,0.00017858991877334218,-6.901042664560415e-05,20.28532005798432,-3.232992735636986e-05,0.00017858991877334218,-3.054576408393047e-05,11.24932005798432,-1.4314915566027153e-05
Bucharest,RO,44.43225,26.10626,1877155,83,0.3229623135362622,True,267.0908203125,579.0,0.2899214160372594,35.102746784109364,32.29623135362622,-16.95,-20.96,-0.7734,-2.1168,0.0,0.0,False,623.3006986097378,True,0.00047014595361485537,-2.5790200170951302e-05,1.9849214160372592,-1.2149301417973407e-05,0.00047014595361485537,-3.168179054454387e-05,2.3859214160372595,-1.4923946299330582e-05
Anshun,CN,26.25,105.93333,765313,1374,0.101610587258357,True,444.9998474121094,1189.0,0.1831082627604132,19.845735002664757,10.1610587258357,9.81,-2.57,0.4477,-0.2598,0.0,0.32445,True,2806.3945720094857,True,0.003833614644064313,2.3356462173594085e-05,0.0,1.1682188945472821e-05,0.003833614644064313,-3.254429294229609e-05,0.44010826276041315,-1.626962208925095e-05
Datong,CN,40.09361,113.29139,1850000,1054,0.2004275999999999,True,263.5890808105469,369.0,4.1809719996948616,28.052323729160864,20.04275999999999,-14.63,-7.43,-0.6676,-0.7504,0.0,0.0,False,1412.2999286071165,True,0.0013707668878951834,-6.509516595025683e-05,5.643971999694862,-3.114684503821227e-05,0.0013707668878951834,-3.345445184655847e-05,4.923971999694862,-1.6011822200793363e-05
Gujranwala,PK,32.15567,74.18705,2511118,230,0.1442940429027946,True,230.1870574951172,585.0,17.807278553444746,34.60648428963618,14.42940429027946,-34.0,-37.77,-1.5511,-3.8148,0.0,0.0,False,1139.3777320346858,True,0.0002962394826117838,-3.170280701548367e-05,21.207278553444745,-1.4887960169001485e-05,0.0002962394826117838,-3.500220549767548e-05,21.584278553444747,-1.6436911432573392e-05
Amritsar,IN,31.62234,74.87534,1159227,244,0.2266374003158889,True,236.2508087158203,657.0,14.450293736171544,36.24051650161184,22.66374003158889,-56.17,-60.47,-2.5629,-6.1073,0.0,0.0,False,1186.6507576398812,True,0.00027238489869164164,-4.6456867343788456e-05,20.067293736171543,-2.1804563614384598e-05,0.00027238489869164164,-4.9668164173728675e-05,20.497293736171542,-2.3311125823387985e-05
Nanjing,CN,32.06167,118.77778,9314685,22,0.058399089010373,True,239.25901794433597,1044.0,8.865491721980675,7.597868102461106,5.8399089010373,1.47,-0.25,0.0669,-0.0253,0.14743,0.8991,True,2423.931815327545,True,0.08265960941279751,0.0003719398415271552,8.718491721980675,0.0007342975240237082,0.08265960941279751,-6.310404790044188e-05,8.890491721980675,-0.00012412200829901854
Qujing,CN,25.48333,103.78333,1408500,1887,0.1917821182272825,True,601.1237182617188,981.0,5.684341886080803e-14,11.376667567385027,19.17821182272825,5.38,-1.66,0.2456,-0.1679,0.00317,0.59884,True,2891.2048222113817,True,0.01349855968589292,2.42861286636753e-17,0.0,2.0816681711721685e-17,0.01349855968589292,-7.341249774451934e-05,0.16600000000005682,-4.350921815731573e-05
Cochabamba,BO,-17.38195,-66.15995,841276,2537,0.2752713000102564,True,283.78692626953125,836.0,0.0152590218967247,26.976166774381,27.52713000102564,-4.12,-13.44,-0.188,-1.3577,0.00854,0.0,False,283.219059458747,True,0.0024375299502243427,-3.313371784152176e-05,0.42725902189672466,-1.616038960382607e-05,0.0024375299502243427,-0.0001064382383508056,1.3592590218967247,-5.1879755536100164e-05
San Diego,US,32.71571,-117.16472,1404452,20,0.2093355109849011,True,345.15380859375,301.0,13.656824597543334,1.0087655487028435,20.93355109849011,-7.69,-0.29,-0.351,-0.0297,0.0,0.82237,False,983.8186831162507,True,0.13111305803156692,-0.002889834960140558,14.425824597543334,-0.012472976815781439,0.13111305803156692,-0.00010997569925727535,13.685824597543334,-0.0004855357889398393
Milan,IT,45.46427,9.18951,1371498,127,0.0906286899990103,True,236.84722900390625,924.0,10.055695429922991,26.356962115957,9.062868999901031,-16.24,-17.59,-0.7409,-1.7761,0.0,0.0,False,802.151238908465,True,0.0020290022551299907,-0.00010660728186357403,11.679695429922992,-5.158803046378252e-05,0.0020290022551299907,-0.00011521351011773632,11.814695429922992,-5.57484048866741e-05
Putian,CN,25.43944,119.01028,1539389,23,0.0725754700111157,True,454.3734130859375,1205.0,1.6937514305333252,9.506761385672382,7.257547001111569,2.94,-1.38,0.1341,-0.1389,0.00234,0.43735,True,3125.984208574938,True,0.025818356602224857,0.00024738732792103577,1.3997514305333252,0.0001825754735440277,0.025818356602224857,-0.00011533092424995464,1.8317514305333251,-8.484565744483474e-05
Karbala,IQ,32.61603,44.02488,1218732,32,0.1316135122730927,True,266.0051574707031,95.0,3.93682764934772,18.32849958572826,13.16135122730927,-10.15,-5.19,-0.4631,-0.5238,0.0,0.00681,False,1587.9899297585152,True,0.007452212232333978,-0.00024588707243493844,4.95182764934772,-0.00013079165646743066,0.007452212232333978,-0.0001267524036639659,4.45582764934772,-6.749272926817249e-05
Gurugram,IN,28.4601,77.02635,886519,228,0.245183804485506,True,272.1584167480469,661.0,5.706874189364498,27.08891191930653,24.5183804485506,-184.82,-23.45,-8.4326,-2.3689,0.0,0.02108,False,1522.6526476800477,True,0.0018697660882393188,-0.0008584804247931839,24.188874189364494,-0.0004115150431995736,0.0018697660882393188,-0.00014020910195235896,8.051874189364497,-6.76372943861081e-05
Abū Ghurayb,IQ,33.30563,44.18477,900000,42,0.0786549269613512,True,229.891357421875,146.0,20.73701075761045,17.7403234107251,7.865492696135119,-12.75,-8.38,-0.5819,-0.8459,0.0,0.00307,False,1525.6697294522855,True,0.005514152200465893,-0.00022800502790565596,22.012010757610447,-0.00011721781583209911,0.005514152200465893,-0.00015093363352171318,21.57501075761045,-7.764807700039525e-05
Xinyang,CN,32.12278,114.06556,1230042,89,0.05836012,True,239.5323028564453,1082.0,0.686655985351365,14.430962681166656,5.836012,-1.91,-1.64,-0.0872,-0.1653,0.12226,0.4442,False,2278.352371024695,True,0.028754863381546765,-0.00017709918392372695,0.8776559853513649,-0.00013709189496017432,0.028754863381546765,-0.0001521286186246945,0.8506559853513649,-0.00011778800076608226
Jalandhar,IN,31.32556,75.57917,868929,243,0.2688223032851797,True,234.9681854248047,672.0,8.682383459220318,32.012843260117485,26.88223032851797,-56.17,-60.47,-2.5629,-6.1073,0.0,0.0,False,1211.5272367978012,True,0.0008477983053429679,-0.00014452801428573698,14.299383459220318,-6.846906842156858e-05,0.0008477983053429679,-0.00015451945573739215,14.729383459220319,-7.319597237482114e-05
Bursa,TR,40.19559,29.06013,3101833,155,0.4104262999848779,True,534.7181396484375,600.0,2.1362630655375483,18.907002207839582,41.04262999848779,-13.74,-18.15,-0.6268,-1.8334,0.0,0.0,False,754.8716052337646,True,0.0035514111433837324,-0.00015829175119136266,3.510263065537548,-7.865242285872223e-05,0.0035514111433837324,-0.0002075912334527463,3.9512630655375482,-0.0001031035690953995
Jinjiang,CN,24.81978,118.57415,1416151,33,0.071012860000007,True,456.3364868164063,1112.0,10.009918364232874,4.433820347710244,7.101286000000701,2.94,-1.38,0.1341,-0.1389,0.00234,0.43735,True,3179.153486269537,True,0.05062822594008854,0.0004726416311022011,9.715918364232873,0.0005386681642209484,0.05062822594008854,-0.0002204223712929873,10.147918364232874,-0.0002497095555064194
Huainan,CN,32.62639,116.99694,1666826,47,0.0631583100000002,True,436.29193115234375,897.0,11.459525444419056,4.074616659629847,6.315831000000021,-5.12,-1.49,-0.2336,-0.1504,0.0,0.40331,False,2305.9801799636916,True,0.048565813333243696,-0.0007817777496465367,11.971525444419056,-0.0008503809077664015,0.048565813333243696,-0.00022875329128812377,11.608525444419055,-0.0002500223531703913
İzmir,TR,38.41273,27.13838,2938292,122,0.7108020999973488,True,527.6024169921875,679.0,90.42496375982302,2.3178310335841,71.08020999973488,-4.4,-11.36,-0.2008,-1.1472,0.02173,7e-05,False,1011.9963695346007,True,0.007263523014183003,-0.00010489295865060647,90.86496375982301,-5.567807705811681e-05,0.007263523014183003,-0.0002677518344905046,91.56096375982301,-0.00014192089554637688
Bahawalpur,PK,29.39779,71.6752,903795,121,0.1190218000000238,True,218.0327911376953,136.0,22.384985122453656,6.163876555104304,11.90218000000238,-10.83,-1.31,-0.4939,-0.1318,0.0,0.67787,False,1494.5742965516665,True,0.06676634589566421,-0.0022122864097457173,23.467985122453655,-0.003255369034261199,0.06676634589566421,-0.0002712956593523691,22.515985122453657,-0.0004059029323435076
Trujillo,PE,-8.11599,-79.02998,919899,31,0.6669608730816291,True,292.241455078125,18.0,18.76859693293665,7.293542108476252,66.69608730816292,1.84,-1.64,0.0841,-0.166,0.00034,0.04816,True,1276.0278458836508,True,0.05737262951288018,0.0003322652558971559,18.58459693293665,0.00042504061638730384,0.05737262951288018,-0.00029463427189230923,18.93259693293665,-0.0003748668333438121
Algiers,DZ,36.73225,3.08746,2364230,113,0.360220200010265,True,441.31878662109375,699.0,52.33844510566877,2.5318003149771924,36.0220200010265,-5.19,-3.41,-0.2367,-0.3448,0.0,0.0,False,1735.8405441333812,True,0.027465969926421134,-0.00045789751126737097,52.857445105668766,-0.00034569340836372586,0.027465969926421134,-0.00030169605062355456,52.67944510566877,-0.00022807942790491198
Malatya,TR,38.35018,38.31667,750491,963,0.2950226995043289,True,395.4807434082031,442.0,0.8850232700084462,19.097429352391543,29.50226995043289,-18.43,-18.48,-0.8408,-1.8667,0.0,3e-05,False,804.2089776617998,True,0.005212479887680773,-0.000308759607337665,2.728023270008446,-0.00015777769736740818,0.005212479887680773,-0.0003095720060558825,2.733023270008446,-0.0001581917029250847
Sofia,BG,42.69751,23.32415,1152556,562,0.2816335999999533,True,298.1591796875,616.0,12.61921110856798,21.31815767610219,28.16335999999533,-17.34,-24.62,-0.791,-2.487,0.0,0.0,False,908.5368594606833,True,0.0041603511250150535,-0.00023250692097230834,14.35321110856798,-0.0001167022669447855,0.0041603511250150535,-0.00032622167916352904,15.08121110856798,-0.00016360511123233307
Bengbu,CN,32.94083,117.36083,972784,31,0.0847586799999958,True,232.01014709472656,825.0,6.927595941100208,4.665622431255438,8.47586799999958,-1.93,-0.75,-0.0883,-0.0756,0.01784,0.60966,False,2284.808924075391,True,0.1577664663164499,-0.0008521049654270918,7.120595941100207,-0.005742480810409789,0.1577664663164499,-0.0003315747518776446,7.002595941100208,-0.0022437529328899197
Kayseri,TR,38.73222,35.48528,1452458,1054,0.1602327415417343,True,237.0069732666016,385.0,0.671396963454697,25.2353942423577,16.023274154173432,-24.7,-33.96,-1.127,-3.4303,0.0,0.0,False,724.9124904805553,True,0.0031482191456256503,-0.0002478600532019623,3.1413969634546968,-0.00012218595459875456,0.0031482191456256503,-0.0003356824121458911,4.067396963454697,-0.00016535086450342532
Huizhou,CN,23.11147,114.41523,2900113,25,0.0866846999999999,True,333.48883056640625,1854.0,18.49393453879611,0.2290439187071343,8.66846999999999,5.46,-0.66,0.249,-0.0666,2e-05,0.79157,True,3260.276991579713,True,0.21742360677308598,0.0031095341916003716,17.947934538796112,0.05311696002993571,0.21742360677308598,-0.00037372469828791943,18.55993453879611,-0.006227009236422498
Lima,PE,-12.04318,-77.02824,7737002,152,0.5729318000000077,True,326.41680908203125,22.0,8.041504539559014,8.338886876920188,57.29318000000077,1.4,-2.64,0.0638,-0.2668,0.03925,0.02388,True,850.3577842995916,True,0.05130402893254097,0.0002273837510881685,7.901504539559014,0.000261644474064085,0.05130402893254097,-0.00042620070587798264,8.305504539559013,-0.0004876490535262179
Tbilisi,GE,41.69143,44.83412,1049498,433,0.2589542,True,537.6358032226562,591.0,43.32036316472119,1.715992670810635,25.89542,-15.94,-5.84,-0.7275,-0.59,0.0,0.03761,False,854.6205126986129,True,0.025422337319182007,-0.0012825088923929528,44.914363164721195,-0.0009274543952510067,0.025422337319182007,-0.0004774035438100642,43.9043631647212,-0.000347677225824905
Adana,TR,36.98615,35.32531,1816750,30,0.244605180957939,True,237.5637664794922,695.0,12.268253604943936,21.956628132559462,24.4605180957939,-23.3,-31.44,-1.0629,-3.1756,0.0,0.0,False,919.0597950037104,True,0.0056747011359794715,-0.00042142117921928606,14.598253604943936,-0.00021689823962465007,0.0056747011359794715,-0.000561186676702157,15.412253604943936,-0.00028847730782146155
Budapest,HU,47.49835,19.04045,1741041,104,0.0753313029959833,True,425.91802978515625,523.0,39.71923399710079,1.0130254947993622,7.53313029959833,-10.27,-5.76,-0.4685,-0.5819,0.0,0.00075,False,1090.5146975587056,True,0.03278393378109828,-0.0010672670986233979,40.74623399710079,-0.0008796522160419915,0.03278393378109828,-0.0006027864178109257,40.29523399710079,-0.0004988392789183546
Quanzhou,CN,24.91389,118.58583,1469157,14,0.0701559140831337,True,282.0137634277344,1158.0,5.935759517814915,3.4805807584817794,7.0155914083133695,2.94,-1.38,0.1341,-0.1389,0.00234,0.43735,True,3169.4548338914474,True,0.1603104550502151,0.0013222555094155042,5.641759517814916,0.00943712299456062,0.1603104550502151,-0.0006176262421453693,6.073759517814915,-0.004341115953339136
Guayaquil,EC,-2.19616,-79.88621,2723665,14,0.6265439059161264,True,600.0,1002.0,10.299839780270132,2.146082664993562,62.65439059161264,3.2,-2.39,0.1461,-0.2419,0.00012,0.09796,True,1570.67270098196,True,0.08881018890459233,0.0008661015893458857,9.979839780270131,0.0019060368083420598,0.08881018890459233,-0.0006419372452466654,10.538839780270132,-0.0013947813160803957
Yinchuan,CN,38.46806,106.27306,1487579,1117,0.1974322000193669,True,228.0862274169922,192.0,13.992523079270654,16.630109896740148,19.74322000193669,-19.38,-17.74,-0.884,-1.7919,0.0,0.0,False,1450.7705621395885,True,0.01218976971649314,-0.0007531122082383955,15.930523079270655,-0.00043356851679231256,0.01218976971649314,-0.0006912036165132671,15.766523079270653,-0.0003981443055984246
Najafgarh,IN,28.60922,76.97982,1365000,215,0.2602816118756782,True,234.36016845703125,621.0,3.7079423208972457,25.294214139545574,26.02816118756782,-171.98,-65.24,-7.8468,-6.5892,0.0,0.0,False,1506.1051203188244,True,0.0038349397902830385,-0.0016683947502872157,20.905942320897246,-0.0008221439788399162,0.0038349397902830385,-0.0007465382192518798,10.231942320897245,-0.0003708749397035929
Baotou,CN,40.6516,109.84389,2150000,1064,0.1640915259445369,True,258.5539245605469,297.0,6.62241550316628,15.137723399665887,16.40915259445369,-17.06,-14.46,-0.7785,-1.46,0.0,0.0,False,1264.2133181479346,True,0.016489428415869072,-0.0008964495893407729,8.32841550316628,-0.0005559874994476785,0.016489428415869072,-0.0007629918056069607,8.06841550316628,-0.0004737702870720034
Sialkot,PK,32.49268,74.53134,911817,250,0.2226351088871861,True,252.8179931640625,868.0,6.042572671091818,21.967043960570752,22.26351088871861,-34.0,-37.77,-1.5511,-3.8148,0.0,0.0,False,1096.4203076087779,True,0.006573524843004508,-0.0006995349602071836,9.442572671091819,-0.0003649041220645764,0.006573524843004508,-0.0007723915443137996,9.81957267109182,-0.00040265032432017234
Erzurum,TR,39.90861,41.27694,767848,1914,0.3338670945674483,True,477.9228515625,478.0,0.5798428320745188,8.1118468446616,33.38670945674483,-9.77,-7.73,-0.4457,-0.781,2e-05,0.04771,False,763.1677718762877,True,0.036010884371806745,-0.0011125001813684504,1.5568428320745187,-0.0009697383412585261,0.036010884371806745,-0.0008829775968326181,1.352842832074519,-0.0007712087198940218
Wuhu,CN,31.35259,118.42947,1598165,9,0.0523950000000047,True,220.00238037109372,1156.0,0.0610360875868423,9.887412838679904,5.23950000000047,1.89,-3.54,0.0861,-0.3578,0.18535,0.2133,True,2485.5058263325473,True,0.08328247980974642,0.00015530589669437989,0.0,0.00030930536394038755,0.08328247980974642,-0.000895578146197909,0.4150360875868423,-0.0017677699394381269
Köln,DE,50.93333,6.95,1024621,58,0.071448900103232,True,310.1999206542969,745.0,20.40131227588313,1.0260347523658857,7.1448900103232,-5.82,-2.8,-0.2657,-0.2829,0.0,0.17921,False,177.75324205645964,True,0.11573837734568049,-0.001968745544204009,20.98331227588313,-0.006645915090934595,0.11573837734568049,-0.0009508325977197613,20.68131227588313,-0.0032368432356555954
Vienna,AT,48.20849,16.37208,1691468,193,0.0797164551533543,True,373.5909118652344,572.0,11.062790875104952,4.038805725414847,7.971645515335429,-11.01,-5.33,-0.5022,-0.538,0.0,0.00301,False,882.891893239078,True,0.059810513091459086,-0.0020287267939632855,12.16379087510495,-0.002652280143707317,0.059810513091459086,-0.0009903145154143839,11.595790875104951,-0.0013063042971808297
Fes,MA,34.03313,-5.00028,1191905,406,0.217885838432581,True,349.4361572265625,559.0,22.09506370641645,9.304042507932788,21.7885838432581,-9.09,-15.81,-0.415,-1.5972,0.0,0.0,False,2187.9591464907066,True,0.023050461351764893,-0.0006718959946301652,23.00406370641645,-0.00046857540279341553,0.023050461351764893,-0.0011562706531043944,23.67606370641645,-0.0008029626396830677
Oran,DZ,35.69906,-0.63588,803329,118,0.35129380212298,True,469.12841796875,364.0,32.42542153047992,2.3825713674305344,35.129380212298,-7.18,-9.36,-0.3276,-0.9452,0.0,0.0,False,1901.9316786266575,True,0.0399269411081834,-0.0009064990443443527,33.14342153047993,-0.0008475580310837311,0.0399269411081834,-0.0011778018274787513,33.36142153047992,-0.0010986275910870036
Sadr City,IQ,33.3889,44.4583,1211849,39,0.08109344,True,229.61187744140625,162.0,14.05355916685744,8.401801457459626,8.109344,-12.75,-8.38,-0.5819,-0.8459,0.0,0.00307,False,1529.097923025055,True,0.0459556637075838,-0.001826020062208611,15.32855916685744,-0.0018811373387622177,0.0459556637075838,-0.0012080918532700394,14.89155916685744,-0.0012512306035164025
Rome,IT,41.89193,12.51133,2318895,52,0.1219487,True,282.4848022460937,760.0,22.308690012970203,3.0196185810197647,12.19487,-1.47,-4.23,-0.0673,-0.4269,0.20595,0.02192,False,1267.5815500843494,True,0.10524733525847707,-0.0004600832381057435,22.4556900129702,-0.00132046747417916,0.10524733525847707,-0.0013191172116980149,22.731690012970205,-0.003758898198835653
Rabat,MA,34.01325,-6.83255,1655753,46,0.0716719748318391,True,361.2696228027344,519.0,40.05493247882811,3.0863421126778765,7.16719748318391,-7.84,-14.97,-0.3576,-1.5122,0.0,0.0,False,2247.4613101746877,True,0.028621147036968168,-0.0007169677716563697,40.838932478828106,-0.0005510961034609005,0.028621147036968168,-0.0013538381122121732,41.55193247882811,-0.0010348543810853178
Ghāziābād,IN,28.66535,77.43915,1199191,214,0.2054343120910291,True,221.97930908203125,789.0,5.188067444876822,17.451651417204314,20.54343120910291,-184.82,-23.45,-8.4326,-2.3689,0.0,0.02108,False,1500.0446714385644,True,0.020188079663785972,-0.00917632263187216,23.670067444876818,-0.005653175082345863,0.020188079663785972,-0.0014881185903247544,7.533067444876822,-0.0009798865237721638
Zapopan,MX,20.72111,-103.38742,1476491,1565,0.1116775796298197,True,363.3905944824219,861.0,25.78774700541697,6.832237292742613,11.16775796298197,-12.04,-16.34,-0.5493,-1.65,0.0,0.0,False,674.2325963909483,True,0.029397147435245723,-0.001122645059294998,26.991747005416972,-0.0008716326267099311,0.029397147435245723,-0.0015134141897844879,27.42174700541697,-0.0011710312490820218
Callao,PE,-12.05162,-77.13452,1300000,5,0.5972655999999986,True,283.4322509765625,22.0,5.684341886080803e-14,2.6418648431257825,59.72655999999986,1.4,-2.64,0.0638,-0.2668,0.03925,0.02388,True,860.2706841114999,True,0.23242824210874458,3.885780586188048e-16,0.0,8.215650382226158e-15,0.23242824210874458,-0.0015647064512986086,0.2640000000000568,-0.031919943649784566
Belgrade,RS,44.80401,20.46513,1273651,120,0.1254296751815343,True,421.4849853515625,675.0,41.76394293125816,2.018777414849737,12.54296751815343,-14.51,-15.39,-0.6621,-1.5542,0.0,0.0,False,1039.4678486932196,True,0.03271705034237684,-0.001495065167872317,43.21494293125816,-0.0012262290391723343,0.03271705034237684,-0.0015835798265371182,43.30294293125816,-0.0012978269314875834
Valencia,ES,39.47391,-0.37966,824340,10,0.0695070899995153,True,227.96429443359372,427.0,9.674219882505554,4.272835929379792,6.95070899995153,-4.02,-4.78,-0.1835,-0.483,0.0,2e-05,False,1489.147298521632,True,0.1263657683060338,-0.0014704698537769817,10.076219882505553,-0.005940024101494662,0.1263657683060338,-0.0017468148560776109,10.152219882505554,-0.0070404036411679805
Naples,IT,40.85216,14.26811,909048,14,0.1617050012910862,True,375.1390075683594,954.0,0.5951018539711868,1.492898685712159,16.17050012910862,-2.67,-3.42,-0.1218,-0.3455,0.01283,0.04675,False,1431.9410848665943,True,0.19023174659801528,-0.0013658465258575558,0.8621018539711867,-0.015151384154378,0.19023174659801528,-0.0017481551920783267,0.9371018539711867,-0.0193367079221185
Al Mawşil al Jadīdah,IQ,36.33271,43.10555,2065597,239,0.1837698,True,412.71783447265625,463.0,22.247653925383418,3.827131002888901,18.37698,-27.16,-12.51,-1.2391,-1.2638,0.0,0.00214,False,1183.081839643982,True,0.04500623284822583,-0.003731206694840644,24.96365392538342,-0.0037192422143804763,0.04500623284822583,-0.0017569460201757522,23.49865392538342,-0.0017814079330667337
Istanbul,TR,41.01384,28.94966,15701602,39,0.4327548,True,350.5603332519531,718.0,2.6398107881285,0.5690703834498371,43.27548,-4.26,-2.7,-0.1944,-0.273,0.00199,0.20769,False,684.7237508544828,True,0.2697860120091842,-0.0027854807087986933,3.0658107881285,-0.09202072325769972,0.2697860120091842,-0.0017675701446164815,2.9098107881285,-0.05876076580978751
Fuzhou,CN,26.06139,119.30611,3740000,14,0.051719552891057,True,245.52935791015625,1374.0,6.744487678339851,2.5539335553755724,5.1719552891057,5.51,-3.28,0.2512,-0.3311,0.00051,0.23827,True,3069.0861426579536,True,0.22937965634004787,0.0032594234274731237,6.193487678339851,0.06591351030149117,0.22937965634004787,-0.0019249849369962213,7.072487678339852,-0.03755149708444061
Fuyang,CN,32.9,115.81667,1768947,31,0.06560592,True,196.7847900390625,855.0,3.8452735179675415,3.0721340287966603,6.560592,-4.06,-3.09,-0.1854,-0.3122,0.00024,0.10581,False,2241.5721609596476,True,0.2692389500801895,-0.0026516984235529506,4.251273517967541,-0.08708109428108735,0.2692389500801895,-0.002019678192587082,4.154273517967542,-0.06658513022570789
Rajshahi,BD,24.374,88.60114,763580,23,0.127690699939077,True,235.15640258789065,1474.0,5.684341886080803e-14,8.642371791434504,12.7690699939077,-19.05,-5.28,-0.8691,-0.5335,2e-05,0.44597,False,2223.5620756611956,True,0.14196571924355006,-0.007553207708090842,1.9050000000000569,-0.03747095417427021,0.14196571924355006,-0.00212828510562757,0.5280000000000568,-0.01102613050471185
Antalya,TR,36.90812,30.69556,1335002,61,0.2329981000000742,True,337.7432861328125,741.0,5.684341886080803e-14,2.047429226417349,23.29981000000742,-4.05,-3.96,-0.1848,-0.3999,0.00243,0.05039,False,1007.0659559465307,True,0.2084369065286542,-0.0022164017629872634,0.4050000000000568,-0.032009679682297065,0.2084369065286542,-0.0021673384691702213,0.3960000000000568,-0.03131224771796881
Jiujiang,CN,29.70475,116.00206,1164268,41,0.09921758,True,478.6948852539063,1415.0,1.144426642252256,4.377298825555467,9.921758,5.54,-9.14,0.2529,-0.9236,0.02992,0.07333,True,2586.6003960637454,True,0.08012614447170961,0.001370317524534287,0.590426642252256,0.0026133067393277892,0.08012614447170961,-0.0022148534991369984,2.058426642252256,-0.00409694814163572
Baghdad,IQ,33.34058,44.40088,7216000,41,0.080273361037564,True,312.2768859863281,162.0,15.10643167772946,1.939212298038724,8.027336103756399,-12.75,-8.38,-0.5819,-0.8459,0.0,0.00307,False,1531.387955997472,True,0.08835744888931547,-0.003360727712110642,16.38143167772946,-0.0070820246872464465,0.08835744888931547,-0.00222212159505146,15.944431677729462,-0.004727745635142874
Tangier,MA,35.76727,-5.79975,1035141,20,0.2055809999960579,True,265.04656982421875,818.0,2.441443503471476,3.107309122440449,20.55809999960579,-4.06,-3.81,-0.1852,-0.385,0.0,0.0,False,2031.5029625350887,True,0.2370975303798771,-0.0024367939736208988,2.8474435034714762,-0.052686371326522874,0.2370975303798771,-0.0022872480482198365,2.822443503471476,-0.049503302807394345
Salé,MA,34.0531,-6.79846,972299,34,0.0743428500016187,True,375.8569946289063,519.0,23.20897230487526,2.64350922087538,7.43428500016187,-7.84,-14.97,-0.3576,-1.5122,0.0,0.0,False,2242.191610782867,True,0.050385890023949984,-0.0012345931877793676,23.99297230487526,-0.001380598710009881,0.050385890023949984,-0.0023324249648512957,24.70597230487526,-0.0025836690795472753
Dera Ismail Khan,PK,31.83129,70.9017,763195,177,0.2558566188558271,True,201.0021514892578,246.0,18.8448920424201,6.302280692276117,25.58566188558271,-6.4,-7.83,-0.2921,-0.7912,0.0,1e-05,False,1258.937677870883,True,0.11136166549506284,-0.0020916372517517934,19.4848920424201,-0.00655861585689535,0.11136166549506284,-0.0025542517807188997,19.6278920424201,-0.007978594672033101
Wuzhong,CN,37.9867,106.201,7202654,1133,0.1972265914121957,True,217.73866271972656,220.0,20.73701075761045,3.640405239119404,19.72265914121957,-10.69,-7.64,-0.4875,-0.7714,0.0,0.0,False,1503.7377518188569,True,0.1361601080334201,-0.004133053267129677,21.806010757610448,-0.019176409722614918,0.1361601080334201,-0.0029648038149124034,21.501010757610448,-0.013886201299285583
Narela,IN,28.85267,77.09288,800000,219,0.2424865001761759,True,298.9594116210937,658.0,5.142290379186704,10.981015819752884,24.24865001761759,-184.82,-23.45,-8.4326,-2.3689,0.0,0.02108,False,1478.9735471546446,True,0.041559937877700355,-0.01866371604241199,23.6242903791867,-0.015443260577393203,0.041559937877700355,-0.0030015010438890627,7.487290379186704,-0.0028354088211659384
Zhongwei,CN,37.51129,105.19067,1174600,1227,0.2145857,True,231.5487365722656,195.0,22.308690012970203,2.7071899826771264,21.45857,-10.69,-7.64,-0.4875,-0.7714,0.0,0.0,False,1552.8501464020703,True,0.14045660976925914,-0.0042429060776388305,23.377690012970202,-0.021090247237568416,0.14045660976925914,-0.003043475715522853,23.072690012970202,-0.015274546597295213
Rohini,IN,28.74322,77.06778,860000,216,0.2509831,True,226.6600799560547,662.0,3.7232013427939705,13.716744392586502,25.09831,-184.82,-23.45,-8.4326,-2.3689,0.0,0.02108,False,1491.1515044553917,True,0.04277204552534445,-0.019194658287497335,22.205201342793966,-0.01615156392477486,0.04277204552534445,-0.0030854158926889655,6.06820134279397,-0.002974720859292068
Anqing,CN,30.51365,117.04723,804493,19,0.0734550466256087,True,327.2950439453125,1499.0,5.684341886080803e-14,2.890169741685439,7.34550466256087,4.06,-6.17,0.185,-0.6228,0.04753,0.13023,True,2529.9043925951505,True,0.19421839173042857,3.3306690738754696e-16,0.0,4.107825191113079e-15,0.19421839173042857,-0.0031952286958953913,0.6170000000000568,-0.0371234340568406
Niigata,JP,37.92259,139.04125,797591,1,0.2601448673891304,True,194.5,1922.0,5.684341886080803e-14,3.067905673733997,26.01448673891304,-4.95,-4.12,-0.2258,-0.4162,0.0,0.00084,False,2865.0061985228813,True,0.5473504769314488,-0.004087015261144744,0.49500000000005684,-0.49532979342491146,0.5473504769314488,-0.003401295959735484,0.4120000000000568,-0.4117952859210483
San Francisco,US,37.77493,-122.41942,827526,28,0.414144,True,285.6695251464844,783.0,6.530861371786102,2.871752612667218,41.4144,-7.0,-6.24,-0.3195,-0.6298,0.00125,0.07676,False,895.1524705387125,True,0.2341235220522893,-0.004153777619424176,7.230861371786102,-0.08521483784933737,0.2341235220522893,-0.003705308048562783,7.154861371786102,-0.07624806155635966
Guadalajara,MX,20.67738,-103.34749,1385629,1546,0.1157240041523691,True,277.2016906738281,861.0,0.106813153276903,8.683764003819196,11.57240041523691,-12.04,-16.34,-0.5493,-1.65,0.0,0.0,False,673.2782813387739,True,0.07649189849788098,-0.0027845649103693387,1.310813153276903,-0.004817521275892939,0.07649189849788098,-0.003756240578998732,1.740813153276903,-0.006445314560325488
Mosul,IQ,36.335,43.11889,1683000,228,0.1837698,True,336.7250366210937,534.0,15.73205157549404,2.635228999131869,18.37698,-27.16,-12.51,-1.2391,-1.2638,0.0,0.00214,False,1183.4725758757863,True,0.10299207503757257,-0.008060609451678427,18.44805157549404,-0.020915415270863102,0.10299207503757257,-0.0037854363332431584,16.98305157549404,-0.010175645132480177
Pest,HU,47.5,19.08333,1001748,113,0.07254013,True,184.59002685546875,523.0,6.62241550316628,2.255203042932137,7.254013,-10.27,-5.76,-0.4685,-0.5819,0.0,0.00075,False,1093.03602069585,True,0.27959835724024273,-0.00683629417050835,7.6494155031662805,-0.24841722659718313,0.27959835724024273,-0.0038470751231921563,7.19841550316628,-0.14230779957504813
Bayan Nur,CN,40.74143,107.38599,1760000,1041,0.1635738308048777,True,202.82696533203125,147.0,9.277485313191448,6.001112074112899,16.357383080487768,-15.26,-11.44,-0.6962,-1.1558,0.0,0.0,False,1209.8370669876044,True,0.12822535365402382,-0.005573872567766591,10.803485313191448,-0.022451815063165653,0.12822535365402382,-0.004198449409725233,10.421485313191448,-0.017101153568109123
Tabriz,IR,38.08,46.2919,1424641,1396,0.6090702000000001,True,338.6087646484375,251.0,0.7476920729381504,2.8335395212469976,60.90702000000001,-23.76,-9.51,-1.0839,-0.9602,0.0,0.00723,False,1202.5269890554757,False,0.18698861588605978,-0.011731589878120452,3.1236920729381503,-0.11464025788072019,0.18698861588605978,-0.004766689277947989,1.6986920729381505,-0.04907145517749223
Rangpur,BD,25.74664,89.25166,1031388,36,0.2707102941607577,True,205.86761474609372,2340.0,2.4719615472648684,11.447750903358232,27.07102941607577,-31.66,-10.25,-1.4447,-1.0354,0.0,0.15523,False,2114.3139949070382,True,0.1849507700859311,-0.015367929558244231,5.637961547264869,-0.14167364697946355,0.1849507700859311,-0.005090039508794442,3.4969615472648683,-0.050674757172360585
Diyarbakır,TR,37.91363,40.21721,1833684,674,0.1193813,True,332.98101806640625,527.0,6.530861371786102,2.866205764274273,11.93813,-19.93,-16.52,-0.9093,-1.6686,0.0,0.00022,False,908.1027300311752,True,0.1158971347607523,-0.006628869482759231,8.523861371786102,-0.021594047990455945,0.1158971347607523,-0.005518759272223506,8.182861371786101,-0.018141709046511967
Turin,IT,45.07049,7.68682,847287,245,0.114485601526381,True,310.64501953125,800.0,18.58548867017629,1.4599486990328332,11.4485601526381,-12.79,-15.31,-0.5834,-1.5459,0.0,0.0,False,815.5337449105681,True,0.1326629461536492,-0.004824426440063367,19.86448867017629,-0.02102553524793241,0.1326629461536492,-0.005757136513668132,20.116488670176288,-0.02490242043055879
Puebla,MX,19.04778,-98.20723,1692181,2166,0.2727666710441241,True,329.80419921875,825.0,12.4208438239109,3.050559328384657,27.27666710441241,-14.93,-16.87,-0.6813,-1.7035,0.0,1e-05,False,531.6064062721985,True,0.14059634158214776,-0.005900594077550003,13.9138438239109,-0.029009307161694642,0.14059634158214776,-0.00665177314727694,14.1078438239109,-0.032506885478921776
Seattle,US,47.60621,-122.33207,780995,56,0.3056356000013193,True,327.0,1004.0,6.8513008316166975,1.0029095226957891,30.56356000013193,1.05,-10.52,0.0478,-1.0623,0.65398,0.00519,True,992.5512509883348,True,0.2586282815817057,0.0006709834355364541,6.746300831616697,0.01968621584918684,0.2586282815817057,-0.006659953015603737,7.903300831616697,-0.18645223409754674
Srinagar,IN,34.08565,74.80555,1206419,1589,0.3927438,True,228.3923797607422,749.0,3.006027313649213,10.122732983789488,39.27438,-24.46,-28.85,-1.1159,-2.9142,0.0,0.0,False,917.6451866115805,True,0.10302442171791876,-0.0072873327946963995,5.452027313649213,-0.019040041147220937,0.10302442171791876,-0.00854543800984156,5.891027313649213,-0.022097258234861583
Faridabad,IN,28.41124,77.31316,1414050,209,0.2051115996711991,True,213.6325225830078,706.0,0.686655985351365,7.956696361421535,20.51115996711991,-184.82,-23.45,-8.4326,-2.3689,0.0,0.02108,False,1528.1358836924924,True,0.1475423603360455,-0.06201089960591889,19.16865598535136,-0.2246260930952697,0.1475423603360455,-0.009553673804669843,3.0316559853513647,-0.05105142915908928
Delhi,IN,28.65195,77.23149,11034555,227,0.2294909887507435,True,298.2158508300781,734.0,15.228503852903032,1.5667268818351607,22.949098875074352,-184.82,-23.45,-8.4326,-2.3689,0.0,0.02108,False,1501.311554673739,True,0.18051434043503517,-0.07413949622022215,33.71050385290303,-0.42242202939492757,0.18051434043503517,-0.011264787637143309,17.57350385290303,-0.10000277607041103
Lahore,PK,31.558,74.35071,13004135,216,0.177375700015881,True,233.4724578857422,537.0,8.545052262150023,6.46833835525657,17.7375700015881,-43.16,-42.63,-1.9692,-4.3053,0.0,0.0,False,1201.7197018852426,True,0.11709463896005767,-0.014060583672823188,12.861052262150022,-0.04399767849323841,0.11709463896005767,-0.013897360763804031,12.808052262150023,-0.04354390071145772
Ludhiana,IN,30.91204,75.85379,1618879,256,0.2378727929457269,True,233.46356201171875,710.0,10.421911955443704,9.737568862437088,23.78727929457269,-94.15,-76.65,-4.2955,-7.7419,0.0,0.0,False,1255.1775386852999,True,0.07158549769298282,-0.01823801418044444,19.836911955443703,-0.02550147389544352,0.07158549769298282,-0.015217266299000658,18.086911955443703,-0.021811856127708668
Baku,AZ,40.37767,49.89201,2351300,-23,0.223503,True,319.5342102050781,243.0,5.684341886080803e-14,0.9662492573689097,22.3503,-179.11,-113.55,-8.1721,-11.4686,0.0,0.0,False,820.6070109014809,False,0.21598578918245223,-0.08424463455347928,17.911000000000058,-0.7825592760143001,0.21598578918245223,-0.05720611091274813,11.355000000000055,-0.6311939859478428
