name,full_trend_cm_yr,full_p,full_dTWS_cm,full_dwtd_Sy010,full_se_cm_yr,recent_trend_cm_yr,recent_p,recent_dTWS_cm,recent_dwtd_Sy010,recent_se_cm_yr,grace_trend_cm_yr,grace_p,dTWS_cm_total,reversal,lat,lon,full_sm_cm_yr,full_gws_cm_yr,full_gws_dcm,recent_sm_cm_yr,recent_gws_cm_yr,recent_gws_dcm,sm_frac_full
Shanghai,0.3939,0.0,8.63,-0.8632082066249811,0.0532,0.6576,0.00162,6.51,-0.6510304514414433,0.2028,0.3939,0.0,8.63,False,31.22222,121.45806,0.5097,-0.1158,-2.55,-0.3004,0.958,9.58,1.294
Beijing,-0.4868,0.0,-10.67,1.0668476486927092,0.0383,0.5703,3e-05,5.65,-0.5646363086077472,0.1307,-0.4868,0.0,-10.67,True,39.9075,116.39723,0.5878,-1.0746,-23.64,1.4593,-0.889,-8.89,1.207
Shenzhen,0.249,2e-05,5.46,-0.545782566937883,0.0579,-0.0666,0.79157,-0.66,0.0659773563677291,0.2515,0.249,2e-05,5.46,True,22.54554,114.0683,0.6023,-0.3533,-7.77,1.8069,-1.8735,-18.74,2.419
Guangzhou,0.1302,0.0904,2.85,-0.2853370597171036,0.0766,-0.4882,0.12194,-4.83,0.4833352773015779,0.3129,0.1302,0.0904,2.85,True,23.11667,113.25,0.2136,-0.0834,-1.83,-0.251,-0.2372,-2.37,1.641
Kinshasa,1.4228,0.0,31.18,-3.118456121671523,0.1254,2.6075,0.0,25.82,-2.581592470908738,0.4472,1.4228,0.0,31.18,False,-4.32758,15.31357,-0.0094,1.4322,31.51,-0.676,3.2835,32.84,0.007
Istanbul,-0.1944,0.00199,-4.26,0.4260695332763919,0.0622,-0.273,0.20769,-2.7,0.2702508506868422,0.2152,-0.1944,0.00199,-4.26,False,41.01384,28.94966,-0.1459,-0.0485,-1.07,-1.2517,0.9787,9.79,0.751
Lagos,1.1752,0.0,25.76,-2.575649630088113,0.1067,3.0197,0.0,29.9,-2.989749653892088,0.3752,1.1752,0.0,25.76,False,6.45407,3.39467,0.1835,0.9917,21.82,0.9016,2.1181,21.18,0.156
Ho Chi Minh City,-0.0721,0.63917,-1.58,0.1581046804423669,0.1537,1.1555,0.0174,11.44,-1.14401085844196,0.4776,-0.0721,0.63917,-1.58,True,10.82302,106.62965,0.0824,-0.1545,-3.4,1.8464,-0.6909,-6.91,1.143
Chengdu,0.3559,0.0,7.8,-0.7800126860500414,0.0414,0.495,0.00405,4.9,-0.4901294231824994,0.1682,0.3559,0.0,7.8,False,30.66667,104.06667,0.0965,0.2594,5.71,0.6579,-0.1629,-1.63,0.271
Lahore,-1.9692,0.0,-43.16,4.316004820455311,0.1021,-4.3053,0.0,-42.63,4.2625766485311845,0.3992,-1.9692,0.0,-43.16,False,31.558,74.35071,0.6186,-2.5878,-56.93,1.9459,-6.2512,-62.51,0.314
Mumbai,0.3283,0.00087,7.19,-0.7194763600318205,0.0973,1.4173,0.0001,14.03,-1.4032561757098834,0.35,0.3283,0.00087,7.19,False,19.07283,72.88261,0.1943,0.134,2.95,0.7211,0.6962,6.96,0.592
São Paulo,-0.1371,0.04855,-3.0,0.3004951003341152,0.0691,-0.3102,0.23054,-3.07,0.3070769651594223,0.2571,-0.1371,0.04855,-3.0,False,-23.5475,-46.63611,-0.4492,0.3121,6.87,-0.5855,0.2753,2.75,3.276
Mexico City,-0.8774,0.0,-19.23,1.923103328662953,0.1042,-2.4499,0.0,-24.26,2.425547757024158,0.3631,-0.8774,0.0,-19.23,False,19.42847,-99.12766,0.3519,-1.2293,-27.04,0.3999,-2.8498,-28.5,0.401
Karachi,0.0623,0.09577,1.37,-0.1365550713111264,0.0373,0.44,0.00276,4.36,-0.4355982011679527,0.1433,0.0623,0.09577,1.37,False,24.8608,67.0104,0.3099,-0.2476,-5.45,1.2097,-0.7697,-7.7,4.974
Tianjin,-0.4242,0.0,-9.3,0.9297070321466566,0.0489,1.0174,0.0,10.07,-1.0073206437934508,0.1692,-0.4242,0.0,-9.3,True,39.14222,117.17667,0.6493,-1.0735,-23.62,1.8083,-0.7909,-7.91,1.531
Delhi,-8.4326,0.0,-184.82,18.48178913693908,0.2789,-2.3689,0.02108,-23.45,2.3453545211500457,1.0105,-8.4326,0.0,-184.82,False,28.65195,77.23149,0.0673,-8.4999,-187.0,1.1842,-3.5531,-35.53,0.008
Wuhan,0.1923,0.05801,4.22,-0.4215344541915931,0.101,-0.6296,0.16244,-6.23,0.6233046527533287,0.4473,0.1923,0.05801,4.22,True,30.58333,114.26667,0.1991,-0.0068,-0.15,-0.3782,-0.2514,-2.51,1.035
Moscow,-0.3356,0.0,-7.36,0.7356137283437073,0.0667,-0.167,0.4775,-1.65,0.1653199242129818,0.2342,-0.3356,0.0,-7.36,False,55.75204,37.61781,0.0983,-0.4339,-9.54,-0.6821,0.5151,5.15,0.293
Dhaka,-0.5407,0.0109,-11.85,1.185168324925618,0.2107,0.0607,0.93309,0.6,-0.060085171917955,0.721,-0.5407,0.0109,-11.85,True,23.7104,90.40744,0.5588,-1.0995,-24.19,0.9888,-0.9281,-9.28,1.033
Seoul,-0.066,0.09208,-1.45,0.1447605216657961,0.039,0.6391,0.0,6.33,-0.632767455793806,0.1261,-0.066,0.09208,-1.45,True,37.566,126.9784,-0.0484,-0.0176,-0.39,1.6504,-1.0113,-10.11,0.733
Tokyo,0.5728,0.0,12.55,-1.2554123888447868,0.0424,1.5877,0.0,15.72,-1.5719846401550466,0.1807,0.5728,0.0,12.55,False,35.6895,139.69171,-0.0534,0.6262,13.78,0.1066,1.4811,14.81,0.093
Dongguan,0.1302,0.0904,2.85,-0.2853370597171036,0.0766,-0.4882,0.12194,-4.83,0.4833352773015779,0.3129,0.1302,0.0904,2.85,True,23.01797,113.74866,0.3105,-0.1803,-3.97,0.0094,-0.4976,-4.98,2.385
Cairo,-0.1159,0.0,-2.54,0.2539663646426325,0.0162,0.1375,0.0398,1.36,-0.1361328698710603,0.066,-0.1159,0.0,-2.54,True,30.06263,31.24967,0.0968,-0.2127,-4.68,0.0329,0.1046,1.05,0.835
Xi’an,-0.0341,0.38691,-0.75,0.0747125249874156,0.0393,0.4515,0.00051,4.47,-0.4469932336338696,0.1256,-0.0341,0.38691,-0.75,True,34.25833,108.92861,0.345,-0.3791,-8.34,1.0247,-0.5732,-5.73,10.117
Johannesburg,0.0664,0.16684,1.46,-0.1455829310112807,0.0479,0.8554,3e-05,8.47,-0.8469546473591762,0.1942,0.0664,0.16684,1.46,False,-26.20227,28.04363,0.0338,0.0326,0.72,-0.1934,1.0488,10.49,0.509
Nanjing,0.0669,0.14743,1.47,-0.146660053343249,0.046,-0.0253,0.8991,-0.25,0.0250474448301991,0.199,0.0669,0.14743,1.47,True,32.06167,118.77778,0.195,-0.1281,-2.82,-0.4563,0.431,4.31,2.915
Hangzhou,0.346,0.0,7.58,-0.7582567421740656,0.0663,0.015,0.95888,0.15,-0.0148677023881492,0.2905,0.346,0.0,7.58,False,30.29365,120.16142,0.5248,-0.1788,-3.93,-0.6086,0.6236,6.24,1.517
Foshan,0.1302,0.0904,2.85,-0.2853370597171036,0.0766,-0.4882,0.12194,-4.83,0.4833352773015779,0.3129,0.1302,0.0904,2.85,True,23.02677,113.13148,0.2136,-0.0834,-1.83,-0.251,-0.2372,-2.37,1.641
London,0.0949,0.03104,2.08,-0.208007138467823,0.0437,0.6351,0.00152,6.29,-0.6287991415419487,0.1946,0.0949,0.03104,2.08,False,51.50853,-0.12574,0.2709,-0.176,-3.87,0.5503,0.0848,0.85,2.855
New York City,0.7359,0.0,16.13,-1.612894872357995,0.0571,0.555,0.02659,5.5,-0.5495245265098385,0.2465,0.7359,0.0,16.13,False,40.71427,-74.00597,-0.1276,0.8635,19.0,0.4421,0.1129,1.13,0.173
Jakarta,0.2383,0.0,5.22,-0.5223150013508291,0.0456,0.2499,0.12402,2.47,-0.2474334894726208,0.1611,0.2383,0.0,5.22,False,-6.21462,106.84513,0.4724,-0.2341,-5.15,-0.0458,0.2957,2.96,1.982
Bengaluru,0.1135,0.40823,2.49,-0.2488377931089733,0.137,2.6353,0.0,26.09,-2.60918026138833,0.4606,0.1135,0.40823,2.49,False,12.97194,77.59369,0.2852,-0.1717,-3.78,1.7597,0.8756,8.76,2.513
Hanoi,0.1367,0.10692,3.0,-0.2996889476882663,0.0845,0.1071,0.71788,1.06,-0.1060585555623297,0.2956,0.1367,0.10692,3.0,False,21.0245,105.84117,0.2548,-0.1181,-2.6,0.2095,-0.1024,-1.02,1.864
Taipei,0.2414,0.0,5.29,-0.5290806167289106,0.0285,0.0507,0.66723,0.5,-0.0502064825271946,0.1176,0.2414,0.0,5.29,False,25.05306,121.52639,-0.6095,0.8509,18.72,-1.5364,1.5871,15.87,2.525
Lima,0.0638,0.03925,1.4,-0.139802806137562,0.0308,-0.2668,0.02388,-2.64,0.2641657797374823,0.1163,0.0638,0.03925,1.4,True,-12.04318,-77.02824,-0.0196,0.0834,1.84,0.0063,-0.2731,-2.73,0.307
Bogotá,-0.0203,0.70453,-0.44,0.0444786430864573,0.0534,0.3176,0.09845,3.14,-0.3144068786224311,0.1903,-0.0203,0.70453,-0.44,True,4.60971,-74.08175,0.0123,-0.0326,-0.72,0.5055,-0.1879,-1.88,0.606
Chongqing,0.8095,0.0,17.74,-1.774186871764301,0.0598,0.585,0.03524,5.79,-0.5791840514875293,0.274,0.8095,0.0,17.74,False,29.56026,106.55771,0.4355,0.374,8.23,-0.1191,0.7041,7.04,0.538
Hong Kong,0.1718,0.00086,3.77,-0.3766351275160096,0.0509,0.4066,0.0482,4.03,-0.4025820723583963,0.2032,0.1718,0.00086,3.77,False,22.27832,114.17469,0.7344,-0.5626,-12.38,2.3315,-1.9249,-19.25,4.275
Baghdad,-0.5819,0.0,-12.75,1.2753483712093734,0.0743,-0.8459,0.00307,-8.38,0.8375258256425252,0.2786,-0.5819,0.0,-12.75,False,33.34058,44.40088,-0.2627,-0.3192,-7.02,0.0486,-0.8945,-8.95,0.451
Wuzhong,-0.4875,0.0,-10.69,1.0685320895632997,0.0257,-0.7714,0.0,-7.64,0.7637530714731408,0.1244,-0.4875,0.0,-10.69,False,37.9867,106.201,0.1083,-0.5958,-13.11,0.0235,-0.7949,-7.95,0.222
Qingdao,-0.2344,1e-05,-5.14,0.5138332519311182,0.0505,0.7897,2e-05,7.82,-0.7818209464433625,0.1742,-0.2344,1e-05,-5.14,True,36.06488,120.38042,0.2675,-0.5019,-11.04,2.2587,-1.469,-14.69,1.141
Tehran,-2.0725,0.0,-45.42,4.542268579438051,0.0835,-3.2319,0.0,-32.0,3.1998422347292665,0.3693,-2.0725,0.0,-45.42,False,35.69439,51.42151,0.3139,-2.3864,-52.5,-0.0718,-3.1601,-31.6,0.151
Shenyang,-0.2566,8e-05,-5.62,0.5623657385421289,0.0637,1.7943,0.0,17.76,-1.776454947824402,0.2098,-0.2566,8e-05,-5.62,True,41.79222,123.43278,0.4287,-0.6853,-15.08,2.4046,-0.6103,-6.1,1.671
Hyderabad,0.5328,0.00049,11.68,-1.1676861255847486,0.1506,2.9418,0.0,29.13,-2.9126195832918724,0.5135,0.5328,0.00049,11.68,False,17.38405,78.45636,0.0232,0.5096,11.21,1.4157,1.5261,15.26,0.044
Rio de Janeiro,0.1851,0.0,4.06,-0.4055834774568737,0.0169,0.3384,0.0,3.35,-0.3350112511468806,0.0608,0.1851,0.0,4.06,False,-22.90642,-43.18223,-0.0055,0.1906,4.19,0.559,-0.2206,-2.21,0.03
Suzhou,0.3785,0.0,8.3,-0.829576759626133,0.0524,0.4114,0.09088,4.07,-0.4073385203543065,0.2409,0.3785,0.0,8.3,False,31.30408,120.59538,0.4698,-0.0913,-2.01,-0.3957,0.8071,8.07,1.241
Ahmedabad,0.0562,0.64796,1.23,-0.1231566435307434,0.1229,1.128,0.0073,11.17,-1.116759394324199,0.4117,0.0562,0.64796,1.23,False,23.02579,72.58727,-0.1255,0.1817,4.0,1.0896,0.0384,0.38,2.233
Abidjan,1.0071,0.0,22.07,-2.2073845119281565,0.0857,2.0169,0.0,19.97,-1.996863124931382,0.3532,1.0071,0.0,22.07,False,5.35444,-4.00167,0.2034,0.8037,17.68,0.1978,1.8191,18.19,0.202
Pudong,0.3939,0.0,8.63,-0.8632082066249811,0.0532,0.6576,0.00162,6.51,-0.6510304514414433,0.2028,0.3939,0.0,8.63,False,31.23995,121.50094,0.51,-0.1161,-2.55,-0.361,1.0186,10.19,1.295
Singapore,0.0182,0.83456,0.4,-0.0398143232611251,0.0869,0.5856,0.06167,5.8,-0.5798292752294554,0.3098,0.0182,0.83456,0.4,False,1.28967,103.85007,0.2423,-0.2241,-4.93,2.0803,-1.4947,-14.95,13.313
Sydney,0.4204,0.0,9.21,-0.9214877289209412,0.0399,0.8606,0.0,8.52,-0.8520650192915341,0.1544,0.4204,0.0,9.21,False,-33.86785,151.20732,0.0563,0.3641,8.01,0.4033,0.4573,4.57,0.134
Dar es Salaam,0.5172,0.0,11.34,-1.1335306114594472,0.0497,1.5505,0.0,15.35,-1.5350831774764544,0.2144,0.5172,0.0,11.34,False,-6.82349,39.26951,0.4601,0.0571,1.26,0.267,1.2835,12.84,0.89
Saint Petersburg,0.2899,3e-05,6.35,-0.6353319815260846,0.0682,-0.0107,0.9626,-0.11,0.0105869376773077,0.2275,0.2899,3e-05,6.35,True,59.93863,30.31413,-0.1247,0.4146,9.12,-1.0073,0.9966,9.97,0.43
Melbourne,0.3348,0.0,7.34,-0.7338118631801968,0.0448,0.7777,0.0,7.7,-0.7699843884929533,0.1431,0.3348,0.0,7.34,False,-37.814,144.96332,0.2414,0.0934,2.06,1.0086,-0.2309,-2.31,0.721
Alexandria,-0.0554,0.04723,-1.21,0.1214110204777123,0.0278,0.331,0.00306,3.28,-0.3276662383508789,0.109,-0.0554,0.04723,-1.21,True,31.20176,29.91582,0.2016,-0.257,-5.65,0.2287,0.1023,1.02,3.639
Harbin,0.5264,0.0,11.54,-1.1538248680721992,0.055,1.8864,0.0,18.68,-1.8677210544305596,0.188,0.5264,0.0,11.54,False,45.75,126.65,0.5883,-0.0619,-1.36,1.7748,0.1116,1.12,1.118
Bangkok,-0.7776,0.0,-17.04,1.7042046906547197,0.1226,0.6402,0.1045,6.34,-0.6338299598332661,0.3907,-0.7776,0.0,-17.04,True,13.75398,100.50144,0.0487,-0.8263,-18.18,0.2157,0.4245,4.24,0.063
Hefei,-0.0883,0.01784,-1.93,0.1934891463525961,0.037,-0.0756,0.60966,-0.75,0.0748633762635673,0.1476,-0.0883,0.01784,-1.93,False,31.86389,117.28083,0.0137,-0.102,-2.24,-0.7521,0.6765,6.77,0.155
Dalian,-0.1322,0.02928,-2.9,0.2896850964407543,0.0603,1.3534,0.0,13.4,-1.33994788066299,0.2028,-0.1322,0.02928,-2.9,True,38.91222,121.60222,0.4137,-0.5459,-12.01,2.3874,-1.034,-10.34,3.129
Kano,1.8229,0.0,39.95,-3.995368960174423,0.0971,4.2163,0.0,41.74,-4.17448890459605,0.3623,1.8229,0.0,39.95,False,12.00012,8.51672,1.4239,0.399,8.78,4.007,0.2093,2.09,0.781
Santiago,-0.2991,0.0,-6.55,0.6554770911226809,0.0568,-0.5445,0.00773,-5.39,0.5391420746828348,0.2002,-0.2991,0.0,-6.55,False,-33.45694,-70.64827,-0.6601,0.361,7.94,-0.7778,0.2333,2.33,2.207
Cape Town,0.2659,0.0,5.83,-0.5827423076808639,0.013,0.2797,0.0,2.77,-0.276949376984522,0.0436,0.2659,0.0,5.83,False,-33.92584,18.42322,-0.0155,0.2814,6.19,0.9602,-0.6805,-6.8,0.058
Peshawar,-0.7555,0.0,-16.56,1.6558824175514908,0.1076,-2.2067,0.0,-21.85,2.1847704177145566,0.3566,-0.7555,0.0,-16.56,False,34.008,71.57849,0.6599,-1.4154,-31.14,1.1303,-3.337,-33.37,0.873
Changchun,-0.0229,0.55692,-0.5,0.0501602212532355,0.0389,1.0533,0.0,10.43,-1.042801124283705,0.1159,-0.0229,0.55692,-0.5,True,43.88,125.32278,0.6016,-0.6245,-13.74,1.2353,-0.182,-1.82,26.271
Jeddah,0.1329,0.23916,2.91,-0.291218825079736,0.1126,-0.0341,0.93155,-0.34,0.0337396655517108,0.3957,0.1329,0.23916,2.91,True,21.49012,39.18624,0.0738,0.0591,1.3,0.4101,-0.4442,-4.44,0.555
Chennai,0.0059,0.68507,0.13,-0.0130338966997406,0.0146,0.4167,0.0,4.13,-0.4125172610674165,0.0453,0.0059,0.68507,0.13,False,13.08784,80.27847,0.0583,-0.0524,-1.15,1.2189,-0.8022,-8.02,9.881
Kolkata,-0.1599,0.32813,-3.5,0.350464912578289,0.1632,0.6662,0.2367,6.6,-0.6595862058293909,0.5596,-0.1599,0.32813,-3.5,True,22.56263,88.36304,0.0611,-0.221,-4.86,0.4163,0.2499,2.5,0.382
Xiamen,0.2531,4e-05,5.55,-0.5547797375490066,0.0601,-0.1349,0.59795,-1.34,0.1335461033114831,0.2549,0.2531,4e-05,5.55,True,24.47979,118.08187,-0.1276,0.3807,8.38,-0.0015,-0.1334,-1.33,0.504
Surat,0.3929,0.00032,8.61,-0.8611714382232893,0.1077,1.4158,0.00058,14.02,-1.40171568308204,0.398,0.3929,0.00032,8.61,False,21.19594,72.83023,0.0125,0.3804,8.37,1.0422,0.3736,3.74,0.032
Yangon,-0.0579,0.70369,-1.27,0.1267999597373263,0.1519,0.949,0.07462,9.4,-0.9395487410123744,0.5266,-0.0579,0.70369,-1.27,True,16.80528,96.15611,1.4905,-1.5484,-34.06,0.9627,-0.0137,-0.14,25.743
Bao'an,0.3309,0.0,7.25,-0.7252921150365552,0.0572,0.037,0.87993,0.37,-0.0365906716526973,0.244,0.3309,0.0,7.25,False,22.55213,113.88288,0.4286,-0.0977,-2.15,0.9229,-0.8859,-8.86,1.295
Kabul,-0.4067,0.0,-8.91,0.8913891752042898,0.0653,-1.1962,0.0,-11.84,1.1843095367768433,0.223,-0.4067,0.0,-8.91,False,34.52813,69.17233,0.3454,-0.7521,-16.55,-1.6329,0.4367,4.37,0.849
Nairobi,0.735,0.0,16.11,-1.6108553458528796,0.0552,1.1129,3e-05,11.02,-1.1018246819085695,0.2553,0.735,0.0,16.11,False,-1.28333,36.81667,0.2959,0.4391,9.66,0.4429,0.67,6.7,0.403
Wuxi,0.1938,4e-05,4.25,-0.4246834830162733,0.046,0.3838,0.07538,3.8,-0.3799708129119961,0.2135,0.1938,4e-05,4.25,False,31.56887,120.28857,0.4142,-0.2204,-4.85,-0.4326,0.8164,8.16,2.137
Giza,-0.1159,0.0,-2.54,0.2539663646426325,0.0162,0.1375,0.0398,1.36,-0.1361328698710603,0.066,-0.1159,0.0,-2.54,True,30.00944,31.20861,0.0968,-0.2127,-4.68,0.0329,0.1046,1.05,0.835
Jinan,-1.3836,0.0,-30.33,3.032568999066544,0.1102,1.6904,0.0001,16.74,-1.6736014546930362,0.4168,-1.3836,0.0,-30.33,True,36.66833,116.99722,0.5203,-1.9039,-41.89,1.5194,0.171,1.71,0.376
Taiyuan,-1.7597,0.0,-38.57,3.856715512112856,0.0858,0.6424,0.01801,6.36,-0.6360227547726917,0.267,-1.7597,0.0,-38.57,True,37.86944,112.56028,0.1473,-1.907,-41.96,0.3905,0.2519,2.52,0.084
Zhengzhou,-1.0587,0.0,-23.2,2.3203981342572075,0.1383,1.526,0.00087,15.11,-1.5109041281470494,0.4443,-1.0587,0.0,-23.2,True,34.75778,113.64861,0.1529,-1.2116,-26.65,1.0269,0.4991,4.99,0.144
Bamako,1.1278,0.0,24.72,-2.471748339260557,0.1179,2.8023,0.0,27.74,-2.7744530864188723,0.4289,1.1278,0.0,24.72,False,12.60915,-7.97522,-0.2316,1.3594,29.91,-0.6043,3.4066,34.07,0.205
Riyadh,-0.8069,0.0,-17.69,1.768562577390714,0.0225,-1.0713,0.0,-10.61,1.060633723033083,0.1099,-0.8069,0.0,-17.69,False,24.68773,46.72185,0.0719,-0.8788,-19.33,0.3061,-1.3774,-13.77,0.089
New Taipei City,0.2414,0.0,5.29,-0.5290806167289106,0.0285,0.0507,0.66723,0.5,-0.0502064825271946,0.1176,0.2414,0.0,5.29,False,25.06199,121.45703,-0.8577,1.0991,24.18,-1.9246,1.9753,19.75,3.553
New Territories,0.1718,0.00086,3.77,-0.3766351275160096,0.0509,0.4066,0.0482,4.03,-0.4025820723583963,0.2032,0.1718,0.00086,3.77,False,22.42441,114.11095,0.7344,-0.5626,-12.38,2.3315,-1.9249,-19.25,4.275
Shijiazhuang,-2.005,0.0,-43.94,4.394462435513312,0.1233,2.0652,0.0,20.45,-2.04474784723929,0.3701,-2.005,0.0,-43.94,True,38.04139,114.47861,0.4586,-2.4636,-54.2,1.4802,0.585,5.85,0.229
Chattogram,-0.024,0.88999,-0.53,0.0526809859151357,0.1736,0.7765,0.2023,7.69,-0.7687515436834509,0.6049,-0.024,0.88999,-0.53,True,22.3384,91.83168,1.0436,-1.0676,-23.49,0.1931,0.5834,5.83,43.483
Addis Ababa,0.9902,0.0,21.7,-2.170294445938512,0.0876,2.3129,0.0,22.9,-2.289924087046721,0.3324,0.9902,0.0,21.7,False,9.02497,38.74689,0.452,0.5382,11.84,0.7213,1.5916,15.92,0.456
Kunming,0.2315,0.00762,5.07,-0.5073637842900459,0.086,0.1242,0.71124,1.23,-0.1229847692645428,0.3346,0.2315,0.00762,5.07,False,25.03889,102.71833,0.1658,0.0657,1.45,-0.3604,0.4846,4.85,0.716
Zhongshan,0.3309,0.0,7.25,-0.7252921150365552,0.0572,0.037,0.87993,0.37,-0.0365906716526973,0.244,0.3309,0.0,7.25,False,22.52306,113.37912,0.2345,0.0964,2.12,0.0254,0.0116,0.12,0.709
Nanning,0.1766,0.0105,3.87,-0.3870907893393906,0.0685,-0.3973,0.10259,-3.93,0.3933360210364205,0.2411,0.1766,0.0105,3.87,True,22.81667,108.31667,0.185,-0.0084,-0.18,-0.1064,-0.2909,-2.91,1.048
Shantou,0.364,0.0,7.98,-0.7977962708370676,0.0602,0.0714,0.78993,0.71,-0.070644360905543,0.2671,0.364,0.0,7.98,False,23.35489,116.67876,-0.0891,0.4531,9.97,0.0553,0.0161,0.16,0.245
Los Angeles,-0.6216,0.0,-13.62,1.362361508840303,0.0526,-0.0272,0.88904,-0.27,0.0269724643229346,0.1948,-0.6216,0.0,-13.62,False,34.05223,-118.24368,0.2957,-0.9173,-20.18,1.3935,-1.4207,-14.21,0.476
Faisalabad,-1.1876,0.0,-26.03,2.6029811849331663,0.0791,-2.1694,0.0,-21.48,2.147876223579269,0.3425,-1.1876,0.0,-26.03,False,31.41554,73.08969,0.3531,-1.5407,-33.9,1.1739,-3.3433,-33.43,0.297
Dubai,-0.1084,0.0001,-2.37,0.2374940834920288,0.0273,0.0084,0.92785,0.08,-0.0083216298110759,0.0926,-0.1084,0.0001,-2.37,True,25.07725,55.30927,0.07,-0.1784,-3.92,0.4676,-0.4592,-4.59,0.646
Yokohama,0.5728,0.0,12.55,-1.2554123888447868,0.0424,1.5877,0.0,15.72,-1.5719846401550466,0.1807,0.5728,0.0,12.55,False,35.43333,139.65,-0.0718,0.6446,14.18,-0.025,1.6127,16.13,0.125
Fuzhou,0.2512,0.00051,5.51,-0.5506267696218495,0.0713,-0.3311,0.23827,-3.28,0.3277869445544304,0.279,0.2512,0.00051,5.51,True,26.06139,119.30611,0.2891,-0.0379,-0.83,-0.0863,-0.2448,-2.45,1.151
Ningbo,0.3187,0.0,6.99,-0.6986028738833361,0.0477,0.49,0.00429,4.85,-0.4851762662623579,0.1676,0.3187,0.0,6.99,False,29.87819,121.54945,0.3147,0.004,0.09,-0.3859,0.8759,8.76,0.987
Casablanca,-0.2067,0.0,-4.53,0.4530225875545929,0.0153,-0.4911,0.0,-4.86,0.4862104221168094,0.0348,-0.2067,0.0,-4.53,False,33.58831,-7.61138,-0.6144,0.4077,8.97,-0.9903,0.4992,4.99,2.972
Ibadan,0.9209,0.0,20.18,-2.0182724742805305,0.1128,2.5875,0.0,25.62,-2.5618611395167656,0.375,0.9209,0.0,20.18,False,7.37756,3.90591,-0.0004,0.9213,20.27,0.6731,1.9144,19.14,0.0
Puyang,0.4428,0.0,9.71,-0.9705981664661342,0.0741,-0.0915,0.76592,-0.91,0.0906084810389128,0.3065,0.4428,0.0,9.71,True,29.45679,119.88872,0.3283,0.1145,2.52,-0.3576,0.2661,2.66,0.741
Ankara,-0.6175,0.0,-13.53,1.3534597126008898,0.0833,-2.1996,0.0,-21.78,2.1777416663846587,0.2814,-0.6175,0.0,-13.53,False,39.91987,32.85427,-0.0497,-0.5678,-12.49,-0.6139,-1.5857,-15.86,0.08
Shiyan,0.1976,0.00013,4.33,-0.4329905892843426,0.0508,0.5956,0.00384,5.9,-0.5896704579669849,0.2011,0.1976,0.00013,4.33,False,32.6475,110.77806,0.1119,0.0857,1.89,0.7276,-0.132,-1.32,0.566
Berlin,-0.2725,0.0,-5.97,0.5973430962962074,0.0504,-0.4303,0.01733,-4.26,0.4260575054051697,0.1778,-0.2725,0.0,-5.97,False,52.52437,13.41053,-0.1609,-0.1116,-2.46,0.3453,-0.7756,-7.76,0.59
Tangshan,-0.307,0.0,-6.73,0.6727970461339445,0.0433,0.9489,0.0,9.39,-0.9394527217011144,0.1525,-0.307,0.0,-6.73,True,39.64381,118.18319,0.3606,-0.6676,-14.69,1.5848,-0.6359,-6.36,1.175
Rawalpindi,-0.7493,0.0,-16.42,1.6423247677390858,0.0781,-1.9647,0.0,-19.45,1.9451968830221555,0.2758,-0.7493,0.0,-16.42,False,33.59733,73.0479,0.8432,-1.5925,-35.04,1.4603,-3.425,-34.25,1.125
Lüliang,-1.5621,0.0,-34.24,3.42377682957691,0.0499,-1.9793,0.0,-19.6,1.9596869657337253,0.2225,-1.5621,0.0,-34.24,False,37.5192,111.14436,0.3986,-1.9607,-43.14,0.7997,-2.779,-27.79,0.255
Durban,0.2285,0.0,5.01,-0.5008994259568008,0.0152,0.5857,0.0,5.8,-0.5799208683166583,0.0531,0.2285,0.0,5.01,False,-29.8579,31.0292,0.0338,0.1947,4.28,0.8324,-0.2467,-2.47,0.148
Changzhou,0.1735,0.00232,3.8,-0.3803009000203106,0.0563,0.0957,0.70856,0.95,-0.0947833601317491,0.2554,0.1735,0.00232,3.8,False,31.77359,119.95401,0.4604,-0.2869,-6.31,-0.5035,0.5992,5.99,2.654
Busan,0.0989,0.00129,2.17,-0.2168506700478356,0.0304,0.139,0.17813,1.38,-0.1376209552510556,0.1025,0.0989,0.00129,2.17,False,35.10168,129.03004,-0.1632,0.2621,5.77,-0.3519,0.4909,4.91,1.65
Madrid,-0.2393,1e-05,-5.24,0.5244955122905337,0.0536,-0.5592,0.00199,-5.54,0.5536368458565122,0.176,-0.2393,1e-05,-5.24,False,40.4165,-3.70256,0.0788,-0.3181,-7.0,0.4575,-1.0167,-10.17,0.329
Pyongyang,-0.1571,0.01014,-3.44,0.3442640151278811,0.0606,1.418,0.0,14.04,-1.4038979643994354,0.1991,-0.1571,0.01014,-3.44,True,39.03385,125.75432,0.3688,-0.5259,-11.57,1.7601,-0.3421,-3.42,2.348
Zibo,-0.6932,0.0,-15.19,1.519289436492172,0.0795,1.4478,0.0,14.33,-1.4334023962303413,0.2976,-0.6932,0.0,-15.19,True,36.79056,118.06333,0.4232,-1.1164,-24.56,1.8877,-0.4399,-4.4,0.611
Pune,0.6182,0.0,13.55,-1.3550119389279351,0.1291,2.5294,0.0,25.04,-2.504276081207635,0.4537,0.6182,0.0,13.55,False,18.51957,73.85535,0.457,0.1612,3.55,1.0262,1.5032,15.03,0.739
Bursa,-0.6268,0.0,-13.74,1.3736915559734837,0.0899,-1.8334,0.0,-18.15,1.8152304630886156,0.3156,-0.6268,0.0,-13.74,False,40.19559,29.06013,0.0081,-0.6349,-13.97,-0.7625,-1.0709,-10.71,0.013
Changsha,0.2995,0.00534,6.56,-0.6564809575595715,0.1065,-1.2102,0.00438,-11.98,1.198228213331998,0.4149,0.2995,0.00534,6.56,True,28.19874,112.97087,0.3136,-0.0141,-0.31,-0.4036,-0.8066,-8.07,1.047
Quezon City,0.3033,0.0,6.65,-0.6647042960737849,0.0415,0.3367,0.04485,3.33,-0.333308983432042,0.1657,0.3033,0.0,6.65,False,14.6488,121.0509,0.305,-0.0017,-0.04,0.4116,-0.0749,-0.75,1.006
Jaipur,-3.5958,0.0,-78.81,7.881022742078488,0.1485,-4.5934,0.0,-45.48,4.547774027399661,0.5369,-3.5958,0.0,-78.81,False,26.91962,75.78781,0.5729,-4.1687,-91.71,1.5538,-6.1472,-61.47,0.159
Guiyang,0.5561,0.0,12.19,-1.218911322376282,0.0644,-0.4032,0.09515,-3.99,0.3991943658612575,0.2393,0.5561,0.0,12.19,True,26.58333,106.71667,0.4115,0.1446,3.18,0.0034,-0.4066,-4.07,0.74
Ürümqi,-1.7629,0.0,-38.64,3.863819366075834,0.0589,-3.8585,0.0,-38.2,3.820210682824296,0.1943,-1.7629,0.0,-38.64,False,43.80096,87.60046,-0.0649,-1.698,-37.36,-0.4961,-3.3624,-33.62,0.037
Incheon,-0.066,0.09208,-1.45,0.1447605216657961,0.039,0.6391,0.0,6.33,-0.632767455793806,0.1261,-0.066,0.09208,-1.45,True,37.45646,126.70515,-0.0465,-0.0195,-0.43,1.6677,-1.0286,-10.29,0.705
Lanzhou,0.0617,0.01608,1.35,-0.1352529061239295,0.0254,0.4924,4e-05,4.87,-0.4874864685961204,0.1139,0.0617,0.01608,1.35,False,36.05701,103.83987,0.4255,-0.3638,-8.0,0.5169,-0.0245,-0.24,6.896
Caracas,0.1849,0.14228,4.05,-0.4051958982564739,0.1256,1.2007,0.00539,11.89,-1.188808509498861,0.4219,0.1849,0.14228,4.05,False,10.48801,-66.87919,-1.5559,1.7408,38.3,-1.2218,2.4225,24.22,8.415
Kyiv,-0.975,0.0,-21.37,2.136893056192552,0.0821,0.1869,0.57537,1.85,-0.1850646538401972,0.3326,-0.975,0.0,-21.37,True,50.45466,30.5238,-0.2703,-0.7047,-15.5,0.5435,-0.3566,-3.57,0.277
İzmir,-0.2008,0.02173,-4.4,0.4400235470320181,0.0869,-1.1472,7e-05,-11.36,1.1358610298953602,0.2766,-0.2008,0.02173,-4.4,False,38.41273,27.13838,-0.2412,0.0404,0.89,-0.9679,-0.1793,-1.79,1.201
Huizhou,0.249,2e-05,5.46,-0.545782566937883,0.0579,-0.0666,0.79157,-0.66,0.0659773563677291,0.2515,0.249,2e-05,5.46,True,23.11147,114.41523,0.2826,-0.0336,-0.74,0.2463,-0.3129,-3.13,1.135
Buenos Aires,-0.2862,0.00019,-6.27,0.627354562992743,0.0755,-2.031,0.0,-20.11,2.010866542332329,0.2447,-0.2862,0.00019,-6.27,False,-34.61315,-58.37723,-0.2244,-0.0618,-1.36,-1.3641,-0.6669,-6.67,0.784
Surabaya,0.4229,0.0,9.27,-0.9268738789943954,0.0755,0.2774,0.32501,2.75,-0.274673600331355,0.2805,0.4229,0.0,9.27,False,-7.24917,112.75083,0.0995,0.3234,7.11,-0.6545,0.9319,9.32,0.235
Haikou,0.5333,0.0,11.69,-1.1688490014983983,0.0799,0.8239,0.00928,8.16,-0.8156801286405985,0.3104,0.5333,0.0,11.69,False,20.03421,110.34651,0.4613,0.072,1.59,0.6414,0.1825,1.82,0.865
Taichung,0.1749,0.0,3.83,-0.3832378995777308,0.0291,0.0511,0.66437,0.51,-0.0506280608288767,0.1175,0.1749,0.0,3.83,False,24.1469,120.6839,-0.5185,0.6934,15.26,-1.8557,1.9068,19.07,2.965
Kanpur,-0.6466,0.0,-14.17,1.4170593454463392,0.1339,1.095,0.02825,10.84,-1.0841804221531517,0.4918,-0.6466,0.0,-14.17,True,26.46523,80.34975,0.1442,-0.7908,-17.4,1.7301,-0.6351,-6.35,0.223
Toronto,0.986,0.0,21.61,-2.1611189022662955,0.0838,0.0105,0.97622,0.1,-0.0103865437661111,0.351,0.986,0.0,21.61,False,43.70643,-79.39864,0.1805,0.8055,17.72,-0.1286,0.1391,1.39,0.183
Quito,0.1189,0.00047,2.61,-0.2605681151493562,0.0335,-0.2457,0.06072,-2.43,0.2432858482292112,0.1295,0.1189,0.00047,2.61,True,-0.22985,-78.52495,0.094,0.0249,0.55,-0.0012,-0.2445,-2.44,0.791
Brisbane,0.2436,0.0,5.34,-0.5338187627065082,0.0268,0.3311,0.00119,3.28,-0.3277922739720308,0.0991,0.2436,0.0,5.34,False,-27.46794,153.02809,-0.7025,0.9461,20.81,0.1145,0.2166,2.17,2.884
Luanda,0.456,0.0,9.99,-0.9993477778218672,0.0587,1.0239,7e-05,10.14,-1.0137027309619018,0.2471,0.456,0.0,9.99,False,-8.83682,13.23432,-0.1315,0.5875,12.92,0.1368,0.8871,8.87,0.288
Osaka,0.1955,0.0,4.29,-0.4285319457933677,0.0272,0.3534,0.00157,3.5,-0.349920538447908,0.1087,0.1955,0.0,4.29,False,34.69379,135.50107,0.0487,0.1468,3.23,-0.1089,0.4623,4.62,0.249
Linyi,-0.503,0.0,-11.02,1.1023913504573553,0.0649,0.8114,0.00206,8.03,-0.8033593464512632,0.2563,-0.503,0.0,-11.02,True,35.06306,118.34278,0.1635,-0.6665,-14.66,1.3638,-0.5524,-5.52,0.325
Baoding,-0.7242,0.0,-15.87,1.5872754840163177,0.049,0.7306,1e-05,7.23,-0.7233918574290356,0.1554,-0.7242,0.0,-15.87,True,38.87288,115.46246,0.5277,-1.2519,-27.54,1.9014,-1.1708,-11.71,0.729
Kaohsiung,0.2291,0.0,5.02,-0.5021323608580643,0.028,0.0956,0.41937,0.95,-0.0946148421366877,0.1178,0.2291,0.0,5.02,False,22.61626,120.31333,-0.3495,0.5786,12.73,-1.7063,1.8019,18.02,1.526
Brooklyn,0.7359,0.0,16.13,-1.612894872357995,0.0571,0.555,0.02659,5.5,-0.5495245265098385,0.2465,0.7359,0.0,16.13,False,40.6501,-73.94958,-0.189,0.9249,20.35,0.3489,0.2061,2.06,0.257
Guayaquil,0.1461,0.00012,3.2,-0.3202814462378677,0.0372,-0.2419,0.09796,-2.39,0.2394804847103691,0.1448,0.1461,0.00012,3.2,True,-2.19616,-79.88621,0.1574,-0.0113,-0.25,-0.1058,-0.1361,-1.36,1.077
Belo Horizonte,-1.5594,0.0,-34.18,3.4177780032908167,0.1888,2.7095,0.0,26.83,-2.6826278106584693,0.5603,-1.5594,0.0,-34.18,True,-19.92083,-43.93778,-0.53,-1.0294,-22.65,-1.0092,3.7187,37.19,0.34
Minhang,0.3939,0.0,8.63,-0.8632082066249811,0.0532,0.6576,0.00162,6.51,-0.6510304514414433,0.2028,0.3939,0.0,8.63,False,31.10881,121.37471,0.5097,-0.1158,-2.55,-0.3004,0.958,9.58,1.294
Bazhong,0.4536,0.0,9.94,-0.994111035828865,0.0504,0.688,0.00144,6.81,-0.6811787887794787,0.2098,0.4536,0.0,9.94,False,31.8694,106.74432,-0.034,0.4876,10.73,0.7041,-0.0161,-0.16,0.075
Salvador,0.0305,0.19326,0.67,-0.0667671680409153,0.0233,0.6129,0.0,6.07,-0.6067796796913786,0.0955,0.0305,0.19326,0.67,False,-12.97563,-38.49096,-0.5226,0.5531,12.17,0.2276,0.3853,3.85,17.134
Abuja,1.0281,0.0,22.53,-2.2532794431071386,0.1425,2.2167,1e-05,21.95,-2.19473403485586,0.4841,1.0281,0.0,22.53,False,9.05785,7.49508,0.9106,0.1175,2.59,2.3474,-0.1307,-1.31,0.886
Gazipur,-0.5407,0.0109,-11.85,1.185168324925618,0.2107,0.0607,0.93309,0.6,-0.060085171917955,0.721,-0.5407,0.0109,-11.85,True,23.99844,90.42234,0.5588,-1.0995,-24.19,0.9888,-0.9281,-9.28,1.033
Chicago,0.4429,0.0,9.71,-0.9706028686042912,0.0766,-1.1552,3e-05,-11.44,1.143689569086075,0.2633,0.4429,0.0,9.71,True,41.85003,-87.65005,0.1452,0.2977,6.55,-0.3965,-0.7587,-7.59,0.328
Wenzhou,0.3071,0.0,6.73,-0.6730662055150478,0.0328,0.2598,0.03872,2.57,-0.2572066599987307,0.124,0.3071,0.0,6.73,False,27.99942,120.66682,0.0371,0.27,5.94,-0.1971,0.4569,4.57,0.121
Dakar,0.1792,0.0,3.93,-0.3926728426599165,0.014,0.1587,0.0009,1.57,-0.1571603919460105,0.0463,0.1792,0.0,3.93,False,14.6937,-17.44406,0.0664,0.1128,2.48,0.4517,-0.293,-2.93,0.371
Haiphong,0.139,0.06146,3.05,-0.3045437648216985,0.0739,0.3986,0.12084,3.95,-0.3945994268651992,0.2547,0.139,0.06146,3.05,False,20.86481,106.68345,0.2131,-0.0741,-1.63,0.1522,0.2464,2.46,1.533
Yunfu,0.1871,0.0207,4.1,-0.4101594446848084,0.0803,-0.4545,0.16412,-4.5,0.4499933763861086,0.3242,0.1871,0.0207,4.1,True,22.92787,112.03809,0.2193,-0.0322,-0.71,-0.0732,-0.3813,-3.81,1.172
Navi Mumbai,0.3283,0.00087,7.19,-0.7194763600318205,0.0973,1.4173,0.0001,14.03,-1.4032561757098834,0.35,0.3283,0.00087,7.19,False,19.03681,73.01582,0.1747,0.1536,3.38,0.7459,0.6714,6.71,0.532
Mogadishu,0.1166,0.0,2.55,-0.2554592525538862,0.0201,0.3856,4e-05,3.82,-0.381774903429798,0.0898,0.1166,0.0,2.55,False,2.03711,45.34375,0.1356,-0.019,-0.42,1.0518,-0.6662,-6.66,1.163
Bekasi,0.2383,0.0,5.22,-0.5223150013508291,0.0456,0.2499,0.12402,2.47,-0.2474334894726208,0.1611,0.2383,0.0,5.22,False,-6.2349,106.9896,0.4724,-0.2341,-5.15,-0.0458,0.2957,2.96,1.982
Kumasi,1.8147,0.0,39.77,-3.9772635204527806,0.1224,3.8205,0.0,37.83,-3.782561183219757,0.3339,1.8147,0.0,39.77,False,6.68848,-1.62443,0.1242,1.6905,37.19,0.4058,3.4147,34.15,0.068
Gujranwala,-1.5511,0.0,-34.0,3.399518890135978,0.091,-3.8148,0.0,-37.77,3.776907125438836,0.3612,-1.5511,0.0,-34.0,False,32.15567,74.18705,0.5118,-2.0629,-45.38,1.7977,-5.6125,-56.12,0.33
Huai'an,-0.0624,0.05978,-1.37,0.1367241302537445,0.033,0.2108,0.07767,2.09,-0.2087178691887801,0.1182,-0.0624,0.05978,-1.37,True,33.58861,119.01917,0.2441,-0.3065,-6.74,0.3766,-0.1658,-1.66,3.912
Lucknow,-0.6466,0.0,-14.17,1.4170593454463392,0.1339,1.095,0.02825,10.84,-1.0841804221531517,0.4918,-0.6466,0.0,-14.17,True,26.83928,80.92313,0.1104,-0.757,-16.65,1.0534,0.0416,0.42,0.171
Bandung,0.2068,0.0,4.53,-0.4532378932641982,0.0322,0.1929,0.09798,1.91,-0.1909942791985182,0.1155,0.2068,0.0,4.53,False,-6.92222,107.60694,0.2804,-0.0736,-1.62,-0.1968,0.3897,3.9,1.356
Medan,0.4639,0.0,10.17,-1.0168281503328918,0.0808,1.2442,0.0,12.32,-1.2318772261303546,0.2002,0.4639,0.0,10.17,False,3.58333,98.66667,-0.3226,0.7865,17.3,1.0795,0.1647,1.65,0.695
Ouagadougou,1.3238,0.0,29.01,-2.9014751222017865,0.0862,2.1796,0.0,21.58,-2.157923183905576,0.3324,1.3238,0.0,29.01,False,12.36566,-1.53388,0.224,1.0998,24.2,0.2327,1.9469,19.47,0.169
Nagpur,0.7414,0.0,16.25,-1.6249062429388172,0.1485,2.3262,2e-05,23.03,-2.3031049604699985,0.5241,0.7414,0.0,16.25,False,21.14631,79.08491,0.1786,0.5628,12.38,0.967,1.3592,13.59,0.241
Fortaleza,0.0781,0.0,1.71,-0.1711928756090574,0.0114,0.2809,0.0,2.78,-0.2780803585702002,0.0359,0.0781,0.0,1.71,False,-3.71722,-38.54306,-0.0325,0.1106,2.43,0.0969,0.184,1.84,0.416
Cali,0.0725,0.03178,1.59,-0.1589498906632862,0.0336,0.1145,0.36481,1.13,-0.1133817869810464,0.1258,0.0725,0.03178,1.59,False,3.43054,-76.5199,0.1973,-0.1248,-2.75,0.4322,-0.3177,-3.18,2.721
Daegu,-0.1189,0.00028,-2.61,0.2606637663331957,0.0322,0.1467,0.21179,1.45,-0.1452408255263136,0.1167,-0.1189,0.00028,-2.61,True,35.87028,128.59111,0.0505,-0.1694,-3.73,0.2555,-0.1088,-1.09,0.425
Algiers,-0.2367,0.0,-5.19,0.5188121985731765,0.0183,-0.3448,0.0,-3.41,0.3413723135910785,0.059,-0.2367,0.0,-5.19,False,36.73225,3.08746,-0.6343,0.3976,8.75,-1.5496,1.2048,12.05,2.68
Nanchang,0.2985,0.00892,6.54,-0.6542819646195458,0.1132,-1.0431,0.02649,-10.33,1.032782387581177,0.463,0.2985,0.00892,6.54,True,28.68396,115.85306,0.2814,0.0171,0.38,-0.5703,-0.4728,-4.73,0.943
Baku,-8.1721,0.0,-179.11,17.910882361632705,0.1947,-11.4686,0.0,-113.55,11.354735205672108,0.7696,-8.1721,0.0,-179.11,False,40.37767,49.89201,0.3581,-8.5302,-187.67,0.2665,-11.7351,-117.35,0.044
Hohhot,-0.6359,0.0,-13.94,1.3937768512126896,0.03,-1.0557,0.0,-10.45,1.0452177203211557,0.1448,-0.6359,0.0,-13.94,False,40.81056,111.65222,0.1337,-0.7696,-16.93,0.0527,-1.1084,-11.08,0.21
Nagoya,0.3077,0.0,6.74,-0.6744847521964928,0.0339,0.664,1e-05,6.57,-0.6574396475329338,0.1381,0.3077,0.0,6.74,False,35.18147,136.90641,0.0287,0.279,6.14,-0.0632,0.7272,7.27,0.093
Rome,-0.0673,0.20595,-1.47,0.1474735539364217,0.0531,-0.4269,0.02192,-4.23,0.4226297554978706,0.1833,-0.0673,0.20595,-1.47,False,41.89193,12.51133,-0.8915,0.8242,18.13,-1.5002,1.0733,10.73,13.247
Queens,0.7359,0.0,16.13,-1.612894872357995,0.0571,0.555,0.02659,5.5,-0.5495245265098385,0.2465,0.7359,0.0,16.13,False,40.68149,-73.83652,-0.189,0.9249,20.35,0.3489,0.2061,2.06,0.257
Houston,0.0058,0.95565,0.13,-0.0126863140944528,0.104,-1.2295,0.00051,-12.17,1.2173042456027776,0.3422,0.0058,0.95565,0.13,True,29.76328,-95.36327,-0.4945,0.5003,11.01,-2.8101,1.5806,15.81,85.259
Perth,0.1775,0.00108,3.89,-0.389069678097139,0.0536,0.6076,0.0034,6.02,-0.6015370183296438,0.2024,0.1775,0.00108,3.89,False,-31.95224,115.8614,-0.3515,0.529,11.64,-1.1872,1.7948,17.95,1.98
Mashhad,-0.3425,0.0,-7.51,0.7506381716555562,0.0323,-0.0141,0.92172,-0.14,0.0139906981568485,0.1434,-0.3425,0.0,-7.51,False,36.29807,59.60567,0.0852,-0.4277,-9.41,-0.3374,0.3233,3.23,0.249
Shaoxing,0.4785,0.0,10.49,-1.0488099311100112,0.058,0.324,0.20796,3.21,-0.3207764259088686,0.2556,0.4785,0.0,10.49,False,30.00237,120.57864,0.3022,0.1763,3.88,-0.5594,0.8834,8.83,0.632
Nantong,0.1938,4e-05,4.25,-0.4246834830162733,0.046,0.3838,0.07538,3.8,-0.3799708129119961,0.2135,0.1938,4e-05,4.25,False,32.03028,120.87472,0.3526,-0.1588,-3.49,-0.3174,0.7012,7.01,1.819
Baoshan,0.3939,0.0,8.63,-0.8632082066249811,0.0532,0.6576,0.00162,6.51,-0.6510304514414433,0.2028,0.3939,0.0,8.63,False,31.40845,121.48956,0.5097,-0.1158,-2.55,-0.3004,0.958,9.58,1.294
Kowloon,0.1718,0.00086,3.77,-0.3766351275160096,0.0509,0.4066,0.0482,4.03,-0.4025820723583963,0.2032,0.1718,0.00086,3.77,False,22.31667,114.18333,0.7344,-0.5626,-12.38,2.3315,-1.9249,-19.25,4.275
Yantai,-0.1369,0.08403,-3.0,0.3000003179755936,0.0789,1.0586,0.00014,10.48,-1.0480455122165615,0.267,-0.1369,0.08403,-3.0,True,37.47649,121.44081,0.3632,-0.5001,-11.0,2.4167,-1.3581,-13.58,2.653
Gaziantep,-1.0534,0.0,-23.09,2.30870843201815,0.0902,-2.1107,0.0,-20.9,2.0897266807045525,0.3521,-1.0534,0.0,-23.09,False,37.05944,37.3825,-0.2734,-0.78,-17.16,-0.6102,-1.5005,-15.0,0.26
Lubumbashi,0.6777,7e-05,14.85,-1.485294486307886,0.1667,0.5065,0.41468,5.02,-0.5015106704780083,0.6184,0.6777,7e-05,14.85,False,-11.66089,27.47938,0.0887,0.589,12.96,-0.2812,0.7877,7.88,0.131
Manaus,0.5487,0.41464,12.03,-1.202507168933557,0.6714,-3.9392,0.113,-39.0,3.900136391936968,2.4633,0.5487,0.41464,12.03,True,-3.10194,-60.025,-0.0111,0.5598,12.32,0.8379,-4.7771,-47.77,0.02
Lusaka,-0.4488,0.00352,-9.84,0.9835370055832224,0.1522,-1.4279,0.00616,-14.14,1.413718776588328,0.51,-0.4488,0.00352,-9.84,False,-15.40669,28.28713,-0.2186,-0.2302,-5.07,0.1567,-1.5846,-15.85,0.487
Brasília,-0.9858,0.0,-21.61,2.1605448731624577,0.1551,0.4763,0.36205,4.72,-0.4715776071844313,0.5201,-0.9858,0.0,-21.61,True,-15.77972,-47.92972,-0.6544,-0.3314,-7.29,-1.0654,1.5417,15.42,0.664
Zhuhai,0.3309,0.0,7.25,-0.7252921150365552,0.0572,0.037,0.87993,0.37,-0.0365906716526973,0.244,0.3309,0.0,7.25,False,22.27694,113.56778,0.4536,-0.1227,-2.7,1.7339,-1.6969,-16.97,1.371
Santo Domingo,0.363,0.0,7.96,-0.795568150217994,0.0323,0.3488,0.00231,3.45,-0.3453810842093265,0.1115,0.363,0.0,7.96,False,18.47186,-69.89232,0.2405,0.1225,2.69,0.672,-0.3232,-3.23,0.663
Lomé,0.2757,0.0,6.04,-0.6042916141767904,0.0533,1.0493,0.0,10.39,-1.0388975585045517,0.1744,0.2757,0.0,6.04,False,6.12874,1.22154,-0.0236,0.2993,6.58,2.7171,-1.6678,-16.68,0.086
Multan,-0.2058,1e-05,-4.51,0.4510257000070814,0.0465,0.1093,0.60513,1.08,-0.1082369279011228,0.2108,-0.2058,1e-05,-4.51,True,30.19679,71.47824,0.3305,-0.5363,-11.8,0.8059,-0.6966,-6.97,1.606
Havana,0.1528,0.0,3.35,-0.3348469065007184,0.0168,0.1134,0.06215,1.12,-0.1122262566883442,0.0601,0.1528,0.0,3.35,False,23.13302,-82.38304,0.2452,-0.0924,-2.03,3.1468,-3.0334,-30.33,1.605
Baotou,-0.7785,0.0,-17.06,1.7063043219439789,0.0365,-1.46,0.0,-14.46,1.445519208347388,0.175,-0.7785,0.0,-17.06,False,40.6516,109.84389,0.2084,-0.9869,-21.71,0.4122,-1.8722,-18.72,0.268
Depok,0.2383,0.0,5.22,-0.5223150013508291,0.0456,0.2499,0.12402,2.47,-0.2474334894726208,0.1611,0.2383,0.0,5.22,False,-6.4,106.81861,0.4724,-0.2341,-5.15,-0.0458,0.2957,2.96,1.982
Paris,-0.2619,1e-05,-5.74,0.5739995952874986,0.0565,-0.531,0.015,-5.26,0.5257112284861227,0.2145,-0.2619,1e-05,-5.74,False,48.85341,2.3488,0.4193,-0.6812,-14.99,-0.1,-0.431,-4.31,1.601
Coimbatore,0.072,0.52417,1.58,-0.1578580818656978,0.1129,1.76,2e-05,17.43,-1.7425187725410332,0.3868,0.072,0.52417,1.58,False,11.00555,76.96612,1.3101,-1.2381,-27.24,2.2932,-0.5332,-5.33,18.196
Qingyang,-0.2704,0.0,-5.93,0.5926384313633642,0.0344,0.2095,0.12623,2.07,-0.2074263201456075,0.1358,-0.2704,0.0,-5.93,True,35.70976,107.64455,0.2578,-0.5282,-11.62,0.6525,-0.443,-4.43,0.953
Port Harcourt,0.5513,0.00041,12.08,-1.2082754641067397,0.1538,1.5036,0.01002,14.89,-1.48863798789909,0.5725,0.5513,0.00041,12.08,False,4.77742,7.0134,-0.0873,0.6386,14.05,-0.2991,1.8027,18.03,0.158
Pretoria,0.0664,0.16684,1.46,-0.1455829310112807,0.0479,0.8554,3e-05,8.47,-0.8469546473591762,0.1942,0.0664,0.16684,1.46,False,-25.74486,28.18783,0.2592,-0.1928,-4.24,0.4282,0.4272,4.27,3.904
Córdoba,-0.2089,0.00105,-4.58,0.4578469697202908,0.063,-2.4175,0.0,-23.94,2.39350352356016,0.1751,-0.2089,0.00105,-4.58,False,-31.40648,-64.18853,-0.3223,0.1134,2.49,-1.8558,-0.5617,-5.62,1.543
Mbuji-Mayi,0.4135,0.00028,9.06,-0.906171846927843,0.1121,0.7313,0.06537,7.24,-0.72399532403308,0.3924,0.4135,0.00028,9.06,False,-6.13603,23.58979,0.1661,0.2474,5.44,2.503,-1.7717,-17.72,0.402
Aleppo,-0.6729,0.0,-14.75,1.4748674089975318,0.0753,-1.1913,6e-05,-11.79,1.1794787092746446,0.2851,-0.6729,0.0,-14.75,False,36.20124,37.16117,-0.1987,-0.4742,-10.43,-1.9824,0.7911,7.91,0.295
Kunshan,0.3785,0.0,8.3,-0.829576759626133,0.0524,0.4114,0.09088,4.07,-0.4073385203543065,0.2409,0.3785,0.0,8.3,False,31.37762,120.95431,0.4698,-0.0913,-2.01,-0.3957,0.8071,8.07,1.241
Al Mawşil al Jadīdah,-1.2391,0.0,-27.16,2.715856012558408,0.1136,-1.2638,0.00214,-12.51,1.251226178249725,0.4007,-1.2391,0.0,-27.16,False,36.33271,43.10555,0.1383,-1.3774,-30.3,-0.6867,-0.5771,-5.77,0.112
Weifang,-0.6932,0.0,-15.19,1.519289436492172,0.0795,1.4478,0.0,14.33,-1.4334023962303413,0.2976,-0.6932,0.0,-15.19,True,36.71,119.10194,0.4361,-1.1293,-24.85,1.7933,-0.3455,-3.46,0.629
Zunyi,0.6357,0.0,13.93,-1.3933831271649275,0.0602,-0.5637,0.01416,-5.58,0.5580843788878409,0.2257,0.6357,0.0,13.93,True,27.68667,106.90722,0.4924,0.1433,3.15,-0.1175,-0.4462,-4.46,0.775
Al Başrah al Qadīmah,-0.2391,0.0,-5.24,0.5239978398664435,0.038,0.0194,0.88172,0.19,-0.0192112850151402,0.1301,-0.2391,0.0,-5.24,True,30.50316,47.81507,0.0121,-0.2512,-5.53,0.2212,-0.2018,-2.02,0.051
La Paz,-0.181,0.00174,-3.97,0.3966794481053391,0.0571,-0.9263,1e-05,-9.17,0.9171445843484964,0.1993,-0.181,0.00174,-3.97,False,-16.5,-68.15,0.8632,-1.0442,-22.97,-0.2518,-0.6745,-6.74,4.769
Lianyungang,-0.073,0.04103,-1.6,0.1599100319984421,0.0355,0.2722,0.02395,2.7,-0.2695181594625067,0.1187,-0.073,0.04103,-1.6,True,34.59845,119.21556,0.1033,-0.1763,-3.88,1.0851,-0.8129,-8.13,1.415
Medellín,-0.0576,0.40574,-1.26,0.1261756410408252,0.0691,0.5965,0.01477,5.91,-0.5905935559409375,0.2403,-0.0576,0.40574,-1.26,True,6.245,-75.57151,0.2389,-0.2965,-6.52,0.68,-0.0835,-0.83,4.148
Indore,0.8626,0.0,18.9,-1.8904946327189736,0.1543,2.336,0.0001,23.13,-2.3128365667952493,0.5749,0.8626,0.0,18.9,False,22.71792,75.8333,0.4531,0.4095,9.01,0.9442,1.3918,13.92,0.525
Brazzaville,1.4228,0.0,31.18,-3.118456121671523,0.1254,2.6075,0.0,25.82,-2.581592470908738,0.4472,1.4228,0.0,31.18,False,-4.26613,15.28318,-0.0094,1.4322,31.51,-0.676,3.2835,32.84,0.007
Tashkent,-0.8196,0.0,-17.96,1.7963165427671512,0.0735,-1.8495,0.0,-18.31,1.8311189576632012,0.2704,-0.8196,0.0,-17.96,False,41.26465,69.21627,-0.1441,-0.6755,-14.86,-0.293,-1.5565,-15.57,0.176
Ganzhou,0.0558,0.61441,1.22,-0.1223009433100266,0.1106,-1.1765,0.00438,-11.65,1.164834906916195,0.4033,0.0558,0.61441,1.22,True,25.84664,114.9326,0.0642,-0.0084,-0.19,-0.6915,-0.485,-4.85,1.151
Almaty,-0.8367,0.0,-18.34,1.833758333105904,0.0509,-1.4642,0.0,-14.5,1.4496929899416369,0.2156,-0.8367,0.0,-18.34,False,43.25249,76.9115,-0.3336,-0.5031,-11.07,-0.8196,-0.6446,-6.45,0.399
Khartoum,0.2052,0.0,4.5,-0.4498252435396382,0.0218,0.2311,0.02089,2.29,-0.228854932644046,0.0985,0.2052,0.0,4.5,False,15.55177,32.53241,0.7211,-0.5159,-11.35,0.5807,-0.3496,-3.5,3.514
Hamburg,0.0206,0.6929,0.45,-0.0451408573572633,0.0521,0.1015,0.64905,1.0,-0.1004633174303921,0.2223,0.0206,0.6929,0.45,False,53.55073,9.99302,-0.1083,0.1289,2.84,0.0827,0.0188,0.19,5.257
Sapporo,0.4251,0.0,9.32,-0.931717041340448,0.0497,0.5472,0.0089,5.42,-0.5417793460171338,0.205,0.4251,0.0,9.32,False,43.06667,141.35,0.0925,0.3326,7.32,-0.3406,0.8878,8.88,0.218
Songjiang,0.3785,0.0,8.3,-0.829576759626133,0.0524,0.4114,0.09088,4.07,-0.4073385203543065,0.2409,0.3785,0.0,8.3,False,31.03443,121.22326,0.5097,-0.1312,-2.89,-0.3004,0.7118,7.12,1.347
Accra,2.6367,0.0,57.79,-5.77879507827225,0.1303,5.4265,0.0,53.73,-5.372610366745915,0.3994,2.6367,0.0,57.79,False,5.55602,-0.1969,0.2261,2.4106,53.03,1.1655,4.261,42.61,0.086
Curitiba,0.1436,0.00265,3.15,-0.3147011664243469,0.0473,-0.5933,0.0022,-5.87,0.5874273443926042,0.1886,0.1436,0.00265,3.15,True,-25.42778,-49.27306,0.0036,0.14,3.08,-0.3543,-0.239,-2.39,0.025
Ordos,-1.3267,0.0,-29.08,2.9076507746040336,0.0574,-2.8592,0.0,-28.31,2.830838251033673,0.2474,-1.3267,0.0,-29.08,False,39.6086,109.78157,0.3813,-1.708,-37.58,0.8624,-3.7216,-37.22,0.287
Sanaa,-0.0897,0.00015,-1.97,0.1965051859879621,0.0233,-0.1163,0.27228,-1.15,0.1151683179138084,0.1054,-0.0897,0.00015,-1.97,False,15.35452,44.20646,0.2806,-0.3703,-8.15,0.8839,-1.0002,-10.0,3.128
Conakry,0.4731,0.00642,10.37,-1.0368042631543315,0.172,1.528,0.0171,15.13,-1.5128111995858011,0.6299,0.4731,0.00642,10.37,False,9.53795,-13.67729,0.8398,-0.3667,-8.07,0.5709,0.9571,9.57,1.775
Tijuana,-0.351,0.0,-7.69,0.7692800712400486,0.0336,-0.0297,0.82237,-0.29,0.0294180154489748,0.132,-0.351,0.0,-7.69,False,32.5027,-117.00371,0.0135,-0.3645,-8.02,0.2619,-0.2916,-2.92,0.038
Hyderabad,-0.0649,0.19882,-1.42,0.1422037804723366,0.0504,0.6834,0.0017,6.77,-0.6765905612294127,0.2117,-0.0649,0.19882,-1.42,True,25.39689,68.37718,0.1514,-0.2163,-4.76,1.178,-0.4946,-4.95,2.333
Beirut,-0.2378,0.0,-5.21,0.5211189767214203,0.0364,0.1822,0.15528,1.8,-0.1803483926682995,0.1272,-0.2378,0.0,-5.21,True,33.89332,35.50157,-0.5101,0.2723,5.99,-0.6661,0.8483,8.48,2.145
Tangerang,0.2383,0.0,5.22,-0.5223150013508291,0.0456,0.2499,0.12402,2.47,-0.2474334894726208,0.1611,0.2383,0.0,5.22,False,-6.17806,106.63,0.4724,-0.2341,-5.15,-0.0458,0.2957,2.96,1.982
Jieyang,0.364,0.0,7.98,-0.7977962708370676,0.0602,0.0714,0.78993,0.71,-0.070644360905543,0.2671,0.364,0.0,7.98,False,23.5418,116.36581,0.0231,0.3409,7.5,-0.0813,0.1527,1.53,0.063
Jilin,0.0726,0.03455,1.59,-0.1590378009732817,0.0341,0.8117,0.0,8.04,-0.8036032985045694,0.1016,0.0726,0.03455,1.59,False,43.84652,126.5608,0.4446,-0.372,-8.18,1.28,-0.4683,-4.68,6.124
Jiading,0.3939,0.0,8.63,-0.8632082066249811,0.0532,0.6576,0.00162,6.51,-0.6510304514414433,0.2028,0.3939,0.0,8.63,False,31.38575,121.24465,0.5097,-0.1158,-2.55,-0.3004,0.958,9.58,1.294
Bucharest,-0.7734,0.0,-16.95,1.6949720274038866,0.0868,-2.1168,0.0,-20.96,2.095828279135912,0.2481,-0.7734,0.0,-16.95,False,44.43225,26.10626,-0.4751,-0.2983,-6.56,-1.554,-0.5628,-5.63,0.614
Camayenne,0.4731,0.00642,10.37,-1.0368042631543315,0.172,1.528,0.0171,15.13,-1.5128111995858011,0.6299,0.4731,0.00642,10.37,False,9.535,-13.68778,0.8398,-0.3667,-8.07,0.5709,0.9571,9.57,1.775
Kakamega,2.4168,0.0,52.97,-5.296940225938014,0.1139,3.8168,0.0,37.79,-3.778887658161603,0.4632,2.4168,0.0,52.97,False,0.28422,34.75229,0.3664,2.0504,45.11,1.4202,2.3966,23.97,0.152
Shangqiu,-1.1119,0.0,-24.37,2.437063766406512,0.1071,0.9261,0.02203,9.17,-0.91691273140754,0.398,-1.1119,0.0,-24.37,True,34.4143,115.65613,0.1024,-1.2143,-26.71,0.9554,-0.0293,-0.29,0.092
Nanchong,0.7102,0.0,15.56,-1.5564760622931428,0.0558,0.8565,0.00116,8.48,-0.8480002230480074,0.2559,0.7102,0.0,15.56,False,30.79508,106.08473,0.1607,0.5495,12.09,0.6013,0.2552,2.55,0.226
Tainan,0.1217,0.0,2.67,-0.2668221302798814,0.0217,0.1935,0.01375,1.92,-0.1916086048232939,0.0771,0.1217,0.0,2.67,False,22.99083,120.21333,-0.3495,0.4712,10.37,-1.7063,1.8998,19.0,2.872
Datong,-0.6676,0.0,-14.63,1.463206631254506,0.0302,-0.7504,0.0,-7.43,0.7429156035416313,0.1417,-0.6676,0.0,-14.63,False,40.09361,113.29139,0.314,-0.9816,-21.6,0.4602,-1.2106,-12.11,0.47
Kaduna,1.9736,0.0,43.26,-4.32555895645876,0.1148,3.6723,0.0,36.36,-3.63582064783912,0.4083,1.9736,0.0,43.26,False,10.52641,7.43879,0.5597,1.4139,31.11,0.4945,3.1778,31.78,0.284
Omdurman,0.2052,0.0,4.5,-0.4498252435396382,0.0218,0.2311,0.02089,2.29,-0.228854932644046,0.0985,0.2052,0.0,4.5,False,15.64453,32.47773,0.6553,-0.4501,-9.9,0.4811,-0.25,-2.5,3.193
Davao,0.0392,0.17907,0.86,-0.0858574224997549,0.0291,0.1836,0.16454,1.82,-0.1817340534526983,0.1311,0.0392,0.17907,0.86,False,7.07306,125.61278,0.0286,0.0106,0.23,0.7001,-0.5165,-5.17,0.73
Thāne,0.3283,0.00087,7.19,-0.7194763600318205,0.0973,1.4173,0.0001,14.03,-1.4032561757098834,0.35,0.3283,0.00087,7.19,False,19.19704,72.96355,0.1943,0.134,2.95,0.7211,0.6962,6.96,0.592
Iztapalapa,-0.8774,0.0,-19.23,1.923103328662953,0.1042,-2.4499,0.0,-24.26,2.425547757024158,0.3631,-0.8774,0.0,-19.23,False,19.35529,-99.06224,0.3519,-1.2293,-27.04,0.3999,-2.8498,-28.5,0.401
Diyarbakır,-0.9093,0.0,-19.93,1.9929243994514871,0.1168,-1.6686,0.00022,-16.52,1.652081115826421,0.4348,-0.9093,0.0,-19.93,False,37.91363,40.21721,-0.189,-0.7203,-15.85,-0.7647,-0.9039,-9.04,0.208
Santa Cruz de la Sierra,0.0307,0.60812,0.67,-0.0672550908983774,0.0598,-0.9932,0.0,-9.83,0.9833572552850272,0.1743,0.0307,0.60812,0.67,True,-17.78629,-63.18117,-0.6422,0.6729,14.8,-0.27,-0.7232,-7.23,20.919
Vadodara,0.3546,0.01852,7.77,-0.7771608574418067,0.1495,1.6367,0.00288,16.2,-1.620425910787051,0.5353,0.3546,0.01852,7.77,False,22.29941,73.20812,-0.0233,0.3779,8.31,1.3343,0.3024,3.02,0.066
Adana,-1.0629,0.0,-23.3,2.329624587698947,0.1017,-3.1756,0.0,-31.44,3.144034446813002,0.3614,-1.0629,0.0,-23.3,False,36.98615,35.32531,-0.2529,-0.81,-17.82,-0.7807,-2.3949,-23.95,0.238
Nanyang,-0.0381,0.50051,-0.83,0.0834403073129216,0.0564,0.1323,0.52013,1.31,-0.1309430071330517,0.2049,-0.0381,0.50051,-0.83,True,33.00524,112.54659,0.0776,-0.1157,-2.54,0.8318,-0.6995,-6.99,2.037
Abu Dhabi,-0.0467,0.07153,-1.02,0.1023017192550853,0.0258,0.0854,0.33394,0.85,-0.0845452672112278,0.0879,-0.0467,0.07153,-1.02,True,24.45118,54.39696,0.0842,-0.1309,-2.88,0.3995,-0.3141,-3.14,1.803
Sharjah,-0.1084,0.0001,-2.37,0.2374940834920288,0.0273,0.0084,0.92785,0.08,-0.0083216298110759,0.0926,-0.1084,0.0001,-2.37,True,25.3342,55.41221,0.07,-0.1784,-3.92,0.4676,-0.4592,-4.59,0.646
Bhopal,0.5946,7e-05,13.03,-1.303114987940827,0.1465,1.675,0.00246,16.58,-1.6583299885331877,0.5387,0.5946,7e-05,13.03,False,23.25469,77.40289,0.3307,0.2639,5.81,0.9453,0.7297,7.3,0.556
Jiangmen,0.3309,0.0,7.25,-0.7252921150365552,0.0572,0.037,0.87993,0.37,-0.0365906716526973,0.244,0.3309,0.0,7.25,False,22.58333,113.08333,0.2345,0.0964,2.12,0.0254,0.0116,0.12,0.709
Benin City,0.5736,4e-05,12.57,-1.2572347892993434,0.1373,1.5316,0.00231,15.16,-1.5163912460254438,0.4894,0.5736,4e-05,12.57,False,6.33815,5.62575,0.2634,0.3102,6.82,1.3439,0.1877,1.88,0.459
Jiangyin,0.1938,4e-05,4.25,-0.4246834830162733,0.046,0.3838,0.07538,3.8,-0.3799708129119961,0.2135,0.1938,4e-05,4.25,False,31.91102,120.26302,0.4142,-0.2204,-4.85,-0.4326,0.8164,8.16,2.137
Fuyang,-0.1854,0.00024,-4.06,0.4062574894753781,0.0496,-0.3122,0.10581,-3.09,0.3091321728288134,0.1913,-0.1854,0.00024,-4.06,False,32.9,115.81667,0.0305,-0.2159,-4.75,-0.3864,0.0742,0.74,0.165
Montréal,0.2524,4e-05,5.53,-0.5531006550676519,0.0604,-0.1184,0.59939,-1.17,0.1172600379694636,0.2247,0.2524,4e-05,5.53,True,45.50884,-73.58781,-0.933,1.1854,26.08,-1.8948,1.7764,17.76,3.697
Bayan Nur,-0.6962,0.0,-15.26,1.5259222303889042,0.0293,-1.1558,0.0,-11.44,1.1443144575833035,0.1397,-0.6962,0.0,-15.26,False,40.74143,107.38599,0.0367,-0.7329,-16.12,0.1235,-1.2793,-12.79,0.053
Maracaibo,0.3342,0.0,7.32,-0.7324078887833979,0.0626,1.3193,0.0,13.06,-1.30621290845682,0.1959,0.3342,0.0,7.32,False,10.64232,-71.61089,-0.2267,0.5609,12.34,-0.0676,1.3869,13.87,0.678
Chaozhou,0.3271,0.0,7.17,-0.7168315764512232,0.0658,-0.022,0.93856,-0.22,0.0217919605810194,0.2848,0.3271,0.0,7.17,True,23.65396,116.62262,-0.0225,0.3496,7.69,-0.039,0.017,0.17,0.069
Minsk,-0.232,1e-05,-5.09,0.5085354333180402,0.0524,0.2447,0.21851,2.42,-0.2422739717704057,0.1976,-0.232,1e-05,-5.09,True,53.90019,27.56653,-0.0971,-0.1349,-2.97,0.3703,-0.1256,-1.26,0.419
Budapest,-0.4685,0.0,-10.27,1.0268737254046,0.0556,-0.5819,0.00075,-5.76,0.576120414166979,0.1673,-0.4685,0.0,-10.27,False,47.49835,19.04045,-0.0269,-0.4416,-9.71,-1.1228,0.5409,5.41,0.057
Qingyuan,0.1302,0.0904,2.85,-0.2853370597171036,0.0766,-0.4882,0.12194,-4.83,0.4833352773015779,0.3129,0.1302,0.0904,2.85,True,23.7,113.03333,0.2413,-0.1111,-2.44,-0.1898,-0.2984,-2.98,1.853
Tai’an,-0.9188,0.0,-20.14,2.0137620147888167,0.091,1.2641,0.00061,12.52,-1.2515809579974495,0.3567,-0.9188,0.0,-20.14,True,36.18528,117.12,0.0257,-0.9445,-20.78,1.3687,-0.1046,-1.05,0.028
Rasapūdipalem,0.0794,0.0,1.74,-0.1739676438833892,0.0159,0.4746,0.0,4.7,-0.4699212251853986,0.046,0.0794,0.0,1.74,False,17.73308,83.31622,0.0803,-0.0009,-0.02,0.0807,0.3939,3.94,1.011
Pimpri-Chinchwad,0.6182,0.0,13.55,-1.3550119389279351,0.1291,2.5294,0.0,25.04,-2.504276081207635,0.4537,0.6182,0.0,13.55,False,18.61867,73.80375,0.457,0.1612,3.55,1.0262,1.5032,15.03,0.739
Caloocan,0.3439,0.0,7.54,-0.7536782166357715,0.0445,0.4215,0.01473,4.17,-0.4173090029621134,0.1698,0.3439,0.0,7.54,False,14.64953,120.96788,0.1696,0.1743,3.83,0.4117,0.0098,0.1,0.493
Warsaw,-0.4667,0.0,-10.23,1.0229745519793156,0.0564,-0.207,0.31264,-2.05,0.2049788329533936,0.204,-0.4667,0.0,-10.23,False,52.22977,21.01178,-0.0073,-0.4594,-10.11,0.1671,-0.3741,-3.74,0.016
Soweto,0.0664,0.16684,1.46,-0.1455829310112807,0.0479,0.8554,3e-05,8.47,-0.8469546473591762,0.1942,0.0664,0.16684,1.46,False,-26.26781,27.85849,0.0607,0.0057,0.13,-0.151,1.0064,10.06,0.914
Puebla,-0.6813,0.0,-14.93,1.493273860214956,0.1032,-1.7035,1e-05,-16.87,1.686573456567348,0.3539,-0.6813,0.0,-14.93,False,19.04778,-98.20723,0.2767,-0.958,-21.08,-0.2173,-1.4862,-14.86,0.406
Vienna,-0.5022,0.0,-11.01,1.100723473106246,0.054,-0.538,0.00301,-5.33,0.5326183657843211,0.1768,-0.5022,0.0,-11.01,False,48.20849,16.37208,-0.0421,-0.4601,-10.12,-0.1754,-0.3626,-3.63,0.084
Barcelona,-0.2817,0.0,-6.17,0.6173814699870774,0.0307,-0.45,3e-05,-4.46,0.4455068544809257,0.1034,-0.2817,0.0,-6.17,False,41.38879,2.15899,-0.0698,-0.2119,-4.66,-0.3696,-0.0804,-0.8,0.248
Patna,-0.9716,0.0,-21.29,2.1293669083201854,0.1601,1.3047,0.03213,12.92,-1.2917639125881717,0.6002,-0.9716,0.0,-21.29,True,25.59408,85.13563,-0.1487,-0.8229,-18.1,0.5463,0.7584,7.58,0.153
Mosul,-1.2391,0.0,-27.16,2.715856012558408,0.1136,-1.2638,0.00214,-12.51,1.251226178249725,0.4007,-1.2391,0.0,-27.16,False,36.335,43.11889,0.1383,-1.3774,-30.3,-0.6867,-0.5771,-5.77,0.112
Kallakurichi,-0.2168,0.10896,-4.75,0.4751346995821416,0.1347,1.7572,0.00015,17.4,-1.7397591250710227,0.4464,-0.2168,0.10896,-4.75,True,11.73379,78.95925,0.1828,-0.3996,-8.79,1.0307,0.7265,7.27,0.843
Kampala,4.0256,0.0,88.23,-8.823078047893919,0.1741,5.8346,0.0,57.77,-5.776705761749993,0.6043,4.0256,0.0,88.23,False,0.31628,32.58219,-0.1229,4.1485,91.27,-0.4816,6.3162,63.16,0.031
Xining,0.248,0.0,5.43,-0.5434805115827366,0.032,0.6531,5e-05,6.47,-0.6466188831491274,0.1544,0.248,0.0,5.43,False,36.62554,101.75739,0.2307,0.0173,0.38,1.3393,-0.6862,-6.86,0.93
Changshu,0.1938,4e-05,4.25,-0.4246834830162733,0.046,0.3838,0.07538,3.8,-0.3799708129119961,0.2135,0.1938,4e-05,4.25,False,31.64615,120.74221,0.4175,-0.2237,-4.92,-0.3807,0.7645,7.65,2.154
Palembang,-0.0895,0.04702,-1.96,0.1961342879253483,0.0448,0.0212,0.90409,0.21,-0.0209867365198155,0.1755,-0.0895,0.04702,-1.96,True,-2.91673,104.7458,0.0712,-0.1607,-3.54,0.328,-0.3068,-3.07,0.796
Huainan,-0.2336,0.0,-5.12,0.5119164799306735,0.0444,-0.1504,0.40331,-1.49,0.148951251447034,0.1792,-0.2336,0.0,-5.12,False,32.62639,116.99694,-0.0738,-0.1598,-3.52,-0.5332,0.3828,3.83,0.316
Rabat,-0.3576,0.0,-7.84,0.7837033775803027,0.0461,-1.5122,0.0,-14.97,1.4972121072956446,0.1139,-0.3576,0.0,-7.84,False,34.01325,-6.83255,-0.5377,0.1801,3.96,-1.0236,-0.4886,-4.89,1.504
Semarang,0.2623,2e-05,5.75,-0.5748480092709518,0.0606,0.2262,0.27427,2.24,-0.223993685118737,0.2058,0.2623,2e-05,5.75,False,-6.99306,110.42083,0.0246,0.2377,5.23,0.463,-0.2368,-2.37,0.094
Recife,0.0363,0.00028,0.79,-0.079495494125942,0.0098,0.2086,0.0,2.07,-0.2065153880808795,0.036,0.0363,0.00028,0.79,False,-8.05389,-34.88111,-0.6044,0.6407,14.1,-0.4476,0.6562,6.56,16.65
Phoenix,-0.6529,0.0,-14.31,1.431016446055664,0.0293,-0.7289,0.0,-7.22,0.7216623412198478,0.1258,-0.6529,0.0,-14.31,False,33.44838,-112.07404,0.0164,-0.6693,-14.72,0.0563,-0.7852,-7.85,0.025
Suzhou,-0.5656,0.0,-12.4,1.2395473033564814,0.0673,0.1665,0.54802,1.65,-0.1648402186770564,0.2762,-0.5656,0.0,-12.4,True,33.63611,116.97889,0.1236,-0.6892,-15.16,0.5042,-0.3377,-3.38,0.219
Ecatepec de Morelos,-0.8774,0.0,-19.23,1.923103328662953,0.1042,-2.4499,0.0,-24.26,2.425547757024158,0.3631,-0.8774,0.0,-19.23,False,19.60492,-99.06064,-0.046,-0.8314,-18.29,-0.6606,-1.7893,-17.89,0.052
Lu’an,-0.0538,0.28625,-1.18,0.1179676334637377,0.0504,-0.3185,0.12501,-3.15,0.3153108452601258,0.2058,-0.0538,0.28625,-1.18,False,31.73561,116.51688,-0.0263,-0.0275,-0.61,-0.6798,0.3613,3.61,0.489
Valencia,0.257,0.0051,5.63,-0.5633765032764654,0.0909,1.6437,0.0,16.27,-1.6273680862946194,0.2725,0.257,0.0051,5.63,False,10.16153,-68.00044,-1.2671,1.5241,33.53,-2.0472,3.6909,36.91,4.93
Ludhiana,-4.2955,0.0,-94.15,9.414545909685366,0.1464,-7.7419,0.0,-76.65,7.665057985992836,0.5186,-4.2955,0.0,-94.15,False,30.91204,75.85379,0.4572,-4.7527,-104.56,0.7455,-8.4874,-84.87,0.106
Yancheng,-0.0624,0.05978,-1.37,0.1367241302537445,0.033,0.2108,0.07767,2.09,-0.2087178691887801,0.1182,-0.0624,0.05978,-1.37,True,33.3575,120.1573,0.3713,-0.4337,-9.54,0.1009,0.1099,1.1,5.95
Novosibirsk,0.3948,0.0,8.65,-0.8653032390461666,0.0697,-0.1412,0.56667,-1.4,0.1398277169219078,0.2457,0.3948,0.0,8.65,True,55.02259,82.93175,0.142,0.2528,5.56,-0.5655,0.4243,4.24,0.36
Erbil,-1.1691,0.0,-25.62,2.5624298938905823,0.1189,-1.313,0.00195,-13.0,1.2999847791127506,0.4123,-1.1691,0.0,-25.62,False,36.19117,44.00943,0.2545,-1.4236,-31.32,-0.7705,-0.5425,-5.43,0.218
Fukuoka,0.173,2e-05,3.79,-0.3791089858038364,0.0399,0.407,0.00537,4.03,-0.4029546957645609,0.1429,0.173,2e-05,3.79,False,33.6,130.41667,0.0925,0.0805,1.77,-0.3332,0.7402,7.4,0.535
Taizhou,0.027,0.45705,0.59,-0.0592453215687268,0.0363,0.1582,0.31659,1.57,-0.1566424152155015,0.1572,0.027,0.45705,0.59,False,32.49069,119.90812,0.3492,-0.3222,-7.09,-0.3327,0.4909,4.91,12.933
Daqing,0.8024,0.0,17.59,-1.7587029448226488,0.0674,2.3751,0.0,23.51,-2.351489723588239,0.2399,0.8024,0.0,17.59,False,46.58333,125.0,0.532,0.2704,5.95,1.1501,1.225,12.25,0.663
Manila,0.3439,0.0,7.54,-0.7536782166357715,0.0445,0.4215,0.01473,4.17,-0.4173090029621134,0.1698,0.3439,0.0,7.54,False,14.6042,120.9822,0.1696,0.1743,3.83,0.4117,0.0098,0.1,0.493
Wuhu,0.0861,0.18535,1.89,-0.1887879239315043,0.0648,-0.3578,0.2133,-3.54,0.3542967686236503,0.2857,0.0861,0.18535,1.89,True,31.35259,118.42947,0.5173,-0.4312,-9.49,-0.4659,0.1081,1.08,6.008
Santiago de Querétaro,-1.0622,0.0,-23.28,2.328114526200169,0.1098,-3.1198,0.0,-30.89,3.0888271494352293,0.3986,-1.0622,0.0,-23.28,False,20.58806,-100.38806,-0.2765,-0.7857,-17.29,-1.11,-2.0098,-20.1,0.26
Dazhou,0.6836,0.0,14.98,-1.49819478900086,0.0583,0.8708,0.00152,8.62,-0.8621219254838076,0.2669,0.6836,0.0,14.98,False,31.2106,107.46308,0.1104,0.5732,12.61,0.5524,0.3184,3.18,0.161
Yangzhou,0.027,0.45705,0.59,-0.0592453215687268,0.0363,0.1582,0.31659,1.57,-0.1566424152155015,0.1572,0.027,0.45705,0.59,False,32.39722,119.43583,0.2776,-0.2506,-5.51,-0.4011,0.5593,5.59,10.281
León de los Aldama,-1.0766,0.0,-23.6,2.359675935982319,0.1131,-3.2531,0.0,-32.21,3.2208376576879165,0.4272,-1.0766,0.0,-23.6,False,21.12183,-101.68253,-0.205,-0.8716,-19.18,-1.1512,-2.1019,-21.02,0.19
Makkah,-0.2535,0.0,-5.56,0.5555850397238175,0.0184,-0.076,0.30579,-0.75,0.0752806261960511,0.0739,-0.2535,0.0,-5.56,False,21.42664,39.82563,0.1231,-0.3766,-8.28,0.6182,-0.6942,-6.94,0.486
Philadelphia,0.585,0.0,12.82,-1.2822567654636032,0.0535,0.4377,0.06399,4.33,-0.4333078243039505,0.2336,0.585,0.0,12.82,False,39.95238,-75.16362,-0.2363,0.8213,18.07,-0.2889,0.7266,7.27,0.404
Phnom Penh,-0.4741,0.02884,-10.39,1.0390690602797337,0.2156,1.556,0.01214,15.41,-1.54052136065922,0.6089,-0.4741,0.02884,-10.39,True,11.56245,104.91601,0.1324,-0.6065,-13.34,1.8216,-0.2656,-2.66,0.279
Guilin,0.1769,0.02506,3.88,-0.3877261618072176,0.0784,-1.0499,0.00052,-10.4,1.039529322547349,0.2924,0.1769,0.02506,3.88,True,25.28022,110.29639,0.1126,0.0643,1.41,-0.8522,-0.1977,-1.98,0.637
Damascus,-0.2378,0.0,-5.21,0.5211189767214203,0.0364,0.1822,0.15528,1.8,-0.1803483926682995,0.1272,-0.2378,0.0,-5.21,True,33.5102,36.29128,-0.2025,-0.0353,-0.78,-0.462,0.6442,6.44,0.852
Quetta,-0.436,0.0,-9.56,0.955604026118406,0.0409,-0.3758,0.058,-3.72,0.3720682720733498,0.1959,-0.436,0.0,-9.56,False,30.18414,67.00141,0.6158,-1.0518,-23.14,2.2007,-2.5765,-25.77,1.412
Zhaoqing,0.1871,0.0207,4.1,-0.4101594446848084,0.0803,-0.4545,0.16412,-4.5,0.4499933763861086,0.3242,0.1871,0.0207,4.1,True,23.04893,112.46091,0.1388,0.0483,1.06,-0.3066,-0.1479,-1.48,0.742
Onitsha,0.4878,0.00062,10.69,-1.0691755268165413,0.1406,1.3267,0.01144,13.14,-1.3135689731597828,0.5147,0.4878,0.00062,10.69,False,6.14978,6.78569,-0.0185,0.5063,11.14,0.8246,0.5021,5.02,0.038
Mianyang,0.4124,0.0,9.04,-0.9038661526007186,0.044,0.4989,0.00727,4.94,-0.4939262132371478,0.182,0.4124,0.0,9.04,False,31.46784,104.68168,-0.049,0.4614,10.15,0.5441,-0.0452,-0.45,0.119
Auckland,0.3277,0.0,7.18,-0.7182822819783874,0.0311,0.6243,0.0,6.18,-0.6181232467260811,0.1142,0.3277,0.0,7.18,False,-36.84853,174.76349,0.1234,0.2043,4.5,1.0415,-0.4172,-4.17,0.377
Isfahan,-0.4334,0.0,-9.5,0.949835145693922,0.0578,-0.136,0.49236,-1.35,0.1346277199658896,0.1973,-0.4334,0.0,-9.5,False,32.65246,51.67462,-0.0667,-0.3667,-8.07,0.2133,-0.3493,-3.49,0.154
Wanzhou,0.5813,0.0,12.74,-1.2741248098601976,0.0584,0.8416,0.0029,8.33,-0.8332627043917498,0.2755,0.5813,0.0,12.74,False,30.76451,108.39586,0.1919,0.3894,8.57,0.3261,0.5155,5.16,0.33
Harare,-0.3006,0.00012,-6.59,0.6588312166141116,0.0766,-0.5605,0.06462,-5.55,0.5549084677363318,0.2999,-0.3006,0.00012,-6.59,False,-17.82772,31.05337,-0.2442,-0.0564,-1.24,-1.2599,0.6994,6.99,0.812
Monrovia,0.2,0.10951,4.38,-0.4382516342185478,0.1245,0.8355,0.0583,8.27,-0.8271742095912143,0.4361,0.2,0.10951,4.38,False,6.30054,-10.7969,0.2773,-0.0773,-1.7,-1.9911,2.8266,28.27,1.386
Putian,0.1341,0.00234,2.94,-0.2938408950578383,0.0436,-0.1389,0.43735,-1.38,0.1375701084027892,0.1782,0.1341,0.00234,2.94,True,25.43944,119.01028,0.0403,0.0938,2.06,-0.0188,-0.1201,-1.2,0.301
Kawasaki,0.5728,0.0,12.55,-1.2554123888447868,0.0424,1.5877,0.0,15.72,-1.5719846401550466,0.1807,0.5728,0.0,12.55,False,35.52056,139.71722,-0.0534,0.6262,13.78,0.1066,1.4811,14.81,0.093
Goiânia,-0.8342,0.0,-18.28,1.8282379845870105,0.1502,-0.3076,0.55824,-3.05,0.3045949941693122,0.5237,-0.8342,0.0,-18.28,False,-16.67861,-49.25389,-0.2507,-0.5835,-12.84,-0.2862,-0.0214,-0.21,0.301
San Antonio,-0.3501,0.0,-7.67,0.7672310912973797,0.0478,-0.9407,0.0,-9.31,0.931388465627492,0.1389,-0.3501,0.0,-7.67,False,29.42412,-98.49363,-0.2738,-0.0763,-1.68,-1.9833,1.0426,10.43,0.782
Kobe,0.1955,0.0,4.29,-0.4285319457933677,0.0272,0.3534,0.00157,3.5,-0.349920538447908,0.1087,0.1955,0.0,4.29,False,34.6913,135.183,0.119,0.0765,1.68,-0.2439,0.5973,5.97,0.609
Stockholm,0.0994,0.05642,2.18,-0.2179176480959014,0.0519,0.2591,0.20971,2.56,-0.2564966913123997,0.2052,0.0994,0.05642,2.18,False,59.32938,18.06871,0.4978,-0.3984,-8.76,-1.1844,1.4435,14.43,5.008
Ciudad Juárez,-0.9844,0.0,-21.58,2.157566859115679,0.0342,-1.6723,0.0,-16.56,1.6556832334888394,0.1286,-0.9844,0.0,-21.58,False,31.72024,-106.46084,-0.2927,-0.6917,-15.22,-0.4345,-1.2378,-12.38,0.297
Cần Thơ,-0.2127,0.1523,-4.66,0.4661370025218597,0.1481,0.9025,0.04546,8.94,-0.893587652034666,0.4454,-0.2127,0.1523,-4.66,True,10.03711,105.78825,1.3739,-1.5866,-34.91,2.2871,-1.3846,-13.85,6.459
Munich,-0.7145,0.0,-15.66,1.5658732379214253,0.0747,-1.0926,0.00019,-10.82,1.0817513914525727,0.2815,-0.7145,0.0,-15.66,False,48.13743,11.57549,-0.0734,-0.6411,-14.1,0.2872,-1.3798,-13.8,0.103
Khulna,-0.2182,0.24509,-4.78,0.47828889108757,0.1873,0.6085,0.35116,6.02,-0.6024271151749834,0.6495,-0.2182,0.24509,-4.78,True,22.80979,89.56439,0.8394,-1.0576,-23.27,0.5138,0.0947,0.95,3.847
Belém,0.6708,0.00108,14.7,-1.4701243867518128,0.2026,1.2435,0.09291,12.31,-1.2311382467910077,0.7328,0.6708,0.00108,14.7,False,-1.45583,-48.50444,0.0488,0.622,13.68,0.1087,1.1348,11.35,0.073
Yekaterinburg,-0.6254,0.0,-13.71,1.3706208148075532,0.0835,-2.535,0.0,-25.1,2.509827437401694,0.2899,-0.6254,0.0,-13.71,False,56.85733,60.61529,0.0124,-0.6378,-14.03,-0.1099,-2.4251,-24.25,0.02
Porto Alegre,0.4486,0.0,9.83,-0.983278181104978,0.0652,0.5353,0.05439,5.3,-0.530010331606308,0.2749,0.4486,0.0,9.83,False,-30.03283,-51.23019,0.2057,0.2429,5.34,-0.4001,0.9354,9.35,0.459
Yinchuan,-0.884,0.0,-19.38,1.9375162510942483,0.0333,-1.7919,0.0,-17.74,1.7740768272825438,0.1386,-0.884,0.0,-19.38,False,38.46806,106.27306,0.0856,-0.9696,-21.33,0.0472,-1.8391,-18.39,0.097
Manhattan,0.7359,0.0,16.13,-1.612894872357995,0.0571,0.555,0.02659,5.5,-0.5495245265098385,0.2465,0.7359,0.0,16.13,False,40.78343,-73.96625,-0.189,0.9249,20.35,0.3489,0.2061,2.06,0.257
Nashik,0.7046,0.0,15.44,-1.5443391999260063,0.126,2.633,0.0,26.07,-2.6069097780654635,0.4487,0.7046,0.0,15.44,False,19.99727,73.79096,0.4541,0.2505,5.51,0.8262,1.8068,18.07,0.644
Taizhou,0.5798,0.0,12.71,-1.2707763960059972,0.0582,0.3751,0.15995,3.71,-0.3714147334963536,0.2649,0.5798,0.0,12.71,False,28.66266,121.43312,0.0187,0.5611,12.34,-0.004,0.3791,3.79,0.032
Asunción,0.4937,1e-05,10.82,-1.082024875428795,0.1079,-2.8305,0.0,-28.02,2.802373617837276,0.3466,0.4937,1e-05,10.82,True,-25.28646,-57.647,-0.0941,0.5878,12.93,-0.911,-1.9195,-19.2,0.191
Yiwu,0.4428,0.0,9.71,-0.9705981664661342,0.0741,-0.0915,0.76592,-0.91,0.0906084810389128,0.3065,0.4428,0.0,9.71,True,29.31506,120.07676,0.2223,0.2205,4.85,-0.313,0.2215,2.22,0.502
Zapopan,-0.5493,0.0,-12.04,1.2040031876769255,0.0892,-1.65,0.0,-16.34,1.6336236168108111,0.3197,-0.5493,0.0,-12.04,False,20.72111,-103.38742,-0.3016,-0.2477,-5.45,-0.702,-0.948,-9.48,0.549
Adelaide,0.242,0.0,5.3,-0.5303388970271152,0.0308,0.3646,0.00024,3.61,-0.360998742196178,0.0955,0.242,0.0,5.3,False,-34.92866,138.59863,-0.6114,0.8534,18.78,0.5896,-0.225,-2.25,2.526
Quanzhou,0.1341,0.00234,2.94,-0.2938408950578383,0.0436,-0.1389,0.43735,-1.38,0.1375701084027892,0.1782,0.1341,0.00234,2.94,True,24.91389,118.58583,-0.0859,0.22,4.84,-0.1074,-0.0315,-0.32,0.641
Madurai,-0.2324,0.02523,-5.09,0.5094567715506839,0.1032,0.863,0.01754,8.54,-0.8544577861007407,0.3572,-0.2324,0.02523,-5.09,True,9.919,78.11953,-0.1887,-0.0437,-0.96,0.9398,-0.0768,-0.77,0.812
Jinhua,0.4428,0.0,9.71,-0.9705981664661342,0.0741,-0.0915,0.76592,-0.91,0.0906084810389128,0.3065,0.4428,0.0,9.71,True,29.10678,119.64421,0.3283,0.1145,2.52,-0.3576,0.2661,2.66,0.741
Kyoto,0.3077,0.0,6.74,-0.6744847521964928,0.0339,0.664,1e-05,6.57,-0.6574396475329338,0.1381,0.3077,0.0,6.74,False,35.02107,135.75385,0.0935,0.2142,4.71,-0.2637,0.9277,9.28,0.304
Cixi,0.4785,0.0,10.49,-1.0488099311100112,0.058,0.324,0.20796,3.21,-0.3207764259088686,0.2556,0.4785,0.0,10.49,False,30.1764,121.2457,0.2955,0.183,4.03,-0.475,0.799,7.99,0.618
Changde,0.5208,0.0,11.41,-1.141375216053459,0.0751,-0.6198,0.07106,-6.14,0.6136697696446216,0.3396,0.5208,0.0,11.41,True,29.03205,111.69844,0.0799,0.4409,9.7,-0.6454,0.0256,0.26,0.153
Kuala Lumpur,0.2356,3e-05,5.16,-0.5163307221304783,0.0554,0.8591,4e-05,8.51,-0.850610893420068,0.2011,0.2356,3e-05,5.16,False,3.1412,101.68653,0.2139,0.0217,0.48,0.3564,0.5027,5.03,0.908
Kayseri,-1.127,0.0,-24.7,2.470081644838443,0.0958,-3.4303,0.0,-33.96,3.3962452645271624,0.3211,-1.127,0.0,-24.7,False,38.73222,35.48528,-0.0882,-1.0388,-22.85,-0.1849,-3.2454,-32.45,0.078
Kaifeng,-1.8324,0.0,-40.16,4.016067738345563,0.1579,2.2778,2e-05,22.55,-2.255164017263518,0.5075,-1.8324,0.0,-40.16,True,34.7986,114.30742,0.1125,-1.9449,-42.79,0.988,1.2898,12.9,0.061
Anshan,-0.2965,2e-05,-6.5,0.649874851017605,0.0671,1.7737,0.0,17.56,-1.7561087037076977,0.2203,-0.2965,2e-05,-6.5,True,41.12361,122.99,0.4552,-0.7517,-16.54,2.2857,-0.512,-5.12,1.535
Karaj,-2.0725,0.0,-45.42,4.542268579438051,0.0835,-3.2319,0.0,-32.0,3.1998422347292665,0.3693,-2.0725,0.0,-45.42,False,35.83266,50.99155,0.4084,-2.4809,-54.58,-0.3626,-2.8693,-28.69,0.197
Kathmandu,-1.8147,0.0,-39.77,3.977237325854157,0.143,-0.9247,0.10227,-9.15,0.9154932831236616,0.5606,-1.8147,0.0,-39.77,False,27.70169,85.3206,0.385,-2.1997,-48.39,0.5192,-1.4439,-14.44,0.212
Daejeon,-0.2189,6e-05,-4.8,0.4797634702258428,0.0536,0.59,0.00518,5.84,-0.5841366779853782,0.2063,-0.2189,6e-05,-4.8,True,36.34913,127.38493,-0.0085,-0.2104,-4.63,0.9557,-0.3657,-3.66,0.039
Baoji,0.0864,0.01615,1.89,-0.1894343818431207,0.0357,0.4814,0.00018,4.77,-0.4765914202545316,0.1236,0.0864,0.01615,1.89,False,34.36775,107.23705,0.4401,-0.3537,-7.78,1.0618,-0.5804,-5.8,5.094
Suqian,-0.2478,0.0,-5.43,0.5431496393051353,0.0425,0.2545,0.13311,2.52,-0.2519626282524227,0.168,-0.2478,0.0,-5.43,True,33.94917,118.29583,0.1107,-0.3585,-7.89,0.2708,-0.0163,-0.16,0.447
Liuzhou,0.1831,0.01384,4.01,-0.4012888220353106,0.0738,-0.8864,0.00145,-8.78,0.8775777787145339,0.2704,0.1831,0.01384,4.01,True,24.32405,109.40698,0.2143,-0.0312,-0.69,-0.7139,-0.1725,-1.72,1.17
Tirunelveli,-0.086,0.25773,-1.88,0.1884864035052653,0.0758,0.3465,0.20303,3.43,-0.3430286732318259,0.2704,-0.086,0.25773,-1.88,True,8.72742,77.6838,-0.6944,0.6084,13.39,0.7447,-0.3982,-3.98,8.074
Konya,-1.0971,0.0,-24.05,2.404615172112093,0.1015,-3.7459,0.0,-37.09,3.708728879799804,0.3396,-1.0971,0.0,-24.05,False,37.87135,32.48464,-0.3006,-0.7965,-17.52,-0.5762,-3.1697,-31.7,0.274
Zhangjiagang,0.1938,4e-05,4.25,-0.4246834830162733,0.046,0.3838,0.07538,3.8,-0.3799708129119961,0.2135,0.1938,4e-05,4.25,False,31.865,120.53889,0.4175,-0.2237,-4.92,-0.3807,0.7645,7.65,2.154
Agra,-1.6898,0.0,-37.04,3.703583441117605,0.1627,0.1594,0.7875,1.58,-0.1577788216191862,0.5896,-1.6898,0.0,-37.04,True,27.18333,78.01667,0.3935,-2.0833,-45.83,0.8778,-0.7184,-7.18,0.233
Tabriz,-1.0839,0.0,-23.76,2.375702829892321,0.0827,-0.9602,0.00723,-9.51,0.9507098713803688,0.35,-1.0839,0.0,-23.76,False,38.08,46.2919,0.3008,-1.3847,-30.46,-0.5369,-0.4233,-4.23,0.278
Makassar,0.2738,0.0,6.0,-0.6001180898100077,0.0397,0.6312,9e-05,6.25,-0.6249463944493286,0.1546,0.2738,0.0,6.0,False,-5.14861,119.43194,0.246,0.0278,0.61,0.1305,0.5007,5.01,0.898
Kharkiv,-1.207,0.0,-26.45,2.6454495214927167,0.0919,-0.9095,0.01481,-9.0,0.9004674221350467,0.3666,-1.207,0.0,-26.45,False,49.98177,36.25475,-0.1771,-1.0299,-22.66,0.2163,-1.1258,-11.26,0.147
Jinjiang,0.1341,0.00234,2.94,-0.2938408950578383,0.0436,-0.1389,0.43735,-1.38,0.1375701084027892,0.1782,0.1341,0.00234,2.94,True,24.81978,118.57415,-0.0859,0.22,4.84,-0.1074,-0.0315,-0.32,0.641
Faridabad,-8.4326,0.0,-184.82,18.48178913693908,0.2789,-2.3689,0.02108,-23.45,2.3453545211500457,1.0105,-8.4326,0.0,-184.82,False,28.41124,77.31316,0.0538,-8.4864,-186.7,1.0441,-3.413,-34.13,0.006
Bozhou,-0.4692,0.0,-10.28,1.028279968254576,0.0676,-0.0853,0.73749,-0.84,0.0844853265736712,0.2539,-0.4692,0.0,-10.28,False,33.87722,115.77028,0.1007,-0.5699,-12.54,0.728,-0.8133,-8.13,0.215
Qujing,0.2456,0.00317,5.38,-0.5383277467798866,0.0824,-0.1679,0.59884,-1.66,0.1662231377875979,0.3181,0.2456,0.00317,5.38,True,25.48333,103.78333,0.0981,0.1475,3.25,-0.9072,0.7393,7.39,0.399
South Tangerang,0.2383,0.0,5.22,-0.5223150013508291,0.0456,0.2499,0.12402,2.47,-0.2474334894726208,0.1611,0.2383,0.0,5.22,False,-6.28862,106.71789,0.4724,-0.2341,-5.15,-0.0458,0.2957,2.96,1.982
San Diego,-0.351,0.0,-7.69,0.7692800712400486,0.0336,-0.0297,0.82237,-0.29,0.0294180154489748,0.132,-0.351,0.0,-7.69,False,32.71571,-117.16472,0.0135,-0.3645,-8.02,0.2619,-0.2916,-2.92,0.038
Gwangju,0.0715,0.0636,1.57,-0.1566513019073869,0.0383,0.3956,0.00164,3.92,-0.3917213932530242,0.1222,0.0715,0.0636,1.57,False,35.15472,126.91556,-0.0141,0.0856,1.88,0.2492,0.1464,1.46,0.197
Zhanjiang,0.4975,0.0,10.9,-1.0903085159476429,0.0919,0.7145,0.04995,7.07,-0.7074228564101648,0.36,0.4975,0.0,10.9,False,21.23391,110.38749,0.4209,0.0766,1.69,0.9107,-0.1962,-1.96,0.846
Fushun,-0.2171,0.00157,-4.76,0.4757931582669253,0.0678,1.9705,0.0,19.51,-1.950931106934892,0.2089,-0.2171,0.00157,-4.76,True,41.88669,123.94363,0.372,-0.5891,-12.96,2.2357,-0.2652,-2.65,1.713
Rājkot,0.0648,0.55944,1.42,-0.1420916271619755,0.1109,1.2249,0.00131,12.13,-1.2127527254376214,0.3701,0.0648,0.55944,1.42,False,22.29161,70.79322,0.2666,-0.2018,-4.44,1.224,0.0009,0.01,4.114
Luoyang,-0.9722,0.0,-21.31,2.130687255763724,0.1254,1.4284,0.0008,14.14,-1.414222249193146,0.4127,-0.9722,0.0,-21.31,True,34.67345,112.43684,0.2504,-1.2226,-26.9,0.9049,0.5235,5.23,0.258
Guadalajara,-0.5493,0.0,-12.04,1.2040031876769255,0.0892,-1.65,0.0,-16.34,1.6336236168108111,0.3197,-0.5493,0.0,-12.04,False,20.67738,-103.34749,-0.3016,-0.2477,-5.45,-0.702,-0.948,-9.48,0.549
The Bronx,0.7359,0.0,16.13,-1.612894872357995,0.0571,0.555,0.02659,5.5,-0.5495245265098385,0.2465,0.7359,0.0,16.13,False,40.84985,-73.86641,-0.189,0.9249,20.35,0.3489,0.2061,2.06,0.257
Guankou,0.2995,0.00534,6.56,-0.6564809575595715,0.1065,-1.2102,0.00438,-11.98,1.198228213331998,0.4149,0.2995,0.00534,6.56,True,28.15861,113.62709,0.2506,0.0489,1.07,-0.6272,-0.583,-5.83,0.837
Huế,0.1191,0.44197,2.61,-0.2609732155511271,0.1546,1.2212,0.02696,12.09,-1.2091123955272502,0.5438,0.1191,0.44197,2.61,False,16.4619,107.59546,0.0804,0.0387,0.85,0.3411,0.8801,8.8,0.675
Milan,-0.7409,0.0,-16.24,1.623895916546208,0.0811,-1.7761,0.0,-17.59,1.7585068866746818,0.3007,-0.7409,0.0,-16.24,False,45.46427,9.18951,0.0997,-0.8406,-18.49,0.2597,-2.0358,-20.36,0.135
Najafgarh,-7.8468,0.0,-171.98,17.197929751414602,0.1873,-6.5892,0.0,-65.24,6.523847694155958,0.6815,-7.8468,0.0,-171.98,False,28.60922,76.97982,0.1136,-7.9604,-175.13,0.9846,-7.5738,-75.74,0.014
N'Djamena,1.2631,0.0,27.68,-2.768351259488369,0.0978,4.0486,0.0,40.08,-4.008425478160151,0.3829,1.2631,0.0,27.68,False,12.10672,15.0444,0.3064,0.9567,21.05,0.5475,3.5011,35.01,0.243
Handan,-2.4606,0.0,-53.93,5.392945250497719,0.165,2.7657,0.0,27.38,-2.738222588007778,0.5091,-2.4606,0.0,-53.93,True,36.60999,114.48764,0.3946,-2.8552,-62.81,1.3497,1.416,14.16,0.16
Bannu,-0.371,0.0,-8.13,0.8131387952173094,0.0521,-1.1579,0.0,-11.46,1.1463623608900153,0.1846,-0.371,0.0,-8.13,False,32.98527,70.60403,0.329,-0.7,-15.4,0.0533,-1.2112,-12.11,0.887
Yichang,0.3707,0.0,8.13,-0.8125237092992433,0.0639,0.1956,0.51719,1.94,-0.1936891119101002,0.301,0.3707,0.0,8.13,False,30.71444,111.28472,-0.0361,0.4068,8.95,-0.5337,0.7293,7.29,0.097
Antananarivo,-0.5718,0.0,-12.53,1.253254705456296,0.1155,-1.4818,0.00028,-14.67,1.467077152036136,0.3935,-0.5718,0.0,-12.53,False,-18.91368,47.53613,0.0182,-0.59,-12.98,-0.7444,-0.7374,-7.37,0.032
Heze,-1.1119,0.0,-24.37,2.437063766406512,0.1071,0.9261,0.02203,9.17,-0.91691273140754,0.398,-1.1119,0.0,-24.37,True,35.23929,115.47358,0.0901,-1.202,-26.44,1.1671,-0.241,-2.41,0.081
Abobo,1.0071,0.0,22.07,-2.2073845119281565,0.0857,2.0169,0.0,19.97,-1.996863124931382,0.3532,1.0071,0.0,22.07,False,5.41613,-4.0159,0.2034,0.8037,17.68,0.1978,1.8191,18.19,0.202
Jamshedpur,-0.0705,0.64692,-1.55,0.1545826753495018,0.1538,1.161,0.02806,11.5,-1.1495071754794102,0.5208,-0.0705,0.64692,-1.55,True,22.80278,86.18545,0.3464,-0.4169,-9.17,0.3463,0.8147,8.15,4.913
Douala,0.286,0.00101,6.27,-0.6268781988941725,0.0859,0.9607,0.00223,9.51,-0.951122634928649,0.3058,0.286,0.00101,6.27,False,4.04827,9.70428,-0.1226,0.4086,8.99,-0.0195,0.9802,9.8,0.429
Antalya,-0.1848,0.00243,-4.05,0.4051182846402483,0.0603,-0.3999,0.05039,-3.96,0.395952398004971,0.2019,-0.1848,0.00243,-4.05,False,36.90812,30.69556,-0.6313,0.4465,9.82,-0.747,0.3471,3.47,3.416
Basrah,-0.2391,0.0,-5.24,0.5239978398664435,0.038,0.0194,0.88172,0.19,-0.0192112850151402,0.1301,-0.2391,0.0,-5.24,True,30.50852,47.7804,0.0121,-0.2512,-5.53,0.2212,-0.2018,-2.02,0.051
Dallas,-0.0867,0.41853,-1.9,0.1900604204899544,0.107,-1.1872,0.00085,-11.75,1.1754085380479635,0.3448,-0.0867,0.41853,-1.9,False,32.78306,-96.80667,0.1939,-0.2806,-6.17,-0.8107,-0.3765,-3.76,2.236
Saitama,0.5728,0.0,12.55,-1.2554123888447868,0.0424,1.5877,0.0,15.72,-1.5719846401550466,0.1807,0.5728,0.0,12.55,False,35.90807,139.65657,-0.0534,0.6262,13.78,0.1066,1.4811,14.81,0.093
Gorakhpur,-7.5836,0.0,-166.21,16.621209230843455,0.1456,-8.4765,0.0,-83.92,8.392360050950417,0.4771,-7.5836,0.0,-166.21,False,29.44768,75.67206,-0.0048,-7.5788,-166.73,0.1596,-8.6361,-86.36,0.001
Niamey,1.926,0.0,42.21,-4.221257299907916,0.0724,3.2446,0.0,32.12,-3.212388314186778,0.2575,1.926,0.0,42.21,False,13.51366,2.1098,0.1328,1.7932,39.45,0.0143,3.2303,32.3,0.069
Liupanshui,0.4738,0.0,10.38,-1.0384135020162102,0.0741,0.0844,0.77161,0.84,-0.0835507486092537,0.2899,0.4738,0.0,10.38,False,26.59444,104.83333,0.2726,0.2012,4.43,-0.6002,0.6846,6.85,0.575
Taguig,0.3033,0.0,6.65,-0.6647042960737849,0.0415,0.3367,0.04485,3.33,-0.333308983432042,0.1657,0.3033,0.0,6.65,False,14.5243,121.0792,0.305,-0.0017,-0.04,0.4116,-0.0749,-0.75,1.006
Maoming,0.2804,4e-05,6.15,-0.6145775192892244,0.0669,-0.0184,0.94396,-0.18,0.0182656669539477,0.2618,0.2804,4e-05,6.15,True,21.66625,110.91364,0.4493,-0.1689,-3.72,0.5292,-0.5476,-5.48,1.602
Calgary,-0.3823,0.0,-8.38,0.8379016488839232,0.0702,-1.4409,0.0,-14.27,1.4265947185227517,0.2411,-0.3823,0.0,-8.38,False,51.05011,-114.08529,-0.2651,-0.1172,-2.58,-0.0227,-1.4182,-14.18,0.693
Tripoli,-0.1302,1e-05,-2.85,0.2852569518749399,0.0284,0.2372,0.01486,2.35,-0.2348466308598245,0.0957,-0.1302,1e-05,-2.85,True,32.88743,13.18733,0.0543,-0.1845,-4.06,0.4202,-0.183,-1.83,0.417
Callao,0.0638,0.03925,1.4,-0.139802806137562,0.0308,-0.2668,0.02388,-2.64,0.2641657797374823,0.1163,0.0638,0.03925,1.4,True,-12.05162,-77.13452,-0.0196,0.0834,1.84,0.0063,-0.2731,-2.73,0.307
Madinah,-0.2864,0.0,-6.28,0.6277704285699554,0.0197,0.1608,0.0398,1.59,-0.1591903060363702,0.0772,-0.2864,0.0,-6.28,True,24.46861,39.61417,0.1097,-0.3961,-8.71,0.5223,-0.3615,-3.61,0.383
Yaoundé,0.3053,0.00118,6.69,-0.6691360100959439,0.0929,0.8942,0.00878,8.85,-0.885363625043374,0.3344,0.3053,0.00118,6.69,False,3.86667,11.51667,-0.7966,1.1019,24.24,0.4675,0.4267,4.27,2.609
Qinzhou,0.2534,0.00016,5.55,-0.5553054035923074,0.0661,0.14,0.57033,1.39,-0.1386190383545829,0.2459,0.2534,0.00016,5.55,False,21.98247,108.65061,0.5547,-0.3013,-6.63,0.3044,-0.1644,-1.64,2.189
Luohe,-0.7877,0.0,-17.26,1.726486639476602,0.1067,0.5955,0.10562,5.9,-0.5895609630895533,0.3646,-0.7877,0.0,-17.26,True,33.57424,114.03261,0.0134,-0.8011,-17.62,0.4439,0.1516,1.52,0.017
Xiangyang,0.1854,0.00015,4.06,-0.4064144768937781,0.048,0.3825,0.06137,3.79,-0.3787305144620639,0.2021,0.1854,0.00015,4.06,False,32.0422,112.14479,0.0879,0.0975,2.14,0.7584,-0.3759,-3.76,0.474
Yangjiang,0.2851,0.0,6.25,-0.6249372435272702,0.0501,0.1299,0.52968,1.29,-0.1286494637598638,0.206,0.2851,0.0,6.25,False,21.85563,111.96272,0.3708,-0.0857,-1.89,0.324,-0.1941,-1.94,1.301
Yixing,0.1735,0.00232,3.8,-0.3803009000203106,0.0563,0.0957,0.70856,0.95,-0.0947833601317491,0.2554,0.1735,0.00232,3.8,False,31.36059,119.82016,0.5915,-0.418,-9.2,-0.5603,0.656,6.56,3.409
Pimpri,0.6182,0.0,13.55,-1.3550119389279351,0.1291,2.5294,0.0,25.04,-2.504276081207635,0.4537,0.6182,0.0,13.55,False,18.62292,73.80696,0.457,0.1612,3.55,1.0262,1.5032,15.03,0.739
Da Nang,0.2913,0.05796,6.38,-0.6383587646521625,0.1529,1.587,0.00277,15.71,-1.5712439863959071,0.517,0.2913,0.05796,6.38,False,16.06778,108.22083,0.1535,0.1378,3.03,0.3349,1.2521,12.52,0.527
Amman,-0.2683,0.0,-5.88,0.5880339766493016,0.0262,0.2634,0.01297,2.61,-0.2607528324283618,0.1041,-0.2683,0.0,-5.88,True,31.95522,35.94503,-0.1541,-0.1142,-2.51,-0.0898,0.3532,3.53,0.574
Budta,0.1586,0.0,3.48,-0.3477020628211512,0.032,0.3983,0.00569,3.94,-0.3943345740983129,0.1409,0.1586,0.0,3.48,False,7.20417,124.43972,-0.4926,0.6512,14.33,0.8328,-0.4345,-4.34,3.106
Belgrade,-0.6621,0.0,-14.51,1.4512172934469427,0.0808,-1.5542,0.0,-15.39,1.5387378607190991,0.2528,-0.6621,0.0,-14.51,False,44.80401,20.46513,-0.1619,-0.5002,-11.0,-0.0974,-1.4568,-14.57,0.245
Biên Hòa,-0.0721,0.63917,-1.58,0.1581046804423669,0.1537,1.1555,0.0174,11.44,-1.14401085844196,0.4776,-0.0721,0.63917,-1.58,True,10.94469,106.82432,0.0824,-0.1545,-3.4,1.8464,-0.6909,-6.91,1.143
Qingpu,0.3785,0.0,8.3,-0.829576759626133,0.0524,0.4114,0.09088,4.07,-0.4073385203543065,0.2409,0.3785,0.0,8.3,False,31.15394,121.11408,0.5097,-0.1312,-2.89,-0.3004,0.7118,7.12,1.347
Montevideo,0.1041,0.09678,2.28,-0.2282393847847149,0.0625,-0.0505,0.81825,-0.5,0.050013127989295,0.2192,0.1041,0.09678,2.28,True,-34.90328,-56.18816,-0.3715,0.4756,10.46,-1.5374,1.4869,14.87,3.569
Xuchang,-1.0587,0.0,-23.2,2.3203981342572075,0.1383,1.526,0.00087,15.11,-1.5109041281470494,0.4443,-1.0587,0.0,-23.2,True,34.03189,113.86299,0.1465,-1.2052,-26.52,0.8097,0.7163,7.16,0.138
Kalyān,0.3283,0.00087,7.19,-0.7194763600318205,0.0973,1.4173,0.0001,14.03,-1.4032561757098834,0.35,0.3283,0.00087,7.19,False,19.2437,73.13554,0.1747,0.1536,3.38,0.7459,0.6714,6.71,0.532
Zigong,0.6695,0.0,14.67,-1.46744244685045,0.0559,0.9115,0.00044,9.02,-0.9024483104832922,0.2506,0.6695,0.0,14.67,False,29.34162,104.77689,0.2681,0.4014,8.83,0.0922,0.8193,8.19,0.4
Nizhniy Novgorod,-0.5043,0.0,-11.05,1.10535903205354,0.0703,-0.8029,0.00138,-7.95,0.7949357771983857,0.2439,-0.5043,0.0,-11.05,False,56.32867,44.00205,0.0463,-0.5506,-12.11,0.2629,-1.0658,-10.66,0.092
Jepara,0.3127,0.0,6.85,-0.6853147549031317,0.0535,0.4829,0.01295,4.78,-0.4781015335600403,0.1908,0.3127,0.0,6.85,False,-6.5924,110.671,0.1137,0.199,4.38,0.6124,-0.1295,-1.29,0.364
Maputo,0.1631,0.0,3.57,-0.3574259558616978,0.0151,0.5883,0.0,5.82,-0.5824896005572595,0.0512,0.1631,0.0,3.57,False,-25.96553,32.58322,0.3996,-0.2365,-5.2,1.723,-1.1347,-11.35,2.45
Xuzhou,-0.244,0.0,-5.35,0.5348275209605902,0.0445,0.0946,0.60241,0.94,-0.0937087024117673,0.1811,-0.244,0.0,-5.35,True,34.20442,117.28386,0.2522,-0.4962,-10.92,0.9114,-0.8168,-8.17,1.034
Dammam,-0.2386,0.0,-5.23,0.5228657971964386,0.0249,0.0932,0.2612,0.92,-0.0922341758163697,0.0824,-0.2386,0.0,-5.23,True,26.43442,50.10326,0.0559,-0.2945,-6.48,0.1069,-0.0137,-0.14,0.234
Ra’s Bayrūt,-0.3446,0.0,-7.55,0.7552273915880534,0.034,0.1491,0.18884,1.48,-0.1475890834876469,0.1127,-0.3446,0.0,-7.55,True,33.9,35.48333,-0.588,0.2434,5.35,-0.4064,0.5555,5.55,1.706
Neijiang,0.6695,0.0,14.67,-1.46744244685045,0.0559,0.9115,0.00044,9.02,-0.9024483104832922,0.2506,0.6695,0.0,14.67,False,29.58354,105.06216,0.2703,0.3992,8.78,0.158,0.7535,7.54,0.404
Shiraz,-1.1013,0.0,-24.14,2.4138151846842093,0.0656,-1.3286,1e-05,-13.15,1.3153943572764542,0.2885,-1.1013,0.0,-24.14,False,29.61031,52.53113,0.0221,-1.1234,-24.71,0.0016,-1.3302,-13.3,0.02
Heshan,0.4121,1e-05,9.03,-0.903209134574142,0.0891,-1.0126,0.00755,-10.03,1.0025957977081408,0.3712,0.4121,1e-05,9.03,True,28.56938,112.34733,0.1698,0.2423,5.33,-0.5335,-0.4791,-4.79,0.412
Dombivali,0.3283,0.00087,7.19,-0.7194763600318205,0.0973,1.4173,0.0001,14.03,-1.4032561757098834,0.35,0.3283,0.00087,7.19,False,19.21667,73.08333,0.1747,0.1536,3.38,0.7459,0.6714,6.71,0.532
Kananga,0.5216,5e-05,11.43,-1.143125543827794,0.1261,0.939,0.04778,9.3,-0.9297090179030296,0.4685,0.5216,5e-05,11.43,False,-5.89624,22.41659,0.1875,0.3341,7.35,2.1577,-1.2187,-12.19,0.359
Kazan,-0.5133,0.0,-11.25,1.124992070954372,0.0813,-1.0576,0.00026,-10.47,1.0471478788936863,0.2789,-0.5133,0.0,-11.25,False,55.78874,49.12214,0.1606,-0.6739,-14.82,-0.0485,-1.0091,-10.09,0.313
Jining,-1.1172,0.0,-24.49,2.4486508217100984,0.0977,0.9863,0.01197,9.77,-0.9765583936297916,0.3852,-1.1172,0.0,-24.49,True,35.405,116.58139,-0.0028,-1.1144,-24.52,0.9954,-0.0091,-0.09,0.003
Barquisimeto,0.0579,0.51123,1.27,-0.1268017261103752,0.0879,1.5713,0.0,15.56,-1.5557430875111578,0.2457,0.0579,0.51123,1.27,False,10.0647,-69.35703,-1.217,1.2749,28.05,-1.2892,2.8605,28.61,21.019
Shubrā al Khaymah,-0.1159,0.0,-2.54,0.2539663646426325,0.0162,0.1375,0.0398,1.36,-0.1361328698710603,0.066,-0.1159,0.0,-2.54,True,30.12511,31.25053,0.0968,-0.2127,-4.68,0.0329,0.1046,1.05,0.835
Putuo,0.3939,0.0,8.63,-0.8632082066249811,0.0532,0.6576,0.00162,6.51,-0.6510304514414433,0.2028,0.3939,0.0,8.63,False,31.251,121.3897,0.5097,-0.1158,-2.55,-0.3004,0.958,9.58,1.294
Port-au-Prince,0.2605,0.0,5.71,-0.5708800413627404,0.0281,0.2663,0.00544,2.64,-0.2636567239110855,0.0937,0.2605,0.0,5.71,False,18.54349,-72.33881,-0.2646,0.5251,11.55,-0.7875,1.0538,10.54,1.016
Suwon,-0.066,0.09208,-1.45,0.1447605216657961,0.039,0.6391,0.0,6.33,-0.632767455793806,0.1261,-0.066,0.09208,-1.45,True,37.29111,127.00889,-0.0553,-0.0107,-0.24,1.6794,-1.0403,-10.4,0.838
Xinyang,-0.0872,0.12226,-1.91,0.1910295848348105,0.0562,-0.1653,0.4442,-1.64,0.1636699922255543,0.2152,-0.0872,0.12226,-1.91,False,32.12278,114.06556,0.0587,-0.1459,-3.21,0.253,-0.4183,-4.18,0.673
Liaocheng,-1.3836,0.0,-30.33,3.032568999066544,0.1102,1.6904,0.0001,16.74,-1.6736014546930362,0.4168,-1.3836,0.0,-30.33,True,36.45064,116.00247,0.2689,-1.6525,-36.35,1.4542,0.2362,2.36,0.194
Jinzhong,-1.7597,0.0,-38.57,3.856715512112856,0.0858,0.6424,0.01801,6.36,-0.6360227547726917,0.267,-1.7597,0.0,-38.57,True,37.68403,112.75471,0.1473,-1.907,-41.96,0.3905,0.2519,2.52,0.084
Meerut,-8.4326,0.0,-184.82,18.48178913693908,0.2789,-2.3689,0.02108,-23.45,2.3453545211500457,1.0105,-8.4326,0.0,-184.82,False,28.98002,77.70636,-0.0855,-8.3471,-183.64,1.0131,-3.382,-33.82,0.01
Virār,0.3283,0.00087,7.19,-0.7194763600318205,0.0973,1.4173,0.0001,14.03,-1.4032561757098834,0.35,0.3283,0.00087,7.19,False,19.45591,72.81136,0.1943,0.134,2.95,0.7211,0.6962,6.96,0.592
Nowrangapur,0.2827,0.02972,6.2,-0.6195394331788082,0.1292,1.4364,0.00163,14.22,-1.422098636570817,0.4432,0.2827,0.02972,6.2,False,19.23114,82.54826,0.0295,0.2532,5.57,0.1821,1.2543,12.54,0.104
Karbala,-0.4631,0.0,-10.15,1.0149368597640214,0.0491,-0.5238,0.00681,-5.19,0.5186493512434266,0.1895,-0.4631,0.0,-10.15,False,32.61603,44.02488,-0.2876,-0.1755,-3.86,-0.101,-0.4228,-4.23,0.621
Changzhi,-2.0977,0.0,-45.98,4.597502663140181,0.1724,2.4451,1e-05,24.21,-2.4208608531702227,0.5247,-2.0977,0.0,-45.98,True,36.18389,113.10528,0.3253,-2.423,-53.31,1.0647,1.3804,13.8,0.155
Tianshui,0.0851,0.01051,1.87,-0.186572711985052,0.033,0.562,1e-05,5.56,-0.5563739904801016,0.1189,0.0851,0.01051,1.87,False,34.57952,105.74238,0.3271,-0.242,-5.32,0.4598,0.1022,1.02,3.844
Sadr City,-0.5819,0.0,-12.75,1.2753483712093734,0.0743,-0.8459,0.00307,-8.38,0.8375258256425252,0.2786,-0.5819,0.0,-12.75,False,33.3889,44.4583,-0.2627,-0.3192,-7.02,0.0486,-0.8945,-8.95,0.451
Yangpu,0.3939,0.0,8.63,-0.8632082066249811,0.0532,0.6576,0.00162,6.51,-0.6510304514414433,0.2028,0.3939,0.0,8.63,False,31.26193,121.51904,0.51,-0.1161,-2.55,-0.361,1.0186,10.19,1.295
Mombasa,0.1408,0.0,3.09,-0.308640256521591,0.0172,0.5269,0.0,5.22,-0.5216706114172323,0.0539,0.1408,0.0,3.09,False,-4.05466,39.66359,0.0168,0.124,2.73,-0.3757,0.9026,9.03,0.119
Mandalay,-0.0866,0.62041,-1.9,0.189779122744847,0.1746,0.3728,0.53293,3.69,-0.3690522756592339,0.5957,-0.0866,0.62041,-1.9,True,21.97473,96.08359,0.4724,-0.559,-12.3,0.3113,0.0615,0.61,5.455
Srinagar,-1.1159,0.0,-24.46,2.4456821655214123,0.0763,-2.9142,0.0,-28.85,2.8852870531365395,0.3046,-1.1159,0.0,-24.46,False,34.08565,74.80555,0.5877,-1.7036,-37.48,0.0004,-2.9146,-29.15,0.527
Barranquilla,0.11,0.16135,2.41,-0.2410716684898438,0.0783,0.6294,0.02112,6.23,-0.623174915609859,0.2686,0.11,0.16135,2.41,False,10.96854,-74.78132,-0.4259,0.5359,11.79,-1.5985,2.2279,22.28,3.872
Chelyabinsk,-0.4825,0.0,-10.57,1.0574296763904418,0.0743,-1.6439,0.0,-16.28,1.627592605984645,0.2382,-0.4825,0.0,-10.57,False,55.1611,61.42877,0.1645,-0.647,-14.23,0.0477,-1.6916,-16.92,0.341
Mérida,0.8899,0.0,19.5,-1.9504498025980344,0.0852,1.2466,0.00042,12.34,-1.2342217408076777,0.3414,0.8899,0.0,19.5,False,20.967,-89.62318,-0.0169,0.9068,19.95,0.7031,0.5435,5.43,0.019
Hiroshima,-0.0005,0.98117,-0.01,0.0011851383820059,0.0229,0.1934,0.02936,1.92,-0.1915044196985114,0.0875,-0.0005,0.98117,-0.01,True,34.4,132.45,0.126,-0.1265,-2.78,-0.4519,0.6453,6.45,252.0
Santiago de los Caballeros,0.2676,0.0,5.86,-0.5864337197009423,0.0335,0.2709,0.01864,2.68,-0.2681911811633257,0.1132,0.2676,0.0,5.86,False,19.45036,-70.69085,0.3648,-0.0972,-2.14,0.426,-0.1551,-1.55,1.363
Shymkent,-0.3917,0.0,-8.59,0.8585653581925712,0.0533,-0.7951,9e-05,-7.87,0.7872420713288358,0.1942,-0.3917,0.0,-8.59,False,42.30988,69.60042,-0.2823,-0.1094,-2.41,-0.4068,-0.3883,-3.88,0.721
Weinan,-0.0341,0.38691,-0.75,0.0747125249874156,0.0393,0.4515,0.00051,4.47,-0.4469932336338696,0.1256,-0.0341,0.38691,-0.75,True,34.50355,109.50891,0.2131,-0.2472,-5.44,1.0892,-0.6377,-6.38,6.249
Ghāziābād,-8.4326,0.0,-184.82,18.48178913693908,0.2789,-2.3689,0.02108,-23.45,2.3453545211500457,1.0105,-8.4326,0.0,-184.82,False,28.66535,77.43915,0.0673,-8.4999,-187.0,1.1842,-3.5531,-35.53,0.008
Matola,0.0572,0.05071,1.25,-0.1253101584511494,0.0291,0.5685,0.0,5.63,-0.5628156527184943,0.1094,0.0572,0.05071,1.25,False,-25.96222,32.45889,0.3837,-0.3265,-7.18,1.7891,-1.2206,-12.21,6.708
Dhanbad,-0.4382,0.00787,-9.6,0.9604338647570904,0.1634,0.6117,0.27492,6.06,-0.6055830750679448,0.5571,-0.4382,0.00787,-9.6,True,23.79759,86.42992,0.1484,-0.5866,-12.9,0.7308,-0.1191,-1.19,0.339
Hong Kong Island,0.1718,0.00086,3.77,-0.3766351275160096,0.0509,0.4066,0.0482,4.03,-0.4025820723583963,0.2032,0.1718,0.00086,3.77,False,22.26302,114.18419,0.7344,-0.5626,-12.38,2.3315,-1.9249,-19.25,4.275
Fes,-0.415,0.0,-9.09,0.909496246787926,0.0472,-1.5972,0.0,-15.81,1.5813938815002415,0.1105,-0.415,0.0,-9.09,False,34.03313,-5.00028,-0.5774,0.1624,3.57,-1.2583,-0.3389,-3.39,1.391
Gustavo Adolfo Madero,-0.8774,0.0,-19.23,1.923103328662953,0.1042,-2.4499,0.0,-24.26,2.425547757024158,0.3631,-0.8774,0.0,-19.23,False,19.49392,-99.11075,0.3519,-1.2293,-27.04,0.3999,-2.8498,-28.5,0.401
Nouakchott,0.1259,0.0,2.76,-0.2758443605363928,0.0126,0.1661,0.0024,1.64,-0.1644277378580385,0.0533,0.1259,0.0,2.76,False,18.08581,-15.9785,0.052,0.0739,1.63,0.3779,-0.2118,-2.12,0.413
Kisangani,0.3881,0.0,8.51,-0.8506600452158914,0.0569,0.8513,0.00011,8.43,-0.8428185485650791,0.211,0.3881,0.0,8.51,False,0.51528,25.19099,-0.9156,1.3037,28.68,-1.6152,2.4665,24.66,2.359
Jiaxing,0.3785,0.0,8.3,-0.829576759626133,0.0524,0.4114,0.09088,4.07,-0.4073385203543065,0.2409,0.3785,0.0,8.3,False,30.7522,120.75,0.4003,-0.0218,-0.48,-0.5191,0.9305,9.3,1.058
Aurangabad,0.7507,0.0,16.45,-1.645293500999122,0.1356,2.7271,0.0,27.0,-2.7000125216776425,0.4656,0.7507,0.0,16.45,False,19.87757,75.34226,0.2659,0.4848,10.67,0.8347,1.8924,18.92,0.354
Zhongwei,-0.4875,0.0,-10.69,1.0685320895632997,0.0257,-0.7714,0.0,-7.64,0.7637530714731408,0.1244,-0.4875,0.0,-10.69,False,37.51129,105.19067,0.1046,-0.5921,-13.03,0.1058,-0.8772,-8.77,0.215
Omsk,0.2582,9e-05,5.66,-0.5658919247137995,0.0648,-0.7624,0.00022,-7.55,0.7548511102275441,0.1985,0.2582,9e-05,5.66,True,54.99244,73.36859,-0.0559,0.3141,6.91,-0.3821,-0.3803,-3.8,0.216
Guarulhos,-0.1371,0.04855,-3.0,0.3004951003341152,0.0691,-0.3102,0.23054,-3.07,0.3070769651594223,0.2571,-0.1371,0.04855,-3.0,False,-23.46278,-46.53333,-0.5329,0.3958,8.71,-0.9065,0.5963,5.96,3.887
Panjin,-0.3071,0.0,-6.73,0.6729918629934692,0.0582,1.571,0.0,15.55,-1.5553688832668346,0.1895,-0.3071,0.0,-6.73,True,41.121,122.0739,0.4136,-0.7207,-15.86,2.2088,-0.6378,-6.38,1.347
Bandar Lampung,0.2209,0.00061,4.84,-0.4841199590919168,0.0635,0.2514,0.27942,2.49,-0.2489350408489307,0.2312,0.2209,0.00061,4.84,False,-5.42917,105.26111,0.3465,-0.1256,-2.76,-0.0719,0.3233,3.23,1.569
Prague,-0.5363,0.0,-11.75,1.1753405088564022,0.0606,-0.459,0.05042,-4.54,0.4544544144845003,0.2317,-0.5363,0.0,-11.75,False,50.08804,14.42076,0.0459,-0.5822,-12.81,0.23,-0.689,-6.89,0.086
Varanasi,-0.2026,0.15592,-4.44,0.4440111319194711,0.1423,1.7399,0.0007,17.23,-1.7226105824286626,0.497,-0.2026,0.15592,-4.44,True,25.31668,83.01041,0.3496,-0.5522,-12.15,0.3208,1.4191,14.19,1.726
Batam,0.0173,0.88726,0.38,-0.0379023056431912,0.1218,0.7276,0.10707,7.2,-0.7203800039092518,0.4474,0.0173,0.88726,0.38,False,1.14937,104.02491,0.1816,-0.1643,-3.61,1.8237,-1.0961,-10.96,10.497
Jiujiang,0.2529,0.02992,5.54,-0.5543361598953113,0.1158,-0.9236,0.07333,-9.14,0.9144754384976178,0.5102,0.2529,0.02992,5.54,True,29.70475,116.00206,0.0436,0.2093,4.6,-0.9368,0.0132,0.13,0.172
Samara,-0.2619,0.00387,-5.74,0.5739809664547115,0.0897,0.0387,0.90285,0.38,-0.0383536442884863,0.3165,-0.2619,0.00387,-5.74,True,53.20767,50.13553,0.2114,-0.4733,-10.41,-0.1312,0.1699,1.7,0.807
Aba,0.5513,0.00041,12.08,-1.2082754641067397,0.1538,1.5036,0.01002,14.89,-1.48863798789909,0.5725,0.5513,0.00041,12.08,False,5.10658,7.36667,-0.0462,0.5975,13.14,-0.1581,1.6617,16.62,0.084
Amritsar,-2.5629,0.0,-56.17,5.617081807067212,0.1203,-6.1073,0.0,-60.47,6.046716087917441,0.4179,-2.5629,0.0,-56.17,False,31.62234,74.87534,0.4869,-3.0498,-67.09,1.0047,-7.112,-71.12,0.19
Birmingham,0.0418,0.27496,0.92,-0.0915369892422965,0.0382,0.262,0.09997,2.59,-0.2594410247139825,0.1578,0.0418,0.27496,0.92,False,52.48142,-1.89983,0.3155,-0.2737,-6.02,0.6743,-0.4123,-4.12,7.548
Copenhagen,0.6488,0.0,14.22,-1.4219542601280344,0.0712,0.6417,0.02589,6.35,-0.6353343256051863,0.2837,0.6488,0.0,14.22,False,55.67594,12.56553,-0.218,0.8668,19.07,0.0469,0.5948,5.95,0.336
Sofia,-0.791,0.0,-17.34,1.733653346363729,0.0997,-2.487,0.0,-24.62,2.4622853693221733,0.3286,-0.791,0.0,-17.34,False,42.69751,23.32415,-0.1726,-0.6184,-13.61,-0.4805,-2.0065,-20.06,0.218
Anyang,-2.4606,0.0,-53.93,5.392945250497719,0.165,2.7657,0.0,27.38,-2.738222588007778,0.5091,-2.4606,0.0,-53.93,True,36.096,114.38278,0.3861,-2.8467,-62.63,1.3372,1.4285,14.29,0.157
Yerevan,-0.5269,0.0,-11.55,1.154826237327527,0.0658,-0.2119,0.43607,-2.1,0.2097662778380815,0.2709,-0.5269,0.0,-11.55,False,40.17765,44.5126,-0.01,-0.5169,-11.37,0.6691,-0.881,-8.81,0.019
Luohu District,0.249,2e-05,5.46,-0.545782566937883,0.0579,-0.0666,0.79157,-0.66,0.0659773563677291,0.2515,0.249,2e-05,5.46,True,22.54721,114.13149,0.6023,-0.3533,-7.77,1.8069,-1.8735,-18.74,2.419
Vijayawada,0.5183,3e-05,11.36,-1.1360082976494517,0.1209,2.3443,0.0,23.21,-2.321035135366321,0.4223,0.5183,3e-05,11.36,False,16.50745,80.6466,0.1514,0.3669,8.07,1.268,1.0763,10.76,0.292
Fengxiang,0.3785,0.0,8.3,-0.829576759626133,0.0524,0.4114,0.09088,4.07,-0.4073385203543065,0.2409,0.3785,0.0,8.3,False,30.85841,121.46779,0.38,-0.0015,-0.03,-0.4429,0.8543,8.54,1.004
Bijie,0.6063,0.0,13.29,-1.3288438534457636,0.0672,0.0892,0.74317,0.88,-0.0882740175212816,0.2713,0.6063,0.0,13.29,False,27.30193,105.28627,0.4426,0.1637,3.6,-0.265,0.3542,3.54,0.73
Monterrey,-0.2701,0.0,-5.92,0.5919220028503663,0.0339,-0.846,0.0,-8.38,0.8376229868643517,0.1132,-0.2701,0.0,-5.92,False,25.68435,-100.31721,-0.459,0.1889,4.16,-0.3912,-0.4548,-4.55,1.699
Kigali,2.0163,0.0,44.19,-4.419093646778006,0.0986,3.3303,0.0,32.97,-3.2972445784686317,0.3962,2.0163,0.0,44.19,False,-1.94995,30.05885,0.0821,1.9342,42.55,0.2286,3.1017,31.02,0.041
Rostov-on-Don,-0.6151,0.0,-13.48,1.3481577803953615,0.0827,-0.1363,0.66292,-1.35,0.1349743642938407,0.3118,-0.6151,0.0,-13.48,False,47.21997,39.70769,-0.14,-0.4751,-10.45,-0.001,-0.1353,-1.35,0.228
Zhuzhou,0.2995,0.00534,6.56,-0.6564809575595715,0.1065,-1.2102,0.00438,-11.98,1.198228213331998,0.4149,0.2995,0.00534,6.56,True,27.83333,113.15,0.097,0.2025,4.46,-0.3872,-0.823,-8.23,0.324
Bogor,0.2383,0.0,5.22,-0.5223150013508291,0.0456,0.2499,0.12402,2.47,-0.2474334894726208,0.1611,0.2383,0.0,5.22,False,-6.59444,106.78917,0.4545,-0.2162,-4.76,0.0375,0.2124,2.12,1.907
Malingao,0.1586,0.0,3.48,-0.3477020628211512,0.032,0.3983,0.00569,3.94,-0.3943345740983129,0.1409,0.1586,0.0,3.48,False,7.16083,124.475,-0.4926,0.6512,14.33,0.8328,-0.4345,-4.34,3.106
Touba,0.6423,0.0,14.08,-1.4076963394298994,0.0467,1.3851,0.0,13.71,-1.371313364496956,0.1916,0.6423,0.0,14.08,False,14.86229,-15.87532,0.1959,0.4464,9.82,0.3875,0.9976,9.98,0.305
Ufa,-0.5354,0.0,-11.73,1.1734899906990637,0.0828,-1.1579,3e-05,-11.46,1.1463653149262163,0.2652,-0.5354,0.0,-11.73,False,54.74306,55.96779,0.084,-0.6194,-13.63,-0.2202,-0.9377,-9.38,0.157
Ranchi,-0.2232,0.15627,-4.89,0.4892366928730612,0.1569,1.1405,0.03456,11.29,-1.129149429375669,0.5321,-0.2232,0.15627,-4.89,True,23.34316,85.3094,0.2251,-0.4483,-9.86,0.8834,0.2571,2.57,1.009
Shangrao,0.3395,0.00059,7.44,-0.7440787979115234,0.0975,-0.8365,0.02418,-8.28,0.8281601644281552,0.3653,0.3395,0.00059,7.44,True,28.45179,117.94287,-0.0565,0.396,8.71,-0.4504,-0.3861,-3.86,0.166
Lilongwe,-0.0982,0.51649,-2.15,0.2152905130068562,0.1512,1.3916,0.0123,13.78,-1.377832799298682,0.5456,-0.0982,0.51649,-2.15,True,-13.96692,33.78725,-0.0905,-0.0077,-0.17,0.7922,0.5994,5.99,0.922
Huaibei,-0.5656,0.0,-12.4,1.2395473033564814,0.0673,0.1665,0.54802,1.65,-0.1648402186770564,0.2762,-0.5656,0.0,-12.4,True,33.97444,116.79167,0.1236,-0.6892,-15.16,0.5042,-0.3377,-3.38,0.219
Maiduguri,2.0303,0.0,44.5,-4.449921713526706,0.13,6.294,0.0,62.32,-6.231564693341867,0.4747,2.0303,0.0,44.5,False,11.84692,13.15712,0.0116,2.0187,44.41,-0.2741,6.5681,65.68,0.006
Xuhui,0.3939,0.0,8.63,-0.8632082066249811,0.0532,0.6576,0.00162,6.51,-0.6510304514414433,0.2028,0.3939,0.0,8.63,False,31.19594,121.44709,0.5097,-0.1158,-2.55,-0.3004,0.958,9.58,1.294
Meishan,0.4584,0.0,10.05,-1.0046999958796297,0.0479,0.7209,0.00045,7.14,-0.71377274276271,0.1985,0.4584,0.0,10.05,False,30.04392,103.83696,0.0549,0.4035,8.88,0.7159,0.005,0.05,0.12
Mwanza,2.6804,0.0,58.75,-5.87465094035224,0.1377,4.4271,0.0,43.83,-4.383196165514112,0.5846,2.6804,0.0,58.75,False,-2.51667,32.9,0.2479,2.4325,53.51,0.0936,4.3335,43.34,0.092
Ulsan,-0.1189,0.00028,-2.61,0.2606637663331957,0.0322,0.1467,0.21179,1.45,-0.1452408255263136,0.1167,-0.1189,0.00028,-2.61,True,35.53722,129.31667,-0.0627,-0.0562,-1.24,-0.004,0.1507,1.51,0.527
Sendai,0.05,0.41912,1.1,-0.1096460245137623,0.0618,0.1848,0.39212,1.83,-0.1830038306051865,0.215,0.05,0.41912,1.1,False,38.26667,140.86667,-0.1279,0.1779,3.91,-0.2035,0.3883,3.88,2.558
Krasnoyarsk,-0.1283,0.01181,-2.81,0.2811235183979428,0.0505,-0.3709,0.01302,-3.67,0.3672673194933114,0.1467,-0.1283,0.01181,-2.81,False,56.03742,92.93136,0.0605,-0.1888,-4.15,0.3414,-0.7123,-7.12,0.472
Fuzhou,0.2234,0.04456,4.9,-0.489600836305504,0.1106,-1.2321,0.00319,-12.2,1.219857599424219,0.4075,0.2234,0.04456,4.9,True,27.95999,116.33333,0.1722,0.0512,1.13,-0.5537,-0.6784,-6.78,0.771
Guigang,0.184,0.01382,4.03,-0.4032749051777677,0.0742,-0.6489,0.01865,-6.42,0.642469296598108,0.2713,0.184,0.01382,4.03,True,23.11603,109.59472,0.2151,-0.0311,-0.68,-0.3314,-0.3175,-3.18,1.169
Pekanbaru,0.0908,0.0044,1.99,-0.1989154405079971,0.0316,0.389,0.00124,3.85,-0.3851006099024635,0.1169,0.0908,0.0044,1.99,False,0.51667,101.44167,-0.1107,0.2015,4.43,0.3927,-0.0037,-0.04,1.219
Oslo,0.0785,0.10285,1.72,-0.172070705673123,0.0479,-0.4811,0.01097,-4.76,0.476344064509559,0.1856,0.0785,0.10285,1.72,True,59.91273,10.74609,0.432,-0.3535,-7.78,1.2398,-1.7209,-17.21,5.503
Jabalpur,0.3763,0.00635,8.25,-0.8248472867460889,0.1366,1.6226,0.00107,16.07,-1.6065074073035068,0.4813,0.3763,0.00635,8.25,False,23.16697,79.95006,-0.0392,0.4155,9.14,0.89,0.7326,7.33,0.104
Ilorin,1.0935,0.0,23.97,-2.3966806669286465,0.1289,2.9592,0.0,29.3,-2.9298362400573152,0.4239,1.0935,0.0,23.97,False,8.49664,4.54214,0.2408,0.8527,18.76,1.0798,1.8794,18.79,0.22
Aden,0.0018,0.91477,0.04,-0.0038581377186144,0.0164,0.2321,4e-05,2.3,-0.2297705639516059,0.0543,0.0018,0.91477,0.04,False,12.77957,45.03852,-0.3276,0.3294,7.25,-0.0341,0.2662,2.66,182.0
Ciudad Nezahualcoyotl,-0.8774,0.0,-19.23,1.923103328662953,0.1042,-2.4499,0.0,-24.26,2.425547757024158,0.3631,-0.8774,0.0,-19.23,False,19.40061,-99.01483,0.3519,-1.2293,-27.04,0.3999,-2.8498,-28.5,0.401
Hengyang,0.158,0.17024,3.46,-0.3462653588913073,0.1148,-1.2753,0.00302,-12.63,1.2626113069054694,0.4192,0.158,0.17024,3.46,True,26.88946,112.61888,0.3749,-0.2169,-4.77,-0.1502,-1.1251,-11.25,2.373
Prayagraj,-0.0501,0.71456,-1.1,0.1097159322039415,0.1367,1.5299,0.00157,15.15,-1.514756171766782,0.4705,-0.0501,0.71456,-1.1,True,25.44478,81.84322,0.2346,-0.2847,-6.26,0.2987,1.2312,12.31,4.683
Visakhapatnam,0.0794,0.0,1.74,-0.1739676438833892,0.0159,0.4746,0.0,4.7,-0.4699212251853986,0.046,0.0794,0.0,1.74,False,17.68009,83.20161,0.0803,-0.0009,-0.02,0.0807,0.3939,3.94,1.011
Goyang-si,-0.066,0.09208,-1.45,0.1447605216657961,0.039,0.6391,0.0,6.33,-0.632767455793806,0.1261,-0.066,0.09208,-1.45,True,37.65639,126.835,-0.0484,-0.0176,-0.39,1.6504,-1.0113,-10.11,0.733
Yulin,0.1853,0.01767,4.06,-0.4060704497982196,0.0775,-0.4799,0.10964,-4.75,0.475099811410994,0.2972,0.1853,0.01767,4.06,True,22.6305,110.14686,0.3124,-0.1271,-2.8,-0.1079,-0.372,-3.72,1.686
Jodhpur,-1.8935,0.0,-41.5,4.150110461326177,0.1072,-2.6459,0.0,-26.2,2.6196649251251856,0.4544,-1.8935,0.0,-41.5,False,26.26841,73.00594,0.4522,-2.3457,-51.61,0.6424,-3.2883,-32.88,0.239
Gwalior,-0.2439,0.05562,-5.35,0.5345458058025123,0.1268,1.1912,0.01085,11.79,-1.179402135937652,0.4587,-0.2439,0.05562,-5.35,True,26.22983,78.17337,0.4792,-0.7231,-15.91,0.6523,0.5389,5.39,1.965
Jingzhou,0.3707,0.0,8.13,-0.8125237092992433,0.0639,0.1956,0.51719,1.94,-0.1936891119101002,0.301,0.3707,0.0,8.13,False,30.35028,112.19028,0.0378,0.3329,7.32,-0.2993,0.4949,4.95,0.102
Gqeberha,0.2645,0.0,5.8,-0.5796433554797461,0.0203,0.1261,0.10863,1.25,-0.1248916375470965,0.0779,0.2645,0.0,5.8,False,-33.96109,25.61494,-0.4312,0.6957,15.31,0.6945,-0.5684,-5.68,1.63
Tbilisi,-0.7275,0.0,-15.94,1.5944967622333073,0.0653,-0.59,0.03761,-5.84,0.5841584030823435,0.2799,-0.7275,0.0,-15.94,False,41.69143,44.83412,-0.3266,-0.4009,-8.82,-0.43,-0.16,-1.6,0.449
Voronezh,-0.8268,0.0,-18.12,1.8120576162330544,0.1003,0.2493,0.52265,2.47,-0.246820308769057,0.3886,-0.8268,0.0,-18.12,True,51.66833,39.19204,0.078,-0.9048,-19.91,0.578,-0.3287,-3.29,0.094
Xinxiang,-1.8324,0.0,-40.16,4.016067738345563,0.1579,2.2778,2e-05,22.55,-2.255164017263518,0.5075,-1.8324,0.0,-40.16,True,35.19033,113.80151,0.1521,-1.9845,-43.66,1.2054,1.0724,10.72,0.083
Yichun,0.1989,0.09382,4.36,-0.435911704089241,0.1182,-1.2144,0.00668,-12.02,1.202303325162047,0.4382,0.1989,0.09382,4.36,True,27.83333,114.4,0.2148,-0.0159,-0.35,-0.7094,-0.505,-5.05,1.08
Sokoto,1.7821,0.0,39.06,-3.905809637174621,0.0858,3.3226,0.0,32.9,-3.289580471709988,0.3577,1.7821,0.0,39.06,False,13.06269,5.24322,0.1466,1.6355,35.98,0.2075,3.1151,31.15,0.082
Jos,1.4136,0.0,30.98,-3.098292345803492,0.1277,2.9097,0.0,28.81,-2.880862480835021,0.4335,1.4136,0.0,30.98,False,9.92849,8.89212,0.8374,0.5762,12.68,0.6159,2.2938,22.94,0.592
Tangier,-0.1852,0.0,-4.06,0.405879821956035,0.0206,-0.385,0.0,-3.81,0.3811809154467878,0.0514,-0.1852,0.0,-4.06,False,35.76727,-5.79975,-0.2902,0.105,2.31,0.3452,-0.7302,-7.3,1.567
Teni,-0.1088,0.20697,-2.39,0.2385303704736747,0.086,0.7001,0.02459,6.93,-0.693181431224632,0.3067,-0.1088,0.20697,-2.39,True,10.01115,77.47772,1.2615,-1.3703,-30.15,2.1452,-1.4451,-14.45,11.595
Xianyang,-0.0437,0.2044,-0.96,0.0958165925985147,0.0344,0.4512,0.00014,4.47,-0.446720175374604,0.1138,-0.0437,0.2044,-0.96,True,34.33778,108.70261,0.345,-0.3887,-8.55,1.0247,-0.5735,-5.73,7.895
Mexicali,-0.2616,0.0,-5.73,0.5733136468180086,0.0258,-0.0592,0.55784,-0.59,0.058628677933773,0.1007,-0.2616,0.0,-5.73,False,32.62781,-115.45446,-0.0101,-0.2515,-5.53,0.0341,-0.0933,-0.93,0.039
Pointe-Noire,0.914,0.0,20.03,-2.0033164168903204,0.079,1.0169,0.00111,10.07,-1.0067723252956542,0.3025,0.914,0.0,20.03,False,-4.77609,11.86352,-0.0127,0.9267,20.39,-0.1924,1.2093,12.09,0.014
Maceió,0.0458,0.13222,1.0,-0.1003686841257709,0.0303,0.4733,0.00014,4.69,-0.4685730609354669,0.1196,0.0458,0.13222,1.0,False,-9.66583,-35.73528,-0.078,0.1238,2.72,-0.0073,0.4806,4.81,1.703
Campinas,-0.5832,0.0,-12.78,1.2782538415822613,0.0938,-1.5396,7e-05,-15.24,1.5243546573915512,0.37,-0.5832,0.0,-12.78,False,-22.90556,-47.06083,-0.4782,-0.105,-2.31,-1.2488,-0.2908,-2.91,0.82
Sanya,0.5552,0.0,12.17,-1.2168408001217077,0.1072,1.1653,0.00598,11.54,-1.1537027087778962,0.4147,0.5552,0.0,12.17,False,18.25435,109.50947,0.4283,0.1269,2.79,0.6412,0.5241,5.24,0.771
Rangpur,-1.4447,0.0,-31.66,3.1663531012612967,0.204,-1.0354,0.15523,-10.25,1.0251500375354097,0.7229,-1.4447,0.0,-31.66,False,25.74664,89.25166,0.4363,-1.881,-41.38,0.5912,-1.6266,-16.27,0.302
Kirkuk,-1.1691,0.0,-25.62,2.5624298938905823,0.1189,-1.313,0.00195,-13.0,1.2999847791127506,0.4123,-1.1691,0.0,-25.62,False,35.46806,44.39222,0.0017,-1.1708,-25.76,-0.5384,-0.7746,-7.75,0.001
Ashgabat,0.4055,0.0,8.89,-0.8887849497164991,0.0368,1.2063,0.0,11.94,-1.1942811634827837,0.1459,0.4055,0.0,8.89,False,37.95,58.38333,0.0857,0.3198,7.03,-0.2709,1.4772,14.77,0.211
Comilla,-0.2955,0.15928,-6.48,0.6475435750726046,0.2092,0.5728,0.42911,5.67,-0.5670879551895815,0.7214,-0.2955,0.15928,-6.48,True,23.46186,91.18503,0.5172,-0.8127,-17.88,0.2934,0.2794,2.79,1.75
Shaoguan,0.0839,0.36163,1.84,-0.1839658272869946,0.0918,-0.9508,0.01024,-9.41,0.941372796363234,0.3632,0.0839,0.36163,1.84,True,24.8,113.58333,0.1741,-0.0902,-1.98,-0.1755,-0.7753,-7.75,2.075
Howrah,-0.1599,0.32813,-3.5,0.350464912578289,0.1632,0.6662,0.2367,6.6,-0.6595862058293909,0.5596,-0.1599,0.32813,-3.5,True,22.57688,88.31857,0.0611,-0.221,-4.86,0.4163,0.2499,2.5,0.382
Raipur,0.2681,0.09145,5.88,-0.5877050085598315,0.1582,1.6041,0.00402,15.88,-1.5881608536905634,0.5444,0.2681,0.09145,5.88,False,21.23333,81.63333,0.3293,-0.0612,-1.35,1.3194,0.2847,2.85,1.228
Changwon,-0.1065,0.02335,-2.33,0.2333620773817431,0.0466,0.376,0.02543,3.72,-0.3723049258651749,0.1657,-0.1065,0.02335,-2.33,True,35.22806,128.68111,-0.0916,-0.0149,-0.33,-0.0687,0.4447,4.45,0.86
Longyan,0.0853,0.35072,1.87,-0.1870514657319843,0.0913,-0.5993,0.09229,-5.93,0.5933406546595201,0.3525,0.0853,0.35072,1.87,True,25.07485,117.01775,0.2334,-0.1481,-3.26,-0.4671,-0.1322,-1.32,2.736
Köln,-0.2657,0.0,-5.82,0.5823303510609115,0.0512,-0.2829,0.17921,-2.8,0.2800714146920929,0.2091,-0.2657,0.0,-5.82,False,50.93333,6.95,-0.0503,-0.2154,-4.74,0.0621,-0.345,-3.45,0.189
Dublin,-0.1688,0.0,-3.7,0.3698964541066649,0.0306,-0.0276,0.80249,-0.27,0.0272837649107786,0.1099,-0.1688,0.0,-3.7,False,53.33306,-6.24889,0.0449,-0.2137,-4.7,0.0081,-0.0357,-0.36,0.266
Tiruchirappalli,-0.2164,0.06884,-4.74,0.474200927908519,0.1184,1.5897,0.00011,15.74,-1.5738986660825798,0.3945,-0.2164,0.06884,-4.74,True,10.8155,78.69651,0.0158,-0.2322,-5.11,0.763,0.8267,8.27,0.073
Yongzhou,0.2545,0.00341,5.58,-0.5578171019402961,0.086,-1.3036,0.0001,-12.91,1.290634780723458,0.3206,0.2545,0.00341,5.58,True,26.42389,111.61306,0.1754,0.0791,1.74,-0.4379,-0.8657,-8.66,0.689
Brussels,-0.1709,0.00158,-3.75,0.3745853361299968,0.0535,-0.2191,0.28932,-2.17,0.2169739379074962,0.2057,-0.1709,0.00158,-3.75,False,50.85045,4.34878,0.074,-0.2449,-5.39,0.8422,-1.0613,-10.61,0.433
Zamboanga,0.1498,0.0,3.28,-0.3282969249338566,0.0189,0.2715,0.00012,2.69,-0.2687592425987302,0.0677,0.1498,0.0,3.28,False,6.91028,122.07389,0.0669,0.0829,1.82,0.8464,-0.5749,-5.75,0.447
Ottawa,0.3367,0.0,7.38,-0.7378772122909544,0.058,0.1017,0.64986,1.01,-0.1006999104077356,0.2234,0.3367,0.0,7.38,False,45.41117,-75.69812,-0.2846,0.6213,13.67,-0.0497,0.1514,1.51,0.845
Huzhou,0.3785,0.0,8.3,-0.829576759626133,0.0524,0.4114,0.09088,4.07,-0.4073385203543065,0.2409,0.3785,0.0,8.3,False,30.8703,120.0933,0.543,-0.1645,-3.62,-0.5693,0.9807,9.81,1.435
Volgograd,-0.3467,0.0,-7.6,0.7598065276178521,0.058,0.3599,0.06181,3.56,-0.3563339117083534,0.1905,-0.3467,0.0,-7.6,True,48.71378,44.4976,-0.6657,0.319,7.02,-1.517,1.8769,18.77,1.92
Khartoum North,0.2052,0.0,4.5,-0.4498252435396382,0.0218,0.2311,0.02089,2.29,-0.228854932644046,0.0985,0.2052,0.0,4.5,False,15.64925,32.53458,0.7211,-0.5159,-11.35,0.5807,-0.3496,-3.5,3.514
Edmonton,-0.3005,0.0,-6.59,0.6586230781089748,0.0395,-1.052,0.0,-10.42,1.0415833200949536,0.1417,-0.3005,0.0,-6.59,False,53.55014,-113.46871,-0.0706,-0.2299,-5.06,-0.9279,-0.1241,-1.24,0.235
Odesa,-0.1736,9e-05,-3.8,0.3804449740221198,0.0437,-0.033,0.81345,-0.33,0.0327213933760838,0.1397,-0.1736,9e-05,-3.8,False,46.48572,30.74383,-0.1119,-0.0617,-1.36,-0.5935,0.5605,5.6,0.645
Wuwei,-0.0846,7e-05,-1.85,0.1853695337524507,0.0209,0.0388,0.70452,0.38,-0.0384231881013757,0.102,-0.0846,7e-05,-1.85,True,37.92672,102.63202,-0.0124,-0.0722,-1.59,0.2239,-0.1851,-1.85,0.147
Jacksonville,0.7755,0.0,17.0,-1.6997812055843222,0.0576,1.3244,0.0,13.11,-1.311280058620033,0.2444,0.7755,0.0,17.0,False,30.33218,-81.65565,0.0608,0.7147,15.72,0.6922,0.6322,6.32,0.078
Arequipa,0.1138,8e-05,2.49,-0.2493688847017144,0.0282,-0.0667,0.52288,-0.66,0.0660495142057153,0.104,0.1138,8e-05,2.49,True,-16.39899,-71.53747,0.0657,0.0481,1.06,-0.32,0.2533,2.53,0.577
Fort Worth,-0.2421,0.00477,-5.31,0.5307134671165717,0.085,-0.99,0.00018,-9.8,0.9801436372506606,0.2547,-0.2421,0.00477,-5.31,False,32.72541,-97.32085,0.0731,-0.3152,-6.93,-1.2989,0.3089,3.09,0.302
Hanzhong,0.2854,0.0,6.26,-0.6256191505859682,0.0475,0.6823,0.00039,6.76,-0.6755753928167277,0.1859,0.2854,0.0,6.26,False,33.07507,107.02214,0.0479,0.2375,5.23,1.2906,-0.6083,-6.08,0.168
Hezhou,0.1358,0.10899,2.98,-0.2976588698244245,0.0844,-0.9901,0.00327,-9.8,0.9802627196157166,0.3284,0.1358,0.10899,2.98,True,24.40357,111.56675,0.1979,-0.0621,-1.37,-0.4065,-0.5836,-5.84,1.457
Pest,-0.4685,0.0,-10.27,1.0268737254046,0.0556,-0.5819,0.00075,-5.76,0.576120414166979,0.1673,-0.4685,0.0,-10.27,False,47.5,19.08333,-0.0287,-0.4398,-9.68,-0.6915,0.1096,1.1,0.061
Kota,0.0121,0.91881,0.26,-0.0264744996393609,0.1184,0.5691,0.18198,5.63,-0.5634056976313098,0.4233,0.0121,0.91881,0.26,False,25.18254,75.83907,0.6072,-0.5951,-13.09,0.7059,-0.1368,-1.37,50.182
Zhu Cheng City,-0.4074,0.0,-8.93,0.8928090521261078,0.0607,0.9971,3e-05,9.87,-0.9872102497041776,0.2256,-0.4074,0.0,-8.93,True,35.99502,119.40259,0.2369,-0.6443,-14.17,1.7679,-0.7708,-7.71,0.581
Shivaji Nagar,0.6182,0.0,13.55,-1.3550119389279351,0.1291,2.5294,0.0,25.04,-2.504276081207635,0.4537,0.6182,0.0,13.55,False,18.53017,73.85263,0.457,0.1612,3.55,1.0262,1.5032,15.03,0.739
Dongying,-0.5393,0.0,-11.82,1.1819613176157442,0.0887,2.0596,0.0,20.39,-2.0392061812295115,0.309,-0.5393,0.0,-11.82,True,37.46271,118.49165,0.4003,-0.9396,-20.67,1.6217,0.4379,4.38,0.742
Luzhou,0.7136,0.0,15.64,-1.5639206251645934,0.0613,0.6356,0.01952,6.29,-0.6292882519509994,0.2677,0.7136,0.0,15.64,False,28.8903,105.42575,0.3449,0.3687,8.11,-0.0889,0.7245,7.24,0.483
San Jose,-0.7984,0.0,-17.5,1.7497757919396444,0.1324,0.9056,0.05754,8.97,-0.8966249285250112,0.4712,-0.7984,0.0,-17.5,True,37.33939,-121.89496,0.1407,-0.9391,-20.66,-0.0401,0.9457,9.46,0.176
Sholapur,0.527,0.00025,11.55,-1.1549707390853374,0.1418,2.7252,0.0,26.98,-2.698163173986291,0.4812,0.527,0.00025,11.55,False,17.67152,75.91044,0.5201,0.0069,0.15,1.3563,1.3689,13.69,0.987
Marrakesh,-0.3969,0.0,-8.7,0.8699357211934329,0.036,-1.5947,0.0,-15.79,1.5789158054163084,0.0987,-0.3969,0.0,-8.7,False,31.63416,-7.99994,-0.2507,-0.1462,-3.22,-0.8019,-0.7928,-7.93,0.632
Guatemala City,-0.3598,0.00737,-7.89,0.788584459756967,0.1331,-0.2942,0.48463,-2.91,0.2912559235763981,0.4193,-0.3598,0.00737,-7.89,False,14.64072,-90.51327,0.4986,-0.8584,-18.89,1.9288,-2.223,-22.23,1.386
Meizhou,0.0952,0.28025,2.09,-0.208679445362314,0.088,-0.4666,0.18244,-4.62,0.4619341396746053,0.3475,0.0952,0.28025,2.09,True,24.28859,116.11768,0.17,-0.0748,-1.65,-0.1725,-0.2941,-2.94,1.786
Yueyang,0.4082,0.00014,8.95,-0.8947203027957552,0.1053,-0.8778,0.06017,-8.69,0.8690651111712145,0.4616,0.4082,0.00014,8.95,True,29.37455,113.09481,0.1709,0.2373,5.22,-0.5449,-0.3329,-3.33,0.419
Laiwu,-0.9188,0.0,-20.14,2.0137620147888167,0.091,1.2641,0.00061,12.52,-1.2515809579974495,0.3567,-0.9188,0.0,-20.14,True,36.19278,117.65694,0.3255,-1.2443,-27.38,1.7624,-0.4983,-4.98,0.354
Benxi,-0.2171,0.00157,-4.76,0.4757931582669253,0.0678,1.9705,0.0,19.51,-1.950931106934892,0.2089,-0.2171,0.00157,-4.76,True,41.28861,123.765,0.3139,-0.531,-11.68,1.9688,0.0017,0.02,1.446
Perm,-0.3925,0.0,-8.6,0.8602523156886406,0.0678,-1.7462,0.0,-17.29,1.728825511383323,0.2354,-0.3925,0.0,-8.6,False,58.01046,56.25017,0.093,-0.4855,-10.68,-0.6729,-1.0733,-10.73,0.237
Zaria,2.3201,0.0,50.85,-5.084916006311418,0.104,4.012,0.0,39.72,-3.972184371439132,0.3996,2.3201,0.0,50.85,False,11.11128,7.7227,1.0875,1.2326,27.12,2.8074,1.2046,12.05,0.469
Kennedy,-0.0203,0.70453,-0.44,0.0444786430864573,0.0534,0.3176,0.09845,3.14,-0.3144068786224311,0.1903,-0.0203,0.70453,-0.44,True,4.6165,-74.14597,0.0123,-0.0326,-0.72,0.5055,-0.1879,-1.88,0.606
Chiba,0.3753,0.0,8.23,-0.8226424970020652,0.0311,1.0304,0.0,10.2,-1.0201641697588308,0.1319,0.3753,0.0,8.23,False,35.6,140.11667,-0.066,0.4413,9.71,0.1577,0.8727,8.73,0.176
Pingdingshan,-0.325,0.00012,-7.12,0.7123280110325025,0.0831,0.2273,0.40951,2.25,-0.2250559816009385,0.2744,-0.325,0.00012,-7.12,True,33.73091,113.31554,0.1185,-0.4435,-9.76,0.7612,-0.5339,-5.34,0.365
Ciudad Guayana,0.7751,8e-05,16.99,-1.698883822469223,0.1937,3.2946,0.0,32.62,-3.2618951833397736,0.6256,0.7751,8e-05,16.99,False,8.35122,-62.64102,-0.1191,0.8942,19.67,-2.0463,5.3409,53.41,0.154
Sargodha,-0.6116,0.0,-13.4,1.340356456573174,0.0587,-1.1823,1e-05,-11.71,1.1705685383025184,0.2546,-0.6116,0.0,-13.4,False,32.08586,72.67418,0.3412,-0.9528,-20.96,1.217,-2.3993,-23.99,0.558
Austin,-0.2339,0.01343,-5.13,0.5126771308776729,0.0939,-1.2354,4e-05,-12.23,1.2231190333195512,0.2855,-0.2339,0.01343,-5.13,False,30.26715,-97.74306,-0.0012,-0.2327,-5.12,-2.1345,0.8991,8.99,0.005
Managua,-0.1333,0.19875,-2.92,0.2921472308131527,0.1034,0.5376,0.14674,5.32,-0.5322878532600095,0.3675,-0.1333,0.19875,-2.92,True,12.13282,-86.2504,0.2455,-0.3788,-8.33,1.2573,-0.7197,-7.2,1.842
Bengbu,-0.0883,0.01784,-1.93,0.1934891463525961,0.037,-0.0756,0.60966,-0.75,0.0748633762635673,0.1476,-0.0883,0.01784,-1.93,False,32.94083,117.36083,-0.0604,-0.0279,-0.61,-0.7028,0.6272,6.27,0.684
Salé,-0.3576,0.0,-7.84,0.7837033775803027,0.0461,-1.5122,0.0,-14.97,1.4972121072956446,0.1139,-0.3576,0.0,-7.84,False,34.0531,-6.79846,-0.5377,0.1801,3.96,-1.0236,-0.4886,-4.89,1.504
Jerusalem,-0.2683,0.0,-5.88,0.5880339766493016,0.0262,0.2634,0.01297,2.61,-0.2607528324283618,0.1041,-0.2683,0.0,-5.88,True,31.76904,35.21633,-0.1567,-0.1116,-2.45,-0.1925,0.4559,4.56,0.584
Chandigarh,-6.6935,0.0,-146.7,14.670293696707636,0.1821,-5.6908,0.0,-56.34,5.6343267459962085,0.7414,-6.6935,0.0,-146.7,False,30.73629,76.7884,0.2875,-6.981,-153.58,0.6135,-6.3043,-63.04,0.043
Dnipro,-1.3256,0.0,-29.05,2.90528375888927,0.0784,-1.9827,0.0,-19.63,1.9630197337597324,0.3009,-1.3256,0.0,-29.05,False,48.46664,35.04066,-0.3768,-0.9488,-20.87,-0.9423,-1.0404,-10.4,0.284
Cebu City,0.2918,0.0,6.39,-0.6394534833426815,0.0407,0.9923,0.0,9.82,-0.9824025116900033,0.1698,0.2918,0.0,6.39,False,10.31672,123.89071,0.3385,-0.0467,-1.03,0.2323,0.76,7.6,1.16
Sanhe,-0.4242,0.0,-9.3,0.9297070321466566,0.0489,1.0174,0.0,10.07,-1.0073206437934508,0.1692,-0.4242,0.0,-9.3,True,39.98049,117.06887,0.5208,-0.945,-20.79,1.6143,-0.5969,-5.97,1.228
Tiruppur,-0.0828,0.4358,-1.81,0.1813663184109017,0.106,1.306,0.00057,12.93,-1.2930112534594755,0.3668,-0.0828,0.4358,-1.81,True,11.11541,77.35456,0.6006,-0.6834,-15.04,1.3135,-0.0075,-0.08,7.254
Guwahati,-0.6024,0.00025,-13.2,1.3203519923758025,0.1619,0.0952,0.87079,0.94,-0.0942498417743641,0.5837,-0.6024,0.00025,-13.2,True,26.1844,91.7458,-0.2146,-0.3878,-8.53,-1.1699,1.2651,12.65,0.356
Xiangtan,0.2995,0.00534,6.56,-0.6564809575595715,0.1065,-1.2102,0.00438,-11.98,1.198228213331998,0.4149,0.2995,0.00534,6.56,True,27.85,112.9,-0.1466,0.4461,9.81,-0.29,-0.9202,-9.2,0.489
Linfen,-1.7069,0.0,-37.41,3.7409784449965904,0.1247,0.9104,0.02997,9.01,-0.9013344110407306,0.4133,-1.7069,0.0,-37.41,True,36.08889,111.51889,0.0897,-1.7966,-39.53,0.8131,0.0973,0.97,0.053
Victoria,0.1718,0.00086,3.77,-0.3766351275160096,0.0509,0.4066,0.0482,4.03,-0.4025820723583963,0.2032,0.1718,0.00086,3.77,False,22.2875,114.14417,0.7344,-0.5626,-12.38,2.3315,-1.9249,-19.25,4.275
Zhenjiang,0.027,0.45705,0.59,-0.0592453215687268,0.0363,0.1582,0.31659,1.57,-0.1566424152155015,0.1572,0.027,0.45705,0.59,False,32.21086,119.45508,0.2776,-0.2506,-5.51,-0.4011,0.5593,5.59,10.281
Enugu,0.5492,0.00037,12.04,-1.2036961681936846,0.152,1.4264,0.01012,14.12,-1.4122175031974078,0.5439,0.5492,0.00037,12.04,False,6.44132,7.49883,-0.2741,0.8233,18.11,0.3611,1.0653,10.65,0.499
Rosario,-0.4464,0.00105,-9.78,0.9783118958562148,0.1345,-4.6808,0.0,-46.34,4.634357105862616,0.3175,-0.4464,0.00105,-9.78,False,-32.94682,-60.63932,-0.4128,-0.0336,-0.74,-1.4791,-3.2017,-32.02,0.925
Sulţānah,-0.2864,0.0,-6.28,0.6277704285699554,0.0197,0.1608,0.0398,1.59,-0.1591903060363702,0.0772,-0.2864,0.0,-6.28,True,24.49258,39.58572,0.1097,-0.3961,-8.71,0.5223,-0.3615,-3.61,0.383
Huludao,-0.256,0.0,-5.61,0.5611730264339423,0.0484,1.2492,0.0,12.37,-1.236782332335944,0.1568,-0.256,0.0,-5.61,True,40.75243,120.83552,0.385,-0.641,-14.1,2.1106,-0.8614,-8.61,1.504
Hubballi,0.3372,0.00875,7.39,-0.738949797942906,0.1275,2.2387,0.0,22.16,-2.2164710972965564,0.4462,0.3372,0.00875,7.39,False,15.34776,75.13378,0.3874,-0.0502,-1.1,1.2587,0.98,9.8,1.149
Kitakyushu,0.173,2e-05,3.79,-0.3791089858038364,0.0399,0.407,0.00537,4.03,-0.4029546957645609,0.1429,0.173,2e-05,3.79,False,33.85181,130.85034,0.0586,0.1144,2.52,-0.4072,0.8142,8.14,0.339
Taiz,0.1886,0.0,4.13,-0.4133640867049751,0.0255,0.3041,0.01402,3.01,-0.3011123941048734,0.1216,0.1886,0.0,4.13,False,13.57952,44.02091,-0.0266,0.2152,4.73,0.3099,-0.0058,-0.06,0.141
Setagaya,0.5728,0.0,12.55,-1.2554123888447868,0.0424,1.5877,0.0,15.72,-1.5719846401550466,0.1807,0.5728,0.0,12.55,False,35.64188,139.64715,-0.0534,0.6262,13.78,0.1066,1.4811,14.81,0.093
Kingston,0.2924,0.0,6.41,-0.6409195491207903,0.0202,0.2704,0.00089,2.68,-0.2676777603875067,0.0788,0.2924,0.0,6.41,False,17.99702,-76.79358,-0.0692,0.3616,7.96,0.9933,-0.7229,-7.23,0.237
Jing’an,0.3939,0.0,8.63,-0.8632082066249811,0.0532,0.6576,0.00162,6.51,-0.6510304514414433,0.2028,0.3939,0.0,8.63,False,31.22,121.41583,0.5097,-0.1158,-2.55,-0.3004,0.958,9.58,1.294
Baoshan,0.0387,0.69833,0.85,-0.0848868217881839,0.0998,0.4075,0.24517,4.03,-0.4034440507033955,0.3485,0.0387,0.69833,0.85,False,25.11626,99.16366,0.186,-0.1473,-3.24,0.6562,-0.2487,-2.49,4.806
Rui’an,0.3071,0.0,6.73,-0.6730662055150478,0.0328,0.2598,0.03872,2.57,-0.2572066599987307,0.124,0.3071,0.0,6.73,False,27.77605,120.65859,0.0371,0.27,5.94,-0.1971,0.4569,4.57,0.121
Chihuahua,-1.1983,0.0,-26.26,2.6262869261679334,0.0584,-3.0093,0.0,-29.79,2.9794108697278388,0.1973,-1.1983,0.0,-26.26,False,28.63528,-106.08889,-0.3511,-0.8472,-18.64,-0.5265,-2.4828,-24.83,0.293
Nay Pyi Taw,-0.2442,0.16588,-5.35,0.5352941480266027,0.1757,0.4398,0.45873,4.35,-0.4354800761115636,0.5913,-0.2442,0.16588,-5.35,True,19.745,96.12972,0.8542,-1.0984,-24.16,0.98,-0.5402,-5.4,3.498
Eskişehir,-0.899,0.0,-19.7,1.970349379433932,0.0915,-2.8862,0.0,-28.58,2.857539949641739,0.2972,-0.899,0.0,-19.7,False,39.77667,30.52056,-0.0031,-0.8959,-19.71,-0.5219,-2.3643,-23.64,0.003
Mysuru,0.1442,0.2327,3.16,-0.3160654695151719,0.1205,2.2097,0.0,21.88,-2.1878150748611427,0.4125,0.1442,0.2327,3.16,False,12.29791,76.63925,0.1646,-0.0204,-0.45,0.8496,1.3601,13.6,1.141
Trujillo,0.0841,0.00034,1.84,-0.1843834219769509,0.0231,-0.166,0.04816,-1.64,0.1643091212628798,0.0829,0.0841,0.00034,1.84,True,-8.11599,-79.02998,-0.0464,0.1305,2.87,-0.0548,-0.1112,-1.11,0.552
Salem,-0.0817,0.53792,-1.79,0.178957670238834,0.1324,2.2328,0.0,22.11,-2.210594383029215,0.4383,-0.0817,0.53792,-1.79,True,11.65376,78.15538,0.2566,-0.3383,-7.44,1.3756,0.8572,8.57,3.141
São Luís,1.5707,0.0,34.43,-3.442601061433952,0.196,3.7717,0.0,37.34,-3.7342997526547625,0.7656,1.5707,0.0,34.43,False,-2.52972,-44.30278,-0.1719,1.7426,38.34,0.27,3.5017,35.02,0.109
Seongnam-si,-0.066,0.09208,-1.45,0.1447605216657961,0.039,0.6391,0.0,6.33,-0.632767455793806,0.1261,-0.066,0.09208,-1.45,True,37.43861,127.13778,-0.0553,-0.0107,-0.24,1.6794,-1.0403,-10.4,0.838
Cartagena,0.11,0.16135,2.41,-0.2410716684898438,0.0783,0.6294,0.02112,6.23,-0.623174915609859,0.2686,0.11,0.16135,2.41,False,10.39817,-75.49328,0.0309,0.0791,1.74,0.8853,-0.2559,-2.56,0.281
Antipolo,0.3033,0.0,6.65,-0.6647042960737849,0.0415,0.3367,0.04485,3.33,-0.333308983432042,0.1657,0.3033,0.0,6.65,False,14.62578,121.12251,0.305,-0.0017,-0.04,0.4116,-0.0749,-0.75,1.006
Columbus,-0.0593,0.33861,-1.3,0.1299886336094703,0.0619,-0.7927,0.00019,-7.85,0.7847942420994733,0.2046,-0.0593,0.33861,-1.3,False,39.96118,-82.99879,-0.2028,0.1435,3.16,-0.2039,-0.5888,-5.89,3.42
Sialkot,-1.5511,0.0,-34.0,3.399518890135978,0.091,-3.8148,0.0,-37.77,3.776907125438836,0.3612,-1.5511,0.0,-34.0,False,32.49268,74.53134,0.4967,-2.0478,-45.05,1.4139,-5.2287,-52.29,0.32
Charlotte,0.3634,0.0,7.97,-0.7965523848809916,0.0736,-0.2013,0.40869,-1.99,0.1992926223057482,0.2426,0.3634,0.0,7.97,True,35.22709,-80.84313,0.2292,0.1342,2.95,0.0278,-0.2291,-2.29,0.631
Laibin,0.1592,0.02652,3.49,-0.3489363625823705,0.0713,-0.771,0.00258,-7.63,0.7633566196563538,0.2492,0.1592,0.02652,3.49,True,23.74743,109.22222,0.1454,0.0138,0.3,-0.563,-0.208,-2.08,0.913
Warri,0.6048,0.0,13.26,-1.325600310694654,0.1289,1.5372,0.00179,15.22,-1.521919963044147,0.4787,0.6048,0.0,13.26,False,5.51737,5.75006,0.3452,0.2596,5.71,1.2115,0.3257,3.26,0.571
Naples,-0.1218,0.01283,-2.67,0.2670293156536697,0.0486,-0.3455,0.04675,-3.42,0.3420417293485244,0.1715,-0.1218,0.01283,-2.67,False,40.85216,14.26811,-0.1877,0.0659,1.45,0.4125,-0.758,-7.58,1.541
Padang,0.0159,0.54776,0.35,-0.0348676694248587,0.0264,0.1255,0.1876,1.24,-0.1242198104550158,0.0945,0.0159,0.54776,0.35,False,-0.94924,100.35427,0.0715,-0.0556,-1.22,0.1702,-0.0447,-0.45,4.497
Xiaogan,0.1293,0.08814,2.83,-0.2834317823005018,0.0755,-0.2537,0.44465,-2.51,0.2512222005711338,0.3306,0.1293,0.08814,2.83,True,30.92689,113.92221,0.2156,-0.0863,-1.9,-0.2709,0.0172,0.17,1.667
Campo Grande,-0.1897,0.08218,-4.16,0.4157351437796908,0.1087,-3.2696,0.0,-32.37,3.237140039873343,0.3156,-0.1897,0.08218,-4.16,False,-20.44278,-54.64639,-0.0929,-0.0968,-2.13,-0.8886,-2.381,-23.81,0.49
Ziyang,0.4584,0.0,10.05,-1.0046999958796297,0.0479,0.7209,0.00045,7.14,-0.71377274276271,0.1985,0.4584,0.0,10.05,False,30.12108,104.64811,0.2066,0.2518,5.54,0.5068,0.2141,2.14,0.451
Bobo-Dioulasso,0.8976,0.0,19.67,-1.967231395447479,0.0981,1.9216,0.0,19.02,-1.9024938072468625,0.3802,0.8976,0.0,19.67,False,11.18064,-4.29489,0.3282,0.5694,12.53,0.5775,1.3441,13.44,0.366
Bahawalpur,-0.4939,0.0,-10.83,1.0825366466202664,0.0667,-0.1318,0.67787,-1.31,0.1305226252058989,0.3164,-0.4939,0.0,-10.83,False,29.39779,71.6752,0.2564,-0.7503,-16.51,0.5655,-0.6973,-6.97,0.519
Quzhou,0.4308,0.0,9.44,-0.9441476839878132,0.0838,-0.4613,0.16783,-4.57,0.4567647624001649,0.332,0.4308,0.0,9.44,True,28.95944,118.86861,0.1998,0.231,5.08,-0.3017,-0.1596,-1.6,0.464
Blantyre,0.1254,0.26606,2.75,-0.274892409088604,0.1125,0.1713,0.68942,1.7,-0.1696003274745977,0.4274,0.1254,0.26606,2.75,False,-15.78499,35.00854,0.1832,-0.0578,-1.27,-0.0134,0.1847,1.85,1.461
Donetsk,-0.8888,0.0,-19.48,1.9479248066372408,0.089,-0.5839,0.06922,-5.78,0.5780887267876178,0.3178,-0.8888,0.0,-19.48,False,48.023,37.80224,-0.158,-0.7308,-16.08,-0.0612,-0.5227,-5.23,0.178
Abū Ghurayb,-0.5819,0.0,-12.75,1.2753483712093734,0.0743,-0.8459,0.00307,-8.38,0.8375258256425252,0.2786,-0.5819,0.0,-12.75,False,33.30563,44.18477,-0.2627,-0.3192,-7.02,0.0486,-0.8945,-8.95,0.451
Qom,-0.7897,0.0,-17.31,1.730749225937697,0.0611,-0.769,0.00187,-7.61,0.7613439296035313,0.2405,-0.7897,0.0,-17.31,False,34.6401,50.8764,0.0186,-0.8083,-17.78,-0.1963,-0.5727,-5.73,0.024
Bishkek,-0.3982,0.0,-8.73,0.8726644521056867,0.0417,-0.6183,0.00018,-6.12,0.6121524758661634,0.1585,-0.3982,0.0,-8.73,False,42.87,74.59,-0.455,0.0568,1.25,-1.8372,1.2189,12.19,1.143
Zaozhuang,-0.5554,0.0,-12.17,1.2173003941132483,0.0688,0.5173,0.07357,5.12,-0.5121461373613084,0.286,-0.5554,0.0,-12.17,True,34.86472,117.55417,0.1571,-0.7125,-15.68,1.0923,-0.575,-5.75,0.283
Krasnodar,-0.5546,0.0,-12.16,1.2155572590053456,0.1071,-0.3486,0.43603,-3.45,0.345159798314826,0.4457,-0.5546,0.0,-12.16,False,45.04534,38.98178,-0.0648,-0.4898,-10.78,0.2417,-0.5903,-5.9,0.117
Natal,0.0498,0.00057,1.09,-0.1090532810755812,0.0142,0.3037,0.0,3.01,-0.300683146826005,0.0475,0.0498,0.00057,1.09,False,-5.795,-35.20944,-0.0567,0.1065,2.34,0.3831,-0.0794,-0.79,1.139
Pingxiang,0.1989,0.09382,4.36,-0.435911704089241,0.1182,-1.2144,0.00668,-12.02,1.202303325162047,0.4382,0.1989,0.09382,4.36,True,27.61672,113.85353,0.2536,-0.0547,-1.2,-0.5469,-0.6675,-6.67,1.275
Cancún,0.9996,0.0,21.91,-2.1908080255775566,0.0655,1.4188,0.0,14.05,-1.4047073488237012,0.2573,0.9996,0.0,21.91,False,21.17429,-86.84656,0.2572,0.7424,16.33,0.464,0.9548,9.55,0.257
Indianapolis,-0.0321,0.59941,-0.7,0.0702893766939935,0.061,-0.7613,0.00017,-7.54,0.7537359467440508,0.1945,-0.0321,0.59941,-0.7,False,39.76838,-86.15804,-0.3329,0.3008,6.62,-0.93,0.1687,1.69,10.371
Gurugram,-8.4326,0.0,-184.82,18.48178913693908,0.2789,-2.3689,0.02108,-23.45,2.3453545211500457,1.0105,-8.4326,0.0,-184.82,False,28.4601,77.02635,0.0538,-8.4864,-186.7,1.0441,-3.413,-34.13,0.006
Bhubaneswar,0.1367,0.39822,3.0,-0.2995057630316512,0.1615,1.3414,0.01481,13.28,-1.3280742431493868,0.5407,0.1367,0.39822,3.0,False,20.27241,85.83385,0.0801,0.0566,1.25,0.5876,0.7538,7.54,0.586
Zhoushan,0.4089,0.0,8.96,-0.8962862873366223,0.0786,0.5012,0.06301,4.96,-0.4962398036061625,0.2665,0.4089,0.0,8.96,False,29.98869,122.20488,0.3004,0.1085,2.39,-0.4476,0.9488,9.49,0.735
Qiqihar,1.0251,0.0,22.47,-2.24672702907004,0.0763,1.4289,0.0,14.15,-1.414713858809908,0.2613,1.0251,0.0,22.47,False,47.33922,123.96154,0.5521,0.473,10.41,1.4144,0.0145,0.14,0.539
Mulenvos,0.456,0.0,9.99,-0.9993477778218672,0.0587,1.0239,7e-05,10.14,-1.0137027309619018,0.2471,0.456,0.0,9.99,False,-8.86695,13.3344,-0.1315,0.5875,12.92,0.1368,0.8871,8.87,0.288
Sulaymaniyah,-1.0467,0.0,-22.94,2.294172147869105,0.1165,-1.2696,0.00301,-12.57,1.2570149256245229,0.4172,-1.0467,0.0,-22.94,False,35.56496,45.4329,0.4835,-1.5302,-33.66,-0.936,-0.3336,-3.34,0.462
Marseille,-0.1644,0.00172,-3.6,0.3603621410001851,0.0518,-0.5926,0.00196,-5.87,0.586682736217948,0.1862,-0.1644,0.00172,-3.6,False,43.29695,5.38107,-0.5303,0.3659,8.05,-2.2684,1.6758,16.76,3.226
Puning,0.364,0.0,7.98,-0.7977962708370676,0.0602,0.0714,0.78993,0.71,-0.070644360905543,0.2671,0.364,0.0,7.98,False,23.31072,116.16869,-0.0317,0.3957,8.71,0.0979,-0.0265,-0.27,0.087
Pikine,0.0778,0.0,1.71,-0.1705501398888738,0.0102,0.0773,0.03156,0.77,-0.0765739770054387,0.0355,0.0778,0.0,1.71,False,14.76457,-17.39071,0.0664,0.0114,0.25,0.4517,-0.3744,-3.74,0.853
Bhiwandi,0.3283,0.00087,7.19,-0.7194763600318205,0.0973,1.4173,0.0001,14.03,-1.4032561757098834,0.35,0.3283,0.00087,7.19,False,19.30023,73.05881,0.1747,0.1536,3.38,0.7459,0.6714,6.71,0.532
Soshanguve,0.008,0.86265,0.18,-0.0175578147738243,0.0463,0.6374,0.00098,6.31,-0.6310661061109851,0.1875,0.008,0.86265,0.18,False,-25.47288,28.09919,0.0975,-0.0895,-1.97,0.3119,0.3255,3.25,12.188
Teresina,0.6134,0.00161,13.44,-1.3443980951161527,0.1922,4.2818,0.0,42.39,-4.239293993713884,0.6069,0.6134,0.00161,13.44,False,-5.08917,-42.80194,-0.3367,0.9501,20.9,0.7289,3.5529,35.53,0.549
Ankang,0.1512,0.00193,3.31,-0.3314577332572505,0.0482,0.5842,0.00164,5.78,-0.5784078969739369,0.1804,0.1512,0.00193,3.31,False,32.68,109.01722,0.1019,0.0493,1.09,0.9277,-0.3435,-3.44,0.674
Jalandhar,-2.5629,0.0,-56.17,5.617081807067212,0.1203,-6.1073,0.0,-60.47,6.046716087917441,0.4179,-2.5629,0.0,-56.17,False,31.32556,75.57917,0.4329,-2.9958,-65.91,0.5437,-6.651,-66.51,0.169
Rotterdam,-0.1998,3e-05,-4.38,0.4379316790481561,0.0471,-0.089,0.62703,-0.88,0.0881467837431761,0.1826,-0.1998,3e-05,-4.38,False,51.9225,4.47917,0.1876,-0.3874,-8.52,0.8682,-0.9572,-9.57,0.939
Langfang,-0.4868,0.0,-10.67,1.0668476486927092,0.0383,0.5703,3e-05,5.65,-0.5646363086077472,0.1307,-0.4868,0.0,-10.67,True,39.52079,116.71471,0.5823,-1.0691,-23.52,1.5558,-0.9855,-9.85,1.196
Viana,0.456,0.0,9.99,-0.9993477778218672,0.0587,1.0239,7e-05,10.14,-1.0137027309619018,0.2471,0.456,0.0,9.99,False,-8.90553,13.37499,-0.1315,0.5875,12.92,0.1368,0.8871,8.87,0.288
Jiaozuo,-2.0977,0.0,-45.98,4.597502663140181,0.1724,2.4451,1e-05,24.21,-2.4208608531702227,0.5247,-2.0977,0.0,-45.98,True,35.23925,113.23914,0.2282,-2.3259,-51.17,1.1993,1.2458,12.46,0.109
Rohini,-8.4326,0.0,-184.82,18.48178913693908,0.2789,-2.3689,0.02108,-23.45,2.3453545211500457,1.0105,-8.4326,0.0,-184.82,False,28.74322,77.06778,0.0673,-8.4999,-187.0,1.1842,-3.5531,-35.53,0.008
Wanxian,0.5813,0.0,12.74,-1.2741248098601976,0.0584,0.8416,0.0029,8.33,-0.8332627043917498,0.2755,0.5813,0.0,12.74,False,30.81601,108.37407,0.1919,0.3894,8.57,0.3261,0.5155,5.16,0.33
Guang’an,0.6836,0.0,14.98,-1.49819478900086,0.0583,0.8708,0.00152,8.62,-0.8621219254838076,0.2669,0.6836,0.0,14.98,False,30.47413,106.63696,0.3223,0.3613,7.95,0.1951,0.6757,6.76,0.471
Johor Bahru,0.0182,0.83456,0.4,-0.0398143232611251,0.0869,0.5856,0.06167,5.8,-0.5798292752294554,0.3098,0.0182,0.83456,0.4,False,1.4655,103.7578,0.2423,-0.2241,-4.93,2.0803,-1.4947,-14.95,13.313
Pasig City,0.3033,0.0,6.65,-0.6647042960737849,0.0415,0.3367,0.04485,3.33,-0.333308983432042,0.1657,0.3033,0.0,6.65,False,14.58691,121.0614,0.305,-0.0017,-0.04,0.4116,-0.0749,-0.75,1.006
Cheongju-si,-0.2189,6e-05,-4.8,0.4797634702258428,0.0536,0.59,0.00518,5.84,-0.5841366779853782,0.2063,-0.2189,6e-05,-4.8,True,36.63722,127.48972,0.0623,-0.2812,-6.19,1.6396,-1.0496,-10.5,0.285
Kanayannur,0.0062,0.94653,0.14,-0.0136315309864371,0.0926,1.1315,0.00064,11.2,-1.120305700761921,0.3206,0.0062,0.94653,0.14,False,9.96667,76.26667,-0.1435,0.1497,3.29,1.0285,0.103,1.03,23.145
Tegucigalpa,-0.2014,0.026,-4.42,0.441508452919129,0.0899,0.2957,0.35687,2.93,-0.2928023985013595,0.3195,-0.2014,0.026,-4.42,True,14.0818,-87.20681,0.1371,-0.3385,-7.45,1.2461,-0.9504,-9.5,0.681
Bucheon-si,-0.066,0.09208,-1.45,0.1447605216657961,0.039,0.6391,0.0,6.33,-0.632767455793806,0.1261,-0.066,0.09208,-1.45,True,37.49889,126.78306,-0.0465,-0.0195,-0.43,1.6677,-1.0286,-10.29,0.705
Thanh Hóa,0.0568,0.58034,1.25,-0.1245096345526059,0.1026,0.8413,0.02033,8.33,-0.8329371822743407,0.3567,0.0568,0.58034,1.25,False,19.8,105.76667,0.1597,-0.1029,-2.26,0.4182,0.4231,4.23,2.812
Turin,-0.5834,0.0,-12.79,1.2786309214284188,0.0772,-1.5459,0.0,-15.31,1.5305967791216706,0.2765,-0.5834,0.0,-12.79,False,45.07049,7.68682,-0.3082,-0.2752,-6.05,-0.5014,-1.0445,-10.45,0.528
Malang,0.4229,0.0,9.27,-0.9268738789943954,0.0755,0.2774,0.32501,2.75,-0.274673600331355,0.2805,0.4229,0.0,9.27,False,-7.9797,112.6304,0.1044,0.3185,7.01,-0.6019,0.8793,8.79,0.247
Al Ain City,-0.2578,0.0,-5.65,0.5651324968102669,0.0209,-0.0105,0.8988,-0.1,0.0104414626446488,0.0827,-0.2578,0.0,-5.65,False,24.19167,55.76056,0.1633,-0.4211,-9.26,0.05,-0.0605,-0.6,0.633
Libreville,0.3357,0.0,7.36,-0.7358478325092086,0.0516,0.8074,0.00019,7.99,-0.7993617282902301,0.2077,0.3357,0.0,7.36,False,0.39241,9.45356,-0.41,0.7457,16.4,-0.8389,1.6463,16.46,1.221
Saratov,-0.177,0.02347,-3.88,0.3879280744847648,0.0776,0.508,0.08096,5.03,-0.5029122365125929,0.2881,-0.177,0.02347,-3.88,True,51.54048,45.9901,0.0412,-0.2182,-4.8,0.2297,0.2783,2.78,0.233
Ulan Bator,0.172,0.0,3.77,-0.376934693684834,0.0266,0.7594,0.0,7.52,-0.7518207898177889,0.1043,0.172,0.0,3.77,False,47.90771,106.88324,0.37,-0.198,-4.36,0.6205,0.1389,1.39,2.151
Weihai,-0.1369,0.08403,-3.0,0.3000003179755936,0.0789,1.0586,0.00014,10.48,-1.0480455122165615,0.267,-0.1369,0.08403,-3.0,True,37.50914,122.11356,0.2164,-0.3533,-7.77,1.8929,-0.8343,-8.34,1.581
Takeo,-0.3629,0.06191,-7.95,0.7952952144049653,0.1934,1.3136,0.02463,13.01,-1.300558716089001,0.5755,-0.3629,0.06191,-7.95,True,10.99081,104.78498,0.8264,-1.1893,-26.17,2.0734,-0.7598,-7.6,2.277
Cochabamba,-0.188,0.00854,-4.12,0.412132055171911,0.0709,-1.3577,0.0,-13.44,1.3441851279994037,0.2241,-0.188,0.00854,-4.12,False,-17.38195,-66.15995,0.315,-0.503,-11.07,0.4501,-1.8078,-18.08,1.676
Ahvaz,-0.3143,0.0,-6.89,0.688906215304303,0.0606,-0.1475,0.47954,-1.46,0.1460574609706077,0.2078,-0.3143,0.0,-6.89,False,31.31901,48.6842,0.1058,-0.4201,-9.24,0.0946,-0.2421,-2.42,0.337
Vientiane,-0.1179,0.42406,-2.58,0.2583231770168345,0.1472,1.1907,0.01645,11.79,-1.178848997875561,0.4878,-0.1179,0.42406,-2.58,True,17.96667,102.6,0.1963,-0.3142,-6.91,0.3562,0.8345,8.34,1.665
Zhabei,0.3939,0.0,8.63,-0.8632082066249811,0.0532,0.6576,0.00162,6.51,-0.6510304514414433,0.2028,0.3939,0.0,8.63,False,31.25861,121.45972,0.5097,-0.1158,-2.55,-0.3004,0.958,9.58,1.294
Xinyu,0.254,0.02761,5.57,-0.5566028209972442,0.1146,-1.1708,0.00988,-11.59,1.1592162888372473,0.445,0.254,0.02761,5.57,True,27.80429,114.93335,0.1153,0.1387,3.05,-0.8114,-0.3594,-3.59,0.454
Pietermaritzburg,0.3148,0.0,6.9,-0.6898974765666751,0.0356,0.9498,0.0,9.4,-0.940368547825254,0.1401,0.3148,0.0,6.9,False,-29.61679,30.39278,-0.2253,0.5401,11.88,0.7723,0.1775,1.78,0.716
Yibin,0.572,0.0,12.54,-1.2536158416671728,0.0573,0.7861,0.00174,7.78,-0.7783329823927219,0.2441,0.572,0.0,12.54,False,28.7593,104.63994,0.2953,0.2767,6.09,-0.0244,0.8105,8.1,0.516
Naucalpan de Juárez,-0.8774,0.0,-19.23,1.923103328662953,0.1042,-2.4499,0.0,-24.26,2.425547757024158,0.3631,-0.8774,0.0,-19.23,False,19.47851,-99.23963,0.3519,-1.2293,-27.04,0.3999,-2.8498,-28.5,0.401
Kampung Baru Subang,0.2356,3e-05,5.16,-0.5163307221304783,0.0554,0.8591,4e-05,8.51,-0.850610893420068,0.2011,0.2356,3e-05,5.16,False,3.15,101.53333,0.2139,0.0217,0.48,0.3564,0.5027,5.03,0.908
Bouaké,0.2847,0.00053,6.24,-0.6240649759391109,0.081,0.7706,0.01074,7.63,-0.7629937063351953,0.2963,0.2847,0.00053,6.24,False,7.69385,-5.03031,0.3681,-0.0834,-1.84,0.6385,0.1321,1.32,1.293
Samarinda,0.211,3e-05,4.62,-0.4624798033860092,0.0494,0.4822,0.01022,4.77,-0.4773888387586509,0.1841,0.211,3e-05,4.62,False,-0.49167,117.14583,-0.0177,0.2287,5.03,0.3217,0.1605,1.61,0.084
Taicang,0.3939,0.0,8.63,-0.8632082066249811,0.0532,0.6576,0.00162,6.51,-0.6510304514414433,0.2028,0.3939,0.0,8.63,False,31.44778,121.09389,0.5097,-0.1158,-2.55,-0.3004,0.958,9.58,1.294
San Francisco,-0.3195,0.00125,-7.0,0.7001948634497716,0.0977,-0.6298,0.07676,-6.24,0.6235617870394505,0.3521,-0.3195,0.00125,-7.0,False,37.77493,-122.41942,-0.121,-0.1985,-4.37,0.155,-0.7848,-7.85,0.379
Sakai,0.1955,0.0,4.29,-0.4285319457933677,0.0272,0.3534,0.00157,3.5,-0.349920538447908,0.1087,0.1955,0.0,4.29,False,34.58216,135.46653,0.119,0.0765,1.68,-0.2439,0.5973,5.97,0.609
Valencia,-0.1835,0.0,-4.02,0.4022891335192421,0.0369,-0.483,2e-05,-4.78,0.4782426419703902,0.1085,-0.1835,0.0,-4.02,False,39.47391,-0.37966,0.0684,-0.2519,-5.54,0.4172,-0.9002,-9.0,0.373
Nova Iguaçu,0.1125,0.27436,2.47,-0.2466321955942047,0.1027,0.8094,0.02135,8.01,-0.8013190152416424,0.346,0.1125,0.27436,2.47,False,-22.75917,-43.45111,-0.0055,0.118,2.6,0.559,0.2504,2.5,0.049
Jinshan,0.3785,0.0,8.3,-0.829576759626133,0.0524,0.4114,0.09088,4.07,-0.4073385203543065,0.2409,0.3785,0.0,8.3,False,30.83556,121.29373,0.38,-0.0015,-0.03,-0.4429,0.8543,8.54,1.004
Chenzhou,0.0762,0.46449,1.67,-0.1670252001331571,0.104,-1.2687,0.00133,-12.56,1.2561512493669065,0.3839,0.0762,0.46449,1.67,True,25.8,113.03333,0.2361,-0.1599,-3.52,-0.2732,-0.9955,-9.95,3.098
Duque de Caxias,0.1125,0.27436,2.47,-0.2466321955942047,0.1027,0.8094,0.02135,8.01,-0.8013190152416424,0.346,0.1125,0.27436,2.47,False,-22.78556,-43.31167,-0.0055,0.118,2.6,0.559,0.2504,2.5,0.049
João Pessoa,-0.0864,0.08833,-1.89,0.1893640449546476,0.0505,0.9006,0.0,8.92,-0.8916355612734219,0.1742,-0.0864,0.08833,-1.89,True,-7.115,-34.86306,-0.2708,0.1844,4.06,0.5585,0.3421,3.42,3.134
Bukavu,1.203,0.0,26.37,-2.6365760866100416,0.0889,2.157,0.0,21.36,-2.135576794808728,0.3731,1.203,0.0,26.37,False,-2.49077,28.84281,0.7735,0.4295,9.45,0.5847,1.5723,15.72,0.643
Barcelona,0.1865,0.12257,4.09,-0.4087908559623623,0.1204,0.9569,0.02105,9.47,-0.9474160769259882,0.4081,0.1865,0.12257,4.09,False,10.1384,-64.68769,-0.3462,0.5327,11.72,-1.9438,2.9007,29.01,1.856
Bangui,0.2129,0.05131,4.67,-0.4666156253216103,0.1087,0.8533,0.02413,8.45,-0.8448557429903611,0.3725,0.2129,0.05131,4.67,False,4.36122,18.55496,0.501,-0.2881,-6.34,0.1298,0.7235,7.24,2.353
Hermosillo,-0.2426,0.0,-5.32,0.5318146440016749,0.026,-0.3792,0.00055,-3.75,0.3754526244956725,0.1061,-0.2426,0.0,-5.32,False,29.08874,-110.96677,0.1059,-0.3485,-7.67,-0.6399,0.2607,2.61,0.437
Bhayandar,0.3283,0.00087,7.19,-0.7194763600318205,0.0973,1.4173,0.0001,14.03,-1.4032561757098834,0.35,0.3283,0.00087,7.19,False,19.30157,72.85107,0.1943,0.134,2.95,0.7211,0.6962,6.96,0.592
Culiacán,-0.1557,0.00296,-3.41,0.3411527819616692,0.0518,-0.5729,0.0018,-5.67,0.5672488874308327,0.1785,-0.1557,0.00296,-3.41,False,24.80209,-107.39421,-0.3422,0.1865,4.1,-0.5546,-0.0183,-0.18,2.198
Petaling Jaya,0.2356,3e-05,5.16,-0.5163307221304783,0.0554,0.8591,4e-05,8.51,-0.850610893420068,0.2011,0.2356,3e-05,5.16,False,3.10726,101.60671,0.2139,0.0217,0.48,0.3564,0.5027,5.03,0.908
Anqing,0.185,0.04753,4.06,-0.4055655807113399,0.0929,-0.6228,0.13023,-6.17,0.6165903712917506,0.4081,0.185,0.04753,4.06,True,30.51365,117.04723,0.2046,-0.0196,-0.43,-0.8017,0.1789,1.79,1.106
Kraków,-0.4934,0.0,-10.81,1.0813675919547336,0.0593,-0.0943,0.64148,-0.93,0.093367556089972,0.2019,-0.4934,0.0,-10.81,False,50.06143,19.93658,0.0721,-0.5655,-12.44,0.5844,-0.6787,-6.79,0.146
Oran,-0.3276,0.0,-7.18,0.717906023841211,0.0369,-0.9452,0.0,-9.36,0.9358561772960112,0.088,-0.3276,0.0,-7.18,False,35.69906,-0.63588,-0.513,0.1854,4.08,-0.7763,-0.1689,-1.69,1.566
Freetown,0.2052,0.0,4.5,-0.4497841533417447,0.0254,0.3103,0.00044,3.07,-0.3071829651516962,0.0853,0.2052,0.0,4.5,False,8.48714,-13.2356,-0.1001,0.3053,6.72,-2.5052,2.8155,28.15,0.488
San Pedro Sula,-0.0108,0.63697,-0.24,0.0237599147010813,0.0229,-0.041,0.60066,-0.41,0.0406016477733386,0.0781,-0.0108,0.63697,-0.24,False,15.50585,-88.02588,-0.0997,0.0889,1.95,-0.5961,0.5551,5.55,9.231
Narela,-8.4326,0.0,-184.82,18.48178913693908,0.2789,-2.3689,0.02108,-23.45,2.3453545211500457,1.0105,-8.4326,0.0,-184.82,False,28.85267,77.09288,0.0673,-8.4999,-187.0,1.1842,-3.5531,-35.53,0.008
Xingtai,-2.005,0.0,-43.94,4.394462435513312,0.1233,2.0652,0.0,20.45,-2.04474784723929,0.3701,-2.005,0.0,-43.94,True,37.06217,114.49272,0.3775,-2.3825,-52.41,1.3621,0.7031,7.03,0.188
Niigata,-0.2258,0.0,-4.95,0.4949411085548691,0.0313,-0.4162,0.00084,-4.12,0.4120395154311257,0.1208,-0.2258,0.0,-4.95,False,37.92259,139.04125,0.0369,-0.2627,-5.78,0.2363,-0.6525,-6.53,0.163
Muscat,-0.1186,0.0,-2.6,0.2599898653393091,0.0155,0.2077,0.0007,2.06,-0.2056254890609076,0.0593,-0.1186,0.0,-2.6,True,23.58413,58.40778,-0.0139,-0.1047,-2.3,0.0464,0.1613,1.61,0.117
Zarqa,-0.2683,0.0,-5.88,0.5880339766493016,0.0262,0.2634,0.01297,2.61,-0.2607528324283618,0.1041,-0.2683,0.0,-5.88,True,32.07275,36.08796,-0.0499,-0.2184,-4.81,-0.0135,0.2769,2.77,0.186
Çankaya,-0.6175,0.0,-13.53,1.3534597126008898,0.0833,-2.1996,0.0,-21.78,2.1777416663846587,0.2814,-0.6175,0.0,-13.53,False,39.9179,32.86268,-0.0497,-0.5678,-12.49,-0.6139,-1.5857,-15.86,0.08
Hamamatsu,0.1353,0.0,2.96,-0.2964918952818007,0.0193,0.2575,0.00243,2.55,-0.2549181461193952,0.0827,0.1353,0.0,2.96,False,34.7,137.73333,0.0794,0.0559,1.23,0.1552,0.1023,1.02,0.587
Kolwezi,0.6004,6e-05,13.16,-1.315885984933433,0.1463,0.5986,0.26481,5.93,-0.592701627188034,0.5338,0.6004,6e-05,13.16,False,-10.71484,25.46674,0.1625,0.4379,9.63,0.2576,0.341,3.41,0.271
Vinh,0.1044,0.47093,2.29,-0.2288767101281372,0.1446,1.1917,0.02168,11.8,-1.1798240295282458,0.5107,0.1044,0.47093,2.29,False,18.67337,105.69232,0.4633,-0.3589,-7.89,1.0599,0.1318,1.32,4.438
Thiruvananthapuram,0.0371,0.01559,0.81,-0.081300749739452,0.0152,0.3255,0.0,3.22,-0.3222379679846599,0.0524,0.0371,0.01559,0.81,False,8.4855,76.94924,-1.3345,1.3716,30.17,1.0124,-0.6869,-6.87,35.97
Zhaotong,0.4137,0.0,9.07,-0.9066387918825782,0.0714,0.3715,0.19493,3.68,-0.3678113120593017,0.2847,0.4137,0.0,9.07,False,27.31667,103.71667,0.4097,0.004,0.09,-0.499,0.8705,8.7,0.99
Panzhihua,0.1709,0.01689,3.74,-0.3744819141906394,0.071,0.3991,0.1358,3.95,-0.3951258588697762,0.2654,0.1709,0.01689,3.74,False,26.58509,101.71276,-0.3462,0.5171,11.38,-0.7704,1.1695,11.7,2.026
Chuzhou,0.0669,0.14743,1.47,-0.146660053343249,0.046,-0.0253,0.8991,-0.25,0.0250474448301991,0.199,0.0669,0.14743,1.47,True,32.32194,118.29778,0.1534,-0.0865,-1.9,-0.5492,0.5239,5.24,2.293
Seattle,0.0478,0.65398,1.05,-0.1047866452867271,0.1065,-1.0623,0.00519,-10.52,1.0517830842956204,0.3715,0.0478,0.65398,1.05,True,47.60621,-122.33207,0.0015,0.0463,1.02,-0.2165,-0.8458,-8.46,0.031
Port Said,-0.1855,0.0,-4.07,0.4065279273152926,0.0363,0.3602,0.00506,3.57,-0.3566326198154865,0.1256,-0.1855,0.0,-4.07,True,31.26531,32.3019,0.0259,-0.2114,-4.65,0.1902,0.17,1.7,0.14
Cúcuta,-0.2146,0.08881,-4.7,0.4702612380788138,0.1256,1.5072,0.00035,14.92,-1.492239193702867,0.4067,-0.2146,0.08881,-4.7,True,7.90745,-72.5049,-0.3793,0.1647,3.62,-0.0293,1.5365,15.37,1.767
Homs,-0.4053,0.0,-8.88,0.8882289787199447,0.0498,-0.3894,0.03671,-3.86,0.3855203140734092,0.1839,-0.4053,0.0,-8.88,False,34.72405,36.72559,-0.094,-0.3113,-6.85,-0.0717,-0.3177,-3.18,0.232
Xuancheng,0.2287,0.00179,5.01,-0.5012172248874802,0.0724,-0.234,0.47282,-2.32,0.2316746471343671,0.3247,0.2287,0.00179,5.01,True,30.9525,118.75528,0.4437,-0.215,-4.73,-0.4036,0.1696,1.7,1.94
Ibb,0.1886,0.0,4.13,-0.4133640867049751,0.0255,0.3041,0.01402,3.01,-0.3011123941048734,0.1216,0.1886,0.0,4.13,False,13.96667,44.18333,-0.0266,0.2152,4.73,0.3099,-0.0058,-0.06,0.141
Nampula,0.0976,0.1955,2.14,-0.2139533807756442,0.0752,0.1819,0.52412,1.8,-0.1801368504297979,0.2846,0.0976,0.1955,2.14,False,-15.11646,39.2666,-0.2205,0.3181,7.0,-0.7603,0.9422,9.42,2.259
Shangyu,0.4785,0.0,10.49,-1.0488099311100112,0.058,0.324,0.20796,3.21,-0.3207764259088686,0.2556,0.4785,0.0,10.49,False,30.01556,120.87111,0.3022,0.1763,3.88,-0.5594,0.8834,8.83,0.632
Bujumbura,1.773,0.0,38.86,-3.88584101641362,0.1151,3.2449,0.0,32.13,-3.212663535950534,0.4489,1.773,0.0,38.86,False,-3.38193,29.36142,-0.6157,2.3887,52.55,-0.3747,3.6196,36.2,0.347
Tyumen,-0.4129,0.0,-9.05,0.9050553534290816,0.0716,-1.942,0.0,-19.23,1.922737096717256,0.2291,-0.4129,0.0,-9.05,False,57.15222,65.52722,-0.098,-0.3149,-6.93,-0.5131,-1.4289,-14.29,0.237
Erzurum,-0.4457,2e-05,-9.77,0.9768419782176782,0.1028,-0.781,0.04771,-7.73,0.7732835320941015,0.3895,-0.4457,2e-05,-9.77,False,39.90861,41.27694,-0.4537,0.008,0.18,0.0389,-0.8199,-8.2,1.018
Anshun,0.4477,0.0,9.81,-0.9813175692225542,0.071,-0.2598,0.32445,-2.57,0.2572398515171184,0.2624,0.4477,0.0,9.81,True,26.25,105.93333,0.33,0.1177,2.59,-0.2176,-0.0422,-0.42,0.737
Dodoma,1.2375,0.0,27.12,-2.71229358412928,0.0912,2.8545,0.0,28.26,-2.826129736988109,0.3656,1.2375,0.0,27.12,False,-6.17221,35.73947,0.5524,0.6851,15.07,-0.0883,2.9428,29.43,0.446
Rajshahi,-0.8691,2e-05,-19.05,1.9048669230528104,0.2015,-0.5335,0.44597,-5.28,0.528242692024139,0.6972,-0.8691,2e-05,-19.05,False,24.374,88.60114,0.4986,-1.3677,-30.09,0.481,-1.0145,-10.14,0.574
Dera Ismail Khan,-0.2921,0.0,-6.4,0.6402930012055896,0.0429,-0.7912,1e-05,-7.83,0.7833740006454843,0.1698,-0.2921,0.0,-6.4,False,31.83129,70.9017,0.2451,-0.5372,-11.82,1.0249,-1.8161,-18.16,0.839
Wuzhou,0.1739,0.03453,3.81,-0.3810899624160534,0.0818,-0.6819,0.03777,-6.75,0.675132743501154,0.3238,0.1739,0.03453,3.81,True,23.48054,111.28848,0.2525,-0.0786,-1.73,-0.0897,-0.5922,-5.92,1.452
Ipoh,0.0564,0.35821,1.24,-0.1235239453233155,0.0612,0.5164,0.01568,5.11,-0.5112658963923162,0.21,0.0564,0.35821,1.24,False,4.5841,101.0829,0.4687,-0.4123,-9.07,0.3101,0.2063,2.06,8.31
Qinhuangdao,0.0395,0.3578,0.86,-0.0864955419750921,0.0428,0.7283,0.0,7.21,-0.7210911738230665,0.1404,0.0395,0.3578,0.86,False,39.94104,119.58936,0.3043,-0.2648,-5.82,1.4473,-0.719,-7.19,7.704
Benghazi,0.1609,1e-05,3.53,-0.3527139502661731,0.0349,0.9766,0.0,9.67,-0.9669335351027604,0.1217,0.1609,1e-05,3.53,False,32.11486,20.06859,-0.042,0.2029,4.46,0.8904,0.0862,0.86,0.261
Alīgarh,-4.64,0.0,-101.7,10.169504674826667,0.2176,-0.726,0.312,-7.19,0.7187832759055187,0.7144,-4.64,0.0,-101.7,False,27.88145,78.07464,0.1054,-4.7454,-104.4,0.7133,-1.4393,-14.39,0.023
Shaoyang,0.2545,0.00341,5.58,-0.5578171019402961,0.086,-1.3036,0.0001,-12.91,1.290634780723458,0.3206,0.2545,0.00341,5.58,True,27.23818,111.46214,0.2093,0.0452,0.99,-0.4821,-0.8215,-8.22,0.822
Malatya,-0.8408,0.0,-18.43,1.842842375587742,0.1123,-1.8667,3e-05,-18.48,1.8481896958943504,0.4253,-0.8408,0.0,-18.43,False,38.35018,38.31667,0.1363,-0.9771,-21.5,0.0391,-1.9058,-19.06,0.162
