name,country,lat,lon,population,pga,wtd,tws_cm_yr,reversal,dP,dP_lo,dP_hi,p_two,ci_excl0,fdr_sig,population_input,elev_m,pga_475_g,seismic,vs30,precip,wtd_input,dw_km,pgv,recent_trend_cm_yr,recent_se_cm_yr,recent_gws_cm_yr,full_trend_cm_yr,full_gws_cm_yr,recent_sm_cm_yr,full_sm_cm_yr,P0,is_material_hotspot,direction,recent_cumulative_dTWS_cm,recent_cumulative_water_table_rise_m_sy010,annualized_dP_per_year,csr_grid_ix,csr_grid_iy,csr_grid_lon,csr_grid_lat,csr_grid_cell_id,distance_to_coast_km,coastal_lt25km,coastal_lt50km,coastal_lt100km,metro_cluster_50km,grace_scale_cluster_300km,city_by_fdr_sig
Yokohama,JP,35.43333,139.65,3777491,0.6621291,2.6398107881285,1.5877,False,0.0131823600667306,0.0052217653273863,0.0218943302879452,0.0,True,True,3777491,21,0.6621291,True,246.6999969482422,1671.0,2.6398107881285,1.834036104265288,66.21291000000001,1.5877,0.1807,1.6127,0.5728,0.6446,-0.025,-0.0718,0.5189420934283357,True,material increase,15.876999999999999,1.5877,0.00131823600667306,558,501,139.625,35.375,iy501_ix558,1.8340361042652882,True,True,True,1,1,True
Bhayandar,IN,19.30157,72.85107,809378,0.1212539,2.9297322041657594,1.4173,False,0.0117697302764608,0.0038161602561318,0.0205713226468663,0.0,True,True,809378,9,0.1212539,True,243.01022338867188,2495.0,2.9297322041657594,2.301836643909409,12.12539,1.4173,0.35,0.6962,0.3283,0.134,0.7211,0.1943,0.469437365737197,True,material increase,14.173,1.4172999999999998,0.0011769730276460799,291,437,72.875,19.375,iy437_ix291,2.301836643909409,True,True,True,2,2,True
Mumbai,IN,19.07283,72.88261,12691836,0.120297400125448,1.8768596932936816,1.4173,False,0.0108165938122896,0.0035724974761384,0.0143549539997001,0.0,True,True,12691836,8,0.120297400125448,True,232.39059448242188,2274.0,1.8768596932936816,4.7052142468930125,12.0297400125448,1.4173,0.35,0.6962,0.3283,0.134,0.7211,0.1943,0.35036063504717974,True,material increase,14.173,1.4172999999999998,0.0010816593812289599,291,436,72.875,19.125,iy436_ix291,4.7052142468930125,True,True,True,2,2,True
Dar es Salaam,TZ,-6.82349,39.26951,5383728,0.109765000000553,8.361943999389666,1.5505,False,0.0099400650158641,0.0038461988486549,0.0167379941406086,0.0,True,True,5383728,24,0.109765000000553,True,261.65869140625,1066.0,8.361943999389666,1.4221015900347755,10.9765000000553,1.5505,0.2144,1.2835,0.5172,0.0571,0.267,0.4601,0.2553153425850038,False,sub-material increase,15.504999999999999,1.5504999999999998,0.00099400650158641,157,332,39.375,-6.875,iy332_ix157,1.4221015900347755,True,True,True,3,3,True
Surat,IN,21.19594,72.83023,4591246,0.09830952,8.25513084611282,1.4158,False,0.0096221809737705,0.0028024831768068,0.0167540588840118,0.0009999999999998,True,True,4591246,20,0.09830952,True,225.83724975585935,1070.0,8.25513084611282,2.0088310183989053,9.830952,1.4158,0.398,0.3736,0.3929,0.3804,1.0422,0.0125,0.2809631242668905,False,sub-material increase,14.158,1.4157999999999997,0.0009622180973770499,291,444,72.875,21.125,iy444_ix291,7.635069984909337,True,True,True,4,2,True
Nashik,IN,19.99727,73.79096,1486053,0.07369488,4.516670481422182,2.633,False,0.009150408807873,0.0033004692981796,0.0160788281462742,0.0,True,True,1486053,584,0.07369488,True,408.8996276855469,1330.0,4.516670481422182,2.7022359147238024,7.369488,2.633,0.4487,1.8068,0.7046,0.2505,0.8262,0.4541,0.11386043759947732,False,sub-material increase,26.33,2.6329999999999996,0.0009150408807873,295,439,73.875,19.875,iy439_ix295,108.51776551336009,False,False,False,5,2,True
Bhiwandi,IN,19.30023,73.05881,874032,0.125094701840259,3.2349126420996868,1.4173,False,0.0086312201636333,0.0028146479064968,0.0156682008848642,0.0,True,True,874032,9,0.125094701840259,True,325.197265625,2807.0,3.2349126420996868,5.510253283387274,12.5094701840259,1.4173,0.35,0.6714,0.3283,0.1536,0.7459,0.1747,0.23663864969112508,False,sub-material increase,14.173,1.4172999999999998,0.00086312201636333,292,437,73.125,19.375,iy437_ix292,5.510253283387274,True,True,True,2,2,True
Thāne,IN,19.19704,72.96355,1841488,0.1226549788237301,2.0904859998474308,1.4173,False,0.0084105762061177,0.0026785993876646,0.0124797601303733,0.0,True,True,1841488,23,0.1226549788237301,True,373.1346740722656,2495.0,2.0904859998474308,3.79749948385862,12.26549788237301,1.4173,0.35,0.6962,0.3283,0.134,0.7211,0.1943,0.22787742868701172,False,sub-material increase,14.173,1.4172999999999998,0.0008410576206117701,291,436,72.875,19.125,iy436_ix291,3.7974994838586196,True,True,True,2,2,True
Dombivali,IN,19.21667,73.08333,1247327,0.1242170029365362,3.8452735179675415,1.4173,False,0.0083292880236759,0.0026620227838969,0.0145805491083424,0.0,True,True,1247327,11,0.1242170029365362,True,411.0974426269531,2807.0,3.8452735179675415,3.538018292708381,12.42170029365362,1.4173,0.35,0.6714,0.3283,0.1536,0.7459,0.1747,0.2247228330713731,False,sub-material increase,14.173,1.4172999999999998,0.00083292880236759,292,436,73.125,19.125,iy436_ix292,3.538018292708381,True,True,True,2,2,True
Tokyo,JP,35.6895,139.69171,9733276,0.605276,5.432211795223964,1.5877,False,0.0083026372584477,0.0032484227166512,0.0144348148566394,0.0,True,True,9733276,44,0.605276,True,253.3000030517578,1432.0,5.432211795223964,7.757012464687056,60.52760000000001,1.5877,0.1807,1.4811,0.5728,0.6262,0.1066,-0.0534,0.190982890999505,False,sub-material increase,15.876999999999999,1.5877,0.0008302637258447701,558,502,139.625,35.625,iy502_ix558,7.757012464687056,True,True,True,1,1,True
Yangon,MM,16.80528,96.15611,4477638,0.2417016573252616,1.4038300144961229,0.949,True,0.0078525840287735,0.0005517502052593,0.0116225022491796,0.0705,True,True,4477638,30,0.2417016573252616,True,245.57081604003903,2441.0,1.4038300144961229,3.669843247406945,24.17016573252616,0.949,0.5266,-0.0137,-0.0579,-1.5484,0.9627,1.4905,0.4572328805930004,False,sub-material increase,9.49,0.949,0.00078525840287735,384,427,96.125,16.875,iy427_ix384,4.078001626900382,True,True,True,6,4,False
Tianjin,CN,39.14222,117.17667,11090314,0.117718599999321,3.112840466926116,1.0174,True,0.0073736357294239,0.0027019944033238,0.012359666617923,0.0,True,True,11090314,11,0.117718599999321,True,205.9684600830078,556.0,3.112840466926116,1.816541073776195,11.7718599999321,1.0174,0.1692,-0.7909,-0.4242,-1.0735,1.8083,0.6493,0.31645415467833393,False,sub-material increase,10.174000000000001,1.0174,0.0007373635729423899,468,516,117.125,39.125,iy516_ix468,46.59886225953735,False,True,True,7,5,True
Varanasi,IN,25.31668,83.01041,1164404,0.0641719299859855,26.092927443350906,1.7399,True,0.0064547441040125,0.0018980329960969,0.0116378114684587,0.0004999999999999,True,True,1164404,86,0.0641719299859855,True,230.3858337402344,1040.0,26.092927443350906,3.0783896695672963,6.417192998598551,1.7399,0.497,1.4191,-0.2026,-0.5522,0.3208,0.3496,0.12451900671508154,False,sub-material increase,17.399,1.7399,0.00064547441040125,332,461,83.125,25.375,iy461_ix332,592.5893601891714,False,False,False,8,2,True
Chattogram,BD,22.3384,91.83168,3920222,0.2789350093955502,1.724269474326718,0.7765,True,0.0063066447842901,-0.0012531086229764,0.0139683037844325,0.2004999999999999,False,False,3920222,15,0.2789350093955502,True,296.0547790527344,2959.0,1.724269474326718,1.1638933942429677,27.89350093955502,0.7765,0.6049,0.5834,-0.024,-1.0676,0.1931,1.0436,0.5749226779348066,False,sub-material increase,7.765,0.7765,0.00063066447842901,367,449,91.875,22.375,iy449_ix367,1.1638933942429677,True,True,True,9,2,False
Patna,IN,25.59408,85.13563,1684297,0.0921172673310556,4.257267109178315,1.3047,True,0.0060981198108892,0.000864302642856,0.0121689895101161,0.0304999999999999,True,True,1684297,53,0.0921172673310556,True,236.1080780029297,1046.0,4.257267109178315,5.362086505644111,9.21172673310556,1.3047,0.6002,0.7584,-0.9716,-0.8229,0.5463,-0.1487,0.16584980274415223,False,sub-material increase,13.047,1.3047,0.00060981198108892,340,462,85.125,25.625,iy462_ix340,450.97540562966645,False,False,False,10,2,False
Kanpur,IN,26.46523,80.34975,2823249,0.0874991899999999,13.42793926909286,1.095,True,0.0059558101069985,0.000963818175543,0.0116741145169482,0.0264999999999999,True,True,2823249,137,0.0874991899999999,True,227.27545166015625,906.0,13.42793926909286,2.583761393982147,8.74991899999999,1.095,0.4918,-0.6351,-0.6466,-0.7908,1.7301,0.1442,0.2026506374537788,False,sub-material increase,10.95,1.0949999999999998,0.00059558101069985,321,465,80.375,26.375,iy465_ix321,878.4503563959049,False,False,False,11,2,False
Barcelona,VE,10.1384,-64.68769,815141,0.1565541,5.95101853971164,0.9569,False,0.0055937627238466,0.0010259838369734,0.0109662133452184,0.0215,True,True,815141,3,0.1565541,True,220.5883636474609,943.0,5.95101853971164,4.488523015994694,15.65541,0.9569,0.4081,2.9007,0.1865,0.5327,-1.9438,-0.3462,0.22435511399956032,False,sub-material increase,9.568999999999999,0.9569,0.0005593762723846601,1181,400,295.375,10.125,iy400_ix1181,4.488523015994694,True,True,True,12,6,False
Prayagraj,IN,25.44478,81.84322,1073438,0.0632544323089667,8.484016174563237,1.5299,True,0.005399910094125,0.0015612575336032,0.0101051179925019,0.002,True,True,1073438,99,0.0632544323089667,True,338.3668212890625,919.0,8.484016174563237,2.307411403210911,6.32544323089667,1.5299,0.4705,1.2312,-0.0501,-0.2847,0.2987,0.2346,0.11783876729536837,False,sub-material increase,15.299,1.5298999999999998,0.0005399910094125,327,461,81.875,25.375,iy461_ix327,691.1029152189233,False,False,False,13,2,True
Kalyān,IN,19.2437,73.13554,1262255,0.1256955999999282,1.1749446860456487,1.4173,False,0.0053812979642205,0.0020564889245797,0.0053812979642205,0.0004999999999999,True,True,1262255,10,0.1256955999999282,True,282.4262084960937,2807.0,1.1749446860456487,9.468827724119528,12.56955999999282,1.4173,0.35,0.6714,0.3283,0.1536,0.7459,0.1747,0.16197243727464822,False,sub-material increase,14.173,1.4172999999999998,0.00053812979642205,292,436,73.125,19.125,iy436_ix292,9.468827724119528,True,True,True,2,2,True
Makassar,ID,-5.14861,119.43194,1423877,0.06073681,0.6408789196613043,0.6312,False,0.005239330970689,0.0017247287311472,0.0053197165084566,0.0,True,True,1423877,6,0.06073681,True,202.31625366210935,2840.0,0.6408789196613043,4.150668720810128,6.0736810000000006,0.6312,0.1546,0.5007,0.2738,0.0278,0.1305,0.246,0.47034726176738023,False,sub-material increase,6.311999999999999,0.6311999999999999,0.0005239330970689,477,339,119.375,-5.125,iy339_ix477,4.150668720810128,True,True,True,14,7,True
Howrah,IN,22.57688,88.31857,1027672,0.116651700000003,2.075226977950763,0.6662,True,0.0050947550306674,-0.0013186095983712,0.0126397746681977,0.2224999999999999,False,False,1027672,8,0.116651700000003,True,238.06759643554688,1560.0,2.075226977950763,2.4225415226283515,11.6651700000003,0.6662,0.5596,0.2499,-0.1599,-0.221,0.4163,0.0611,0.3548242848339327,False,sub-material increase,6.662,0.6661999999999999,0.0005094755030667401,353,450,88.375,22.625,iy450_ix353,42.90711402900754,False,True,True,15,2,False
Kolkata,IN,22.56263,88.36304,4631392,0.119528,2.059967956054038,0.6662,True,0.0050927696458126,-0.0013093987025666,0.0125765557450847,0.2290000000000001,False,False,4631392,11,0.119528,True,239.5285186767578,1637.0,2.059967956054038,2.616875486305042,11.9528,0.6662,0.5596,0.2499,-0.1599,-0.221,0.4163,0.0611,0.3545118937969244,False,sub-material increase,6.662,0.6661999999999999,0.00050927696458126,353,450,88.375,22.625,iy450_ix353,46.329102497783424,False,True,True,15,2,False
Luzhou,CN,28.8903,105.42575,998900,0.1971011047434862,1.586938277256479,0.6356,False,0.0050042128246746,0.001002839819391,0.0097701316210069,0.0169999999999999,True,True,998900,256,0.1971011047434862,True,260.203125,1130.0,1.586938277256479,0.8434698243891883,19.710110474348618,0.6356,0.2677,0.7245,0.7136,0.3687,-0.0889,0.3449,0.3810304064247856,False,sub-material increase,6.356000000000001,0.6356,0.00050042128246746,421,475,105.375,28.875,iy475_ix421,830.7680884176891,False,False,False,16,5,False
Ranchi,IN,23.34316,85.3094,1120374,0.1272203,3.2806897077897474,1.1405,True,0.004955914891752,0.0007176902001159,0.0095665109793553,0.0324999999999999,True,True,1120374,643,0.1272203,True,324.3065490722656,1398.0,3.2806897077897474,4.519244043659992,12.72203,1.1405,0.5321,0.2571,-0.2232,-0.4483,0.8834,0.2251,0.15183674228264088,False,sub-material increase,11.405000000000001,1.1405,0.0004955914891752,341,453,85.375,23.375,iy453_ix341,275.0819977502876,False,False,False,17,2,False
Ciudad Guayana,VE,8.35122,-62.64102,978202,0.0609216311130317,24.00244144350347,3.2946,False,0.004915952855939,0.0017313225857529,0.0086130693844601,0.0,True,True,978202,103,0.0609216311130317,True,438.891357421875,1269.0,24.00244144350347,3.3409581085302,6.09216311130317,3.2946,0.6256,5.3409,0.7751,0.8942,-2.0463,-0.1191,0.044604315160460234,False,sub-material increase,32.946,3.2945999999999995,0.0004915952855938999,1189,393,297.375,8.375,iy393_ix1189,111.20458620887747,False,False,False,18,6,True
Haikou,CN,20.03421,110.34651,2873358,0.0606846,1.4190890363927906,0.8239,False,0.0048257107875001,0.0010604850959056,0.0083566162214119,0.008,True,True,2873358,9,0.0606846,True,320.0976867675781,1697.0,1.4190890363927906,2.162402121684889,6.06846,0.8239,0.3104,0.1825,0.5333,0.072,0.6414,0.4613,0.22536624203154929,False,sub-material increase,8.238999999999999,0.8238999999999999,0.00048257107875001004,441,440,110.375,20.125,iy440_ix441,2.162402121684889,True,True,True,19,8,True
Jing’an,CN,31.22,121.41583,936500,0.0507968402419307,4.104676890211351,0.6576,False,0.0047006544213692,0.0013615147921282,0.0086019015606938,0.0004999999999999,True,True,936500,32,0.0507968402419307,True,226.0771942138672,1049.0,4.104676890211351,0.870828709193776,5.07968402419307,0.6576,0.2028,0.958,0.3939,-0.1158,-0.3004,0.5097,0.30966996056815854,False,sub-material increase,6.576,0.6576,0.00047006544213692005,485,484,121.375,31.125,iy484_ix485,20.43301578224395,True,True,True,20,5,True
Vijayawada,IN,16.50745,80.6466,1143232,0.06847776,5.859464408331462,2.3443,False,0.0045902708923863,0.0016284815563342,0.0078356205976431,0.0,True,True,1143232,47,0.06847776,True,478.8851623535156,907.0,5.859464408331462,3.141960075467141,6.847776,2.3443,0.4223,1.0763,0.5183,0.3669,1.268,0.1514,0.06046931500298672,False,sub-material increase,23.443,2.3443,0.00045902708923863,322,426,80.625,16.625,iy426_ix322,59.307734061876786,False,False,True,21,2,True
Zhabei,CN,31.25861,121.45972,840000,0.0543976236497186,3.0365453574426056,0.6576,False,0.0044447278430762,0.0012136954300911,0.0078690591103459,0.0015,True,True,840000,10,0.0543976236497186,True,224.72799682617188,1049.0,3.0365453574426056,1.8840728118856176,5.43976236497186,0.6576,0.2028,0.958,0.3939,-0.1158,-0.3004,0.5097,0.2809287858449564,False,sub-material increase,6.576,0.6576,0.00044447278430762,485,485,121.375,31.375,iy485_ix485,14.506848567773114,True,True,True,20,5,True
Kaifeng,CN,34.7986,114.30742,1451741,0.0997951691928758,1.7700465400168357,2.2778,True,0.0043969392064603,0.0018921885863275,0.0043969392064603,0.0,True,True,1451741,76,0.0997951691928758,True,187.62701416015625,628.0,1.7700465400168357,11.03332152556843,9.97951691928758,2.2778,0.5075,1.2898,-1.8324,-1.9449,0.988,0.1125,0.07901016658668171,False,sub-material increase,22.778,2.2777999999999996,0.00043969392064603,457,499,114.375,34.875,iy499_ix457,445.5516253742311,False,False,False,22,5,True
Qinhuangdao,CN,39.94104,119.58936,759718,0.1847800918294732,1.1596856641489808,0.7283,False,0.0042830898810408,0.0015137770350567,0.0068465577570488,0.0,True,True,759718,2,0.1847800918294732,True,234.6234893798828,614.0,1.1596856641489808,4.0203159583287285,18.47800918294732,0.7283,0.1404,-0.719,0.0395,-0.2648,1.4473,0.3043,0.2269505878939417,False,sub-material increase,7.2829999999999995,0.7282999999999998,0.00042830898810407997,478,519,119.625,39.875,iy519_ix478,4.0203159583287285,True,True,True,23,5,True
Nagoya,JP,35.18147,136.90641,2332176,0.4578695,12.802319371328338,0.664,False,0.0041915709353172,0.0014601161438896,0.0073164946180869,0.0,True,True,2332176,23,0.4578695,True,156.6999969482422,1974.0,12.802319371328338,10.286121018355862,45.78695,0.664,0.1381,0.7272,0.3077,0.279,-0.0632,0.0287,0.2520813183052804,False,sub-material increase,6.640000000000001,0.6639999999999999,0.00041915709353172,547,500,136.875,35.125,iy500_ix547,10.286121018355862,True,True,True,24,1,True
Luohe,CN,33.57424,114.03261,1294974,0.0534729595322506,11.520561532005845,0.5955,True,0.0040014589304054,-4.663995172381743e-05,0.0086341412393811,0.1029999999999999,False,False,1294974,67,0.0534729595322506,True,199.6250915527344,790.0,11.520561532005845,0.9652806881183412,5.34729595322506,0.5955,0.3646,0.1516,-0.7877,-0.8011,0.4439,0.0134,0.27842975736089753,False,sub-material increase,5.955,0.5954999999999999,0.00040014589304054,456,494,114.125,33.625,iy494_ix456,491.4947661133379,False,False,False,25,5,False
Putuo,CN,31.251,121.3897,1239100,0.0503584899999993,2.1972991531243338,0.6576,False,0.003967574017243,0.0011085859492778,0.0072150865603816,0.0009999999999998,True,True,1239100,10,0.0503584899999993,True,217.3177490234375,1049.0,2.1972991531243338,3.3595569007410666,5.03584899999993,0.6576,0.2028,0.958,0.3939,-0.1158,-0.3004,0.5097,0.23569380193435863,False,sub-material increase,6.576,0.6576,0.0003967574017243,485,485,121.375,31.375,iy485_ix485,19.621425547411096,True,True,True,20,5,True
Hanzhong,CN,33.07507,107.02214,1006557,0.1400477000011399,3.64690623331046,0.6823,False,0.003910982978689,0.0012029459282103,0.0067580173646172,0.0009999999999998,True,True,1006557,517,0.1400477000011399,True,241.13682556152344,851.0,3.64690623331046,3.7579241939182646,14.00477000011399,0.6823,0.1859,-0.6083,0.2854,0.2375,1.2906,0.0479,0.21900588444603977,False,sub-material increase,6.823,0.6822999999999999,0.0003910982978689,428,492,107.125,33.125,iy492_ix428,1129.9503386779763,False,False,False,26,5,True
Benghazi,LY,32.11486,20.06859,757490,0.0783412446839008,6.332494087129021,0.9766,False,0.0036816993522627,0.0014337018513617,0.0062601803119683,0.0,True,True,757490,3,0.0783412446839008,True,238.5429229736328,227.0,6.332494087129021,3.9734942709756456,7.83412446839008,0.9766,0.1217,0.0862,0.1609,0.2029,0.8904,-0.042,0.12831764450278224,False,sub-material increase,9.766,0.9765999999999999,0.00036816993522627,80,488,20.125,32.125,iy488_ix80,3.9734942709756456,True,True,True,27,9,True
Accra,GH,5.55602,-0.1969,1963264,0.0840799599994307,11.53582055390251,5.4265,False,0.0036759540436972,0.001421571951441,0.0065256269737419,0.0,True,True,1963264,33,0.0840799599994307,True,338.271240234375,925.0,11.53582055390251,11.697926397713385,8.40799599994307,5.4265,0.3994,4.261,2.6367,2.4106,1.1655,0.2261,0.01899036920626472,False,sub-material increase,54.265,5.426499999999999,0.00036759540436971997,1439,382,359.875,5.625,iy382_ix1439,11.697926397713383,True,True,True,28,10,True
Jabalpur,IN,23.16697,79.95006,1081677,0.1361818,2.2583352407111192,1.6226,False,0.0035819517574923,0.0010560839536029,0.0050311073545877,0.0004999999999999,True,True,1081677,416,0.1361818,True,382.1177368164063,1238.0,2.2583352407111192,7.089875175554792,13.61818,1.6226,0.4813,0.7326,0.3763,0.4155,0.89,-0.0392,0.06961290146172097,False,sub-material increase,16.226,1.6225999999999998,0.00035819517574923,319,452,79.875,23.125,iy452_ix319,665.5472025327381,False,False,False,29,2,True
Manila,PH,14.6042,120.9822,1600000,0.3303762000045073,2.838178072785581,0.4215,False,0.0034897418002498,0.0006980618544253,0.0063995104776926,0.0115,True,True,1600000,13,0.3303762000045073,True,222.3428497314453,2258.0,2.838178072785581,2.868634674256883,33.03762000045073,0.4215,0.1698,0.0098,0.3439,0.1743,0.4117,0.1696,0.5352704588103365,False,sub-material increase,4.215,0.4215,0.00034897418002498,483,418,120.875,14.625,iy418_ix483,2.868634674256883,True,True,True,30,11,False
Nanchong,CN,30.79508,106.08473,1858875,0.0702872509812431,21.637293049515563,0.8565,False,0.0033759501018316,0.0010048234267957,0.0061062500877847,0.0009999999999998,True,True,1858875,287,0.0702872509812431,True,285.2292175292969,1090.0,21.637293049515563,1.6133376582818284,7.028725098124309,0.8565,0.2559,0.2552,0.7102,0.5495,0.6013,0.1607,0.13550419512687714,False,sub-material increase,8.565000000000001,0.8565000000000002,0.00033759501018316,424,483,106.125,30.875,iy483_ix424,1012.4516424409682,False,False,False,31,5,True
Linfen,CN,36.08889,111.51889,959198,0.1546868420043955,12.08514534218358,0.9104,True,0.0033597281576323,0.0005740557914018,0.00663916967876,0.0249999999999999,True,True,959198,451,0.1546868420043955,True,293.7706298828125,507.0,12.08514534218358,3.074087015091247,15.46868420043955,0.9104,0.4133,0.0973,-1.7069,-1.7966,0.8131,0.0897,0.12526262390434942,False,sub-material increase,9.104,0.9103999999999999,0.00033597281576323,446,504,111.625,36.125,iy504_ix446,602.191625485961,False,False,False,32,5,False
Jamshedpur,IN,22.80278,86.18545,1339438,0.1567997419895702,18.08194094758528,1.161,True,0.003275903248584,0.0005394679193755,0.006624209526085,0.0235,True,True,1339438,171,0.1567997419895702,True,378.3258056640625,1269.0,18.08194094758528,3.4616104711520226,15.67997419895702,1.161,0.5208,0.8147,-0.0705,-0.4169,0.3463,0.3464,0.09184177486528729,False,sub-material increase,11.61,1.1609999999999998,0.0003275903248584,344,451,86.125,22.875,iy451_ix344,172.78464176813023,False,False,False,33,2,False
Xuhui,CN,31.19594,121.44709,1109800,0.0507968402419307,3.31120775158314,0.6576,False,0.0030998488024287,0.000877337799885,0.0053684863250866,0.0009999999999998,True,True,1109800,11,0.0507968402419307,True,231.6250457763672,1049.0,3.31120775158314,4.619253362715052,5.07968402419307,0.6576,0.2028,0.958,0.3939,-0.1158,-0.3004,0.5097,0.16914971483376806,False,sub-material increase,6.576,0.6576,0.00030998488024287,485,484,121.375,31.125,iy484_ix485,21.138516773749032,True,True,True,20,5,True
Maracaibo,VE,10.64232,-71.61089,1752602,0.09229294999185,6.042572671091818,1.3193,False,0.0029827278373295,0.0011005920738077,0.0051091500449268,0.0,True,True,1752602,-9999,0.09229294999185,True,600.0,868.0,6.042572671091818,0.4958092525614138,9.229294999185,1.3193,0.1959,1.3869,0.3342,0.5609,-0.0676,-0.2267,0.07177900916227815,False,sub-material increase,13.193,1.3193,0.00029827278373295,1153,402,288.375,10.625,iy402_ix1153,0.49580925256141384,True,True,True,34,6,True
Malingao,PH,7.16083,124.475,1121974,0.5545271999996771,0.3662165255207696,0.3983,False,0.0029638183406366,0.0008033863604452,0.0029638183406366,0.004,True,True,1121974,5,0.5545271999996771,True,208.9109344482422,2223.0,0.3662165255207696,6.959409912321897,55.45271999996771,0.3983,0.1409,-0.4345,0.1586,0.6512,0.8328,-0.4926,0.41506837508233535,False,sub-material increase,3.9829999999999997,0.39829999999999993,0.00029638183406366,497,388,124.375,7.125,iy388_ix497,31.168473435340843,False,True,True,35,12,True
Dalian,CN,38.91222,121.60222,4913879,0.0876957999990944,16.18982223239493,1.3534,True,0.002896224481439,0.0010760466035981,0.0049673568670224,0.0,True,True,4913879,33,0.0876957999990944,True,406.5933532714844,633.0,16.18982223239493,2.097084195587912,8.769579999909439,1.3534,0.2028,-1.034,-0.1322,-0.5459,2.3874,0.4137,0.0675900577208251,False,sub-material increase,13.533999999999999,1.3533999999999997,0.0002896224481439,486,515,121.625,38.875,iy515_ix486,2.097084195587912,True,True,True,36,5,True
Budta,PH,7.20417,124.43972,1273715,0.5609091576962117,1.007095445182017,0.3983,False,0.0028907748123359,0.0007181867105477,0.0053559100879757,0.0055,True,True,1273715,4,0.5609091576962117,True,207.1705474853516,2365.0,1.007095445182017,9.336091396501567,56.090915769621176,0.3983,0.1409,-0.4345,0.1586,0.6512,0.8328,-0.4926,0.3195365565377467,False,sub-material increase,3.9829999999999997,0.39829999999999993,0.00028907748123359,497,388,124.375,7.125,iy388_ix497,25.739019749367824,False,True,True,35,12,True
Mombasa,KE,-4.05466,39.66359,1208333,0.0996536100001263,18.50919356069278,0.5269,False,0.0028114281985759,0.0011204678584026,0.004696259038271,0.0,True,True,1208333,20,0.0996536100001263,True,238.92295837402344,1085.0,18.50919356069278,2.087189820522016,9.965361000012631,0.5269,0.0539,0.9026,0.1408,0.124,-0.3757,0.0168,0.19898803448474553,False,sub-material increase,5.269,0.5268999999999999,0.00028114281985759,158,343,39.625,-4.125,iy343_ix158,2.0871898205220156,True,True,True,37,13,True
Chennai,IN,13.08784,80.27847,4681087,0.08934973,8.041504539559014,0.4167,False,0.0026832935777019,0.0010730789082865,0.0045235594281931,0.0,True,True,4681087,14,0.08934973,True,253.99093627929688,1239.0,8.041504539559014,1.7356817920194747,8.934973,0.4167,0.0453,-0.8022,0.0059,-0.0524,1.2189,0.0583,0.2607011320522958,False,sub-material increase,4.167,0.41669999999999996,0.00026832935777019,321,412,80.375,13.125,iy412_ix321,1.7356817920194747,True,True,True,38,14,True
Cartagena,CO,10.39817,-75.49328,914552,0.0708730299999999,10.849164568551204,0.6294,False,0.0026785270490979,0.0004797008400966,0.0053139105911917,0.0204999999999999,True,True,914552,20,0.0708730299999999,True,275.66290283203125,1175.0,10.849164568551204,3.375842669104645,7.087302999999991,0.6294,0.2686,-0.2559,0.11,0.0791,0.8853,0.0309,0.14909125977718016,False,sub-material increase,6.294,0.6294,0.00026785270490979,1138,401,284.625,10.375,iy401_ix1138,3.3758426691046455,True,True,True,39,15,False
Virār,IN,19.45591,72.81136,1222390,0.1198278828077522,0.5951018539711868,1.4173,False,0.0025991780956606,0.0019959944961017,0.0025991780956606,0.0,True,True,1222390,9,0.1198278828077522,True,334.1005249023437,1913.0,0.5951018539711868,5.855155470481908,11.98278828077522,1.4173,0.35,0.6962,0.3283,0.134,0.7211,0.1943,0.15397201004333153,False,sub-material increase,14.173,1.4172999999999998,0.00025991780956606,291,437,72.875,19.375,iy437_ix291,5.855155470481908,True,True,True,2,2,True
Mandalay,MM,21.97473,96.08359,1208099,0.3333079,4.516670481422182,0.3728,True,0.0025833231311815,-0.0031775825944254,0.0088124923529758,0.5660000000000001,False,False,1208099,83,0.3333079,True,217.5217742919922,792.0,4.516670481422182,3.9087577784911063,33.33079,0.3728,0.5957,0.0615,-0.0866,-0.559,0.3113,0.4724,0.2940001137521673,False,sub-material increase,3.728,0.37279999999999996,0.00025833231311815,384,447,96.125,21.875,iy447_ix384,333.3522309149601,False,False,False,40,16,False
Ziyang,CN,30.12108,104.64811,905729,0.155723199999444,13.09224078736554,0.7209,False,0.0025591202315673,0.0007583093051363,0.0045653707451619,0.0004999999999999,True,True,905729,365,0.155723199999444,True,397.6422424316406,1107.0,13.09224078736554,1.910309214687527,15.5723199999444,0.7209,0.1985,0.2141,0.4584,0.2518,0.5068,0.2066,0.12004772396763427,False,sub-material increase,7.209,0.7209,0.00025591202315672996,418,480,104.625,30.125,iy480_ix418,986.1558434912772,False,False,False,41,5,True
Santo Domingo,DO,18.47186,-69.89232,2201941,0.4312265999999539,3.8147554741741487,0.3488,False,0.0024767920648013,0.0006809021030615,0.0046060444759537,0.002,True,True,2201941,24,0.4312265999999539,True,390.5118103027344,1644.0,3.8147554741741487,0.9185420873771836,43.12265999999539,0.3488,0.1115,-0.3232,0.363,0.1225,0.672,0.2405,0.3070350909936708,False,sub-material increase,3.488,0.3488,0.00024767920648013,1160,433,290.125,18.375,iy433_ix1160,0.9185420873771835,True,True,True,42,17,True
Baoshan,CN,31.40845,121.48956,2265900,0.0563865307407588,3.418020904860043,0.6576,False,0.0024670626082674,0.0006762688745617,0.0044287847171819,0.002,True,True,2265900,5,0.0563865307407588,True,330.9303894042969,1075.0,3.418020904860043,3.0932227372328467,5.63865307407588,0.6576,0.2028,0.958,0.3939,-0.1158,-0.3004,0.5097,0.12817790728497164,False,sub-material increase,6.576,0.6576,0.00024670626082674,485,485,121.375,31.375,iy485_ix485,4.424349034141255,True,True,True,20,5,True
Barranquilla,CO,10.96854,-74.78132,1206319,0.09359839,5.737392233157891,0.6294,False,0.0024053116310744,0.0004476608619669,0.0046132093407682,0.0184999999999999,True,True,1206319,24,0.09359839,True,337.7365417480469,947.0,5.737392233157891,2.8900111171520977,9.359839,0.6294,0.2686,2.2279,0.11,0.5359,-1.5985,-0.4259,0.13105470970353966,False,sub-material increase,6.294,0.6294,0.00024053116310744,1140,403,285.125,10.875,iy403_ix1140,12.302692225036285,True,True,True,43,15,False
Cebu City,PH,10.31672,123.89071,965332,0.3347104821106495,0.3356984817273769,0.9923,False,0.002276329626615,0.002276329626615,0.002276329626615,0.0,True,True,965332,37,0.3347104821106495,True,322.85845947265625,1493.0,0.3356984817273769,2.9997171038362787,33.471048211064954,0.9923,0.1698,0.76,0.2918,-0.0467,0.2323,0.3385,0.2835265651794575,False,sub-material increase,9.923,0.9923,0.0002276329626615,495,401,123.875,10.375,iy401_ix495,2.9997171038362787,True,True,True,44,18,True
Surabaya,ID,-7.24917,112.75083,2874314,0.1756715000089241,2.3346303501945727,0.2774,False,0.0022082061862322,-0.0010019565736869,0.0058522855372327,0.3149999999999999,False,False,2874314,8,0.1756715000089241,True,203.4541473388672,1663.0,2.3346303501945727,3.964466797522865,17.567150000892408,0.2774,0.2805,0.9319,0.4229,0.3234,-0.6545,0.0995,0.39425643036497254,False,sub-material increase,2.774,0.2774,0.00022082061862322002,451,331,112.875,-7.125,iy331_ix451,3.964466797522865,True,True,True,45,19,False
Seoul,KR,37.566,126.9784,10349312,0.1291627050768389,9.628442816815491,0.6391,True,0.0021926419501853,0.0007829412458853,0.0037572449414291,0.0,True,True,10349312,38,0.1291627050768389,True,339.9872131347656,1315.0,9.628442816815491,4.389469306861391,12.91627050768389,0.6391,0.1261,-1.0113,-0.066,-0.0176,1.6504,-0.0484,0.1155377233384598,False,sub-material increase,6.391,0.6390999999999999,0.00021926419501853002,507,510,126.875,37.625,iy510_ix507,21.22411175263533,True,True,True,46,1,True
Weinan,CN,34.50355,109.50891,1199290,0.1088599,1.1139085984588633,0.4515,True,0.002007256314618,0.000599620429505,0.0036432630126096,0.0004999999999999,True,True,1199290,354,0.1088599,True,271.04229736328125,583.0,1.1139085984588633,3.928875819636614,10.88599,0.4515,0.1256,-0.6377,-0.0341,-0.2472,1.0892,0.2131,0.15768643389098527,False,sub-material increase,4.515000000000001,0.4515,0.0002007256314618,438,498,109.625,34.625,iy498_ix438,850.6161481238713,False,False,False,47,5,True
Alexandria,EG,31.20176,29.91582,5263542,0.106489699999422,6.28671702143896,0.331,True,0.0019576794418436,0.0005205754538679,0.0035887035945086,0.0015,True,True,5263542,9,0.106489699999422,True,223.88836669921875,175.0,6.28671702143896,1.4910171735848954,10.6489699999422,0.331,0.109,0.1023,-0.0554,-0.257,0.2287,0.2016,0.22997029683447354,False,sub-material increase,3.31,0.33099999999999996,0.00019576794418436,119,484,29.875,31.125,iy484_ix119,1.4910171735848954,True,True,True,48,20,True
Sapporo,JP,43.06667,141.35,1973832,0.1806720360283885,0.9918364232852924,0.5472,False,0.001933859674291,0.0004334499423983,0.003525010037273,0.01,True,True,1973832,26,0.1806720360283885,True,164.8000030517578,1209.0,0.9918364232852924,12.62179004769341,18.06720360283885,0.5472,0.205,0.8878,0.4251,0.3326,-0.3406,0.0925,0.11973258130766293,False,sub-material increase,5.472,0.5472,0.0001933859674291,565,532,141.375,43.125,iy532_ix565,13.933948512859327,True,True,True,49,21,False
Nantong,CN,32.03028,120.87472,2273326,0.0583333852838798,3.006027313649213,0.3838,False,0.0019166321843848,0.0001011155867964,0.0040727350437453,0.0705,True,True,2273326,6,0.0583333852838798,True,215.8314666748047,1032.0,3.006027313649213,5.051191452121848,5.83333852838798,0.3838,0.2135,0.7012,0.1938,-0.1588,-0.3174,0.3526,0.1827601729327332,False,sub-material increase,3.8379999999999996,0.3838,0.00019166321843848002,483,488,120.875,32.125,iy488_ix483,5.051191452121848,True,True,True,50,5,False
Auckland,NZ,-36.84853,174.76349,1547200,0.1584837125632816,27.13054093232625,0.6243,False,0.0019078322068631,0.0006904732473526,0.0032412682258164,0.0,True,True,1547200,43,0.1584837125632816,True,421.1944580078125,1351.0,27.13054093232625,0.6990959187734161,15.84837125632816,0.6243,0.1142,-0.4172,0.3277,0.2043,1.0415,0.1234,0.101268245898653,False,sub-material increase,6.242999999999999,0.6242999999999999,0.00019078322068631,699,212,174.875,-36.875,iy212_ix699,0.6990959187734161,True,True,True,51,22,True
Xianyang,CN,34.33778,108.70261,1034081,0.0907892488942864,3.0365453574426056,0.4512,True,0.0018758121915692,0.0006174797351954,0.0033192355079055,0.0,True,True,1034081,387,0.0907892488942864,True,288.21337890625,607.0,3.0365453574426056,3.281209554576678,9.07892488942864,0.4512,0.1138,-0.5735,-0.0437,-0.3887,1.0247,0.345,0.14529362538624271,False,sub-material increase,4.512,0.45119999999999993,0.00018758121915692002,434,497,108.625,34.375,iy497_ix434,922.2147508686434,False,False,False,52,5,True
Hamamatsu,JP,34.7,137.73333,791707,0.7980442000000426,0.2441443503471987,0.2575,False,0.0018496808038376,0.0005196211928647,0.0018496808038376,0.0044999999999999,True,True,791707,3,0.7980442000000426,True,282.1000061035156,2021.0,0.2441443503471987,5.597182522288186,79.80442000000426,0.2575,0.0827,0.1023,0.1353,0.0559,0.1552,0.0794,0.3491192316542594,False,sub-material increase,2.575,0.2575,0.00018496808038376001,550,498,137.625,34.625,iy498_ix550,5.597182522288186,True,True,True,53,1,True
Karachi,PK,24.8608,67.0104,11624219,0.2104098999919154,11.779964904249653,0.44,False,0.0018106153343679,0.0004986582433334,0.0032892303975454,0.0004999999999999,True,True,11624219,8,0.2104098999919154,True,214.9311370849609,162.0,11.779964904249653,4.867763345184103,21.040989999191535,0.44,0.1433,-0.7697,0.0623,-0.2476,1.2097,0.3099,0.1435331805189991,False,sub-material increase,4.4,0.44,0.00018106153343678999,268,459,67.125,24.875,iy459_ix268,4.867763345184103,True,True,True,54,23,True
Shanghai,CN,31.22222,121.45806,24874500,0.05296031,0.2899214160372594,0.6576,False,0.0017738693845824,0.0011479908468059,0.0017738693845824,0.0009999999999998,True,True,24874500,12,0.05296031,True,228.84739685058597,1049.0,0.2899214160372594,3.107094983087166,5.296030999999999,0.6576,0.2028,0.958,0.3939,-0.1158,-0.3004,0.5097,0.24169870341881028,False,sub-material increase,6.576,0.6576,0.00017738693845824,485,484,121.375,31.125,iy484_ix485,18.061217478741458,True,True,True,20,5,True
Tainan,TW,22.99083,120.21333,1856642,0.6576578501474174,4.486152437628789,0.1935,False,0.001610778367505,0.0003473925302693,0.0031410837688323,0.012,True,True,1856642,26,0.6576578501474174,True,208.47552490234372,2245.0,4.486152437628789,5.071396979016769,65.76578501474174,0.1935,0.0771,1.8998,0.1217,0.4712,-1.7063,-0.3495,0.4951055488073359,False,sub-material increase,1.935,0.19349999999999998,0.0001610778367505,480,451,120.125,22.875,iy451_ix480,5.071396979016769,True,True,True,55,8,False
Kitakyushu,JP,33.85181,130.85034,940978,0.2292976253441503,0.4882887006943406,0.407,False,0.0015969601989614,0.0003990257258993,0.0019178033808634,0.0024999999999999,True,True,940978,57,0.2292976253441503,True,391.7000122070313,1721.0,0.4882887006943406,5.658078522498746,22.92976253441503,0.407,0.1429,0.8142,0.173,0.1144,-0.4072,0.0586,0.13565104188150426,False,sub-material increase,4.069999999999999,0.4069999999999999,0.00015969601989614,523,495,130.875,33.875,iy495_ix523,5.658078522498746,True,True,True,56,1,True
Lanzhou,CN,36.05701,103.83987,3000000,0.0837336089308837,17.456321049820758,0.4924,False,0.0015712382400322,0.0005254058927755,0.0026973148455408,0.0,True,True,3000000,1521,0.0837336089308837,True,243.3724822998047,334.0,17.456321049820758,3.397202569436719,8.373360893088371,0.4924,0.1139,-0.0245,0.0617,-0.3638,0.5169,0.4255,0.106565346687678,False,sub-material increase,4.924,0.49240000000000006,0.00015712382400322,415,504,103.875,36.125,iy504_ix415,1243.2896109344408,False,False,False,57,5,True
Hiroshima,JP,34.4,132.45,1200754,0.350937245802441,0.6408789196613043,0.1934,True,0.0015640616549372,0.0002325757333331,0.0031389375482984,0.032,True,True,1200754,16,0.350937245802441,True,207.5,1907.0,0.6408789196613043,5.409366507511519,35.0937245802441,0.1934,0.0875,0.6453,-0.0005,-0.1265,-0.4519,0.126,0.4147114489219935,False,sub-material increase,1.934,0.1934,0.00015640616549372,529,497,132.375,34.375,iy497_ix529,5.409366507511519,True,True,True,58,1,False
Davao,PH,7.07306,125.61278,1848947,0.4845108999999862,0.6103608758679115,0.1836,False,0.0015205006009754,-0.0001473050299545,0.0033683151395163,0.1525,False,False,1848947,13,0.4845108999999862,True,238.9282684326172,1920.0,0.6103608758679115,2.289362460020071,48.45108999999862,0.1836,0.1311,-0.5165,0.0392,0.0106,0.7001,0.0286,0.5353409432689337,False,sub-material increase,1.836,0.1836,0.00015205006009754,502,388,125.625,7.125,iy388_ix502,2.289362460020071,True,True,True,59,12,False
Neijiang,CN,29.58354,105.06216,1251095,0.2026418999999999,41.30617227435727,0.9115,False,0.0014456937895842,0.0004341375853454,0.0025665249670705,0.0,True,True,1251095,349,0.2026418999999999,True,394.89263916015625,1079.0,41.30617227435727,2.451926539738705,20.26418999999999,0.9115,0.2506,0.7535,0.6695,0.3992,0.158,0.2703,0.0494244737783714,False,sub-material increase,9.115,0.9115000000000001,0.00014456937895842,420,478,105.125,29.625,iy478_ix420,915.4863159698349,False,False,False,60,5,True
Santiago de los Caballeros,DO,19.45036,-70.69085,1200000,0.5522715806493135,18.02090485999849,0.2709,False,0.0014016720464758,0.0002620946555143,0.0027149906755611,0.016,True,True,1200000,209,0.5522715806493135,True,349.0228271484375,1182.0,18.020904859998492,1.893056959046609,55.22715806493135,0.2709,0.1132,-0.1551,0.2676,-0.0972,0.426,0.3648,0.191695307122232,False,sub-material increase,2.7089999999999996,0.2708999999999999,0.00014016720464758,1157,437,289.375,19.375,iy437_ix1157,35.85531780944298,False,True,True,61,17,False
Port-au-Prince,HT,18.54349,-72.33881,1234742,0.412546161369622,10.833905546654478,0.2663,False,0.0013811960865968,0.0003490050206672,0.0025979786018036,0.0055,True,True,1234742,27,0.412546161369622,True,422.4088745117188,1195.0,10.833905546654478,0.8166687863346503,41.254616136962206,0.2663,0.0937,1.0538,0.2605,0.5251,-0.7875,-0.2646,0.19231560023574856,False,sub-material increase,2.663,0.2663,0.00013811960865968,1150,434,287.625,18.625,iy434_ix1150,0.8166687863346503,True,True,True,62,17,True
Hyderabad,PK,25.39689,68.37718,1921275,0.1405366,9.781033035782457,0.6834,True,0.0013306612472312,0.0003534559071621,0.0024121508614403,0.0015,True,True,1921275,14,0.1405366,True,322.2336120605469,158.0,9.781033035782457,5.298445403991156,14.05366,0.6834,0.2117,-0.4946,-0.0649,-0.2163,1.178,0.1514,0.06169798016563883,False,sub-material increase,6.834,0.6833999999999999,0.00013306612472312,273,461,68.375,25.375,iy461_ix273,134.0437269130351,False,False,False,63,23,True
Nay Pyi Taw,MM,19.745,96.12972,925000,0.7756317,0.7476920729381504,0.4398,True,0.0013303005997146,-0.0011687162776094,0.0022708897998283,0.4479999999999999,False,False,925000,122,0.7756317,True,259.0514831542969,1169.0,0.7476920729381504,11.665951490205869,77.56317,0.4398,0.5913,-0.5402,-0.2442,-1.0984,0.98,0.8542,0.10038068718648242,False,sub-material increase,4.398000000000001,0.4398,0.00013303005997146,384,438,96.125,19.625,iy438_ix384,219.3212919700261,False,False,False,64,16,False
Zhengzhou,CN,34.75778,113.64861,4253913,0.0933468099999583,1.831082627603621,1.526,True,0.0012674802393856,0.0003708182977496,0.0015282868465959,0.0,True,True,4253913,104,0.0933468099999583,True,200.2095489501953,613.0,1.831082627603621,16.15501701056385,9.33468099999583,1.526,0.4443,0.4991,-1.0587,-1.2116,1.0269,0.1529,0.02496938609247963,False,sub-material increase,15.26,1.5259999999999998,0.00012674802393856,454,499,113.625,34.875,iy499_ix454,505.8633046726467,False,False,False,65,5,True
Anyang,CN,36.096,114.38278,1146839,0.0894178111152896,5.004959182116465,2.7657,True,0.0012147377205101,0.0004180393231679,0.0021176154165551,0.0,True,True,1146839,70,0.0894178111152896,True,245.30303955078125,547.0,5.004959182116465,16.82503865070662,8.94178111152896,2.7657,0.5091,1.4285,-2.4606,-2.8467,1.3372,0.3861,0.012770191200503446,False,sub-material increase,27.656999999999996,2.7657,0.00012147377205100999,457,504,114.375,36.125,iy504_ix457,389.1671073528794,False,False,False,66,5,True
Fukuoka,JP,33.6,130.41667,1612392,0.2703739154132848,0.1373311970702957,0.407,False,0.0011292210388418,0.0008565886039953,0.0011292210388418,0.0035,True,True,1612392,3,0.2703739154132848,True,194.5,1708.0,0.1373311970702957,2.396636241031313,27.03739154132848,0.407,0.1429,0.7402,0.173,0.0805,-0.3332,0.0925,0.5548847109336004,False,sub-material increase,4.069999999999999,0.4069999999999999,0.00011292210388417999,521,494,130.375,33.625,iy494_ix521,2.396636241031313,True,True,True,56,1,True
Panzhihua,CN,26.58509,101.71276,787177,0.1657901999999992,5.020218204013133,0.3991,False,0.0011250293667992,-5.167743531071313e-05,0.0025901623236461,0.1220000000000001,False,False,787177,1101,0.1657901999999992,True,576.024169921875,796.0,5.020218204013133,0.4427418883550131,16.579019999999918,0.3991,0.2654,1.1695,0.1709,0.5171,-0.7704,-0.3462,0.09280873696784285,False,sub-material increase,3.991,0.3991,0.00011250293667992,406,466,101.625,26.625,iy466_ix406,796.2797423780884,False,False,False,67,5,False
Quezon City,PH,14.6488,121.0509,3084270,0.3776324,6.759746700236519,0.3367,False,0.0010393864693847,0.0001278362339753,0.002107218975152,0.0409999999999999,True,True,3084270,49,0.3776324,True,280.5470886230469,2273.0,6.759746700236519,11.550313649240405,37.76324,0.3367,0.1657,-0.0749,0.3033,-0.0017,0.4116,0.305,0.10287323448927357,False,sub-material increase,3.367,0.33669999999999994,0.00010393864693846999,484,418,121.125,14.625,iy418_ix484,11.550313649240403,True,True,True,30,11,False
Bandar Lampung,ID,-5.42917,105.26111,1166066,0.2649017,20.38605325398646,0.2514,False,0.0010293927583578,-0.0004333286283527,0.002609123871258,0.294,False,False,1166066,95,0.2649017,True,439.3459167480469,2236.0,20.38605325398646,2.6500488079175253,26.490170000000003,0.2514,0.2312,0.3233,0.2209,-0.1256,-0.0719,0.3465,0.14306230594577038,False,sub-material increase,2.5140000000000002,0.2514,0.00010293927583578,421,338,105.375,-5.375,iy338_ix421,2.6500488079175253,True,True,True,68,24,False
Yangjiang,CN,21.85563,111.96272,1292987,0.1137957653696654,1.0986495765621953,0.1299,False,0.0009961720420938,-0.0012508917079017,0.0035528166136206,0.5185,False,False,1292987,15,0.1137957653696654,True,314.6648864746094,2205.0,1.0986495765621953,1.542818629129887,11.37957653696654,0.1299,0.206,-0.1941,0.2851,-0.0857,0.324,0.3708,0.35912111542239994,False,sub-material increase,1.299,0.1299,9.961720420938e-05,447,447,111.875,21.875,iy447_ix447,1.542818629129887,True,True,True,69,8,False
Chongqing,CN,29.56026,106.55771,7457599,0.1132862,42.42008087281607,0.585,False,0.0009810779997386,0.0001384336500808,0.0018902126279857,0.0329999999999999,True,True,7457599,289,0.1132862,True,432.7224426269531,1147.0,42.42008087281607,0.3210616400895512,11.32862,0.585,0.274,0.7041,0.8095,0.374,-0.1191,0.4355,0.05270235090401166,False,sub-material increase,5.85,0.585,9.810779997386e-05,426,478,106.625,29.625,iy478_ix426,868.2834947802903,False,False,False,70,5,False
Jakarta,ID,-6.21462,106.84513,8540121,0.2440006999996528,1.464866102082908,0.2499,False,0.0009605569416031,-3.502980449082149e-05,0.0020729046187427,0.1225,False,False,8540121,16,0.2440006999996528,True,214.3814392089844,2145.0,1.464866102082908,12.46998739766137,24.40006999996528,0.2499,0.1611,0.2957,0.2383,-0.2341,-0.0458,0.4724,0.1326802771040632,False,sub-material increase,2.499,0.2499,9.605569416030999e-05,427,335,106.875,-6.125,iy335_ix427,12.46998739766137,True,True,True,71,24,False
Pasig City,PH,14.58691,121.0614,853050,0.3756936,34.13443198290992,0.3367,False,0.0009425574639516,0.0001068769301092,0.0018619490104443,0.0435,True,True,853050,63,0.3756936,True,235.3219757080078,2273.0,34.13443198290992,9.33741833388168,37.56936,0.3367,0.1657,-0.0749,0.3033,-0.0017,0.4116,0.305,0.09217958183859007,False,sub-material increase,3.367,0.33669999999999994,9.425574639516e-05,484,418,121.125,14.625,iy418_ix484,9.33741833388168,True,True,True,30,11,False
Goyang-si,KR,37.65639,126.835,1061752,0.1293693534595363,0.4425116350042231,0.6391,True,0.0009003048747226,0.0004644921017719,0.0009003048747226,0.0,True,True,1061752,19,0.1293693534595363,True,446.4551086425781,1315.0,0.4425116350042231,6.414666309623628,12.936935345953628,0.6391,0.1261,-1.0113,-0.066,-0.0176,1.6504,-0.0484,0.06492128634475759,False,sub-material increase,6.391,0.6390999999999999,9.003048747226e-05,507,510,126.875,37.625,iy510_ix507,7.319332468093911,True,True,True,46,1,True
Tianshui,CN,34.57952,105.74238,1212791,0.2934561000002377,1.3275349050126124,0.562,False,0.000896197666793,0.0003110550326181,0.0015946017783014,0.0,True,True,1212791,1153,0.2934561000002377,True,528.0335083007812,611.0,1.3275349050126124,5.532523941838416,29.34561000002377,0.562,0.1189,0.1022,0.0851,-0.242,0.4598,0.3271,0.04998412828681383,False,sub-material increase,5.620000000000001,0.562,8.96197666793e-05,422,498,105.625,34.625,iy498_ix422,1144.1922289164165,False,False,False,72,5,True
Haiphong,VN,20.86481,106.68345,2625200,0.0714270100110461,4.53192950331885,0.3986,False,0.0008755768894566,-3.366235461207609e-05,0.0019457533547552,0.1169999999999999,False,False,2625200,12,0.0714270100110461,True,600.0,1694.0,4.53192950331885,2.5877902915309345,7.1427010011046095,0.3986,0.2547,0.2464,0.139,-0.0741,0.1522,0.2131,0.07056996758035017,False,sub-material increase,3.986,0.39859999999999995,8.755768894566e-05,426,443,106.625,20.875,iy443_ix426,2.5877902915309345,True,True,True,73,25,False
Changwon,KR,35.22806,128.68111,1025702,0.2072810476453046,1.6327153429465395,0.376,True,0.0008700584934065,0.0001483121294334,0.0016925404970798,0.0224999999999999,True,True,1025702,27,0.2072810476453046,True,425.8367614746094,1396.0,1.6327153429465395,6.908779725169293,20.72810476453046,0.376,0.1657,0.4447,-0.1065,-0.0149,-0.0687,-0.0916,0.07470001369052473,False,sub-material increase,3.76,0.37599999999999995,8.700584934065e-05,514,500,128.625,35.125,iy500_ix514,6.908779725169293,True,True,True,74,1,False
Kaohsiung,TW,22.61626,120.31333,2737660,0.3681412361152513,1.1596856641489808,0.0956,False,0.0007876052972501,-0.0005893739314591,0.0021888046072442,0.4155,False,False,2737660,9,0.3681412361152513,True,209.50657653808597,1990.0,1.1596856641489808,2.8664741308134767,36.814123611525126,0.0956,0.1178,1.8019,0.2291,0.5786,-1.7063,-0.3495,0.550557823687945,False,sub-material increase,0.9560000000000001,0.0956,7.876052972501e-05,481,450,120.375,22.625,iy450_ix481,2.8664741308134767,True,True,True,55,8,False
Vadodara,IN,22.29941,73.20812,1822221,0.0722415566693286,8.30090791180288,1.6367,False,0.0007753986476834,0.0002025649499052,0.0014310177372404,0.002,True,True,1822221,46,0.0722415566693286,True,230.3549652099609,891.0,8.30090791180288,16.9649676405298,7.224155666932861,1.6367,0.5353,0.3024,0.3546,0.3779,1.3343,-0.0233,0.014051098119062844,False,sub-material increase,16.367,1.6367,7.753986476834e-05,292,449,73.125,22.375,iy449_ix292,29.78847940701391,False,True,True,75,2,True
Langfang,CN,39.52079,116.71471,868066,0.1032498746941712,10.69657434958424,0.5703,True,0.0007721279813353,0.0002566857307108,0.0013174704850387,0.0,True,True,868066,19,0.1032498746941712,True,184.2429351806641,548.0,10.69657434958424,12.859938284997147,10.32498746941712,0.5703,0.1307,-0.9855,-0.4868,-1.0691,1.5558,0.5823,0.042075596599572475,False,sub-material increase,5.703,0.5703,7.721279813353e-05,466,518,116.625,39.625,iy518_ix466,97.38278674963414,False,False,True,76,5,True
Hanoi,VN,21.0245,105.84117,8053663,0.08338389,0.3662165255207696,0.1071,False,0.0007661094018628,-0.0021939410903894,0.0026238545484459,0.7110000000000001,False,False,8053663,10,0.08338389,True,273.5119934082031,1628.0,0.3662165255207696,1.9750752720214384,8.338389,0.1071,0.2956,-0.1024,0.1367,-0.1181,0.2095,0.2548,0.3120306007830926,False,sub-material increase,1.071,0.10709999999999999,7.661094018628e-05,423,444,105.875,21.125,iy444_ix423,83.13297666480142,False,False,True,77,25,False
Caloocan,PH,14.64953,120.96788,1712945,0.3198267016083664,0.091554131380235,0.4215,False,0.0007599218058339,0.0007599218058339,0.0007599218058339,0.0089999999999998,True,True,1712945,6,0.3198267016083664,True,240.3080596923828,2258.0,0.091554131380235,2.699549179196848,31.98267016083664,0.4215,0.1698,0.0098,0.3439,0.1743,0.4117,0.1696,0.5268838785496096,False,sub-material increase,4.215,0.4215,7.599218058339e-05,483,418,120.875,14.625,iy418_ix483,2.6995491791968473,True,True,True,30,11,False
Dongying,CN,37.46271,118.49165,998968,0.0850820200001394,1.1596856641489808,2.0596,True,0.0007503506881893,0.0004929263375389,0.0007503506881893,0.0,True,True,998968,6,0.0850820200001394,True,203.51611328125,604.0,1.1596856641489808,17.180003744732034,8.50820200001394,2.0596,0.309,0.4379,-0.5393,-0.9396,1.6217,0.4003,0.01945046612587861,False,sub-material increase,20.596,2.0596,7.503506881893001e-05,473,509,118.375,37.375,iy509_ix473,41.090568567323984,False,True,True,78,5,True
Incheon,KR,37.45646,126.70515,3015482,0.1299214000302797,21.896696421759373,0.6391,True,0.0007501877106964,0.0002689295014475,0.0012369028753423,0.0,True,True,3015482,43,0.1299214000302797,True,387.766357421875,1259.0,21.896696421759373,7.101012323889473,12.992140003027968,0.6391,0.1261,-1.0286,-0.066,-0.0195,1.6677,-0.0465,0.03621473038319386,False,sub-material increase,6.391,0.6390999999999999,7.501877106964e-05,506,509,126.625,37.375,iy509_ix506,7.101012323889473,True,True,True,46,1,True
Taiyuan,CN,37.86944,112.56028,4303673,0.1791104881897064,0.1373311970702957,0.6424,True,0.0007481143005881,0.0006934087391053,0.0007481143005881,0.0155,True,True,4303673,795,0.1791104881897064,True,256.29119873046875,412.0,0.1373311970702957,3.390299386532964,17.91104881897064,0.6424,0.267,0.2519,-1.7597,-1.907,0.3905,0.1473,0.205668978830565,False,sub-material increase,6.4239999999999995,0.6423999999999999,7.481143005881e-05,450,511,112.625,37.875,iy511_ix450,443.08074964770356,False,False,False,79,5,False
Zhenjiang,CN,32.21086,119.45508,950516,0.05357852,9.048599984741031,0.1582,False,0.0007220839788225,-0.0003598339920611,0.0018659706994761,0.3334999999999999,False,False,950516,26,0.05357852,True,267.0880126953125,1005.0,9.048599984741031,2.524998885224889,5.357851999999999,0.1582,0.1572,0.5593,0.027,-0.2506,-0.4011,0.2776,0.16358610088461223,False,sub-material increase,1.582,0.1582,7.220839788225e-05,477,488,119.375,32.125,iy488_ix477,14.288676948335562,True,True,True,80,5,False
Giza,EG,30.00944,31.20861,4367343,0.2299891999999745,17.608911268787722,0.1375,True,0.00070556806689,0.0001094598125627,0.0013921614717881,0.03,True,True,4367343,19,0.2299891999999745,True,236.0592193603516,26.0,17.608911268787722,1.197937229773541,22.99891999999745,0.1375,0.066,0.1046,-0.1159,-0.2127,0.0329,0.0968,0.18996409512632562,False,sub-material increase,1.375,0.13749999999999998,7.0556806689e-05,124,480,31.125,30.125,iy480_ix124,117.00910956090338,False,False,False,81,20,False
Ankang,CN,32.68,109.01722,870126,0.0616723443335407,23.49889372091252,0.5842,False,0.0006825083072401,0.0001954378221154,0.0012248434299897,0.0004999999999999,True,True,870126,273,0.0616723443335407,True,509.4773864746094,914.0,23.49889372091252,2.1926193258491864,6.16723443335407,0.5842,0.1804,-0.3435,0.1512,0.0493,0.9277,0.1019,0.03606887194532928,False,sub-material increase,5.8420000000000005,0.5842,6.825083072401e-05,436,490,109.125,32.625,iy490_ix436,967.700022628899,False,False,False,82,5,True
Suwon,KR,37.29111,127.00889,1234582,0.1291057000001796,2.655069810025225,0.6391,True,0.0006359158262189,0.0002248553384981,0.0011049711007059,0.0,True,True,1234582,58,0.1291057000001796,True,338.2337341308594,1315.0,2.655069810025225,12.496469967354347,12.91057000001796,0.6391,0.1261,-1.0403,-0.066,-0.0107,1.6794,-0.0553,0.03051409643075647,False,sub-material increase,6.391,0.6390999999999999,6.359158262188999e-05,508,509,127.125,37.375,iy509_ix508,12.496469967354347,True,True,True,46,1,True
Pimpri-Chinchwad,IN,18.61867,73.80375,1727692,0.1354138,5.645838101777713,2.5294,False,0.0006171175405221,0.0002232672410458,0.0010910841725212,0.0,True,True,1727692,568,0.1354138,True,311.8620300292969,1138.0,5.645838101777713,19.612134255508877,13.54138,2.5294,0.4537,1.5032,0.6182,0.1612,1.0262,0.457,0.007076883636339587,False,sub-material increase,25.293999999999997,2.5293999999999994,6.171175405221e-05,295,434,73.875,18.625,iy434_ix295,84.7809934248567,False,False,True,83,2,True
Chiba,JP,35.6,140.11667,979768,0.7891407000048927,0.0762951094835102,1.0304,False,0.0006153195528436,0.0006153195528436,0.0006153195528436,0.0,True,True,979768,5,0.7891407000048927,True,260.20001220703125,1376.0,0.0762951094835102,3.375080387177573,78.91407000048926,1.0304,0.1319,0.8727,0.3753,0.4413,0.1577,-0.066,0.4113296161094694,False,sub-material increase,10.304,1.0304,6.153195528436e-05,560,502,140.125,35.625,iy502_ix560,3.375080387177573,True,True,True,1,1,True
Cali,CO,3.43054,-76.5199,2392877,0.3503494944669512,0.106813153276903,0.1145,False,0.0006105155087874,-0.0003694286458395,0.0006105155087874,0.3594999999999999,False,False,2392877,758,0.3503494944669512,True,270.05010986328125,1832.0,0.106813153276903,7.326531954680867,35.03494944669512,0.1145,0.1258,-0.3177,0.0725,-0.1248,0.4322,0.1973,0.21977284906362302,False,sub-material increase,1.145,0.11449999999999999,6.105155087874e-05,1133,373,283.375,3.375,iy373_ix1133,71.88524431338931,False,False,True,84,26,False
Barquisimeto,VE,10.0647,-69.35703,1240714,0.4172064835994755,19.62310215915164,1.5713,False,0.0005986854645656,0.0002231788041404,0.0010451086370402,0.0,True,True,1240714,606,0.4172064835994755,True,279.1226806640625,964.0,19.62310215915164,17.463442359662942,41.720648359947546,1.5713,0.2457,2.8605,0.0579,1.2749,-1.2892,-1.217,0.011279064354055313,False,sub-material increase,15.713,1.5713,5.9868546456560005e-05,1162,400,290.625,10.125,iy400_ix1162,134.33903439344377,False,False,False,85,6,True
Tangerang,ID,-6.17806,106.63,1912679,0.2445076999837557,0.7324330510414825,0.2499,False,0.0005862220146996,-1.036897514979511e-05,0.0012504614267452,0.1109999999999999,False,False,1912679,18,0.2445076999837557,True,217.17312622070312,2285.0,0.7324330510414825,15.863102948470502,24.45076999837557,0.2499,0.1611,0.2957,0.2383,-0.2341,-0.0458,0.4724,0.07596824021472673,False,sub-material increase,2.499,0.2499,5.862220146996e-05,426,335,106.625,-6.125,iy335_ix426,15.863102948470502,True,True,True,71,24,False
Mysuru,IN,12.29791,76.63925,920550,0.0643349354158487,3.189135576409569,2.2097,False,0.0005723038697131,0.0002009788193956,0.00083953289685,0.0,True,True,920550,757,0.0643349354158487,True,454.8702697753906,723.0,3.189135576409569,13.861406656238096,6.43349354158487,2.2097,0.4125,1.3601,0.1442,-0.0204,0.8496,0.1646,0.007556444717322037,False,sub-material increase,22.097,2.2096999999999998,5.7230386971309996e-05,306,409,76.625,12.375,iy409_ix306,138.02224409109976,False,False,False,86,14,True
Bucheon-si,KR,37.49889,126.78306,850731,0.1299450930209851,3.570611123827007,0.6391,True,0.000571231348487,0.0002000369447814,0.0009909100519071,0.0,True,True,850731,14,0.1299450930209851,True,455.4380493164063,1259.0,3.570611123827007,9.98754344425012,12.994509302098509,0.6391,0.1261,-1.0286,-0.066,-0.0195,1.6677,-0.0465,0.027318310475398965,False,sub-material increase,6.391,0.6390999999999999,5.71231348487e-05,507,509,126.875,37.375,iy509_ix507,12.268016338837047,True,True,True,46,1,True
Tripoli,LY,32.88743,13.18733,1302947,0.0913415484777827,13.488975356679646,0.2372,True,0.0005650613683371,0.0001188310637474,0.0010954979640199,0.01,True,True,1302947,15,0.0913415484777827,True,324.6783447265625,331.0,13.488975356679646,3.204420033548859,9.13415484777827,0.2372,0.0957,-0.183,-0.1302,-0.1845,0.4202,0.0543,0.07727016650633332,False,sub-material increase,2.372,0.23719999999999997,5.650613683371e-05,52,491,13.125,32.875,iy491_ix52,3.204420033548859,True,True,True,87,27,False
Beirut,LB,33.89332,35.50157,1916100,0.3636114465008213,19.30266269932099,0.1822,True,0.0005301694941249,-4.2965875097498296e-05,0.0011539892591182,0.1505,False,False,1916100,40,0.3636114465008213,True,455.3077697753906,939.0,19.30266269932099,1.7684668153955374,36.361144650082124,0.1822,0.1272,0.8483,-0.2378,0.2723,-0.6661,-0.5101,0.09647597559548854,False,sub-material increase,1.822,0.1822,5.301694941249e-05,142,495,35.625,33.875,iy495_ix142,1.7684668153955374,True,True,True,88,28,False
Yibin,CN,28.7593,104.63994,836340,0.2324686612517436,67.002365148394,0.7861,False,0.0005162069294723,0.0001457609461879,0.0009278182293975,0.0015,True,True,836340,323,0.2324686612517436,True,390.972900390625,1152.0,67.002365148394,3.38064258936918,23.24686612517436,0.7861,0.2441,0.8105,0.572,0.2767,-0.0244,0.2953,0.019867774914031234,False,sub-material increase,7.861000000000001,0.7861000000000001,5.1620692947229996e-05,418,475,104.625,28.875,iy475_ix418,850.0314460319014,False,False,False,89,5,True
Havana,CU,23.13302,-82.38304,2163824,0.0697232325262081,4.592965590905635,0.1134,False,0.0005034226792101,4.3504630703865296e-05,0.001020372433894,0.0629999999999999,True,True,2163824,41,0.0697232325262081,True,328.41571044921875,1315.0,4.592965590905635,2.7575855890063075,6.97232325262081,0.1134,0.0601,-3.0334,0.1528,-0.0924,3.1468,0.2452,0.15815498068066472,False,sub-material increase,1.134,0.11339999999999999,5.034226792101e-05,1110,452,277.625,23.125,iy452_ix1110,2.7575855890063075,True,True,True,90,29,False
Guwahati,IN,26.1844,91.7458,962334,0.5471443669493168,11.734187838559592,0.0952,True,0.0005028785885829,-0.0038115577722043,0.0047189884872142,0.9105,False,False,962334,59,0.5471443669493168,True,300.69305419921875,1713.0,11.734187838559592,5.507508815566938,54.71443669493168,0.0952,0.5837,1.2651,-0.6024,-0.3878,-1.1699,-0.2146,0.1974719355127817,False,sub-material increase,0.9520000000000001,0.0952,5.028785885829e-05,366,464,91.625,26.125,iy464_ix366,308.36586213907407,False,False,False,91,2,False
Dhaka,BD,23.7104,90.40744,10356500,0.1949473000000002,0.4882887006943406,0.0607,True,0.000501866092094,-0.0083603291251546,0.0040394659854371,0.947,False,False,10356500,23,0.1949473000000002,True,267.74822998046875,2145.0,0.4882887006943406,1.8597388917786213,19.494730000000025,0.0607,0.721,-0.9281,-0.5407,-1.0995,0.9888,0.5588,0.45836747505821357,False,sub-material increase,0.607,0.0607,5.01866092094e-05,361,454,90.375,23.625,iy454_ix361,15.813506522357867,True,True,True,92,2,False
San Jose,US,37.33939,-121.89496,997368,0.5581442998560356,1.2207217517357662,0.9056,True,0.000496426350033,4.1933674113270494e-05,0.0006725883656629,0.052,True,True,997368,23,0.5581442998560356,True,272.7223205566406,403.0,1.2207217517357662,17.783360745851873,55.81442998560357,0.9056,0.4712,0.9457,-0.7984,-0.9391,-0.0401,0.1407,0.01649498840850174,False,sub-material increase,9.056,0.9055999999999998,4.96426350033e-05,952,509,238.125,37.375,iy509_ix952,17.783360745851873,True,True,True,93,30,False
Kota,IN,25.18254,75.83907,1001694,0.0572934900065894,26.108186465247627,0.5691,False,0.000491096082124,-7.974285590479305e-05,0.0011051613465398,0.1859999999999999,False,False,1001694,267,0.0572934900065894,True,464.3928527832031,719.0,26.108186465247627,3.573697289176253,5.72934900065894,0.5691,0.4233,-0.1368,0.0121,-0.5951,0.7059,0.6072,0.026377928760844008,False,sub-material increase,5.691000000000001,0.5691,4.91096082124e-05,303,460,75.875,25.125,iy460_ix303,439.52968483908415,False,False,False,94,2,False
Jiaozuo,CN,35.23925,113.23914,865413,0.0894723600000021,4.974441138323073,2.4451,True,0.0004495476012168,0.0001540478204035,0.0008058822757498,0.0,True,True,865413,90,0.0894723600000021,True,353.5187683105469,576.0,4.974441138323073,17.785109917555534,8.94723600000021,2.4451,0.5247,1.2458,-2.0977,-2.3259,1.1993,0.2282,0.005330301564095408,False,sub-material increase,24.451,2.4451,4.495476012168e-05,452,500,113.125,35.125,iy500_ix452,529.6896070910154,False,False,False,95,5,True
Taipei,TW,25.05306,121.52639,7871900,0.3369818386905979,0.2288853284504739,0.0507,False,0.0004195205423698,-0.0009367516973735,0.0018943580637169,0.6665000000000001,False,False,7871900,5,0.3369818386905979,True,121.80533599853516,3055.0,0.2288853284504739,12.4933029549212,33.69818386905979,0.0507,0.1176,1.5871,0.2414,0.8509,-1.5364,-0.6095,0.46087376296387134,False,sub-material increase,0.507,0.050699999999999995,4.195205423698e-05,486,460,121.625,25.125,iy460_ix486,12.4933029549212,True,True,True,96,8,False
Agra,IN,27.18333,78.01667,1430055,0.0807868441135139,16.983291371023142,0.1594,True,0.0004130453731711,-0.0017174006004168,0.0026945205828749,0.79,False,False,1430055,166,0.0807868441135139,True,415.8485412597656,794.0,16.983291371023142,0.851027348032077,8.078684411351391,0.1594,0.5896,-0.7184,-1.6898,-2.0833,0.8778,0.3935,0.08484224954413953,False,sub-material increase,1.5939999999999999,0.1594,4.130453731711e-05,312,468,78.125,27.125,iy468_ix312,750.4945894853691,False,False,False,97,2,False
New Taipei City,TW,25.06199,121.45703,4004367,0.3321715041340599,0.5188067444877333,0.0507,False,0.0004106270631025,-0.0009592436771925,0.0017061431927624,0.687,False,False,4004367,4,0.3321715041340599,True,189.5024871826172,2693.0,0.5188067444877333,8.201788204387995,33.21715041340599,0.0507,0.1176,1.9753,0.2414,1.0991,-1.9246,-0.8577,0.4174407368464747,False,sub-material increase,0.507,0.050699999999999995,4.106270631025e-05,485,460,121.375,25.125,iy460_ix485,8.201788204387995,True,True,True,96,8,False
Linyi,CN,35.06306,118.34278,2743843,0.0818507500000001,0.5951018539711868,0.8114,True,0.0003796795217104,0.0001432454484555,0.0003796795217104,0.0009999999999998,True,True,2743843,69,0.0818507500000001,True,224.00645446777344,796.0,0.5951018539711868,16.843507285824703,8.18507500000001,0.8114,0.2563,-0.5524,-0.503,-0.6665,1.3638,0.1635,0.019352023834308053,False,sub-material increase,8.114,0.8114,3.7967952171039996e-05,473,500,118.375,35.125,iy500_ix473,77.71431336179329,False,False,True,98,5,True
Bekasi,ID,-6.2349,106.9896,2564940,0.2359025999999658,0.793469138628268,0.2499,False,0.0003695291061639,-1.5281822307495295e-05,0.0008120990981101,0.1205,False,False,2564940,18,0.2359025999999658,True,233.7062225341797,2145.0,0.793469138628268,17.295904322981052,23.59025999999658,0.2499,0.1611,0.2957,0.2383,-0.2341,-0.0458,0.4724,0.04639034089157938,False,sub-material increase,2.499,0.2499,3.695291061639e-05,427,335,106.875,-6.125,iy335_ix427,17.295904322981052,True,True,True,71,24,False
Pimpri,IN,18.62292,73.80696,1284606,0.1354138,5.645838101777713,2.5294,False,0.000359197196582,0.0001274083604583,0.0006371388735635,0.0,True,True,1284606,571,0.1354138,True,440.5750732421875,1138.0,5.645838101777713,19.05087445115642,13.54138,2.5294,0.4537,1.5032,0.6182,0.1612,1.0262,0.457,0.004105784759444252,False,sub-material increase,25.293999999999997,2.5293999999999994,3.5919719658199996e-05,295,434,73.875,18.625,iy434_ix295,85.2049779102729,False,False,True,83,2,True
Bhubaneswar,IN,20.27241,85.83385,885363,0.0658473024412692,13.229571984435836,1.3414,False,0.0003474043925275,7.139984301811629e-05,0.0006828435154962,0.016,True,True,885363,62,0.0658473024412692,True,377.0162048339844,1565.0,13.229571984435836,16.17039247653336,6.58473024412692,1.3414,0.5407,0.7538,0.1367,0.0566,0.5876,0.0801,0.007666398099450471,False,sub-material increase,13.414,1.3414,3.474043925275e-05,343,441,85.875,20.375,iy441_ix343,36.22707930557314,False,True,True,99,2,False
Pingdingshan,CN,33.73091,113.31554,979130,0.0720692848428089,0.1525902189670205,0.2273,True,0.0003472585029559,-0.0003447612982385,0.0003472585029559,0.3925,False,False,979130,82,0.0720692848428089,True,246.779052734375,761.0,0.1525902189670205,8.930517090704994,7.20692848428089,0.2273,0.2744,-0.5339,-0.325,-0.4435,0.7612,0.1185,0.07361188949280463,False,sub-material increase,2.273,0.2273,3.472585029559e-05,453,494,113.375,33.625,iy494_ix453,551.2254817717252,False,False,False,100,5,False
Ulsan,KR,35.53722,129.31667,1098421,0.1786687466094599,0.106813153276903,0.1467,True,0.0003399052354951,-0.0001007864517297,0.0003399052354951,0.2124999999999999,False,False,1098421,10,0.1786687466094599,True,401.5296936035156,1241.0,0.106813153276903,5.140750290729801,17.86687466094599,0.1467,0.1167,0.1507,-0.1189,-0.0562,-0.004,-0.0627,0.10684515689414531,False,sub-material increase,1.467,0.1467,3.399052354951e-05,517,502,129.375,35.625,iy502_ix517,5.140750290729801,True,True,True,101,1,False
Natal,BR,-5.795,-35.20944,896708,0.0874660044554751,26.21499961852448,0.3037,False,0.0003325867328523,0.0001241945875274,0.0005651338887189,0.0,True,True,896708,32,0.0874660044554751,True,545.1959838867188,1439.0,26.214999618524477,3.385927282411228,8.74660044554751,0.3037,0.0475,-0.0794,0.0498,0.1065,0.3831,-0.0567,0.033879437811882754,False,sub-material increase,3.0370000000000004,0.3037,3.3258673285230003e-05,1299,336,324.875,-5.875,iy336_ix1299,3.385927282411228,True,True,True,102,31,True
Antipolo,PH,14.62578,121.12251,913712,0.3849308817020014,0.3967345693141624,0.3367,False,0.0003314198522643,4.701257432291259e-05,0.0003908803154227,0.038,True,True,913712,23,0.3849308817020014,True,341.6148681640625,2273.0,0.3967345693141624,17.099947866912323,38.49308817020014,0.3367,0.1657,-0.0749,0.3033,-0.0017,0.4116,0.305,0.030323246181374098,False,sub-material increase,3.367,0.33669999999999994,3.314198522643e-05,484,418,121.125,14.625,iy418_ix484,17.099947866912323,True,True,True,30,11,False
Wenzhou,CN,27.99942,120.66682,2650000,0.0686242899999701,0.0457770656901175,0.2598,False,0.0003306022888904,0.0002252022240566,0.0003306022888904,0.0375,True,True,2650000,10,0.0686242899999701,True,239.22329711914065,1528.0,0.0457770656901175,2.5667036269480707,6.86242899999701,0.2598,0.124,0.4569,0.3071,0.27,-0.1971,0.0371,0.31783772575895614,False,sub-material increase,2.598,0.2598,3.306022888904e-05,482,471,120.625,27.875,iy471_ix482,2.5667036269480707,True,True,True,103,8,False
Panjin,CN,41.121,122.0739,1166481,0.1240245000000066,0.9460593575952316,1.571,True,0.0003149296385248,0.0002065743309335,0.0003149296385248,0.0,True,True,1166481,7,0.1240245000000066,True,181.6923828125,597.0,0.9460593575952316,22.182548288641573,12.40245000000066,1.571,0.1895,-0.6378,-0.3071,-0.7207,2.2088,0.4136,0.009941902165521575,False,sub-material increase,15.709999999999999,1.5709999999999997,3.149296385248e-05,488,524,122.125,41.125,iy524_ix488,22.182548288641573,True,True,True,104,5,True
Managua,NI,12.13282,-86.2504,973087,0.6997626999999993,0.5951018539711868,0.5376,True,0.0002791380982256,-2.0822950800446715e-05,0.0003092822223204,0.1454999999999999,False,False,973087,108,0.6997626999999993,True,394.2102355957031,1478.0,0.5951018539711868,17.885559097502387,69.97626999999993,0.5376,0.3675,-0.7197,-0.1333,-0.3788,1.2573,0.2455,0.015704353064535312,False,sub-material increase,5.3759999999999994,0.5376,2.7913809822560002e-05,1094,408,273.625,12.125,iy408_ix1094,45.297494272722446,False,True,True,105,32,False
Ottawa,CA,45.41117,-75.69812,1017449,0.1030978999999999,13.519493400473038,0.1017,False,0.0002719925024275,-0.0005799173362205,0.0011579694106342,0.655,False,False,1017449,71,0.1030978999999999,True,348.5962219238281,922.0,13.519493400473038,3.602642792835557,10.309789999999987,0.1017,0.2234,0.1514,0.3367,0.6213,-0.0497,-0.2846,0.0879345788274279,False,sub-material increase,1.017,0.10169999999999998,2.719925024275e-05,1137,541,284.375,45.375,iy541_ix1137,89.74838565754294,False,False,True,106,33,False
Beijing,CN,39.9075,116.39723,18960744,0.1370146489373686,5.218585488670215,0.5703,True,0.0002529408037319,8.536362684613057e-05,0.0004465976104572,0.0,True,True,18960744,49,0.1370146489373686,True,230.77230834960935,569.0,5.218585488670215,17.88414889483644,13.701464893736858,0.5703,0.1307,-0.889,-0.4868,-1.0746,1.4593,0.5878,0.013375198859327296,False,sub-material increase,5.703,0.5703,2.529408037319e-05,465,519,116.375,39.875,iy519_ix465,143.6106439461746,False,False,False,107,5,True
Xi’an,CN,34.25833,108.92861,9600000,0.1007263999999999,8.6366063935302,0.4515,True,0.0002515117993584,7.72506997488152e-05,0.0004475284629426,0.0004999999999999,True,True,9600000,416,0.1007263999999999,True,228.13194274902344,614.0,8.6366063935302,15.901550564097764,10.07263999999999,0.4515,0.1256,-0.5732,-0.0341,-0.3791,1.0247,0.345,0.01689264532886208,False,sub-material increase,4.515000000000001,0.4515,2.515117993584e-05,435,497,108.875,34.375,iy497_ix435,910.0009182580424,False,False,False,52,5,True
Jepara,ID,-6.5924,110.671,1257912,0.1135043000000001,0.0305180437934495,0.4829,False,0.0002440175633789,0.0002440175633789,0.0002440175633789,0.014,True,True,1257912,5,0.1135043000000001,True,321.5424194335937,2618.0,0.0305180437934495,1.7422983269701109,11.35043000000001,0.4829,0.1908,-0.1295,0.3127,0.199,0.6124,0.1137,0.40045710055596606,False,sub-material increase,4.829,0.4829,2.440175633789e-05,442,333,110.625,-6.625,iy333_ix442,1.7422983269701109,True,True,True,108,19,False
Zigong,CN,29.34162,104.77689,1262064,0.209717,0.9918364232852924,0.9115,False,0.0002421462513756,7.48659079897334e-05,0.000263836947325,0.0004999999999999,True,True,1262064,306,0.209717,True,256.50396728515625,1159.0,0.9918364232852924,22.404711089733848,20.9717,0.9115,0.2506,0.8193,0.6695,0.4014,0.0922,0.2681,0.007921898341212144,False,sub-material increase,9.115,0.9115000000000001,2.421462513756e-05,419,477,104.875,29.375,iy477_ix419,902.0805122510632,False,False,False,60,5,True
Busan,KR,35.10168,129.03004,3285147,0.1661660969867312,28.53437094682232,0.139,False,0.0002305254564494,-2.961295205615027e-05,0.0005285626858169,0.1705000000000001,False,False,3285147,15,0.1661660969867312,True,608.4011840820312,1441.0,28.53437094682232,0.811974975748829,16.61660969867312,0.139,0.1025,0.4909,0.0989,0.2621,-0.3519,-0.1632,0.05245158558273667,False,sub-material increase,1.3900000000000001,0.139,2.305254564494e-05,516,500,129.125,35.125,iy500_ix516,0.811974975748829,True,True,True,74,1,False
Daegu,KR,35.87028,128.59111,2365523,0.212614409616326,2.532997634851654,0.1467,True,0.000217891965716,-4.738158337195125e-05,0.0005185310712878,0.2015,False,False,2365523,45,0.212614409616326,True,323.8189697265625,1082.0,2.532997634851654,10.96860095030915,21.2614409616326,0.1467,0.1167,-0.1088,-0.1189,-0.1694,0.2555,0.0505,0.04668399793342554,False,sub-material increase,1.467,0.1467,2.1789196571600002e-05,514,503,128.625,35.875,iy503_ix514,72.98900031974135,False,False,True,109,1,False
Bengaluru,IN,12.97194,77.59369,8495492,0.1020980081948443,4.119935912108076,2.6353,False,0.0002141837252329,7.655866955664931e-05,0.0003433422367366,0.0,True,True,8495492,914,0.1020980081948443,True,469.5596618652344,812.0,4.119935912108076,20.129319068236917,10.20980081948443,2.6353,0.4606,0.8756,0.1135,-0.1717,1.7597,0.2852,0.002341144117784493,False,sub-material increase,26.353,2.6353000000000004,2.141837252329e-05,310,411,77.625,12.875,iy411_ix310,263.3575951550235,False,False,False,110,14,True
Kingston,JM,17.99702,-76.79358,937700,0.3996163345675977,0.0305180437934495,0.2704,False,0.0001636288480058,0.0001636288480058,0.0001636288480058,0.0,True,True,937700,65,0.3996163345675977,True,377.14495849609375,1321.0,0.0305180437934495,3.620369011699103,39.96163345675977,0.2704,0.0788,-0.7229,0.2924,0.3616,0.9933,-0.0692,0.20161006925165487,False,sub-material increase,2.7039999999999997,0.2704,1.636288480058e-05,1132,431,283.125,17.875,iy431_ix1132,3.620369011699103,True,True,True,111,34,True
Medan,ID,3.58333,98.66667,2435252,0.1908047019318471,0.1831082627604132,1.2442,False,0.0001521960233025,0.0001521960233025,0.0001521960233025,0.0,True,True,2435252,26,0.1908047019318471,True,219.6578826904297,2430.0,0.1831082627604132,21.390082899961,19.08047019318471,1.2442,0.2002,0.1647,0.4639,0.7865,1.0795,-0.3226,0.02554056320828076,False,sub-material increase,12.442,1.2442,1.5219602330249999e-05,394,374,98.625,3.625,iy374_ix394,21.390082899960998,True,True,True,112,35,True
South Tangerang,ID,-6.28862,106.71789,1404785,0.2550163,1.2359807736324342,0.2499,False,0.0001452925843284,-5.66335235179672e-06,0.0003115024032867,0.123,False,False,1404785,39,0.2550163,True,250.1710205078125,2225.0,1.2359807736324342,21.760221773268544,25.50163,0.2499,0.1611,0.2957,0.2383,-0.2341,-0.0458,0.4724,0.01770296815637054,False,sub-material increase,2.499,0.2499,1.452925843284e-05,426,334,106.625,-6.375,iy334_ix426,21.760221773268544,True,True,True,71,24,False
Setagaya,JP,35.64188,139.64715,940071,0.6109242,0.0305180437934495,1.5877,False,0.0001375596194314,0.0001375596194314,0.0001375596194314,0.0,True,True,940071,44,0.6109242,True,249.1000061035156,1545.0,0.0305180437934495,10.097668151213991,61.09242,1.5877,0.1807,1.4811,0.5728,0.6262,0.1066,-0.0534,0.16134579775607094,False,sub-material increase,15.876999999999999,1.5877,1.3755961943139999e-05,558,502,139.625,35.625,iy502_ix558,10.097668151213993,True,True,True,1,1,True
Sendai,JP,38.26667,140.86667,1096704,0.358443995853743,14.785992217898864,0.1848,False,0.0001260206090287,-7.861829944299652e-05,0.000362938321055,0.377,False,False,1096704,53,0.358443995853743,True,389.0,1206.0,14.785992217898864,12.49914195880178,35.8443995853743,0.1848,0.215,0.3883,0.05,0.1779,-0.2035,-0.1279,0.020852894886534322,False,sub-material increase,1.8479999999999999,0.1848,1.260206090287e-05,563,513,140.875,38.375,iy513_ix563,12.49914195880178,True,True,True,113,1,False
Bogotá,CO,4.60971,-74.08175,7674366,0.2128795999903159,0.8545052262150534,0.3176,True,0.0001202890283737,8.971757932850203e-07,0.0002612947540153,0.0969999999999999,True,False,7674366,2582,0.2128795999903159,True,354.3930969238281,1312.0,0.8545052262150534,18.026550080255937,21.28795999903159,0.3176,0.1903,-0.1879,-0.0203,-0.0326,0.5055,0.0123,0.011446037560436282,False,sub-material increase,3.176,0.3176,1.202890283737e-05,1143,378,285.875,4.625,iy378_ix1143,335.91179580190214,False,False,False,114,26,False
Luoyang,CN,34.67345,112.43684,1390581,0.09239673,10.86442359044787,1.4284,True,9.478375575265922e-05,2.8451380527695077e-05,0.000172501886557,0.0004999999999999,True,True,1390581,128,0.09239673,True,241.1519927978516,607.0,10.86442359044787,25.4490277070789,9.239673,1.4284,0.4127,0.5235,-0.9722,-1.2226,0.9049,0.2504,0.0019496602288644686,False,sub-material increase,14.283999999999999,1.4284,9.478375575265922e-06,449,498,112.375,34.625,iy498_ix449,616.9769838396239,False,False,False,115,5,True
Palembang,ID,-2.91673,104.7458,1668848,0.0647146814960711,0.3967345693141624,0.0212,True,9.042149292762258e-05,-0.0009522385945874,0.0010529707629897,0.8955,False,False,1668848,5,0.0647146814960711,True,226.7239532470703,2530.0,0.3967345693141624,10.250407505539895,6.47146814960711,0.0212,0.1755,-0.3068,-0.0895,-0.1607,0.328,0.0712,0.15078868139571713,False,sub-material increase,0.212,0.021199999999999997,9.042149292762258e-06,418,348,104.625,-2.875,iy348_ix418,28.14153616014119,False,True,True,116,24,False
Baoji,CN,34.36775,107.23705,1437802,0.2637275969052465,69.19966430151828,0.4814,False,8.616546833398013e-05,2.737423294727152e-05,0.000149496377631,0.0,True,True,1437802,567,0.2637275969052465,True,526.0692138671875,674.0,69.19966430151828,5.648410099470091,26.37275969052465,0.4814,0.1236,-0.5804,0.0864,-0.3537,1.0618,0.4401,0.005361293052894392,False,sub-material increase,4.814,0.4814,8.616546833398013e-06,428,497,107.125,34.375,iy497_ix428,1034.7345592752822,False,False,False,117,5,True
Al Başrah al Qadīmah,IQ,30.50316,47.81507,2015483,0.0807779799930052,0.106813153276903,0.0194,True,8.563931653143841e-05,-0.0006747978514863,0.0004719862410388,0.8654999999999999,False,False,2015483,7,0.0807779799930052,True,232.0545959472656,151.0,0.106813153276903,3.935100805466994,8.07779799930052,0.0194,0.1301,-0.2018,-0.2391,-0.2512,0.2212,0.0121,0.1572685462359222,False,sub-material increase,0.194,0.0194,8.563931653143842e-06,191,482,47.875,30.625,iy482_ix191,45.51758219650021,False,True,True,118,36,False
Kennedy,CO,4.6165,-74.14597,979914,0.209905099994845,3.4943160143434966,0.3176,True,6.96374397448048e-05,1.914682824359031e-06,0.0001531480798861,0.088,True,False,979914,2556,0.209905099994845,True,209.766357421875,1312.0,3.4943160143434966,25.18164934703556,20.990509999484495,0.3176,0.1903,-0.1879,-0.0203,-0.0326,0.5055,0.0123,0.0065936056848633524,False,sub-material increase,3.176,0.3176,6.963743974480481e-06,1143,378,285.875,4.625,iy378_ix1143,329.15651907751135,False,False,False,114,26,False
Basrah,IQ,30.50852,47.7804,1326564,0.0802772099999999,1.129167620355588,0.0194,True,6.284218389836227e-05,-0.0005363741804631,0.0006473403597988,0.8734999999999999,False,False,1326564,4,0.0802772099999999,True,226.5775604248047,151.0,1.129167620355588,6.029802912522257,8.02772099999999,0.0194,0.1301,-0.2018,-0.2391,-0.2512,0.2212,0.0121,0.10916928668888494,False,sub-material increase,0.194,0.0194,6.284218389836227e-06,191,482,47.875,30.625,iy482_ix191,47.03506158568831,False,True,True,118,36,False
Khulna,BD,22.80979,89.56439,1500689,0.1785707941310001,4.364080262455218,0.6085,True,6.173769196178179e-05,-3.6399457566724814e-05,0.0001682660431178,0.3640000000000001,False,False,1500689,8,0.1785707941310001,True,233.6809234619141,1848.0,4.364080262455218,28.99120641137531,17.85707941310001,0.6085,0.6495,0.0947,-0.2182,-1.0576,0.5138,0.8394,0.003025386558015194,False,sub-material increase,6.085000000000001,0.6085,6.173769196178179e-06,358,451,89.625,22.875,iy451_ix358,53.06676763173957,False,False,True,119,2,False
Xinxiang,CN,35.19033,113.80151,1047088,0.0947264799999963,8.072022583352464,2.2778,True,5.675551645155852e-05,1.8903826858062e-05,0.000102643866433,0.0,True,True,1047088,82,0.0947264799999963,True,209.1026763916016,559.0,8.072022583352464,31.997927031209127,9.47264799999963,2.2778,0.5075,1.0724,-1.8324,-1.9845,1.2054,0.1521,0.0007207940461426382,False,sub-material increase,22.778,2.2777999999999996,5.6755516451558525e-06,455,500,113.875,35.125,iy500_ix455,490.8968951241541,False,False,False,120,5,True
Jinzhong,CN,37.68403,112.75471,1226617,0.1660062000160998,19.43999389639129,0.6424,True,5.542377266519764e-05,1.0828303741720153e-05,0.0001059204786682,0.01,True,True,1226617,821,0.1660062000160998,True,337.4549865722656,411.0,19.43999389639129,20.00991202641643,16.600620001609983,0.6424,0.267,0.2519,-1.7597,-1.907,0.3905,0.1473,0.0025700084532017174,False,sub-material increase,6.4239999999999995,0.6423999999999999,5.542377266519764e-06,451,510,112.875,37.625,iy510_ix451,431.4537574610099,False,False,False,79,5,False
Sholapur,IN,17.67152,75.91044,997281,0.1578071376906078,10.727092393377632,2.7252,False,5.45804768456626e-05,1.9556750409579385e-05,9.625853792857328e-05,0.0,True,True,997281,473,0.1578071376906078,True,364.1421813964844,708.0,10.727092393377632,28.71134655604204,15.78071376906078,2.7252,0.4812,1.3689,0.527,0.0069,1.3563,0.5201,0.0005749277161406561,False,sub-material increase,27.252000000000002,2.7252,5.45804768456626e-06,303,430,75.875,17.625,iy430_ix303,285.52463806950465,False,False,False,121,2,True
Liupanshui,CN,26.59444,104.83333,1320825,0.1616298438553274,0.9918364232852924,0.0844,False,5.1777484746426405e-05,-0.0001855291584751,0.0003010308450114,0.7675000000000001,False,False,1320825,1799,0.1616298438553274,True,562.401123046875,1072.0,0.9918364232852924,10.173406163953889,16.162984385532738,0.0844,0.2899,0.6846,0.4738,0.2012,-0.6002,0.2726,0.0187493752155183,False,sub-material increase,0.8440000000000001,0.0844,5.17774847464264e-06,419,466,104.875,26.625,iy466_ix419,635.3098951453571,False,False,False,122,5,False
Petaling Jaya,MY,3.10726,101.60671,807879,0.0509691800000053,18.142977035172063,0.8591,False,4.014157512375032e-05,1.319430191007989e-05,7.036400848204903e-05,0.0,True,True,807879,45,0.0509691800000053,True,313.5376892089844,2331.0,18.142977035172063,27.05673898641926,5.09691800000053,0.8591,0.2011,0.5027,0.2356,0.0217,0.3564,0.2139,0.0013851567847111652,False,sub-material increase,8.591,0.8590999999999999,4.014157512375032e-06,406,372,101.625,3.125,iy372_ix406,27.05673898641926,False,True,True,123,37,True
Chengdu,CN,30.66667,104.06667,13568357,0.2469592000001928,8.361943999389666,0.495,False,3.854409003034229e-05,9.608372054199508e-06,7.144820214034363e-05,0.0044999999999999,True,True,13568357,499,0.2469592000001928,True,210.071044921875,931.0,8.361943999389666,28.736710454830003,24.69592000001928,0.495,0.1682,-0.1629,0.3559,0.2594,0.6579,0.0965,0.002324618149889408,False,sub-material increase,4.95,0.495,3.854409003034229e-06,416,482,104.125,30.625,iy482_ix416,1064.5134287499916,False,False,False,124,5,True
Changzhi,CN,36.18389,113.10528,1214940,0.0989742381105521,9.35378042267496,2.4451,True,3.543453867513183e-05,1.2034516440258153e-05,6.345309384537258e-05,0.0,True,True,1214940,937,0.0989742381105521,True,218.19586181640625,601.0,9.35378042267496,34.22981005080626,9.89742381105521,2.4451,0.5247,1.3804,-2.0977,-2.423,1.0647,0.3253,0.00041790962074229567,False,sub-material increase,24.451,2.4451,3.543453867513183e-06,452,504,113.125,36.125,iy504_ix452,475.26508427313445,False,False,False,125,5,True
Taizhou,CN,32.49069,119.90812,1607108,0.0583105917944863,6.042572671091818,0.1582,False,3.165049655297781e-05,-1.3803285001313947e-05,8.166913538271398e-05,0.3189999999999999,False,False,1607108,10,0.0583105917944863,True,229.90362548828125,985.0,6.042572671091818,21.407592189123765,5.83105917944863,0.1582,0.1572,0.4909,0.027,-0.3222,-0.3327,0.3492,0.006028723460362595,False,sub-material increase,1.582,0.1582,3.1650496552977808e-06,479,489,119.875,32.375,iy489_ix479,21.407592189123765,True,True,True,126,5,False
Gazipur,BD,23.99844,90.42234,2674697,0.1960511,1.6174563210498718,0.0607,True,2.933684224548129e-05,-0.0004664023227612,0.0005103280681219,0.9465,False,False,2674697,12,0.1960511,True,227.94357299804688,2121.0,1.6174563210498718,22.780264572050623,19.60511,0.0607,0.721,-0.9281,-0.5407,-1.0995,0.9888,0.5588,0.014716108937484904,False,sub-material increase,0.607,0.0607,2.933684224548129e-06,361,455,90.375,23.875,iy455_ix361,46.52544502555818,False,True,True,92,2,False
Multan,PK,30.19679,71.47824,2169915,0.1521000982379538,22.41550316624705,0.1093,True,2.747009937493442e-05,-4.53495615671783e-05,0.0001070450825594,0.591,False,False,2169915,126,0.1521000982379538,True,319.241943359375,157.0,22.41550316624705,13.936799976815438,15.210009823795382,0.1093,0.2108,-0.6966,-0.2058,-0.5363,0.8059,0.3305,0.007591485846748322,False,sub-material increase,1.093,0.1093,2.747009937493442e-06,285,480,71.375,30.125,iy480_ix285,711.8149974576893,False,False,False,127,2,False
Liaocheng,CN,36.45064,116.00247,1229768,0.0541538398080472,1.0681315327688026,1.6904,True,2.5218804814582957e-05,1.3086491701864336e-05,2.5218804814582957e-05,0.0,True,True,1229768,32,0.0541538398080472,True,202.4702911376953,588.0,1.0681315327688026,32.76515284883505,5.41538398080472,1.6904,0.4168,0.2362,-1.3836,-1.6525,1.4542,0.2689,0.0006969838850868146,False,sub-material increase,16.904,1.6904,2.521880481458296e-06,464,505,116.125,36.375,iy505_ix464,259.33351713934036,False,False,False,128,5,True
Valencia,VE,10.16153,-68.00044,1619470,0.1146405999959031,1.3427939269093372,1.6437,False,2.46839178901176e-05,1.1271279868977578e-05,2.46839178901176e-05,0.0,True,True,1619470,547,0.1146405999959031,True,256.42413330078125,1174.0,1.3427939269093372,34.51950388715642,11.46405999959031,1.6437,0.2725,3.6909,0.257,1.5241,-2.0472,-1.2671,0.0005400822544660074,False,sub-material increase,16.436999999999998,1.6436999999999997,2.46839178901176e-06,1167,400,291.875,10.125,iy400_ix1167,34.51950388715642,False,True,True,129,6,True
Kallakurichi,IN,11.73379,78.95925,1682687,0.07896554,7.858396276798658,1.7572,True,2.4281377783598855e-05,7.709834764843025e-06,4.388277053135459e-05,0.0,True,True,1682687,124,0.07896554,True,308.8377990722656,970.0,7.858396276798658,32.00793720256394,7.896554,1.7572,0.4464,0.7265,-0.2168,-0.3996,1.0307,0.1828,0.00040311158188510005,False,sub-material increase,17.572000000000003,1.7572,2.4281377783598854e-06,315,406,78.875,11.625,iy406_ix315,87.89066037773914,False,False,True,130,14,True
Heze,CN,35.23929,115.47358,1346717,0.1273150867469405,0.2594033722438666,0.9261,True,2.251571264893885e-05,1.4880687693274455e-05,2.251571264893885e-05,0.0235,True,True,1346717,53,0.1273150867469405,True,183.7837677001953,628.0,0.2594033722438666,28.87308810728661,12.73150867469405,0.9261,0.398,-0.241,-1.1119,-1.202,1.1671,0.0901,0.0026021367727783605,False,sub-material increase,9.261000000000001,0.9261,2.251571264893885e-06,461,500,115.375,35.125,iy500_ix461,339.29850504857495,False,False,False,131,5,False
Shivaji Nagar,IN,18.53017,73.85263,1000000,0.1458257,0.2899214160372594,2.5294,False,2.238555473123944e-05,2.238555473123944e-05,2.238555473123944e-05,0.0,True,True,1000000,559,0.1458257,True,414.0531311035156,686.0,0.2899214160372594,22.23207608840188,14.58257,2.5294,0.4537,1.5032,0.6182,0.1612,1.0262,0.457,0.002312920031486052,False,sub-material increase,25.293999999999997,2.5293999999999994,2.238555473123944e-06,295,434,73.875,18.625,iy434_ix295,87.23132241337882,False,False,True,83,2,True
Caracas,VE,10.48801,-66.87919,3000000,0.1730225400287133,0.0152590218967247,1.2007,False,2.042034761258471e-05,2.042034761258471e-05,2.042034761258471e-05,0.004,True,True,3000000,887,0.1730225400287133,True,258.7844543457031,1025.0,0.0152590218967247,13.53134292509169,17.30225400287133,1.2007,0.4219,2.4225,0.1849,1.7408,-1.2218,-1.5559,0.04193696841377472,False,sub-material increase,12.007000000000001,1.2007,2.042034761258471e-06,1172,401,293.125,10.375,iy401_ix1172,13.53134292509169,True,True,True,132,6,True
Baoshan,CN,25.11626,99.16366,935618,0.199426,1.2817578393225515,0.4075,False,1.8027984983073723e-05,-5.613866501711013e-06,4.415809875403149e-05,0.2455,False,False,935618,1680,0.199426,True,374.0596008300781,1085.0,1.2817578393225515,27.31000489710512,19.9426,0.4075,0.3485,-0.2487,0.0387,-0.1473,0.6562,0.186,0.0013213182569047017,False,sub-material increase,4.074999999999999,0.4074999999999999,1.8027984983073723e-06,396,460,99.125,25.125,iy460_ix396,796.5211980068258,False,False,False,133,38,False
Handan,CN,36.60999,114.48764,1358318,0.1106007000579147,3.8147554741741487,2.7657,True,1.4961671246194909e-05,5.279814060405384e-06,2.1006966030205707e-05,0.0,True,True,1358318,61,0.1106007000579147,True,222.9814910888672,561.0,3.8147554741741487,39.82701572687744,11.06007000579147,2.7657,0.5091,1.416,-2.4606,-2.8552,1.3497,0.3946,0.00015511450541682957,False,sub-material increase,27.656999999999996,2.7657,1.4961671246194908e-06,457,506,114.375,36.625,iy506_ix457,346.0794095790553,False,False,False,134,5,True
Indore,IN,22.71792,75.8333,1994397,0.0668241401186886,0.6408789196613043,2.336,False,1.4940004805608672e-05,1.4940004805608672e-05,1.4940004805608672e-05,0.0,True,True,1994397,550,0.0668241401186886,True,253.0897979736328,964.0,0.6408789196613043,32.10972620014968,6.68241401186886,2.336,0.5749,1.3918,0.8626,0.4095,0.9442,0.4531,0.0006930996580622024,False,sub-material increase,23.36,2.336,1.4940004805608672e-06,303,450,75.875,22.625,iy450_ix303,297.81357880851334,False,False,False,135,2,True
Depok,ID,-6.4,106.81861,2145400,0.2647448,11.779964904249653,0.2499,False,1.387779415677878e-05,-6.751747451740191e-07,3.0709690838986406e-05,0.1265,False,False,2145400,92,0.2647448,True,264.6269226074219,2925.0,11.779964904249653,33.02210438613376,26.47448,0.2499,0.1611,0.2957,0.2383,-0.2341,-0.0458,0.4724,0.0016635305155515037,False,sub-material increase,2.499,0.2499,1.387779415677878e-06,427,334,106.875,-6.375,iy334_ix427,33.02210438613376,False,True,True,71,24,False
Kolwezi,CD,-10.71484,25.46674,790248,0.0596853308455603,30.991073472190465,0.5986,False,1.3818388655759344e-05,-4.482444750276959e-06,3.4034170878670785e-05,0.258,False,False,790248,1485,0.0596853308455603,True,369.0949096679688,1274.0,30.991073472190465,24.34280768624897,5.96853308455603,0.5986,0.5338,0.341,0.6004,0.4379,0.2576,0.1625,0.0006868235540204824,False,sub-material increase,5.986000000000001,0.5986,1.3818388655759344e-06,101,317,25.375,-10.625,iy317_ix101,1269.0727215475165,False,False,False,136,39,False
Taichung,TW,24.1469,120.6839,2850285,0.5903575,2.3651483939879654,0.0511,False,1.254850314375e-05,-2.823964905314729e-05,5.458721124056537e-05,0.6395,False,False,2850285,91,0.5903575,True,443.689697265625,2072.0,2.3651483939879654,21.470808951212064,59.03575,0.0511,0.1175,1.9068,0.1749,0.6934,-1.8557,-0.5185,0.007423328168232321,False,sub-material increase,0.511,0.0511,1.2548503143750001e-06,482,456,120.625,24.125,iy456_ix482,21.470808951212064,True,True,True,137,8,False
Pune,IN,18.51957,73.85535,3124458,0.1458257,0.1678492408636884,2.5294,False,1.1486070368725823e-05,1.1486070368725823e-05,1.1486070368725823e-05,0.0,True,True,3124458,554,0.1458257,True,407.9278259277344,686.0,0.1678492408636884,22.971530526555007,14.58257,2.5294,0.4537,1.5032,0.6182,0.1612,1.0262,0.457,0.0020534839194700965,False,sub-material increase,25.293999999999997,2.5293999999999994,1.1486070368725824e-06,295,434,73.875,18.625,iy434_ix295,87.12687933483328,False,False,True,83,2,True
Aurangabad,IN,19.87757,75.34226,1175116,0.0945352192163259,9.796292057679125,2.7271,False,8.714882584437593e-06,3.096644419045499e-06,1.5308654333125667e-05,0.0,True,True,1175116,588,0.0945352192163259,True,415.62115478515625,726.0,9.796292057679125,35.78221898546021,9.453521921632593,2.7271,0.4656,1.8924,0.7507,0.4848,0.8347,0.2659,9.16834520767329e-05,False,sub-material increase,27.271,2.7271,8.714882584437593e-07,301,439,75.375,19.875,iy439_ix301,251.1846991872624,False,False,False,138,2,True
Shenyang,CN,41.79222,123.43278,7050000,0.0998792262887538,1.3275349050126124,1.7943,True,7.412707708519327e-06,3.896806972735612e-06,7.412707708519327e-06,0.0,True,True,7050000,53,0.0998792262887538,True,251.6791534423828,673.0,1.3275349050126124,38.95666934077452,9.98792262887538,1.7943,0.2098,-0.6103,-0.2566,-0.6853,2.4046,0.4287,0.00016403117091760456,False,sub-material increase,17.943,1.7943,7.412707708519327e-07,493,527,123.375,41.875,iy527_ix493,157.65934466317145,False,False,False,139,5,True
Kuala Lumpur,MY,3.1412,101.68653,1453975,0.0504047260380783,1.7395284962234427,0.8591,False,7.280506355712159e-06,2.469142439068733e-06,1.3017520717775924e-05,0.0,True,True,1453975,56,0.0504047260380783,True,369.849609375,2309.0,1.7395284962234427,36.42053579388946,5.04047260380783,0.8591,0.2011,0.5027,0.2356,0.0217,0.3564,0.2139,0.0002509336037781066,False,sub-material increase,8.591,0.8590999999999999,7.28050635571216e-07,406,372,101.625,3.125,iy372_ix406,36.42053579388946,False,True,True,123,37,True
Blantyre,MW,-15.78499,35.00854,902588,0.1351129930442335,4.104676890211351,0.1713,False,6.680133844755168e-06,-1.5906286748168853e-05,3.1573808699378185e-05,0.69,False,False,902588,1041,0.1351129930442335,True,327.522216796875,1111.0,4.104676890211351,28.12492530203392,13.51129930442335,0.1713,0.4274,0.1847,0.1254,-0.0578,-0.0134,0.1832,0.0011691096561136003,False,sub-material increase,1.713,0.17129999999999998,6.680133844755168e-07,140,296,35.125,-15.875,iy296_ix140,303.04356251416164,False,False,False,140,40,False
Xuchang,CN,34.03189,113.86299,1265536,0.0894938719935299,4.058899824521291,1.526,True,3.616357162117631e-06,1.0736648918023115e-06,6.577038676394808e-06,0.0004999999999999,True,True,1265536,71,0.0894938719935299,True,210.1138610839844,710.0,4.058899824521291,44.30804607910388,8.94938719935299,1.526,0.4443,0.7163,-1.0587,-1.2052,0.8097,0.1465,6.937819780327166e-05,False,sub-material increase,15.26,1.5259999999999998,3.616357162117631e-07,455,496,113.875,34.125,iy496_ix455,494.84792200268777,False,False,False,141,5,True
Anshan,CN,41.12361,122.99,1450000,0.1456538782815366,0.1983672846570812,1.7737,True,2.976771155298167e-06,2.976771155298167e-06,2.976771155298167e-06,0.0,True,True,1450000,55,0.1456538782815366,True,236.4249267578125,690.0,0.1983672846570812,35.47408126492566,14.56538782815366,1.7737,0.2203,-0.512,-0.2965,-0.7517,2.2857,0.4552,0.0004493579955278099,False,sub-material increase,17.737000000000002,1.7737000000000003,2.976771155298167e-07,491,524,122.875,41.125,iy524_ix491,84.10070435927862,False,False,True,142,5,True
Lubumbashi,CD,-11.66089,27.47938,2221925,0.1269135000001872,43.121995880064105,0.5065,False,2.839621737117903e-06,-2.055881142380865e-06,8.265659299909714e-06,0.4225000000000001,False,False,2221925,1260,0.1269135000001872,True,223.46115112304688,1135.0,43.121995880064105,34.81068401711484,12.69135000001872,0.5065,0.6184,0.7877,0.6777,0.589,-0.2812,0.0887,0.00016697171670204886,False,sub-material increase,5.0649999999999995,0.5065,2.839621737117903e-07,109,313,27.375,-11.625,iy313_ix109,1161.2489478591997,False,False,False,143,39,False
Addis Ababa,ET,9.02497,38.74689,3860000,0.0987208442743054,16.52552071412225,2.3129,False,2.8194569339276605e-06,1.0492545368157678e-06,4.871783681492349e-06,0.0,True,True,3860000,2405,0.0987208442743054,True,459.8425598144531,1130.0,16.52552071412225,39.539854059055386,9.87208442743054,2.3129,0.3324,1.5916,0.9902,0.5382,0.7213,0.452,3.5216725296544107e-05,False,sub-material increase,23.128999999999998,2.3128999999999995,2.8194569339276605e-07,154,396,38.625,9.125,iy396_ix154,498.0211856494833,False,False,False,144,41,True
Comilla,BD,23.46186,91.18503,1030000,0.2488164092290879,3.0518043793393304,0.5728,True,2.6682216159197027e-06,-2.120612320383724e-06,8.002515629297542e-06,0.439,False,False,1030000,17,0.2488164092290879,True,228.96910095214844,2233.0,3.0518043793393304,45.97290692276194,24.88164092290879,0.5728,0.7214,0.2794,-0.2955,-0.8127,0.2934,0.5172,0.00013857583335109112,False,sub-material increase,5.728,0.5728,2.6682216159197026e-07,364,453,91.125,23.375,iy453_ix364,48.10705982815465,False,True,True,145,2,False
Jerusalem,IL,31.76904,35.21633,971800,0.2469425443693514,29.907682917525,0.2634,True,1.707265361990725e-06,3.38023119115846e-07,3.1575186939809707e-06,0.0135,True,True,971800,786,0.2469425443693514,True,456.1331481933594,383.0,29.907682917524998,28.666171782012192,24.69425443693514,0.2634,0.1041,0.4559,-0.2683,-0.1116,-0.1925,-0.1567,0.00019382951787741225,False,sub-material increase,2.6340000000000003,0.2634,1.7072653619907252e-07,140,487,35.125,31.875,iy487_ix140,51.78209512729797,False,False,True,146,28,False
Pyongyang,KP,39.03385,125.75432,3222000,0.1516701309305629,29.480430304417496,1.418,True,1.532334130254123e-06,5.846690779227911e-07,2.617020214579421e-06,0.0,True,True,3222000,43,0.1516701309305629,True,615.4934692382812,1062.0,29.480430304417496,35.74982510574854,15.167013093056289,1.418,0.1991,-0.3421,-0.1571,-0.5259,1.7601,0.3688,3.1692283420142506e-05,False,sub-material increase,14.18,1.418,1.532334130254123e-07,503,516,125.875,39.125,iy516_ix503,35.74982510574854,False,True,True,147,1,True
Kyoto,JP,35.02107,135.75385,1463723,0.3363467999654756,1.022354467078685,0.664,False,8.994660704178545e-07,3.099619194728326e-07,1.3932253853739571e-06,0.0,True,True,1463723,50,0.3363467999654756,True,328.29998779296875,1690.0,1.022354467078685,48.01917459566171,33.63467999654756,0.664,0.1381,0.9277,0.3077,0.2142,-0.2637,0.0935,4.023278565693553e-05,False,sub-material increase,6.640000000000001,0.6639999999999999,8.994660704178544e-08,543,500,135.875,35.125,iy500_ix543,48.01917459566171,False,True,True,148,1,True
Malang,ID,-7.9797,112.6304,847182,0.2511457000002879,0.5798428320745188,0.2774,False,8.776195985724528e-07,-4.286829669709554e-07,1.843749421766088e-06,0.3165,False,False,847182,452,0.2511457000002879,True,299.45806884765625,2857.0,0.5798428320745188,47.38555879812772,25.11457000002879,0.2774,0.2805,0.8793,0.4229,0.3185,-0.6019,0.1044,9.457789772597152e-05,False,sub-material increase,2.774,0.2774,8.776195985724528e-08,450,328,112.625,-7.875,iy328_ix450,47.38555879812772,False,True,True,149,19,False
Medellín,CO,6.245,-75.57151,1999979,0.1971214240095512,0.0152590218967247,0.5965,True,8.566869730858729e-07,8.566869730858729e-07,8.566869730858729e-07,0.0095,True,True,1999979,1528,0.1971214240095512,True,323.5350341796875,2467.0,0.0152590218967247,31.294794897603676,19.71214240095512,0.5965,0.2403,-0.0835,-0.0576,-0.2965,0.68,0.2389,0.001688399230008528,False,sub-material increase,5.965,0.5965,8.56686973085873e-08,1137,384,284.375,6.125,iy384_ix1137,192.08227692961106,False,False,False,150,26,False
Damascus,SY,33.5102,36.29128,1569394,0.1947431999999904,0.6561379415579722,0.1822,True,6.73029755562284e-07,-6.858677208543415e-08,1.5263009740733853e-06,0.1525,False,False,1569394,701,0.1947431999999904,True,267.14776611328125,383.0,0.6561379415579722,40.74972040179098,19.47431999999904,0.1822,0.1272,0.6442,-0.2378,-0.0353,-0.462,-0.2025,0.00011060425483334106,False,sub-material increase,1.822,0.1822,6.73029755562284e-08,145,494,36.375,33.625,iy494_ix145,79.94365419131245,False,False,True,151,28,False
Gwangju,KR,35.15472,126.91556,1401235,0.1201671,0.3356984817273769,0.3956,False,6.674624721634217e-07,2.2547002244670323e-07,6.674624721634217e-07,0.0009999999999998,True,True,1401235,47,0.1201671,True,404.3482055664063,1350.0,0.3356984817273769,41.7209189048076,12.01671,0.3956,0.1222,0.1464,0.0715,0.0856,0.2492,-0.0141,5.93785546995185e-05,False,sub-material increase,3.956,0.39559999999999995,6.674624721634217e-08,507,500,126.875,35.125,iy500_ix507,41.720918904807604,False,True,True,152,1,True
Amman,JO,31.95522,35.94503,1275857,0.1517072145721601,2.105745021744156,0.2634,True,6.400844697075083e-07,1.4208049177877262e-07,1.2055758735370843e-06,0.0129999999999999,True,True,1275857,757,0.1517072145721601,True,422.46490478515625,325.0,2.105745021744156,37.72202782183565,15.170721457216011,0.2634,0.1041,0.3532,-0.2683,-0.1142,-0.0898,-0.1541,7.266128652353663e-05,False,sub-material increase,2.6340000000000003,0.2634,6.400844697075083e-08,143,487,35.875,31.875,iy487_ix143,110.39010852218888,False,False,False,153,28,False
Puning,CN,23.31072,116.16869,874954,0.0537996565096425,0.6256198977645795,0.0714,False,6.155005010132267e-07,-2.5165490213427013e-06,3.80580650850266e-06,0.7789999999999999,False,False,874954,12,0.0537996565096425,True,328.3429870605469,1590.0,0.6256198977645795,35.778460739919204,5.37996565096425,0.0714,0.2671,-0.0265,0.364,0.3957,0.0979,-0.0317,0.00025863194979166713,False,sub-material increase,0.7140000000000001,0.0714,6.155005010132268e-08,464,453,116.125,23.375,iy453_ix464,35.778460739919204,False,True,True,154,8,False
Qingyang,CN,35.70976,107.64455,2125400,0.0669624900083473,93.69039444571604,0.2095,True,5.39952270602856e-07,-3.568037880193735e-08,1.1492777003394965e-06,0.1305,False,False,2125400,1427,0.0669624900083473,True,293.6593017578125,551.0,93.69039444571604,25.244481686979565,6.6962490008347295,0.2095,0.1358,-0.443,-0.2704,-0.5282,0.6525,0.2578,7.713386080048027e-05,False,sub-material increase,2.0949999999999998,0.20949999999999996,5.39952270602856e-08,430,502,107.625,35.625,iy502_ix430,934.3796964195916,False,False,False,155,5,False
Salem,IN,11.65376,78.15538,917414,0.08556316,0.1525902189670205,2.2328,True,4.997142860270237e-07,4.997142860270237e-07,4.997142860270237e-07,0.0,True,True,917414,283,0.08556316,True,280.0541687011719,875.0,0.1525902189670205,40.93274648833618,8.556316,2.2328,0.4383,0.8572,-0.0817,-0.3383,1.3756,0.2566,9.810469988748985e-05,False,sub-material increase,22.328000000000003,2.2328,4.997142860270237e-08,312,406,78.125,11.625,iy406_ix312,170.43110632736185,False,False,False,156,14,True
Kunming,CN,25.03889,102.71833,3855346,0.2247326999966429,0.3204394598306521,0.1242,False,3.356685715909279e-07,-9.62276305586635e-07,8.68871601920486e-07,0.7264999999999999,False,False,3855346,1895,0.2247326999966429,True,233.0612030029297,928.0,0.3204394598306521,45.263394465658926,22.47326999966429,0.1242,0.3346,0.4846,0.2315,0.0657,-0.3604,0.1658,8.099939513921492e-05,False,sub-material increase,1.242,0.1242,3.3566857159092795e-08,410,460,102.625,25.125,iy460_ix410,600.66718299245,False,False,False,157,5,False
Tiruppur,IN,11.11541,77.35456,963173,0.0790061099999997,6.439307240405924,1.306,True,3.315665642735338e-07,9.981095702207494e-08,5.967254161289375e-07,0.0,True,True,963173,305,0.0790061099999997,True,364.5045471191406,589.0,6.439307240405924,49.11430994792621,7.90061099999997,1.306,0.3668,-0.0075,-0.0828,-0.6834,1.3135,0.6006,7.4594840108496915e-06,False,sub-material increase,13.06,1.3059999999999998,3.315665642735338e-08,309,404,77.375,11.125,iy404_ix309,155.95909386398398,False,False,False,158,14,True
Fushun,CN,41.88669,123.94363,1400646,0.0714560299394532,0.4730296787976158,1.9705,True,2.6350394759514496e-07,2.6350394759514496e-07,2.6350394759514496e-07,0.0,True,True,1400646,85,0.0714560299394532,True,305.089599609375,718.0,0.4730296787976158,48.02573761554028,7.14560299394532,1.9705,0.2089,-0.2652,-0.2171,-0.5891,2.2357,0.372,1.6597277522305454e-05,False,sub-material increase,19.705,1.9704999999999997,2.6350394759514496e-08,495,527,123.875,41.875,iy527_ix495,198.94726762481594,False,False,False,139,5,True
Meishan,CN,30.04392,103.83696,1107742,0.3372052999999958,9.704737926298948,0.7209,False,2.3526340848704938e-07,7.163183756303862e-08,4.320314027484881e-07,0.0004999999999999,True,True,1107742,423,0.3372052999999958,True,266.9643859863281,1298.0,9.704737926298948,54.449201404115385,33.720529999999584,0.7209,0.1985,0.005,0.4584,0.4035,0.7159,0.0549,9.68313919586411e-06,False,sub-material increase,7.209,0.7209,2.3526340848704938e-08,415,480,103.875,30.125,iy480_ix415,1012.6734407295625,False,False,False,159,5,True
Tangshan,CN,39.64381,118.18319,3372102,0.3162972999999999,0.2288853284504739,0.9489,True,1.5904333389553664e-07,1.5904333389553664e-07,1.5904333389553664e-07,0.0,True,True,3372102,7,0.3162972999999999,True,319.5663452148437,621.0,0.2288853284504739,48.69996845772576,31.629729999999988,0.9489,0.1525,-0.6359,-0.307,-0.6676,1.5848,0.3606,2.0787691234791498e-05,False,sub-material increase,9.488999999999999,0.9488999999999999,1.5904333389553664e-08,472,518,118.125,39.625,iy518_ix472,48.69996845772576,False,True,True,160,5,True
Weifang,CN,36.71,119.10194,2044028,0.0536312100003509,0.2441443503471987,1.4478,True,1.348122234628772e-07,1.348122234628772e-07,1.348122234628772e-07,0.0,True,True,2044028,30,0.0536312100003509,True,227.6941070556641,691.0,0.2441443503471987,50.28162268134629,5.36312100003509,1.4478,0.2976,-0.3455,-0.6932,-1.1293,1.7933,0.4361,1.651501549718634e-05,False,sub-material increase,14.478,1.4477999999999998,1.3481222346287722e-08,476,506,119.125,36.625,iy506_ix476,50.28162268134629,False,False,True,161,5,True
Soweto,ZA,-26.26781,27.85849,1695047,0.108932,47.48607614251927,0.8554,False,1.1792560651695025e-07,4.019079591783912e-08,2.0570514855870437e-07,0.0,True,True,1695047,1632,0.108932,True,395.2037963867188,701.0,47.48607614251927,45.4579183309256,10.8932,0.8554,0.1942,1.0064,0.0664,0.0057,-0.151,0.0607,4.0812799005565885e-06,False,sub-material increase,8.554,0.8554,1.1792560651695025e-08,111,254,27.875,-26.375,iy254_ix111,462.1145248631636,False,False,False,162,42,True
Lucknow,IN,26.83928,80.92313,2472011,0.092923407530698,1.0986495765621953,1.095,True,9.315278130211076e-08,1.4893206708783154e-08,9.346896860413581e-08,0.0289999999999999,True,True,2472011,126,0.092923407530698,True,235.35450744628903,993.0,1.0986495765621953,60.69847212010058,9.2923407530698,1.095,0.4918,0.0416,-0.6466,-0.757,1.0534,0.1104,2.5083988654345876e-06,False,sub-material increase,10.95,1.0949999999999998,9.315278130211076e-09,323,467,80.875,26.875,iy467_ix323,859.4712402841412,False,False,False,163,2,False
Xining,CN,36.62554,101.75739,1677177,0.1094059,27.60357061112387,0.6531,False,6.044792135420331e-08,2.0045646660558372e-08,1.0632543071983912e-07,0.0004999999999999,True,True,1677177,2275,0.1094059,True,415.0482177734375,397.0,27.60357061112387,49.35382130959234,10.94059,0.6531,0.1544,-0.6862,0.248,0.0173,1.3393,0.2307,2.7493342803258933e-06,False,sub-material increase,6.531000000000001,0.6531,6.044792135420331e-09,407,506,101.875,36.625,iy506_ix407,1406.081511747256,False,False,False,164,5,True
Daejeon,KR,36.34913,127.38493,1441203,0.1340866,15.53368429083696,0.59,True,6.005393629582567e-08,1.4050030416033321e-08,1.0555903554456245e-07,0.0044999999999999,True,True,1441203,58,0.1340866,True,315.70611572265625,1302.0,15.53368429083696,56.11089282215968,13.40866,0.59,0.2063,-0.3657,-0.2189,-0.2104,0.9557,-0.0085,3.026727325143254e-06,False,sub-material increase,5.8999999999999995,0.59,6.005393629582567e-09,509,505,127.375,36.375,iy505_ix509,56.11089282215968,False,False,True,165,1,True
Dodoma,TZ,-6.17221,35.73947,765179,0.189315614930807,44.876783398184216,2.8545,False,5.6511767885969806e-08,2.1313259787174363e-08,9.743680761301445e-08,0.0,True,True,765179,1125,0.189315614930807,True,299.6851806640625,583.0,44.876783398184216,58.66457806656322,18.9315614930807,2.8545,0.3656,2.9428,1.2375,0.6851,-0.0883,0.5524,5.667095039637116e-07,False,sub-material increase,28.544999999999998,2.8545,5.651176788596981e-09,142,335,35.625,-6.125,iy335_ix142,336.3178675255801,False,False,False,166,43,True
Gwalior,IN,26.22983,78.17337,1054420,0.0816219629180576,44.38849469748993,1.1912,True,4.8166977239862135e-08,1.0535698401449972e-08,9.030520670976156e-08,0.0084999999999999,True,True,1054420,220,0.0816219629180576,True,430.6668395996094,915.0,44.38849469748993,51.2505965193506,8.16219629180576,1.1912,0.4587,0.5389,-0.2439,-0.7231,0.6523,0.4792,1.190361765577402e-06,False,sub-material increase,11.912,1.1912,4.8166977239862135e-09,312,464,78.125,26.125,iy464_ix312,690.9815334610046,False,False,False,167,2,True
Johannesburg,ZA,-26.20227,28.04363,9418183,0.1584781514039589,70.71030746929125,0.8554,False,1.8602399924541268e-08,6.2453812007353724e-09,3.2311783951533915e-08,0.0,True,True,9418183,1767,0.1584781514039589,True,355.59576416015625,720.0,70.71030746929125,52.32961775105311,15.847815140395891,0.8554,0.1942,1.0488,0.0664,0.0326,-0.1934,0.0338,6.438070122101373e-07,False,sub-material increase,8.554,0.8554,1.8602399924541267e-09,112,255,28.125,-26.125,iy255_ix112,443.34541406735605,False,False,False,162,42,True
Zarqa,JO,32.07275,36.08796,792665,0.1103541999999981,50.58365758754866,0.2634,True,1.5409152664978725e-08,3.309658655774288e-09,2.856355898794109e-08,0.0109999999999998,True,True,792665,625,0.1103541999999981,True,292.1699523925781,221.0,50.58365758754866,50.65887089580094,11.03541999999981,0.2634,0.1041,0.2769,-0.2683,-0.2184,-0.0135,-0.0499,1.749095335924001e-06,False,sub-material increase,2.6340000000000003,0.2634,1.5409152664978725e-09,144,488,36.125,32.125,iy488_ix144,119.92374866291128,False,False,False,153,28,False
Sanhe,CN,39.98049,117.06887,965075,0.1181934999923526,12.481879911497684,1.0174,True,1.2834426076257588e-08,4.801340883648031e-09,2.25221151904398e-08,0.0,True,True,965075,24,0.1181934999923526,True,218.5737762451172,541.0,12.481879911497684,68.0306212679399,11.81934999923526,1.0174,0.1692,-0.5969,-0.4242,-0.945,1.6143,0.5208,3.7244578235370537e-07,False,sub-material increase,10.174000000000001,1.0174,1.283442607625759e-09,468,519,117.125,39.875,iy519_ix468,111.39024236037567,False,False,False,168,5,True
Rājkot,IN,22.29161,70.79322,1390640,0.1954547999956735,4.287785152971708,1.2249,False,8.910568479958237e-09,2.5502881980087134e-09,1.6517173464236514e-08,0.0029999999999998,True,True,1390640,140,0.1954547999956735,True,312.34197998046875,607.0,4.287785152971708,69.71446055523188,19.54547999956735,1.2249,0.3701,0.0009,0.0648,-0.2018,1.224,0.2666,2.140293235596366e-07,False,sub-material increase,12.249,1.2248999999999999,8.910568479958237e-10,283,449,70.875,22.375,iy449_ix283,69.71446055523188,False,False,True,169,2,True
Bandung,ID,-6.92222,107.60694,2444160,0.2817743936394322,0.9002822919051141,0.1929,False,7.836513003651931e-09,1.4749793502180374e-10,1.6997754705064748e-08,0.0889999999999999,True,False,2444160,714,0.2817743936394322,True,294.5260925292969,2273.0,0.9002822919051141,67.33540343947566,28.17743936394322,0.1929,0.1155,0.3897,0.2068,-0.0736,-0.1968,0.2804,1.2160496912106169e-06,False,sub-material increase,1.9289999999999998,0.19289999999999996,7.836513003651931e-10,430,332,107.625,-6.875,iy332_ix430,67.33540343947566,False,False,True,170,24,False
Zhaotong,CN,27.31667,103.71667,787845,0.3048376300465372,0.0152590218967247,0.3715,False,7.738392314048773e-09,-2.9846304062414846e-08,7.738392314048773e-09,0.1855,False,False,787845,1974,0.3048376300465372,True,305.1794738769531,882.0,0.0152590218967247,51.307922653639714,30.48376300465372,0.3715,0.2847,0.8705,0.4137,0.004,-0.499,0.4097,1.5225658574540946e-05,False,sub-material increase,3.715,0.37149999999999994,7.738392314048773e-10,414,469,103.625,27.375,iy469_ix414,760.3469068602933,False,False,False,171,5,False
Ashgabat,TM,37.95,58.38333,1030063,0.2575801691258474,12.298771648737327,1.2063,False,6.8795958355776e-09,2.673858275565346e-09,1.1681407278896481e-08,0.0,True,True,1030063,219,0.2575801691258474,True,283.0121154785156,245.0,12.298771648737327,70.01556202069145,25.75801691258474,1.2063,0.1459,1.4772,0.4055,0.3198,-0.2709,0.0857,1.678461876942227e-07,False,sub-material increase,12.062999999999999,1.2062999999999997,6.8795958355776e-10,233,511,58.375,37.875,iy511_ix233,396.7089183539128,False,False,False,172,44,True
Mianyang,CN,31.46784,104.68168,1550000,0.2671537664423017,0.4882887006943406,0.4989,False,4.477183212607225e-09,1.0480985656544922e-09,4.477183212607225e-09,0.0075,True,True,1550000,471,0.2671537664423017,True,382.3655395507813,951.0,0.4882887006943406,68.66857540647992,26.71537664423017,0.4989,0.182,-0.0452,0.4124,0.4614,0.5441,-0.049,2.731168392827404e-07,False,sub-material increase,4.989,0.49889999999999995,4.477183212607225e-10,418,485,104.625,31.375,iy485_ix418,1123.7655469235544,False,False,False,173,5,True
Dhanbad,IN,23.79759,86.42992,1196214,0.1588235880529,16.006713969634575,0.6117,True,2.6695712131150403e-09,-7.490940017832946e-10,6.875465776671108e-09,0.2524999999999999,False,False,1196214,247,0.1588235880529,True,401.5318908691406,1171.0,16.006713969634575,69.05409564434167,15.88235880529,0.6117,0.5571,-0.1191,-0.4382,-0.5866,0.7308,0.1484,1.297263327667773e-07,False,sub-material increase,6.117,0.6117,2.6695712131150403e-10,345,455,86.375,23.875,iy455_ix345,214.72790536227376,False,False,False,174,2,False
Ahmedabad,IN,23.02579,72.58727,6357693,0.0785870407568552,16.14404516670487,1.128,False,2.659089633979322e-09,6.02484860461415e-10,4.968097169876147e-09,0.0055,True,True,6357693,56,0.0785870407568552,True,272.7284545898437,759.0,16.14404516670487,73.45552146818392,7.85870407568552,1.128,0.4117,0.0384,0.0562,0.1817,1.0896,-0.1255,6.94700437295348e-08,False,sub-material increase,11.28,1.128,2.659089633979322e-10,290,452,72.625,23.125,iy452_ix290,75.82895104636196,False,False,True,175,2,True
Hubballi,IN,15.34776,75.13378,943788,0.0547479081197656,1.37331197070273,2.2387,False,1.7955698116368267e-09,1.0197903201284428e-09,1.7955698116368267e-09,0.0,True,True,943788,620,0.0547479081197656,True,464.9909057617188,939.0,1.37331197070273,73.64393719685143,5.474790811976559,2.2387,0.4462,0.98,0.3372,-0.0502,1.2587,0.3874,3.837254522836757e-08,False,sub-material increase,22.387,2.2387,1.7955698116368266e-10,300,421,75.125,15.375,iy421_ix300,109.77450207173487,False,False,False,176,2,True
Xingtai,CN,37.06217,114.49272,798770,0.1481206,5.004959182116465,2.0652,True,8.13152979229807e-10,2.920709015774834e-10,1.4154820797774927e-09,0.0,True,True,798770,71,0.1481206,True,230.07064819335935,551.0,5.004959182116465,86.12211140604973,14.81206,2.0652,0.3701,0.7031,-2.005,-2.3825,1.3621,0.3775,1.1422123878863439e-08,False,sub-material increase,20.652,2.0652,8.13152979229807e-11,457,508,114.375,37.125,iy508_ix457,318.74071657592424,False,False,False,177,5,True
Suzhou,CN,33.63611,116.97889,1647642,0.0637811998549458,8.6366063935302,0.1665,True,1.9809157802246186e-10,-2.5770553090049097e-10,6.734651486183712e-10,0.5465,False,False,1647642,34,0.0637811998549458,True,210.9528961181641,710.0,8.6366063935302,79.85345813219351,6.378119985494581,0.1665,0.2762,-0.3377,-0.5656,-0.6892,0.5042,0.1236,3.562895113755546e-08,False,sub-material increase,1.665,0.1665,1.9809157802246185e-11,467,494,116.875,33.625,iy494_ix467,236.49562303537382,False,False,False,178,5,False
Nairobi,KE,-1.28333,36.81667,4397073,0.0624027300000072,0.106813153276903,1.1129,False,1.6194035317150484e-10,1.6194035317150484e-10,1.6194035317150484e-10,0.0,True,True,4397073,1684,0.0624027300000072,True,394.0188293457031,1008.0,0.106813153276903,74.96640039668605,6.24027300000072,1.1129,0.2553,0.67,0.735,0.4391,0.4429,0.2959,4.544787030866318e-08,False,sub-material increase,11.129,1.1129,1.6194035317150483e-11,147,354,36.875,-1.375,iy354_ix147,407.8272955904459,False,False,False,179,45,True
Coimbatore,IN,11.00555,76.96612,2136916,0.0912118499914439,2.2125581750210017,1.76,False,1.4726694366623784e-10,4.9425487201716965e-11,1.865502460709049e-10,0.0,True,True,2136916,425,0.0912118499914439,True,322.4190979003906,966.0,2.2125581750210017,91.243074911898,9.12118499914439,1.76,0.3868,-0.5332,0.072,-1.2381,2.2932,1.3101,2.4398304841092003e-09,False,sub-material increase,17.6,1.76,1.4726694366623784e-11,307,404,76.875,11.125,iy404_ix307,113.74386777274137,False,False,False,158,14,True
Nanyang,CN,33.00524,112.54659,1811812,0.066139472892516,0.3509575036240449,0.1323,True,1.4083278971349363e-10,-1.5509417483272608e-10,3.7495720530250695e-10,0.5225,False,False,1811812,126,0.066139472892516,True,212.85964965820312,879.0,0.3509575036240449,82.15549548699089,6.6139472892516,0.1323,0.2049,-0.6995,-0.0381,-0.1157,0.8318,0.0776,3.189647612198668e-08,False,sub-material increase,1.323,0.13229999999999997,1.4083278971349363e-11,450,492,112.625,33.125,iy492_ix450,642.3514153919201,False,False,False,180,5,False
Suqian,CN,33.94917,118.29583,1437685,0.0827449899982909,5.844205386434737,0.2545,True,1.2165583482653268e-10,-7.789419009070889e-12,2.760051491423e-10,0.1334999999999999,False,False,1437685,23,0.0827449899982909,True,279.94952392578125,754.0,5.844205386434737,82.64939249859692,8.27449899982909,0.2545,0.168,-0.0163,-0.2478,-0.3585,0.2708,0.1107,1.4294183051919223e-08,False,sub-material increase,2.545,0.2545,1.2165583482653268e-11,473,495,118.375,33.875,iy495_ix473,118.68814023414707,False,False,False,181,5,False
Zaozhuang,CN,34.86472,117.55417,899753,0.0514844965701924,7.904173342488775,0.5173,True,6.208339533298919e-11,4.138151729356894e-12,1.283391950671215e-10,0.0669999999999999,True,True,899753,79,0.0514844965701924,True,253.9835968017578,717.0,7.904173342488775,89.10527496928707,5.14844965701924,0.5173,0.286,-0.575,-0.5554,-0.7125,1.0923,0.1571,3.5730803496813373e-09,False,sub-material increase,5.173,0.5173,6.208339533298919e-12,470,499,117.625,34.875,iy499_ix470,149.13653569614857,False,False,False,182,5,False
Bijie,CN,27.30193,105.28627,1137383,0.1369299999813432,0.0152590218967247,0.0892,False,5.496625048199433e-11,-1.065696451260294e-09,5.496625048199433e-11,0.7509999999999999,False,False,1137383,1471,0.1369299999813432,True,416.3954162597656,1039.0,0.0152590218967247,71.60428136551405,13.69299999813432,0.0892,0.2713,0.3542,0.6063,0.1637,-0.265,0.4426,1.0814710223536957e-07,False,sub-material increase,0.892,0.0892,5.496625048199433e-12,421,469,105.375,27.375,iy469_ix421,677.3198653142549,False,False,False,183,5,False
Madurai,IN,9.919,78.11953,1465625,0.0518413650634364,12.314030670634054,0.863,True,2.7362822284118792e-11,5.401651876001717e-12,5.314701728864284e-11,0.018,True,True,1465625,139,0.0518413650634364,True,229.16986083984372,879.0,12.314030670634054,96.29667618826151,5.18413650634364,0.863,0.3572,-0.0768,-0.2324,-0.0437,0.9398,-0.1887,9.385351897581616e-10,False,sub-material increase,8.629999999999999,0.8629999999999999,2.736282228411879e-12,312,399,78.125,9.875,iy399_ix312,96.29667618826151,False,False,True,184,14,False
Baoding,CN,38.87288,115.46246,2739887,0.1072925044906819,10.040436408026268,0.7306,True,2.4875028401400063e-11,8.673928572200365e-12,4.321537689269801e-11,0.0,True,True,2739887,15,0.1072925044906819,True,201.0353240966797,507.0,10.040436408026268,97.73415394827522,10.72925044906819,0.7306,0.1554,-1.1708,-0.7242,-1.2519,1.9014,0.5277,1.0100572790042162e-09,False,sub-material increase,7.306,0.7305999999999999,2.4875028401400064e-12,461,515,115.375,38.875,iy515_ix461,182.62820665629627,False,False,False,185,5,True
Pekanbaru,ID,0.51667,101.44167,1085000,0.1002372737678649,0.6256198977645795,0.389,False,2.2480577588317292e-11,6.600422360437899e-12,3.629812847984543e-11,0.0009999999999998,True,True,1085000,19,0.1002372737678649,True,203.2120513916016,2707.0,0.6256198977645795,102.23814659471654,10.02372737678649,0.389,0.1169,-0.0037,0.0908,0.2015,0.3927,-0.1107,1.7242400740950322e-09,False,sub-material increase,3.89,0.389,2.2480577588317294e-12,405,362,101.375,0.625,iy362_ix405,102.23814659471654,False,False,False,186,37,True
Shangqiu,CN,34.4143,115.65613,1859723,0.0612330999999998,0.4730296787976158,0.9261,True,1.0846740032236544e-11,4.076048185910191e-12,1.0846740032236544e-11,0.016,True,True,1859723,52,0.0612330999999998,True,205.05328369140625,718.0,0.4730296787976158,100.64752208277586,6.12330999999998,0.9261,0.398,-0.0293,-1.1119,-1.2143,0.9554,0.1024,6.831902174909475e-10,False,sub-material increase,9.261000000000001,0.9261,1.0846740032236545e-12,462,497,115.625,34.375,iy497_ix462,325.35535764989703,False,False,False,187,5,False
Kigali,RW,-1.94995,30.05885,1132686,0.0795449316772242,146.8070496681163,3.3303,False,8.584281793849532e-12,3.262071047371868e-12,1.4875974755294908e-11,0.0,True,True,1132686,1542,0.0795449316772242,True,438.3205871582031,1047.0,146.8070496681163,81.99603921595634,7.95449316772242,3.3303,0.3962,3.1017,2.0163,1.9342,0.2286,0.0821,7.31934869613255e-11,False,sub-material increase,33.303,3.3303,8.584281793849532e-13,120,352,30.125,-1.875,iy352_ix120,1057.1543287686197,False,False,False,188,46,True
Nampula,MZ,-15.11646,39.2666,770379,0.0543753599773965,31.14366369115743,0.1819,False,7.784971441841527e-12,-9.42126002955584e-12,2.662370208466065e-11,0.5075000000000001,False,False,770379,431,0.0543753599773965,True,335.9989929199219,1087.0,31.14366369115743,88.78034614095527,5.4375359977396505,0.1819,0.2846,0.9422,0.0976,0.3181,-0.7603,-0.2205,1.2813391870822597e-09,False,sub-material increase,1.819,0.18189999999999998,7.784971441841527e-13,157,299,39.375,-15.125,iy299_ix157,129.34928686350852,False,False,False,189,47,False
Taiz,YE,13.57952,44.02091,940600,0.0585731727777385,90.21133745326928,0.3041,False,4.753116036940412e-12,1.0058057625953393e-12,8.95860757882085e-12,0.0135,True,True,940600,1316,0.0585731727777385,True,518.7100830078125,426.0,90.21133745326928,78.44383653665069,5.85731727777385,0.3041,0.1216,-0.0058,0.1886,0.2152,0.3099,-0.0266,4.670000850266993e-10,False,sub-material increase,3.041,0.3041,4.753116036940412e-13,176,414,44.125,13.625,iy414_ix176,78.44383653665069,False,False,True,190,48,False
Changchun,CN,43.88,125.32278,4714996,0.0634228002268415,0.0457770656901175,1.0533,True,3.708277976184314e-12,3.708277976184314e-12,3.708277976184314e-12,0.0,True,True,4714996,206,0.0634228002268415,True,344.11676025390625,591.0,0.0457770656901175,89.42604805737493,6.34228002268415,1.0533,0.1159,-0.182,-0.0229,-0.6245,1.2353,0.6016,2.4307989623123874e-09,False,sub-material increase,10.533,1.0533,3.708277976184314e-13,501,535,125.375,43.875,iy535_ix501,427.8075460468407,False,False,False,191,5,True
Teni,IN,10.01115,77.47772,1034724,0.0889033836992875,0.3509575036240449,0.7001,True,1.8471710406842525e-13,6.501805241307181e-14,1.8471710406842525e-13,0.018,True,True,1034724,300,0.0889033836992875,True,238.12823486328125,1077.0,0.3509575036240449,119.18791036897882,8.89033836992875,0.7001,0.3067,-1.4451,-0.1088,-1.3703,2.1452,1.2615,1.5713325216523356e-11,False,sub-material increase,7.0009999999999994,0.7000999999999998,1.8471710406842526e-14,309,400,77.375,10.125,iy400_ix309,119.18791036897882,False,False,False,192,14,False
Ulan Bator,MN,47.90771,106.88324,844818,0.0670028685074193,0.9308003356985068,0.7594,False,1.2792988126430438e-13,4.9406072772576495e-14,1.572545226667369e-13,0.0,True,True,844818,1284,0.0670028685074193,True,389.903564453125,282.0,0.9308003356985068,117.51593605491983,6.7002868507419295,0.7594,0.1043,0.1389,0.172,-0.198,0.6205,0.37,4.995217178720972e-12,False,sub-material increase,7.593999999999999,0.7593999999999999,1.2792988126430438e-14,427,551,106.875,47.875,iy551_ix427,1308.8798368068612,False,False,False,193,49,True
Hyderabad,IN,17.38405,78.45636,6993262,0.0742353288629107,2.868696116578974,2.9418,False,1.028918604337368e-13,3.761268764456147e-14,1.028918604337368e-13,0.0,True,True,6993262,515,0.0742353288629107,True,457.4314575195313,788.0,2.868696116578974,124.9129820000264,7.4235328862910706,2.9418,0.5135,1.5261,0.5328,0.5096,1.4157,0.0232,1.0264636424274304e-12,False,sub-material increase,29.418000000000003,2.9418,1.028918604337368e-14,313,429,78.375,17.375,iy429_ix313,269.82358475361514,False,False,False,194,2,True
Ibb,YE,13.96667,44.18333,771514,0.0532805400032114,90.9132524605173,0.3041,False,3.2042659010053763e-14,6.944385737651232e-15,6.089330108224891e-14,0.0124999999999999,True,True,771514,1931,0.0532805400032114,True,606.5333251953125,462.0,90.9132524605173,101.15049582871416,5.328054000321139,0.3041,0.1216,-0.0058,0.1886,0.2152,0.3099,-0.0266,3.1482346231131906e-12,False,sub-material increase,3.041,0.3041,3.2042659010053763e-15,176,415,44.125,13.875,iy415_ix176,101.15049582871417,False,False,False,190,48,False
Navi Mumbai,IN,19.03681,73.01582,2600000,0.1217893695201236,5.684341886080804e-14,1.4173,False,4.996003610813204e-16,4.996003610813204e-16,4.996003610813204e-16,0.0004999999999999,True,True,2600000,14,0.1217893695201236,True,331.6882019042969,2988.0,5.684341886080803e-14,2.9449367549001586,12.17893695201236,1.4173,0.35,0.6714,0.3283,0.1536,0.7459,0.1747,0.38094859336649367,False,sub-material increase,14.173,1.4172999999999998,4.9960036108132046e-17,292,436,73.125,19.125,iy436_ix292,2.9449367549001586,True,True,True,2,2,True
Sakai,JP,34.58216,135.46653,826161,0.3961307725316076,5.684341886080804e-14,0.3534,False,4.440892098500626e-16,4.440892098500626e-16,4.440892098500626e-16,0.0009999999999998,True,True,826161,2,0.3961307725316076,True,159.6999969482422,1340.0,5.684341886080803e-14,4.702428708779064,39.61307725316076,0.3534,0.1087,0.5973,0.1955,0.0765,-0.2439,0.119,0.5145080846281008,False,sub-material increase,3.534,0.35339999999999994,4.4408920985006264e-17,541,498,135.375,34.625,iy498_ix541,4.702428708779064,True,True,True,148,1,True
Pudong,CN,31.23995,121.50094,5681512,0.0548643,5.684341886080804e-14,0.6576,False,4.440892098500626e-16,4.440892098500626e-16,4.440892098500626e-16,0.0004999999999999,True,True,5681512,9,0.0548643,True,234.18467712402344,1039.0,5.684341886080803e-14,0.9628049965868484,5.48643,0.6576,0.2028,1.0186,0.3939,-0.1161,-0.361,0.51,0.32494742117709424,False,sub-material increase,6.576,0.6576,4.4408920985006264e-17,486,484,121.625,31.125,iy484_ix486,14.674166305950324,True,True,True,20,5,True
Kawasaki,JP,35.52056,139.71722,1538262,0.6526173009763581,5.684341886080804e-14,1.5877,False,4.440892098500626e-16,4.440892098500626e-16,4.440892098500626e-16,0.0,True,True,1538262,1,0.6526173009763581,True,150.6999969482422,1512.0,5.684341886080803e-14,4.7299740992182135,65.2617300976358,1.5877,0.1807,1.4811,0.5728,0.6262,0.1066,-0.0534,0.6042994598328536,False,sub-material increase,15.876999999999999,1.5877,4.4408920985006264e-17,558,502,139.625,35.625,iy502_ix558,4.7299740992182135,True,True,True,1,1,True
Taguig,PH,14.5243,121.0792,1308085,0.3682486999999998,5.684341886080804e-14,0.3367,False,3.8857805861880484e-16,3.8857805861880484e-16,3.8857805861880484e-16,0.0464999999999999,True,True,1308085,5,0.3682486999999998,True,215.34266662597656,2273.0,5.684341886080803e-14,10.262590930682526,36.82486999999998,0.3367,0.1657,-0.0749,0.3033,-0.0017,0.4116,0.305,0.2355606880829783,False,sub-material increase,3.367,0.33669999999999994,3.885780586188048e-17,484,418,121.125,14.625,iy418_ix484,10.262590930682526,True,True,True,30,11,False
Shubrā al Khaymah,EG,30.12511,31.25053,1240289,0.2214394999999993,5.684341886080804e-14,0.1375,True,3.8857805861880484e-16,3.8857805861880484e-16,3.8857805861880484e-16,0.0404999999999999,True,True,1240289,26,0.2214394999999993,True,240.82977294921875,26.0,5.684341886080803e-14,0.7160351281105645,22.14394999999993,0.1375,0.066,0.1046,-0.1159,-0.2127,0.0329,0.0968,0.30663219828360766,False,sub-material increase,1.375,0.13749999999999998,3.885780586188048e-17,125,480,31.375,30.125,iy480_ix125,117.80216392670157,False,False,False,81,20,False
Yangpu,CN,31.26193,121.51904,1210800,0.0545040442712518,5.684341886080804e-14,0.6576,False,3.8857805861880484e-16,3.8857805861880484e-16,3.8857805861880484e-16,0.0009999999999998,True,True,1210800,9,0.0545040442712518,True,238.46218872070312,1039.0,5.684341886080803e-14,1.4397563704997285,5.45040442712518,0.6576,0.2028,1.0186,0.3939,-0.1161,-0.361,0.51,0.2960850909603779,False,sub-material increase,6.576,0.6576,3.885780586188048e-17,486,485,121.625,31.375,iy485_ix486,11.86946615086639,True,True,True,20,5,True
Zamboanga,PH,6.91028,122.07389,1018849,0.2637117133536004,5.684341886080804e-14,0.2715,False,3.8857805861880484e-16,3.8857805861880484e-16,3.8857805861880484e-16,0.0,True,True,1018849,9,0.2637117133536004,True,251.51161193847656,1583.0,5.684341886080803e-14,1.848680897817665,26.37117133536004,0.2715,0.0677,-0.5749,0.1498,0.0829,0.8464,0.0669,0.4424022693033588,False,sub-material increase,2.7150000000000003,0.2715,3.885780586188048e-17,488,387,122.125,6.875,iy387_ix488,1.848680897817665,True,True,True,195,12,True
Rui’an,CN,27.77605,120.65859,927383,0.0790537299212845,5.684341886080804e-14,0.2598,False,3.8857805861880484e-16,3.8857805861880484e-16,3.8857805861880484e-16,0.0275,True,True,927383,4,0.0790537299212845,True,225.30406188964844,1481.0,5.684341886080803e-14,2.6020261697394584,7.9053729921284495,0.2598,0.124,0.4569,0.3071,0.27,-0.1971,0.0371,0.34691150793949077,False,sub-material increase,2.598,0.2598,3.885780586188048e-17,482,471,120.625,27.875,iy471_ix482,2.6020261697394584,True,True,True,103,8,False
Semarang,ID,-6.99306,110.42083,1653524,0.1518648833245408,5.684341886080804e-14,0.2262,False,3.6082248300317592e-16,-0.0004933538792646,3.6082248300317592e-16,0.2875000000000001,False,False,1653524,18,0.1518648833245408,True,372.357421875,2204.0,5.684341886080803e-14,3.687673874702902,15.18648833245408,0.2262,0.2058,-0.2368,0.2623,0.2377,0.463,0.0246,0.22966748066705722,False,sub-material increase,2.262,0.2262,3.6082248300317595e-17,441,332,110.375,-6.875,iy332_ix441,3.687673874702902,True,True,True,196,19,False
Padang,ID,-0.94924,100.35427,909040,0.4070697,5.684341886080804e-14,0.1255,False,3.3306690738754696e-16,-0.0001770874606929,3.3306690738754696e-16,0.1999999999999999,False,False,909040,6,0.4070697,True,252.6883544921875,3392.0,5.684341886080803e-14,3.10603770717609,40.70697,0.1255,0.0945,-0.0447,0.0159,-0.0556,0.1702,0.0715,0.6512807931448363,False,sub-material increase,1.255,0.12549999999999997,3.3306690738754695e-17,401,356,100.375,-0.875,iy356_ix401,3.10603770717609,True,True,True,197,37,False
Osaka,JP,34.69379,135.50107,2753862,0.3697804212391887,5.684341886080804e-14,0.3534,False,3.05311331771918e-16,3.05311331771918e-16,3.05311331771918e-16,0.0,True,True,2753862,4,0.3697804212391887,True,260.20001220703125,1381.0,5.684341886080803e-14,8.060177663586122,36.97804212391887,0.3534,0.1087,0.4623,0.1955,0.1468,-0.1089,0.0487,0.172397564419732,False,sub-material increase,3.534,0.35339999999999994,3.05311331771918e-17,542,498,135.625,34.625,iy498_ix542,8.060177663586122,True,True,True,148,1,True
Ra’s Bayrūt,LB,33.9,35.48333,1251739,0.4060524820209177,5.684341886080804e-14,0.1491,True,2.7755575615628914e-16,-0.0001004742140573,2.7755575615628914e-16,0.1884999999999999,False,False,1251739,35,0.4060524820209177,True,483.7886962890625,813.0,5.684341886080803e-14,1.1125840621137226,40.60524820209177,0.1491,0.1127,0.5555,-0.3446,0.2434,-0.4064,-0.588,0.16698412218334738,False,sub-material increase,1.491,0.1491,2.7755575615628914e-17,141,495,35.375,33.875,iy495_ix141,1.1125840621137226,True,True,True,88,28,False
Cairo,EG,30.06263,31.24967,9606916,0.2230294118225173,5.684341886080804e-14,0.1375,True,2.498001805406602e-16,2.498001805406602e-16,2.498001805406602e-16,0.0349999999999999,True,True,9606916,23,0.2230294118225173,True,218.0430908203125,26.0,5.684341886080803e-14,5.9000890831617525,22.30294118225173,0.1375,0.066,0.1046,-0.1159,-0.2127,0.0329,0.0968,0.15608090830367738,False,sub-material increase,1.375,0.13749999999999998,2.4980018054066023e-17,124,480,31.125,30.125,iy480_ix124,115.2200572729352,False,False,False,81,20,False
Huludao,CN,40.75243,120.83552,944495,0.0637216438575618,5.684341886080804e-14,1.2492,True,1.8041124150158796e-16,1.8041124150158796e-16,1.8041124150158796e-16,0.0,True,True,944495,17,0.0637216438575618,True,206.0533447265625,564.0,5.684341886080803e-14,7.778257301568918,6.37216438575618,1.2492,0.1568,-0.8614,-0.256,-0.641,2.1106,0.385,0.10983200194879789,False,sub-material increase,12.492,1.2491999999999999,1.8041124150158797e-17,483,523,120.875,40.875,iy523_ix483,7.778257301568918,True,True,True,198,5,True
Yichang,CN,30.71444,111.28472,1350150,0.0836621915854064,5.684341886080804e-14,0.1956,False,1.3877787807814454e-16,-0.0005955826419802,1.3877787807814454e-16,0.4995,False,False,1350150,63,0.0836621915854064,True,546.5783081054688,1100.0,5.684341886080803e-14,1.7291175805312542,8.36621915854064,0.1956,0.301,0.7293,0.3707,0.4068,-0.5337,-0.0361,0.0878438109842943,False,sub-material increase,1.956,0.1956,1.3877787807814454e-17,445,482,111.375,30.625,iy482_ix445,806.1116976381144,False,False,False,199,5,False
Wanzhou,CN,30.76451,108.39586,1545900,0.0686881409288709,5.684341886080804e-14,0.8416,False,1.249000902703301e-16,1.249000902703301e-16,1.249000902703301e-16,0.0044999999999999,True,True,1545900,205,0.0686881409288709,True,555.062255859375,1287.0,5.684341886080803e-14,2.542458612805788,6.86881409288709,0.8416,0.2755,0.5155,0.5813,0.3894,0.3261,0.1919,0.07574663445698164,False,sub-material increase,8.416,0.8415999999999999,1.2490009027033011e-17,433,483,108.375,30.875,iy483_ix433,980.0522639653781,False,False,False,200,5,True
Aden,YE,12.77957,45.03852,1079670,0.1397681999999957,5.684341886080804e-14,0.2321,False,1.249000902703301e-16,1.249000902703301e-16,1.249000902703301e-16,0.0,True,True,1079670,7,0.1397681999999957,True,423.1080017089844,55.0,5.684341886080803e-14,2.570549106771659,13.97681999999957,0.2321,0.0543,0.2662,0.0018,0.3294,-0.0341,-0.3276,0.08198295545705829,False,sub-material increase,2.321,0.2321,1.2490009027033011e-17,180,411,45.125,12.875,iy411_ix180,2.570549106771659,True,True,True,201,48,True
Bhopal,IN,23.25469,77.40289,1798218,0.0656964099919073,5.684341886080804e-14,1.675,False,1.1102230246251563e-16,1.1102230246251563e-16,1.1102230246251563e-16,0.0015,True,True,1798218,523,0.0656964099919073,True,396.8281555175781,1160.0,5.684341886080803e-14,5.806972527642484,6.569640999190731,1.675,0.5387,0.7297,0.5946,0.2639,0.9453,0.3307,0.06836741619474151,False,sub-material increase,16.75,1.675,1.1102230246251563e-17,309,453,77.375,23.375,iy453_ix309,469.21167706231944,False,False,False,202,2,True
Kakamega,KE,0.28422,34.75229,1867579,0.0544357799794899,20.080872816052533,3.8168,False,7.087400801883261e-17,2.667913240162617e-17,1.2473330492245596e-16,0.0,True,True,1867579,1563,0.0544357799794899,True,375.9353332519531,1896.0,20.080872816052533,163.28163872308917,5.44357799794899,3.8168,0.4632,2.3966,2.4168,2.0504,1.4202,0.3664,5.229399026762879e-16,False,sub-material increase,38.168,3.8168,7.08740080188326e-18,139,361,34.875,0.375,iy361_ix139,691.4512089981397,False,False,False,203,45,True
Lilongwe,MW,-13.96692,33.78725,1115815,0.1319032000000003,4.1962310215915295,1.3916,True,5.1906355558566127e-17,1.1318842818538046e-17,9.536612556699404e-17,0.0104999999999999,True,True,1115815,1056,0.1319032000000003,True,288.5593566894531,883.0,4.1962310215915295,163.50372875700162,13.19032000000003,1.3916,0.5456,0.5994,-0.0982,-0.0077,0.7922,-0.0905,1.0943603801378827e-15,False,sub-material increase,13.916,1.3916,5.1906355558566125e-18,135,304,33.875,-13.875,iy304_ix135,543.2238313550105,False,False,False,204,40,False
Saitama,JP,35.90807,139.65657,1324854,0.5603807087562043,5.684341886080804e-14,1.5877,False,4.163336342344337e-17,4.163336342344337e-17,4.163336342344337e-17,0.0,True,True,1324854,16,0.5603807087562043,True,200.3999938964844,1376.0,5.684341886080803e-14,21.692457016899937,56.03807087562043,1.5877,0.1807,1.4811,0.5728,0.6262,0.1066,-0.0534,0.02338951054362959,False,sub-material increase,15.876999999999999,1.5877,4.163336342344337e-18,558,503,139.625,35.875,iy503_ix558,29.956101681835165,False,True,True,1,1,True
Shijiazhuang,CN,38.04139,114.47861,3938513,0.118746899999866,7.202258335240742,2.0652,True,3.5278765281167854e-17,1.291435915151446e-17,6.082965559604477e-17,0.0,True,True,3938513,77,0.118746899999866,True,221.09710693359372,511.0,7.202258335240742,168.2098827174035,11.8746899999866,2.0652,0.3701,0.585,-2.005,-2.4636,1.4802,0.4586,4.955505700614727e-16,False,sub-material increase,20.652,2.0652,3.5278765281167855e-18,457,512,114.375,38.125,iy512_ix457,274.99289287664976,False,False,False,205,5,True
Kampung Baru Subang,MY,3.15,101.53333,833571,0.0515035017817863,5.684341886080804e-14,0.8591,False,2.4286128663675302e-17,2.4286128663675302e-17,2.4286128663675302e-17,0.0,True,True,833571,27,0.0515035017817863,True,263.61822509765625,2331.0,5.684341886080803e-14,20.40473050758888,5.150350178178631,0.8591,0.2011,0.5027,0.2356,0.0217,0.3564,0.2139,0.01373505158462972,False,sub-material increase,8.591,0.8590999999999999,2.42861286636753e-18,406,372,101.625,3.125,iy372_ix406,20.40473050758888,True,True,True,123,37,True
Jieyang,CN,23.5418,116.36581,1899394,0.0664599161984411,5.684341886080804e-14,0.0714,False,1.7347234759768068e-17,-9.94749100220133e-05,1.7347234759768068e-17,0.7849999999999999,False,False,1899394,7,0.0664599161984411,True,244.671630859375,1557.0,5.684341886080803e-14,21.10861264207552,6.645991619844111,0.0714,0.2671,0.1527,0.364,0.3409,-0.0813,0.0231,0.009864262612354041,False,sub-material increase,0.7140000000000001,0.0714,1.7347234759768067e-18,465,454,116.375,23.625,iy454_ix465,21.10861264207552,True,True,True,154,8,False
Changzhou,CN,31.77359,119.95401,3290918,0.055045040004099,5.684341886080804e-14,0.0957,False,1.5612511283791264e-17,-8.584803131571893e-05,1.5612511283791264e-17,0.7115,False,False,3290918,9,0.055045040004099,True,230.5048370361328,1047.0,5.684341886080803e-14,20.263042692707568,5.5045040004099,0.0957,0.2554,0.5992,0.1735,-0.2869,-0.5035,0.4604,0.009381465847721338,False,sub-material increase,0.957,0.0957,1.5612511283791264e-18,479,487,119.875,31.875,iy487_ix479,20.263042692707568,True,True,True,206,5,False
Shiyan,CN,32.6475,110.77806,3460000,0.0575011800151797,5.684341886080804e-14,0.5956,False,1.3877787807814457e-17,1.3877787807814457e-17,1.3877787807814457e-17,0.004,True,True,3460000,247,0.0575011800151797,True,298.7441101074219,954.0,5.684341886080803e-14,18.2416409761922,5.750118001517969,0.5956,0.2011,-0.132,0.1976,0.0857,0.7276,0.1119,0.008346935387935921,False,sub-material increase,5.956,0.5956,1.3877787807814458e-18,443,490,110.875,32.625,iy490_ix443,811.5756389201514,False,False,False,207,5,True
Cúcuta,CO,7.90745,-72.5049,777106,0.3421606999999999,5.684341886080804e-14,1.5072,True,1.734723475976807e-18,1.734723475976807e-18,1.734723475976807e-18,0.0,True,True,777106,298,0.3421606999999999,True,394.21624755859375,1858.0,5.684341886080803e-14,31.744940504524337,34.21606999999999,1.5072,0.4067,1.5365,-0.2146,0.1647,-0.0293,-0.3793,0.000912529167195798,False,sub-material increase,15.072000000000001,1.5072,1.7347234759768072e-19,1149,391,287.375,7.875,iy391_ix1149,156.7613597183642,False,False,False,208,50,True
Yancheng,CN,33.3575,120.1573,1615717,0.0926327899996998,5.684341886080804e-14,0.2108,True,2.1684043449710093e-19,2.1684043449710093e-19,2.1684043449710093e-19,0.0734999999999999,True,True,1615717,3,0.0926327899996998,True,206.17608642578125,950.0,5.684341886080803e-14,43.20952082615922,9.26327899996998,0.2108,0.1182,0.1099,-0.0624,-0.4337,0.1009,0.3713,0.00011885618623587,False,sub-material increase,2.1079999999999997,0.21079999999999996,2.1684043449710093e-20,480,493,120.125,33.375,iy493_ix480,43.20952082615922,False,True,True,209,5,False
Wuwei,CN,37.92672,102.63202,1010295,0.2731125054061775,18.58548867017629,0.0388,True,1.4233855647727016e-19,-3.7795465423478444e-19,7.102772633003267e-19,0.724,False,False,1010295,1542,0.2731125054061775,True,334.6279296875,187.0,18.58548867017629,170.31982168581172,27.31125054061775,0.0388,0.102,-0.1851,-0.0846,-0.0722,0.2239,-0.0124,1.1009459670289659e-16,False,sub-material increase,0.388,0.0388,1.4233855647727017e-20,410,511,102.625,37.875,iy511_ix410,1302.5468996312125,False,False,False,210,5,False
Bogor,ID,-6.59444,106.78917,1127408,0.3060344748976977,5.684341886080804e-14,0.2499,False,1.0164395367051604e-19,-2.204475997892751e-08,1.0164395367051604e-19,0.119,False,False,1127408,245,0.3060344748976977,True,319.47705078125,3580.0,5.684341886080803e-14,51.29852903280589,30.60344748976977,0.2499,0.1611,0.2124,0.2383,-0.2162,0.0375,0.4545,6.021644137780506e-05,False,sub-material increase,2.499,0.2499,1.0164395367051604e-20,427,333,106.875,-6.625,iy333_ix427,51.29852903280589,False,False,True,71,24,False
Cheongju-si,KR,36.63722,127.48972,852147,0.1316890549833704,5.684341886080804e-14,0.59,True,7.623296525288703e-21,7.623296525288703e-21,7.623296525288703e-21,0.0029999999999998,True,True,852147,49,0.1316890549833704,True,470.4707336425781,1266.0,5.684341886080803e-14,52.69009154855256,13.16890549833704,0.59,0.2063,-1.0496,-0.2189,-0.2812,1.6396,0.0623,4.649488768202305e-06,False,sub-material increase,5.8999999999999995,0.59,7.623296525288703e-22,509,506,127.375,36.625,iy506_ix509,54.29172873874567,False,False,True,165,1,True
Yixing,CN,31.36059,119.82016,1285785,0.0784322184296391,5.684341886080804e-14,0.0957,False,1.0587911840678754e-21,-5.412979764072841e-09,1.0587911840678754e-21,0.704,False,False,1285785,8,0.0784322184296391,True,235.5490875244141,1086.0,5.684341886080803e-14,67.90125332253342,7.84322184296391,0.0957,0.2554,0.656,0.1735,-0.418,-0.5603,0.5915,5.879361412226328e-07,False,sub-material increase,0.957,0.0957,1.0587911840678754e-22,479,485,119.875,31.375,iy485_ix479,67.90125332253342,False,False,True,206,5,False
Tegucigalpa,HN,14.0818,-87.20681,850848,0.3124423751018672,5.684341886080804e-14,0.2957,True,2.1175823681357513e-22,-7.165417973401356e-10,2.1175823681357513e-22,0.3429999999999999,False,False,850848,944,0.3124423751018672,True,325.9839172363281,1136.0,5.684341886080803e-14,74.75589263081783,31.24423751018672,0.2957,0.3195,-0.9504,-0.2014,-0.3385,1.2461,0.1371,1.2573197869027839e-07,False,sub-material increase,2.9570000000000003,0.2957,2.1175823681357513e-23,1091,416,272.875,14.125,iy416_ix1091,77.45434548614112,False,False,True,211,32,False
Benxi,CN,41.28861,123.765,987717,0.0821459299999999,21.637293049515563,1.9705,True,0.0,0.0,0.0,0.0,False,True,987717,212,0.0821459299999999,True,656.154541015625,802.0,21.637293049515563,93.11246825330252,8.21459299999999,1.9705,0.2089,0.0017,-0.2171,-0.531,1.9688,0.3139,0.0,False,near zero,19.705,1.9704999999999997,0.0,495,525,123.875,41.375,iy525_ix495,141.84327913402572,False,False,False,212,5,True
Longyan,CN,25.07485,117.01775,1025087,0.071305121177354,5.684341886080804e-14,-0.5993,True,0.0,0.0,0.0,0.0,False,True,1025087,318,0.071305121177354,True,668.2405395507812,1501.0,5.684341886080803e-14,3.988065928335818,7.1305121177354005,-0.5993,0.3525,-0.1322,0.0853,-0.1481,-0.4671,0.2334,0.0,False,near zero,-5.993,-0.5993,0.0,468,460,117.125,25.125,iy460_ix468,103.2490273540623,False,False,False,213,8,True
Guang’an,CN,30.47413,106.63696,858159,0.0617389367804756,11.383230334935549,0.8708,False,0.0,0.0,0.0,0.0,False,True,858159,244,0.0617389367804756,True,900.0,1144.0,11.383230334935549,36.57955758059786,6.17389367804756,0.8708,0.2669,0.6757,0.6836,0.3613,0.1951,0.3223,0.0,False,near zero,8.708,0.8708,0.0,426,481,106.625,30.375,iy481_ix426,965.9553055015507,False,False,False,214,5,True
Wanxian,CN,30.81601,108.37407,859662,0.06553053,143.40428778515297,0.8416,False,0.0,0.0,0.0,0.0,False,True,859662,232,0.06553053,True,879.706298828125,1287.0,143.40428778515297,3.5505628796640183,6.553053,0.8416,0.2755,0.5155,0.5813,0.3894,0.3261,0.1919,0.0,False,near zero,8.416,0.8415999999999999,0.0,433,483,108.375,30.875,iy483_ix433,985.8147429113269,False,False,False,200,5,True
Seongnam-si,KR,37.43861,127.13778,914832,0.1251497073317258,0.8697642481117214,0.6391,True,0.0,0.0,0.0,0.0,False,True,914832,80,0.1251497073317258,True,841.6481323242188,1314.0,0.8697642481117214,8.27514052387191,12.514970733172582,0.6391,0.1261,-1.0403,-0.066,-0.0107,1.6794,-0.0553,0.0,False,near zero,6.391,0.6390999999999999,0.0,508,509,127.125,37.375,iy509_ix508,30.062935768325605,False,True,True,46,1,True
Xiamen,CN,24.47979,118.08187,4617251,0.0827425507996686,0.0152590218967247,-0.1349,True,0.0,0.0,0.0,0.0,False,True,4617251,12,0.0827425507996686,True,700.76904296875,1093.0,0.0152590218967247,0.2851776679329127,8.27425507996686,-0.1349,0.2549,-0.1334,0.2531,0.3807,-0.0015,-0.1276,0.0,False,near zero,-1.349,-0.1349,0.0,472,457,118.125,24.375,iy457_ix472,0.28517766793291277,True,True,True,215,8,True
Weihai,CN,37.50914,122.11356,844310,0.11579407809397,2.792401007095464,1.0586,True,0.0,0.0,0.0,0.0,False,True,844310,14,0.11579407809397,True,900.0,708.0,2.792401007095464,2.1526573331981536,11.579407809397,1.0586,0.267,-0.8343,-0.1369,-0.3533,1.8929,0.2164,0.0,False,near zero,10.586,1.0586,0.0,488,510,122.125,37.625,iy510_ix488,2.1526573331981536,True,True,True,216,5,True
Kobe,JP,34.6913,135.183,1525152,0.3464501999999914,0.4119935912108303,0.3534,False,0.0,0.0,0.0,0.0,False,True,1525152,35,0.3464501999999914,True,775.5,1449.0,0.4119935912108303,1.8435619871600344,34.645019999999136,0.3534,0.1087,0.5973,0.1955,0.0765,-0.2439,0.119,0.0,False,near zero,3.534,0.35339999999999994,0.0,540,498,135.125,34.625,iy498_ix540,1.8435619871600346,True,True,True,148,1,True
Bazhong,CN,31.8694,106.74432,2712894,0.0669995699998099,101.89974822613874,0.688,False,0.0,0.0,0.0,0.0,False,True,2712894,393,0.0669995699998099,True,864.8499755859375,1049.0,101.89974822613874,72.91542454912583,6.69995699998099,0.688,0.2098,-0.0161,0.4536,0.4876,0.7041,-0.034,0.0,False,near zero,6.879999999999999,0.6879999999999998,0.0,426,487,106.625,31.875,iy487_ix426,1116.788645180663,False,False,False,217,5,True
Zunyi,CN,27.68667,106.90722,2037775,0.0692180620677416,26.21499961852448,-0.5637,True,0.0,0.0,0.0,0.0,False,True,2037775,867,0.0692180620677416,True,900.0,1068.0,26.214999618524477,37.40682924827924,6.92180620677416,-0.5637,0.2257,-0.4462,0.6357,0.1433,-0.1175,0.4924,0.0,False,near zero,-5.637,-0.5637,0.0,427,470,106.875,27.625,iy470_ix427,657.8003939613342,False,False,False,218,5,True
Montréal,CA,45.50884,-73.58781,1762949,0.1345321564491395,45.10566872663463,-0.1184,True,0.0,0.0,0.0,0.0,False,True,1762949,216,0.1345321564491395,True,900.0,1007.0,45.10566872663463,3.906986263742583,13.453215644913948,-0.1184,0.2247,1.7764,0.2524,1.1854,-1.8948,-0.933,0.0,False,near zero,-1.1840000000000002,-0.1184,0.0,1145,542,286.375,45.625,iy542_ix1145,3.906986263742583,True,True,True,219,33,True
La Paz,BO,-16.5,-68.15,2004652,0.2280680000698181,33.09681849393456,-0.9263,False,0.0,0.0,0.0,0.0,False,True,2004652,3782,0.2280680000698181,True,826.513671875,547.0,33.09681849393456,83.35432659603939,22.80680000698181,-0.9263,0.1993,-0.6745,-0.181,-1.0442,-0.2518,0.8632,0.0,False,near zero,-9.263,-0.9263,0.0,1167,293,291.875,-16.625,iy293_ix1167,313.500406415524,False,False,False,220,51,True
Yantai,CN,37.47649,121.44081,2227733,0.06942275,21.515220874341992,1.0586,True,0.0,0.0,0.0,0.0,False,True,2227733,22,0.06942275,True,887.8772583007812,698.0,21.515220874341992,2.638846042441408,6.942275,1.0586,0.267,-1.3581,-0.1369,-0.5001,2.4167,0.3632,0.0,False,near zero,10.586,1.0586,0.0,485,509,121.375,37.375,iy509_ix485,2.6388460424414077,True,True,True,221,5,True
Bukavu,CD,-2.49077,28.84281,816811,0.2586775108511142,11.581597619592628,2.157,False,0.0,0.0,0.0,0.0,False,True,816811,1631,0.2586775108511142,True,696.26416015625,1436.0,11.581597619592628,2.505964048618972,25.86775108511142,2.157,0.3731,1.5723,1.203,0.4295,0.5847,0.7735,0.0,False,near zero,21.57,2.157,0.0,115,350,28.875,-2.375,iy350_ix115,1167.7599658162042,False,False,False,222,46,True
Guiyang,CN,26.58333,106.71667,3037159,0.0515039400000423,25.3757534142062,-0.4032,True,0.0,0.0,0.0,0.0,False,True,3037159,1087,0.0515039400000423,True,713.9971313476562,1113.0,25.3757534142062,49.840495897988895,5.15039400000423,-0.4032,0.2393,-0.4066,0.5561,0.1446,0.0034,0.4115,0.0,False,near zero,-4.032,-0.4032,0.0,426,466,106.625,26.625,iy466_ix426,545.7559559726636,False,False,False,223,5,True
Isfahan,IR,32.65246,51.67462,1547164,0.2009237,14.38925764858476,-0.136,False,-3.2532077881139584e-29,-1.0096597754107631e-28,3.4720827707068265e-29,0.487,False,False,1547164,1578,0.2009237,True,216.2838592529297,142.0,14.38925764858476,288.6280739341316,20.092370000000003,-0.136,0.1973,-0.3493,-0.4334,-0.3667,0.2133,-0.0667,7.199655343828144e-27,False,sub-material decrease,-1.36,-0.136,-3.253207788113958e-30,206,490,51.625,32.625,iy490_ix206,312.38390787123944,False,False,False,224,52,False
Quetta,PK,30.18414,67.00141,1565546,0.2636647003322439,31.494621194781416,-0.3758,False,-4.185927386786497e-29,-8.46358463028733e-29,-3.669633093374232e-30,0.0605,True,True,1565546,1683,0.2636647003322439,True,349.1476745605469,226.0,31.494621194781416,285.74772380420507,26.366470033224388,-0.3758,0.1959,-2.5765,-0.436,-1.0518,2.2007,0.6158,3.3659313823889644e-27,False,sub-material decrease,-3.758,-0.3758,-4.185927386786497e-30,268,480,67.125,30.125,iy480_ix268,510.5922409074125,False,False,False,225,53,False
Ürümqi,CN,43.80096,87.60046,3029372,0.2520546002296858,0.7171740291447577,-3.8585,False,-1.3439003471778378e-21,-2.151649087138632e-21,-5.759310867985472e-22,0.0,True,True,3029372,862,0.2520546002296858,True,329.3302307128906,223.0,0.7171740291447577,218.11113452115293,25.20546002296858,-3.8585,0.1943,-3.3624,-1.7629,-1.698,-0.4961,-0.0649,1.1145676948944192e-20,False,sub-material decrease,-38.585,-3.8585000000000003,-1.3439003471778378e-22,350,535,87.625,43.875,iy535_ix350,2262.361040137959,False,False,False,226,54,True
Qom,IR,34.6401,50.8764,900000,0.2228387004565928,8.85023270008395,-0.769,False,-1.1101468390129985e-19,-1.9943380202824729e-19,-3.2091442500580633e-20,0.001,True,True,900000,935,0.2228387004565928,True,246.07989501953125,213.0,8.85023270008395,190.1913582029917,22.28387004565928,-0.769,0.2405,-0.5727,-0.7897,-0.8083,-0.1963,0.0186,4.390951382792978e-18,False,sub-material decrease,-7.69,-0.769,-1.1101468390129985e-20,203,498,50.875,34.625,iy498_ix203,231.63745044605588,False,False,False,227,52,True
Shiraz,IR,29.61031,52.53113,1249942,0.2974346085091356,2.166781109330941,-1.3286,False,-2.2630386422839787e-17,-3.846708834544004e-17,-7.895122050772375e-18,0.0,True,True,1249942,1545,0.2974346085091356,True,284.4859619140625,191.0,2.166781109330941,167.06127136375858,29.74346085091356,-1.3286,0.2885,-1.3302,-1.1013,-1.1234,0.0016,0.0221,5.229078713933866e-16,False,sub-material decrease,-13.286,-1.3286,-2.2630386422839787e-18,210,478,52.625,29.625,iy478_ix210,167.06127136375858,False,False,False,228,55,True
Jodhpur,IN,26.26841,73.00594,1056191,0.0838126802212359,18.60074769207296,-2.6459,False,-3.204903241899323e-17,-5.319472350538727e-17,-1.2194991767971264e-17,0.0,True,True,1056191,237,0.0838126802212359,True,333.015625,417.0,18.60074769207296,163.01573723634954,8.38126802212359,-2.6459,0.4544,-3.2883,-1.8935,-2.3457,0.6424,0.4522,3.8000499463390326e-16,False,sub-material decrease,-26.459000000000003,-2.6459,-3.204903241899323e-18,292,465,73.125,26.375,iy465_ix292,432.744128517131,False,False,False,229,2,True
Sanaa,YE,15.35452,44.20646,1937451,0.0526933723888093,6.607156481269556,-0.1163,False,-1.4707008899986972e-16,-3.639450968687099e-16,5.082855438860688e-17,0.2745,False,False,1937451,2253,0.0526933723888093,True,264.03765869140625,251.0,6.607156481269556,143.50906134517945,5.26933723888093,-0.1163,0.1054,-1.0002,-0.0897,-0.3703,0.8839,0.2806,3.804881199448267e-14,False,sub-material decrease,-1.163,-0.11629999999999999,-1.4707008899986973e-17,176,421,44.125,15.375,iy421_ix176,143.50906134517945,False,False,False,230,48,False
Bishkek,KG,42.87,74.59,900000,0.2286191,6.240939955748843,-0.6183,False,-8.409079320156897e-16,-1.4486370010423885e-15,-2.6938618686137437e-16,0.0,True,True,900000,767,0.2286191,True,446.03271484375,421.0,6.240939955748843,141.11167410704277,22.86191,-0.6183,0.1585,1.2189,-0.3982,0.0568,-1.8372,-0.455,4.126370568394902e-14,False,sub-material decrease,-6.183,-0.6183,-8.409079320156897e-17,298,531,74.625,42.875,iy531_ix298,1647.9572582354529,False,False,False,231,56,True
Konya,TR,37.87135,32.48464,1433861,0.1308908002953623,5.8136873426413445,-3.7459,False,-1.666471201814658e-15,-2.6872412985793534e-15,-6.98627446874893e-16,0.0,True,True,1433861,1030,0.1308908002953623,True,228.1295166015625,471.0,5.8136873426413445,151.85653315660343,13.089080029536229,-3.7459,0.3396,-3.1697,-1.0971,-0.7965,-0.5762,-0.3006,1.421027522389235e-14,False,sub-material decrease,-37.458999999999996,-3.7459,-1.666471201814658e-16,129,511,32.375,37.875,iy511_ix129,151.85653315660343,False,False,False,232,28,True
Mashhad,IR,36.29807,59.60567,2307177,0.2156777999852094,14.023041123064049,-0.0141,False,-1.9040902910269393e-14,-2.687738605708408e-13,2.576823433672176e-13,0.945,False,False,2307177,980,0.2156777999852094,True,260.73651123046875,279.0,14.023041123064049,110.84740925217056,21.56777999852094,-0.0141,0.1434,0.3233,-0.3425,-0.4277,-0.3374,0.0852,4.056263369416008e-11,False,sub-material decrease,-0.141,-0.014099999999999998,-1.9040902910269392e-15,238,505,59.625,36.375,iy505_ix238,501.2829686050007,False,False,False,233,44,False
Gorakhpur,IN,29.44768,75.67206,1324570,0.1145384535457551,34.1954680704967,-8.4765,False,-4.405112279938319e-14,-6.74860297602858e-14,-1.9751829331127902e-14,0.0,True,True,1324570,218,0.1145384535457551,True,226.06674194335935,428.0,34.1954680704967,134.67239888467972,11.453845354575511,-8.4765,0.4771,-8.6361,-7.5836,-7.5788,0.1596,-0.0048,1.791220170045359e-13,False,sub-material decrease,-84.765,-8.4765,-4.405112279938319e-15,302,477,75.625,29.375,iy477_ix302,843.4529543770635,False,False,False,234,2,True
Sulaymaniyah,IQ,35.56496,45.4329,878146,0.2492028713214842,3.555352101930282,-1.2696,False,-1.243862992681345e-13,-2.1762402249592465e-13,-3.4621116535669494e-14,0.002,True,True,878146,847,0.2492028713214842,True,525.6239624023438,768.0,3.555352101930282,120.1914653154235,24.92028713214842,-1.2696,0.4172,-0.3336,-1.0467,-1.5302,-0.936,0.4835,3.0047582591419828e-12,False,sub-material decrease,-12.696000000000002,-1.2696,-1.243862992681345e-14,181,502,45.375,35.625,iy502_ix181,400.35788225284824,False,False,False,235,57,True
Shymkent,KZ,42.30988,69.60042,1200000,0.1657323680398688,0.0762951094835102,-0.7951,False,-2.218793898742697e-12,-3.77174814807983e-12,-7.297660480222229e-13,0.0005,True,True,1200000,520,0.1657323680398688,True,309.73211669921875,486.0,0.0762951094835102,108.02027800594988,16.57323680398688,-0.7951,0.1942,-0.3883,-0.3917,-0.1094,-0.4068,-0.2823,8.491563493643454e-11,False,sub-material decrease,-7.9510000000000005,-0.7951,-2.2187938987426971e-13,278,529,69.625,42.375,iy529_ix278,1238.4866131531064,False,False,False,236,58,True
Tehran,IR,35.69439,51.42151,7153309,0.4330289000001777,1.2359807736324342,-3.2319,False,-8.918518202711793e-12,-1.4358194472828006e-11,-3.649244488309716e-12,0.0,True,True,7153309,1178,0.4330289000001777,True,369.8034057617188,240.0,1.2359807736324342,106.9502179461994,43.30289000001777,-3.2319,0.3693,-3.1601,-2.0725,-2.3864,-0.0718,0.3139,8.740793514792776e-11,False,sub-material decrease,-32.319,-3.2319,-8.918518202711793e-13,205,502,51.375,35.625,iy502_ix205,106.9502179461994,False,False,False,237,52,True
Marrakesh,MA,31.63416,-7.99994,995871,0.1452008,34.6227206836042,-1.5947,False,-9.574982613199164e-12,-1.5851267027810963e-11,-4.003189355131074e-12,0.0,True,True,995871,457,0.1452008,True,279.8376770019531,272.0,34.6227206836042,98.7940385848495,14.520079999999998,-1.5947,0.0987,-0.7928,-0.3969,-0.1462,-0.8019,-0.2507,1.851377660124858e-10,False,sub-material decrease,-15.947,-1.5947,-9.574982613199163e-13,1408,486,352.125,31.625,iy486_ix1408,135.69021901154713,False,False,False,238,59,True
Hermosillo,MX,29.08874,-110.96677,812229,0.070163362633263,23.025864042114904,-0.3792,False,-1.3432238777995403e-11,-2.3301327946760155e-11,-4.030273583533583e-12,0.0005,True,True,812229,202,0.070163362633263,True,294.76593017578125,304.0,23.025864042114904,90.54734758483518,7.0163362633263,-0.3792,0.1061,0.2607,-0.2426,-0.3485,-0.6399,0.1059,1.0704711143308709e-09,False,sub-material decrease,-3.792,-0.3791999999999999,-1.3432238777995403e-12,996,476,249.125,29.125,iy476_ix996,90.54734758483518,False,False,True,239,60,True
Karaj,IR,35.83266,50.99155,1448075,0.3347232003058362,6.713969634546459,-3.2319,False,-1.5877973888164904e-11,-2.5609298869176305e-11,-6.469481155770007e-12,0.0,True,True,1448075,1341,0.3347232003058362,True,458.1684265136719,278.0,6.713969634546459,100.93446446943916,33.47232003058362,-3.2319,0.3693,-2.8693,-2.0725,-2.4809,-0.3626,0.4084,1.556156393289929e-10,False,sub-material decrease,-32.319,-3.2319,-1.5877973888164905e-12,203,503,50.875,35.875,iy503_ix203,100.93446446943915,False,False,False,237,52,True
Ordos,CN,39.6086,109.78157,1940653,0.0849750370641149,14.969100480659222,-2.8592,False,-3.3855016304000286e-11,-5.36327345875348e-11,-1.4056937527079584e-11,0.0,True,True,1940653,1310,0.0849750370641149,True,324.4867553710937,358.0,14.969100480659222,96.54588073187392,8.49750370641149,-2.8592,0.2474,-3.7216,-1.3267,-1.708,0.8624,0.3813,3.7277357178635927e-10,False,sub-material decrease,-28.592,-2.8592,-3.3855016304000287e-12,439,518,109.875,39.625,iy518_ix439,677.7202521861606,False,False,False,240,5,True
Quito,EC,-0.22985,-78.52495,2781641,0.5291945128205688,39.597161821927216,-0.2457,True,-9.063210276745264e-11,-1.8113116501485388e-10,-7.699795781960066e-12,0.0635,True,True,2781641,2854,0.5291945128205688,True,608.2095947265625,1119.0,39.597161821927216,75.13167151041071,52.91945128205688,-0.2457,0.1295,-0.2445,0.1189,0.0249,-0.0012,0.094,1.1122646050752852e-08,False,sub-material decrease,-2.457,-0.24569999999999997,-9.063210276745264e-12,1125,359,281.375,-0.125,iy359_ix1125,158.78297125661845,False,False,False,241,61,False
Kirkuk,IQ,35.46806,44.39222,1031000,0.1908058061616414,3.006027313649213,-1.313,False,-1.42369293986186e-10,-2.5529865622817533e-10,-4.0805937149165777e-11,0.0015,True,True,1031000,346,0.1908058061616414,True,370.6116027832031,357.0,3.006027313649213,87.89915362368748,19.080580616164134,-1.313,0.4123,-0.7746,-1.1691,-1.1708,-0.5384,0.0017,3.327875631510059e-09,False,sub-material decrease,-13.129999999999999,-1.313,-1.4236929398618599e-11,177,501,44.375,35.375,iy501_ix177,483.66007938201153,False,False,False,242,57,True
Lu’an,CN,31.73561,116.51688,1644344,0.0953109421185819,16.632333867399154,-0.3185,False,-2.9397889367935817e-10,-6.399229339724105e-10,1.6252894402078013e-11,0.1295,False,False,1644344,81,0.0953109421185819,True,297.3522033691406,1112.0,16.632333867399154,78.25982684319419,9.531094211858193,-0.3185,0.2058,0.3613,-0.0538,-0.0275,-0.6798,-0.0263,2.7865287737726122e-08,False,sub-material decrease,-3.185,-0.3185,-2.9397889367935817e-11,466,486,116.625,31.625,iy486_ix466,295.8804204736642,False,False,False,243,5,False
Hefei,CN,31.86389,117.28083,5050000,0.0983821445081414,3.082322423132723,-0.0756,False,-3.039325166400886e-10,-1.2375431065057098e-09,5.241775517918553e-10,0.617,False,False,5050000,24,0.0983821445081414,True,230.1564483642578,1091.0,3.082322423132723,75.70061622519975,9.83821445081414,-0.0756,0.1476,0.6765,-0.0883,-0.102,-0.7521,0.0137,1.2088091499001342e-07,False,sub-material decrease,-0.756,-0.0756,-3.039325166400886e-11,469,487,117.375,31.875,iy487_ix469,222.2936377982063,False,False,False,244,5,False
Aleppo,SY,36.20124,37.16117,2098210,0.1731152907777781,22.247653925383418,-1.1913,False,-3.5505559854338794e-10,-6.163774325166101e-10,-1.1900178343148768e-10,0.0,True,True,2098210,401,0.1731152907777781,True,324.3851013183594,354.0,22.247653925383418,80.944667912458,17.31152907777781,-1.1913,0.2851,0.7911,-0.6729,-0.4742,-1.9824,-0.1987,9.128865539091079e-09,False,sub-material decrease,-11.913,-1.1913,-3.550555985433879e-11,148,504,37.125,36.125,iy504_ix148,97.81831890554447,False,False,True,245,28,True
Kathmandu,NP,27.70169,85.3206,1442271,0.4388813174745403,1.3122758831159445,-0.9247,False,-4.0030911038414537e-10,-8.512326512034341e-10,-1.0249504305628317e-12,0.099,True,False,1442271,1296,0.4388813174745403,True,313.22491455078125,1779.0,1.3122758831159445,88.13437950287968,43.888131747454025,-0.9247,0.5606,-1.4439,-1.8147,-2.1997,0.5192,0.385,1.3201392371402538e-08,False,sub-material decrease,-9.247,-0.9247,-4.003091103841454e-11,341,470,85.375,27.625,iy470_ix341,641.9210084414566,False,False,False,246,2,False
Córdoba,AR,-31.40648,-64.18853,2106734,0.0992516499400665,0.0152590218967247,-2.4175,False,-1.090670243149346e-09,-1.774284087383009e-09,-4.5640295083424515e-10,0.0,True,True,2106734,378,0.0992516499400665,True,346.3520812988281,815.0,0.0152590218967247,82.129533711114,9.92516499400665,-2.4175,0.1751,-0.5617,-0.2089,0.1134,-1.8558,-0.3223,1.4100887189073153e-08,False,sub-material decrease,-24.175,-2.4175,-1.090670243149346e-10,1183,234,295.875,-31.375,iy234_ix1183,573.2964940600004,False,False,False,247,62,True
Arequipa,PE,-16.39899,-71.53747,1008290,0.5941330976280723,0.8239871824216607,-0.0667,True,-1.160156761248708e-09,-3.976255588502072e-09,1.401945356049413e-09,0.5285,False,False,1008290,2397,0.5941330976280723,True,435.9530944824219,59.0,0.8239871824216607,63.17836980936092,59.41330976280723,-0.0667,0.104,0.2533,0.1138,0.0481,-0.32,0.0657,5.229125356603996e-07,False,sub-material decrease,-0.6669999999999999,-0.06669999999999998,-1.160156761248708e-10,1153,294,288.375,-16.375,iy294_ix1153,86.84397731244569,False,False,True,248,63,False
Bannu,PK,32.98527,70.60403,1357890,0.2527685959281018,15.640497444113862,-1.1579,False,-1.385564428971799e-09,-2.32415339828662e-09,-5.359865970471606e-10,0.0,True,True,1357890,379,0.2527685959281018,True,283.909912109375,330.0,15.640497444113862,77.0479338800971,25.27685959281018,-1.1579,0.1846,-1.2112,-0.371,-0.7,0.0533,0.329,3.663172151428041e-08,False,sub-material decrease,-11.578999999999999,-1.1579,-1.385564428971799e-10,282,491,70.625,32.875,iy491_ix282,915.0636531158174,False,False,False,249,2,True
Jaipur,IN,26.91962,75.78781,3046163,0.0645149268963529,11.810482948043044,-4.5934,False,-2.020510392213274e-09,-3.212790213387525e-09,-8.36645331352179e-10,0.0,True,True,3046163,435,0.0645149268963529,True,382.1997375488281,612.0,11.810482948043044,78.01301884391924,6.451492689635289,-4.5934,0.5369,-6.1472,-3.5958,-4.1687,1.5538,0.5729,1.424538485827013e-08,False,sub-material decrease,-45.934,-4.593399999999999,-2.020510392213274e-10,303,467,75.875,26.875,iy467_ix303,592.2990734866387,False,False,False,250,2,True
Hohhot,CN,40.81056,111.65222,2350000,0.1767671363819321,3.204394598306294,-1.0557,False,-2.173099577262619e-09,-3.587872826139794e-09,-8.519759310205307e-10,0.0,True,True,2350000,1051,0.1767671363819321,True,238.4240264892578,284.0,3.204394598306294,77.35917199553887,17.67671363819321,-1.0557,0.1448,-1.1084,-0.6359,-0.7696,0.0527,0.1337,6.290806186603757e-08,False,sub-material decrease,-10.557,-1.0556999999999999,-2.173099577262619e-10,446,523,111.625,40.875,iy523_ix446,550.0684489899617,False,False,False,251,5,True
Eskişehir,TR,39.77667,30.52056,921630,0.2589663756735736,0.8545052262150534,-2.8862,False,-2.6101603665541622e-09,-4.1759406656902e-09,-1.0735410134495811e-09,0.0,True,True,921630,794,0.2589663756735736,True,255.27093505859372,428.0,0.8545052262150534,81.96021192692872,25.89663756735736,-2.8862,0.2972,-2.3643,-0.899,-0.8959,-0.5219,-0.0031,2.8483904913031635e-08,False,sub-material decrease,-28.862000000000002,-2.8862,-2.610160366554162e-10,122,519,30.625,39.875,iy519_ix122,116.11235373612816,False,False,False,252,28,True
Almaty,KZ,43.25249,76.9115,1977011,0.3968644310264769,5.684341886080804e-14,-1.4642,False,-3.1209875317509502e-09,-5.2087187281280015e-09,-1.2010825904420872e-09,0.0,True,True,1977011,783,0.3968644310264769,True,454.9982604980469,517.0,5.684341886080803e-14,73.56998639267314,39.68644310264769,-1.4642,0.2156,-0.6446,-0.8367,-0.5031,-0.8196,-0.3336,6.55831151062378e-08,False,sub-material decrease,-14.642,-1.4642,-3.1209875317509504e-10,307,533,76.875,43.375,iy533_ix307,1836.7381680130554,False,False,False,253,56,True
Homs,SY,34.72405,36.72559,775404,0.2051711999995663,3.616388189517068,-0.3894,False,-3.827970111359048e-09,-7.483651880952341e-09,-5.81271080193037e-10,0.0315,True,True,775404,508,0.2051711999995663,True,286.3260498046875,383.0,3.616388189517068,68.52741857313096,20.51711999995663,-0.3894,0.1839,-0.3177,-0.4053,-0.3113,-0.0717,-0.094,2.971263683660909e-07,False,sub-material decrease,-3.894,-0.3894,-3.8279701113590477e-10,146,498,36.625,34.625,iy498_ix146,68.52741857313096,False,False,True,254,28,False
Meizhou,CN,24.28859,116.11768,992351,0.0582796099993988,12.49713893339441,-0.4666,True,-6.1828303432702285e-09,-1.4109715695160974e-08,1.059776800311676e-09,0.1965,False,False,992351,84,0.0582796099993988,True,219.72723388671875,1520.0,12.49713893339441,69.04694859391644,5.82796099993988,-0.4666,0.3475,-0.2941,0.0952,-0.0748,-0.1725,0.17,4.01021955608834e-07,False,sub-material decrease,-4.666,-0.46660000000000007,-6.182830343270228e-10,464,457,116.125,24.375,iy457_ix464,105.10274871566831,False,False,False,255,8,False
León de los Aldama,MX,21.12183,-101.68253,1579803,0.0725108399999994,4.27252613107504,-3.2531,False,-8.334039205856399e-09,-1.3708384369227336e-08,-3.310893265787154e-09,0.0,True,True,1579803,1803,0.0725108399999994,True,298.2978515625,606.0,4.27252613107504,73.25153582460912,7.251083999999939,-3.2531,0.4272,-2.1019,-1.0766,-0.8716,-1.1512,-0.205,8.11754619308019e-08,False,sub-material decrease,-32.531,-3.2531,-8.334039205856399e-10,1033,444,258.375,21.125,iy444_ix1033,344.6605496602286,False,False,False,256,64,True
Santiago,CL,-33.45694,-70.64827,4837295,0.4173637999999916,2.395666437781358,-0.5445,False,-8.392798256101334e-09,-1.5448759357344206e-08,-1.9397937976486042e-09,0.0065,True,True,4837295,556,0.4173637999999916,True,307.89996337890625,451.0,2.395666437781358,67.17842696066505,41.736379999999166,-0.5445,0.2002,0.2333,-0.2991,0.361,-0.7778,-0.6601,4.6708529778133715e-07,False,sub-material decrease,-5.445,-0.5445,-8.392798256101335e-10,1157,226,289.375,-33.375,iy226_ix1157,91.02173750649709,False,False,True,257,65,True
Chuzhou,CN,32.32194,118.29778,782671,0.0542267150809773,2.075226977950763,-0.0253,True,-1.8183707722217105e-08,-2.1132455168281307e-07,1.734286735266995e-07,0.892,False,False,782671,24,0.0542267150809773,True,326.5135192871094,976.0,2.075226977950763,46.08184492991453,5.42267150809773,-0.0253,0.199,0.5239,0.0669,-0.0865,-0.5492,0.1534,2.1592851042642695e-05,False,sub-material decrease,-0.253,-0.0253,-1.8183707722217105e-09,473,489,118.375,32.375,iy489_ix473,123.6054308194041,False,False,False,258,5,False
Mexicali,MX,32.62781,-115.45446,1032686,0.6835515193668443,19.577325093461525,-0.0592,False,-2.532261139990073e-08,-9.14874438590039e-08,3.6341282716388225e-08,0.5755,False,False,1032686,4,0.6835515193668443,True,227.1408843994141,67.0,19.577325093461525,50.8843489175372,68.35515193668444,-0.0592,0.1007,-0.0933,-0.2616,-0.2515,0.0341,-0.0101,1.2858080145618672e-05,False,sub-material decrease,-0.5920000000000001,-0.0592,-2.5322611399900732e-09,978,490,244.625,32.625,iy490_ix978,83.25098406992728,False,False,True,259,66,False
Kabul,AF,34.52813,69.17233,4434550,0.3410787,2.441443503471476,-1.1962,False,-2.7802184407922652e-08,-4.553788189166373e-08,-1.028001900619313e-08,0.0,True,True,4434550,1798,0.3410787,True,372.2310180664063,347.0,2.441443503471476,62.74509247334692,34.10787,-1.1962,0.223,0.4367,-0.4067,-0.7521,-1.6329,0.3454,7.119544339759629e-07,False,sub-material decrease,-11.962,-1.1962,-2.780218440792265e-09,276,498,69.125,34.625,iy498_ix276,1025.692825014129,False,False,False,260,2,True
Erbil,IQ,36.19117,44.00943,1612700,0.1994300000000405,1.4190890363927906,-1.313,False,-3.4498440596081335e-08,-6.191109863237112e-08,-1.018387188205456e-08,0.0025,True,True,1612700,429,0.1994300000000405,True,343.24786376953125,648.0,1.4190890363927906,62.98119082862433,19.943000000004048,-1.313,0.4123,-0.5425,-1.1691,-1.4236,-0.7705,0.2545,8.064000658008629e-07,False,sub-material decrease,-13.129999999999999,-1.313,-3.4498440596081336e-09,176,504,44.125,36.125,iy504_ix176,476.44770420145267,False,False,False,261,57,True
Tashkent,UZ,41.26465,69.21627,1978028,0.170258,15.182726787212973,-1.8495,False,-1.6091052581911517e-07,-2.66971159432134e-07,-6.315944253534603e-08,0.0,True,True,1978028,424,0.170258,True,301.8589782714844,453.0,15.182726787212973,55.30665842023168,17.0258,-1.8495,0.2704,-1.5565,-0.8196,-0.6755,-0.293,-0.1441,2.6939658649995846e-06,False,sub-material decrease,-18.494999999999997,-1.8494999999999997,-1.6091052581911517e-08,276,525,69.125,41.375,iy525_ix276,1208.6388450358404,False,False,False,262,58,True
Santiago de Querétaro,MX,20.58806,-100.38806,1594212,0.1017961999998979,0.3356984817273769,-3.1198,False,-2.7608675705370773e-07,-4.498423934873231e-07,-1.1020909837811637e-07,0.0,True,True,1594212,1826,0.1017961999998979,True,283.23876953125,593.0,0.3356984817273769,57.65609446211876,10.179619999989791,-3.1198,0.3986,-2.0098,-1.0622,-0.7857,-1.11,-0.2765,2.7979482576912805e-06,False,sub-material decrease,-31.198,-3.1197999999999997,-2.7608675705370775e-08,1038,442,259.625,20.625,iy442_ix1038,306.28319396614313,False,False,False,263,64,True
Ankara,TR,39.91987,32.85427,3517182,0.1666255618933042,9.079118028534424,-2.1996,False,-5.260375942224583e-07,-8.558670136731087e-07,-2.076114534365986e-07,0.0,True,True,3517182,874,0.1666255618933042,True,432.7453308105469,400.0,9.079118028534424,47.80716762693401,16.66255618933042,-2.1996,0.2814,-1.5857,-0.6175,-0.5678,-0.6139,-0.0497,7.448007050467005e-06,False,sub-material decrease,-21.996000000000002,-2.1996,-5.260375942224583e-08,131,519,32.875,39.875,iy519_ix131,186.96808771755212,False,False,False,264,28,True
Çankaya,TR,39.9179,32.86268,792189,0.1666255618933042,0.5340657663844013,-2.1996,False,-7.44889846432645e-07,-1.2259773281186705e-06,-2.970004881385722e-07,0.0,True,True,792189,889,0.1666255618933042,True,451.9446411132813,400.0,0.5340657663844013,47.093533997494,16.66255618933042,-2.1996,0.2814,-1.5857,-0.6175,-0.5678,-0.6139,-0.0497,1.0546700209910275e-05,False,sub-material decrease,-21.996000000000002,-2.1996,-7.44889846432645e-08,131,519,32.875,39.875,iy519_ix131,187.6196617054322,False,False,False,264,28,True
Peshawar,PK,34.008,71.57849,4758762,0.2901222617456738,8.209353780422703,-2.2067,False,-9.310823135779052e-07,-1.5141309844905847e-06,-3.556942186080514e-07,0.0,True,True,4758762,340,0.2901222617456738,True,287.96417236328125,530.0,8.209353780422703,50.23090092866646,29.01222617456738,-2.2067,0.3566,-3.337,-0.7555,-1.4154,1.1303,0.6599,1.3142100944880229e-05,False,sub-material decrease,-22.067,-2.2067,-9.310823135779052e-08,286,496,71.625,34.125,iy496_ix286,1058.1824453972347,False,False,False,265,2,True
Ciudad Nezahualcoyotl,MX,19.40061,-99.01483,1077208,0.2175630999998143,5.684341886080804e-14,-2.4499,False,-1.0381060441043847e-06,-1.7119991033606754e-06,-4.0824295255614926e-07,0.0,True,True,1077208,2235,0.2175630999998143,True,198.61001586914065,648.0,5.684341886080803e-14,54.83326678530531,21.75630999998143,-2.4499,0.3631,-2.8498,-0.8774,-1.2293,0.3999,0.3519,1.3251017793287787e-05,False,sub-material decrease,-24.499,-2.4498999999999995,-1.0381060441043847e-07,1043,437,260.875,19.375,iy437_ix1043,239.0422072633566,False,False,False,266,64,True
Tijuana,MX,32.5027,-117.00371,1922523,0.1454692999529328,62.3941405355917,-0.0297,False,-1.151200746594928e-06,-8.61807277024217e-06,6.229961109227143e-06,0.812,False,False,1922523,97,0.1454692999529328,True,576.450927734375,266.0,62.3941405355917,11.304429362805186,14.54692999529328,-0.0297,0.132,-0.2916,-0.351,-0.3645,0.2619,0.0135,0.0011659267682605486,False,sub-material decrease,-0.297,-0.029699999999999997,-1.151200746594928e-07,971,490,242.875,32.625,iy490_ix971,11.304429362805186,True,True,True,267,66,False
Ecatepec de Morelos,MX,19.60492,-99.06064,1645352,0.1769872000143959,16.510261692225583,-2.4499,False,-1.288065626981514e-06,-2.104704539939585e-06,-4.990809217931159e-07,0.0,True,True,1645352,2306,0.1769872000143959,True,500.3542175292969,627.0,16.510261692225583,42.08730703197381,17.69872000143959,-2.4499,0.3631,-1.7893,-0.8774,-0.8314,-0.6606,-0.046,1.6441702495208754e-05,False,sub-material decrease,-24.499,-2.4498999999999995,-1.2880656269815142e-07,1043,438,260.875,19.625,iy438_ix1043,230.64213337061162,False,False,False,266,64,True
Lusaka,ZM,-15.40669,28.28713,2212301,0.0653223858044363,16.60181582360576,-1.4279,False,-1.2905227307220935e-06,-2.2945342255049898e-06,-3.150152492160321e-07,0.0045,True,True,2212301,1277,0.0653223858044363,True,315.5809936523437,818.0,16.60181582360576,42.70270298602353,6.532238580443631,-1.4279,0.51,-1.5846,-0.4488,-0.2302,0.1567,-0.2186,2.7791972952167508e-05,False,sub-material decrease,-14.279,-1.4279,-1.2905227307220934e-07,113,298,28.375,-15.375,iy298_ix113,810.4858203901521,False,False,False,268,67,True
Gustavo Adolfo Madero,MX,19.49392,-99.11075,1185772,0.208636099855132,14.023041123064049,-2.4499,False,-1.6414762387937892e-06,-2.708910760907068e-06,-6.398349213374255e-07,0.0,True,True,1185772,2284,0.208636099855132,True,467.4730529785156,648.0,14.023041123064049,42.26764365722688,20.8636099855132,-2.4499,0.3631,-2.8498,-0.8774,-1.2293,0.3999,0.3519,2.0952951171524775e-05,False,sub-material decrease,-24.499,-2.4498999999999995,-1.6414762387937892e-07,1043,437,260.875,19.375,iy437_ix1043,241.56134024366074,False,False,False,266,64,True
Los Angeles,US,34.05223,-118.24368,3820914,0.4290697,27.450980392156907,-0.0272,False,-1.986593470939321e-06,-2.124800784483157e-05,1.7076949560803635e-05,0.891,False,False,3820914,96,0.4290697,True,310.8283386230469,406.0,27.450980392156907,21.770203780158184,42.90697,-0.0272,0.1948,-1.4207,-0.6216,-0.9173,1.3935,0.2957,0.0021991142102822567,False,sub-material decrease,-0.27199999999999996,-0.027199999999999995,-1.986593470939321e-07,967,496,241.875,34.125,iy496_ix967,21.770203780158184,True,True,True,269,66,False
Rawalpindi,PK,33.59733,73.0479,3357612,0.3984775999894386,6.500343327992709,-1.9647,False,-2.02388264592984e-06,-3.374196933001512e-06,-7.959856320249399e-07,0.0,True,True,3357612,501,0.3984775999894386,True,265.31805419921875,947.0,6.500343327992709,48.5603920148053,39.84775999894386,-1.9647,0.2758,-3.425,-0.7493,-1.5925,1.4603,0.8432,3.195855593760266e-05,False,sub-material decrease,-19.647,-1.9646999999999997,-2.02388264592984e-07,292,494,73.125,33.625,iy494_ix292,1094.7000700450171,False,False,False,270,2,True
Gaziantep,TR,37.05944,37.3825,2222415,0.192733631962112,0.1220721751736277,-2.1107,False,-2.0395743919534905e-06,-3.30829799412355e-06,-7.805590673588195e-07,0.0,True,True,2222415,842,0.192733631962112,True,428.8000793457031,532.0,0.1220721751736277,43.13763314856911,19.2733631962112,-2.1107,0.3521,-1.5005,-1.0534,-0.78,-0.6102,-0.2734,3.0050663042978227e-05,False,sub-material decrease,-21.107,-2.1106999999999996,-2.0395743919534905e-07,149,508,37.375,37.125,iy508_ix149,109.57833642556155,False,False,False,271,28,True
Chaozhou,CN,23.65396,116.62262,1750945,0.0802770209793662,0.7171740291447577,-0.022,True,-2.0551410850402907e-06,-4.102121911110196e-05,3.375605471594736e-05,0.9235,False,False,1750945,23,0.0802770209793662,True,287.3603515625,1560.0,0.7171740291447577,25.946520627101503,8.02770209793662,-0.022,0.2848,0.017,0.3271,0.3496,-0.039,-0.0225,0.0028142120884351116,False,sub-material decrease,-0.21999999999999997,-0.021999999999999995,-2.0551410850402906e-07,466,454,116.625,23.625,iy454_ix466,25.946520627101503,False,True,True,154,8,False
Culiacán,MX,24.80209,-107.39421,808416,0.1008736010758394,19.94354161898224,-0.5729,False,-2.0974711869263264e-06,-3.849334304154958e-06,-6.063913344336484e-07,0.0015,True,True,808416,47,0.1008736010758394,True,375.4324951171875,638.0,19.94354161898224,34.02929276481546,10.08736010758394,-0.5729,0.1785,-0.0183,-0.1557,0.1865,-0.5546,-0.3422,0.00011100851823805163,False,sub-material decrease,-5.728999999999999,-0.5728999999999999,-2.0974711869263264e-07,1010,459,252.625,24.875,iy459_ix1010,34.02929276481546,False,True,True,272,68,True
Iztapalapa,MX,19.35529,-99.06224,1835486,0.2343617999998143,5.684341886080804e-14,-2.4499,False,-3.7128006164988185e-06,-5.999057356772325e-06,-1.4438530159135775e-06,0.0,True,True,1835486,2238,0.2343617999998143,True,186.9036407470703,648.0,5.684341886080803e-14,49.31674439288145,23.43617999998143,-2.4499,0.3631,-2.8498,-0.8774,-1.2293,0.3999,0.3519,4.7393939728248984e-05,False,sub-material decrease,-24.499,-2.4498999999999995,-3.7128006164988183e-07,1043,437,260.875,19.375,iy437_ix1043,246.02553892371517,False,False,False,266,64,True
Alīgarh,IN,27.88145,78.07464,753207,0.1183113748902241,6.424048218509199,-0.726,False,-4.293349599803528e-06,-1.1549577945672411e-05,1.993952718682647e-06,0.3225,False,False,753207,189,0.1183113748902241,True,234.1776428222656,803.0,6.424048218509199,38.97481484924177,11.83113748902241,-0.726,0.7144,-1.4393,-4.64,-4.7454,0.7133,0.1054,0.00017977560095657708,False,sub-material decrease,-7.26,-0.726,-4.293349599803528e-07,312,471,78.125,27.875,iy471_ix312,811.3815959239912,False,False,False,273,2,False
Ahvaz,IR,31.31901,48.6842,841145,0.2630809,14.328221560997974,-0.1475,False,-4.5536664083144045e-06,-1.4402410702187776e-05,4.714191225658201e-06,0.499,False,False,841145,23,0.2630809,True,210.4767303466797,254.0,14.328221560997974,30.53754593657927,26.30809,-0.1475,0.2078,-0.2421,-0.3143,-0.4201,0.0946,0.1058,0.0009302363362460756,False,sub-material decrease,-1.4749999999999999,-0.1475,-4.5536664083144047e-07,194,485,48.625,31.375,iy485_ix194,93.72631846612592,False,False,True,274,36,False
Santa Cruz de la Sierra,BO,-17.78629,-63.18117,1831434,0.2547707,1.5106431677729688,-0.9932,True,-4.5691481460386255e-06,-7.594745089395625e-06,-1.682403409471638e-06,0.0,True,True,1831434,433,0.2547707,True,268.4552001953125,1257.0,1.5106431677729688,42.13985582001263,25.47707,-0.9932,0.1743,-0.7232,0.0307,0.6729,-0.27,-0.6422,0.00014046733967149362,False,sub-material decrease,-9.932,-0.9932,-4.5691481460386257e-07,1187,288,296.875,-17.875,iy288_ix1187,756.2232418022392,False,False,False,275,69,True
Maoming,CN,21.66625,110.91364,1307802,0.0668608739610053,11.230640115968583,-0.0184,True,-6.469737210338181e-06,-0.0001312136000971,0.0001279543872335,0.9515,False,False,1307802,31,0.0668608739610053,True,287.4617614746094,1878.0,11.230640115968583,18.24871947576607,6.686087396100531,-0.0184,0.2618,-0.5476,0.2804,-0.1689,0.5292,0.4493,0.010676190802561011,False,sub-material decrease,-0.184,-0.0184,-6.469737210338181e-07,443,446,110.875,21.625,iy446_ix443,18.24871947576607,True,True,True,276,8,False
San Pedro Sula,HN,15.50585,-88.02588,801259,0.3644254999999999,14.0993362325475,-0.041,False,-9.045056744078246e-06,-3.6048466342922894e-05,1.6166682733552284e-05,0.6065,False,False,801259,90,0.3644254999999999,True,385.2497253417969,1646.0,14.0993362325475,19.502948465874848,36.44254999999999,-0.041,0.0781,0.5551,-0.0108,0.0889,-0.5961,-0.0997,0.006673964150721587,False,sub-material decrease,-0.41000000000000003,-0.041,-9.045056744078246e-07,1087,422,271.875,15.625,iy422_ix1087,23.359242959819955,True,True,True,277,32,False
Mexico City,MX,19.42847,-99.12766,12294193,0.2219640727916876,5.684341886080804e-14,-2.4499,False,-9.498860505506256e-06,-1.5587775004513678e-05,-3.7989064044121168e-06,0.0,True,True,12294193,2240,0.2219640727916876,True,212.8583984375,648.0,5.684341886080803e-14,43.43998910849127,22.19640727916876,-2.4499,0.3631,-2.8498,-0.8774,-1.2293,0.3999,0.3519,0.00012126131231742666,False,sub-material decrease,-24.499,-2.4498999999999995,-9.498860505506256e-07,1043,437,260.875,19.375,iy437_ix1043,247.01199533177515,False,False,False,266,64,True
Yerevan,AM,40.17765,44.5126,1144700,0.2668403281842528,13.778896772716903,-0.2119,False,-1.0340446264539603e-05,-2.9803519389473283e-05,8.19946965215963e-06,0.4405,False,False,1144700,1002,0.2668403281842528,True,409.4377136230469,366.0,13.778896772716903,22.49153647086504,26.68403281842528,-0.2119,0.2709,-0.881,-0.5269,-0.5169,0.6691,-0.01,0.001472756759294082,False,sub-material decrease,-2.119,-0.2119,-1.0340446264539604e-06,178,520,44.625,40.125,iy520_ix178,289.889748718652,False,False,False,278,28,False
Guatemala City,GT,14.64072,-90.51327,994938,0.7158972990198481,28.61066605630583,-0.2942,False,-1.2242415083635633e-05,-3.765156383778279e-05,1.1850376584762966e-05,0.458,False,False,994938,1508,0.7158972990198481,True,303.26348876953125,1286.0,28.61066605630583,27.688106183355178,71.58972990198481,-0.2942,0.4193,-2.223,-0.3598,-0.8584,1.9288,0.4986,0.001257323090425434,False,sub-material decrease,-2.942,-0.2942,-1.2242415083635633e-06,1077,418,269.375,14.625,iy418_ix1077,81.00143358576288,False,False,True,279,32,False
Sargodha,PK,32.08586,72.67418,975886,0.184708032842362,16.69336995498594,-1.1823,False,-1.3383785385165867e-05,-2.3378780716511515e-05,-4.683958086746289e-06,0.0,True,True,975886,187,0.184708032842362,True,224.9229888916016,400.0,16.69336995498594,34.150165997595764,18.4708032842362,-1.1823,0.2546,-2.3993,-0.6116,-0.9528,1.217,0.3412,0.0003467951619116838,False,sub-material decrease,-11.822999999999999,-1.1823,-1.3383785385165868e-06,290,488,72.625,32.125,iy488_ix290,942.7177827704197,False,False,False,280,2,True
Faisalabad,PK,31.41554,73.08969,3800193,0.2352902999999999,16.174563210498263,-2.1694,False,-1.6148091151211018e-05,-2.59428699413732e-05,-6.188443709814304e-06,0.0,True,True,3800193,186,0.2352902999999999,True,224.0375213623047,362.0,16.174563210498263,36.52755469068954,23.529029999999988,-2.1694,0.3425,-3.3433,-1.1876,-1.5407,1.1739,0.3531,0.00023175199113475672,False,sub-material decrease,-21.694,-2.1694,-1.614809115121102e-06,292,485,73.125,31.375,iy485_ix292,916.6603304646047,False,False,False,281,2,True
Lüliang,CN,37.5192,111.14436,3346500,0.08261043,0.1831082627604132,-1.9793,False,-1.640366162603918e-05,-2.6952506599491925e-05,-6.610182891997799e-06,0.0,True,True,3346500,959,0.08261043,True,405.2712707519531,492.0,0.1831082627604132,31.717494205758204,8.261042999999999,-1.9793,0.2225,-2.779,-1.5621,-1.9607,0.7997,0.3986,0.00025723097422806937,False,sub-material decrease,-19.793,-1.9792999999999998,-1.6403661626039178e-06,444,510,111.125,37.625,iy510_ix444,573.2936088579225,False,False,False,282,5,True
Naucalpan de Juárez,MX,19.47851,-99.23963,834434,0.2131674108778622,19.699397268635096,-2.4499,False,-1.7247795541052162e-05,-2.8743298789274497e-05,-6.756428245433805e-06,0.0,True,True,834434,2300,0.2131674108778622,True,398.6851806640625,880.0,19.699397268635096,32.02633587517517,21.31674108778622,-2.4499,0.3631,-2.8498,-0.8774,-1.2293,0.3999,0.3519,0.00022020336954396943,False,sub-material decrease,-24.499,-2.4498999999999995,-1.7247795541052162e-06,1043,437,260.875,19.375,iy437_ix1043,253.95102683005592,False,False,False,266,64,True
Meerut,IN,28.98002,77.70636,1223184,0.1854663015917488,7.84313725490199,-2.3689,False,-2.9525356371625216e-05,-5.579846699585178e-05,-5.803159131214348e-06,0.0215,True,True,1223184,228,0.1854663015917488,True,245.0377349853516,917.0,7.84313725490199,35.588906420345765,18.54663015917488,-2.3689,1.0105,-3.382,-8.4326,-8.3471,1.0131,-0.0855,0.00038938339209473936,False,sub-material decrease,-23.689,-2.3688999999999996,-2.9525356371625216e-06,310,475,77.625,28.875,iy475_ix310,886.5437487328056,False,False,False,283,2,False
Chandigarh,IN,30.73629,76.7884,970602,0.2426430999999998,5.61532005798432,-5.6908,False,-3.082547473202998e-05,-4.6989156038011776e-05,-1.262234826974209e-05,0.0,True,True,970602,351,0.2426430999999998,True,319.9261779785156,1008.0,5.61532005798432,37.932361302421846,24.26430999999998,-5.6908,0.7414,-6.3043,-6.6935,-6.981,0.6135,0.2875,0.00017858991877334218,False,sub-material decrease,-56.908,-5.6908,-3.0825474732029977e-06,307,482,76.875,30.625,iy482_ix307,1016.1879709863995,False,False,False,284,2,True
Bucharest,RO,44.43225,26.10626,1877155,0.3229623135362622,0.2899214160372594,-2.1168,False,-3.198525018772758e-05,-5.194403491787572e-05,-1.3047401301552488e-05,0.0,True,True,1877155,83,0.3229623135362622,True,267.0908203125,579.0,0.2899214160372594,35.102746784109364,32.29623135362622,-2.1168,0.2481,-0.5628,-0.7734,-0.2983,-1.554,-0.4751,0.00047014595361485537,False,sub-material decrease,-21.168,-2.1167999999999996,-3.1985250187727578e-06,104,537,26.125,44.375,iy537_ix104,198.4402255542589,False,False,False,285,70,True
Anshun,CN,26.25,105.93333,765313,0.101610587258357,0.1831082627604132,-0.2598,True,-3.289734126340777e-05,-8.37086298092159e-05,1.622475776468685e-05,0.3335,False,False,765313,1374,0.101610587258357,True,444.9998474121094,1189.0,0.1831082627604132,19.845735002664757,10.1610587258357,-0.2598,0.2624,-0.0422,0.4477,0.1177,-0.2176,0.33,0.003833614644064313,False,sub-material decrease,-2.598,-0.2598,-3.289734126340777e-06,423,464,105.875,26.125,iy464_ix423,543.8752760816359,False,False,False,286,5,False
Datong,CN,40.09361,113.29139,1850000,0.2004275999999999,4.1809719996948616,-0.7504,False,-3.378351124176497e-05,-5.7123486451394006e-05,-1.2431503136114845e-05,0.0,True,True,1850000,1054,0.2004275999999999,True,263.5890808105469,369.0,4.1809719996948616,28.052323729160864,20.04275999999999,-0.7504,0.1417,-1.2106,-0.6676,-0.9816,0.4602,0.314,0.0013707668878951834,False,sub-material decrease,-7.504,-0.7504,-3.378351124176497e-06,453,520,113.375,40.125,iy520_ix453,394.3964980984243,False,False,False,287,5,True
Gujranwala,PK,32.15567,74.18705,2511118,0.1442940429027946,17.807278553444746,-3.8148,False,-3.533074269846222e-05,-5.579101306513858e-05,-1.4867690872729045e-05,0.0,True,True,2511118,230,0.1442940429027946,True,230.1870574951172,585.0,17.807278553444746,34.60648428963618,14.42940429027946,-3.8148,0.3612,-5.6125,-1.5511,-2.0629,1.7977,0.5118,0.0002962394826117838,False,sub-material decrease,-38.147999999999996,-3.8147999999999995,-3.533074269846222e-06,296,488,74.125,32.125,iy488_ix296,1048.5651670898985,False,False,False,288,2,True
Amritsar,IN,31.62234,74.87534,1159227,0.2266374003158889,14.450293736171544,-6.1073,False,-5.011482914793282e-05,-7.79040712043593e-05,-2.1809871164705214e-05,0.0,True,True,1159227,244,0.2266374003158889,True,236.2508087158203,657.0,14.450293736171544,36.24051650161184,22.66374003158889,-6.1073,0.4179,-7.112,-2.5629,-3.0498,1.0047,0.4869,0.00027238489869164164,False,sub-material decrease,-61.07300000000001,-6.1073,-5.011482914793283e-06,299,486,74.875,31.625,iy486_ix299,1039.5151997803023,False,False,False,289,2,True
Nanjing,CN,32.06167,118.77778,9314685,0.058399089010373,8.865491721980675,-0.0253,True,-6.38610302273468e-05,-0.0007661967354288,0.0006612420659628,0.9035,False,False,9314685,22,0.058399089010373,True,239.25901794433597,1044.0,8.865491721980675,7.597868102461106,5.8399089010373,-0.0253,0.199,0.431,0.0669,-0.1281,-0.4563,0.195,0.08265960941279751,False,sub-material decrease,-0.253,-0.0253,-6.386103022734679e-06,475,488,118.875,32.125,iy488_ix475,79.43092602390773,False,False,True,290,5,False
Qujing,CN,25.48333,103.78333,1408500,0.1917821182272825,5.684341886080804e-14,-0.1679,True,-7.425047756744359e-05,-0.0002780649257559,2.4286128663675302e-17,0.6225,False,False,1408500,1887,0.1917821182272825,True,601.1237182617188,981.0,5.684341886080803e-14,11.376667567385027,19.17821182272825,-0.1679,0.3181,0.7393,0.2456,0.1475,-0.9072,0.0981,0.01349855968589292,False,sub-material decrease,-1.6789999999999998,-0.1679,-7.425047756744359e-06,415,461,103.875,25.375,iy461_ix415,575.7823431986553,False,False,False,291,5,False
Cochabamba,BO,-17.38195,-66.15995,841276,0.2752713000102564,0.0152590218967247,-1.3577,False,-0.0001074989858086,-0.0001804165887303,-4.060396653719591e-05,0.0,True,True,841276,2537,0.2752713000102564,True,283.78692626953125,836.0,0.0152590218967247,26.976166774381,27.52713000102564,-1.3577,0.2241,-1.8078,-0.188,-0.503,0.4501,0.315,0.0024375299502243427,False,sub-material decrease,-13.576999999999998,-1.3576999999999997,-1.074989858086e-05,1175,290,293.875,-17.375,iy290_ix1175,454.06383453729904,False,False,False,292,51,True
San Diego,US,32.71571,-117.16472,1404452,0.2093355109849011,13.656824597543334,-0.0297,False,-0.000112629316547,-0.0008413409075963,0.0005773998155393,0.783,False,False,1404452,20,0.2093355109849011,True,345.15380859375,301.0,13.656824597543334,1.0087655487028435,20.93355109849011,-0.0297,0.132,-0.2916,-0.351,-0.3645,0.2619,0.0135,0.13111305803156692,False,sub-material decrease,-0.297,-0.029699999999999997,-1.12629316547e-05,971,490,242.875,32.625,iy490_ix971,1.0087655487028435,True,True,True,267,66,False
Putian,CN,25.43944,119.01028,1539389,0.0725754700111157,1.6937514305333252,-0.1389,True,-0.0001160814337147,-0.0003430863121956,9.601594607911772e-05,0.4285,False,False,1539389,23,0.0725754700111157,True,454.3734130859375,1205.0,1.6937514305333252,9.506761385672382,7.257547001111569,-0.1389,0.1782,-0.1201,0.1341,0.0938,-0.0188,0.0403,0.025818356602224857,False,sub-material decrease,-1.389,-0.1389,-1.160814337147e-05,476,461,119.125,25.375,iy461_ix476,9.506761385672382,True,True,True,293,8,False
Milan,IT,45.46427,9.18951,1371498,0.0906286899990103,10.055695429922991,-1.7761,False,-0.0001163008848194,-0.0001946314980619,-4.3637031731898985e-05,0.0,True,True,1371498,127,0.0906286899990103,True,236.84722900390625,924.0,10.055695429922991,26.356962115957,9.062868999901031,-1.7761,0.3007,-2.0358,-0.7409,-0.8406,0.2597,0.0997,0.0020290022551299907,False,sub-material decrease,-17.761,-1.7760999999999998,-1.163008848194e-05,36,541,9.125,45.375,iy541_ix36,118.65811650148821,False,False,False,294,71,True
Karbala,IQ,32.61603,44.02488,1218732,0.1316135122730927,3.93682764934772,-0.5238,False,-0.0001279146362438,-0.0002407945510793,-3.165225261132366e-05,0.0065,True,True,1218732,32,0.1316135122730927,True,266.0051574707031,95.0,3.93682764934772,18.32849958572826,13.16135122730927,-0.5238,0.1895,-0.4228,-0.4631,-0.1755,-0.101,-0.2876,0.007452212232333978,False,sub-material decrease,-5.238,-0.5238,-1.279146362438e-05,176,490,44.125,32.625,iy490_ix176,464.32125082761866,False,False,False,295,57,True
Gurugram,IN,28.4601,77.02635,886519,0.245183804485506,5.706874189364498,-2.3689,False,-0.0001415826789553,-0.000271382421135,-2.7497169690217415e-05,0.013,True,True,886519,228,0.245183804485506,True,272.1584167480469,661.0,5.706874189364498,27.08891191930653,24.5183804485506,-2.3689,1.0105,-3.413,-8.4326,-8.4864,1.0441,0.0538,0.0018697660882393188,False,sub-material decrease,-23.689,-2.3688999999999996,-1.4158267895530001e-05,308,473,77.125,28.375,iy473_ix308,801.9513401942768,False,False,False,283,2,False
Abū Ghurayb,IQ,33.30563,44.18477,900000,0.0786549269613512,20.73701075761045,-0.8459,False,-0.0001523367858627,-0.0002689665148605,-4.045294125252053e-05,0.004,True,True,900000,42,0.0786549269613512,True,229.891357421875,146.0,20.73701075761045,17.7403234107251,7.865492696135119,-0.8459,0.2786,-0.8945,-0.5819,-0.3192,0.0486,-0.2627,0.005514152200465893,False,sub-material decrease,-8.459,-0.8459,-1.5233678586269998e-05,176,493,44.125,33.375,iy493_ix176,502.2576684144824,False,False,False,296,57,True
Xinyang,CN,32.12278,114.06556,1230042,0.05836012,0.686655985351365,-0.1653,False,-0.0001533313902071,-0.0004598741479754,0.0001338049415957,0.4405,False,False,1230042,89,0.05836012,True,239.5323028564453,1082.0,0.686655985351365,14.430962681166656,5.836012,-0.1653,0.2152,-0.4183,-0.0872,-0.1459,0.253,0.0587,0.028754863381546765,False,sub-material decrease,-1.653,-0.16529999999999997,-1.533313902071e-05,456,488,114.125,32.125,iy488_ix456,521.555222150145,False,False,False,297,5,False
Jalandhar,IN,31.32556,75.57917,868929,0.2688223032851797,8.682383459220318,-6.1073,False,-0.0001559091938008,-0.0002427801923025,-6.756998820772736e-05,0.0,True,True,868929,243,0.2688223032851797,True,234.9681854248047,672.0,8.682383459220318,32.012843260117485,26.88223032851797,-6.1073,0.4179,-6.651,-2.5629,-2.9958,0.5437,0.4329,0.0008477983053429679,False,sub-material decrease,-61.07300000000001,-6.1073,-1.559091938008e-05,302,485,75.625,31.375,iy485_ix302,1039.9521086698899,False,False,False,298,2,True
Bursa,TR,40.19559,29.06013,3101833,0.4104262999848779,2.1362630655375483,-1.8334,False,-0.0002096325866145,-0.0003562723065775,-7.945096041619885e-05,0.0,True,True,3101833,155,0.4104262999848779,True,534.7181396484375,600.0,2.1362630655375483,18.907002207839582,41.04262999848779,-1.8334,0.3156,-1.0709,-0.6268,-0.6349,-0.7625,0.0081,0.0035514111433837324,False,sub-material decrease,-18.334,-1.8334,-2.096325866145e-05,116,520,29.125,40.125,iy520_ix116,18.907002207839582,True,True,True,299,28,True
Jinjiang,CN,24.81978,118.57415,1416151,0.071012860000007,10.009918364232874,-0.1389,True,-0.0002218569216648,-0.0006651719334536,0.0001878833103089,0.4365,False,False,1416151,33,0.071012860000007,True,456.3364868164063,1112.0,10.009918364232874,4.433820347710244,7.101286000000701,-0.1389,0.1782,-0.0315,0.1341,0.22,-0.1074,-0.0859,0.05062822594008854,False,sub-material decrease,-1.389,-0.1389,-2.218569216648e-05,474,459,118.625,24.875,iy459_ix474,4.433820347710244,True,True,True,300,8,False
Huainan,CN,32.62639,116.99694,1666826,0.0631583100000002,11.459525444419056,-0.1504,False,-0.0002308977935756,-0.0006613655522774,0.0001799603731291,0.403,False,False,1666826,47,0.0631583100000002,True,436.29193115234375,897.0,11.459525444419056,4.074616659629847,6.315831000000021,-0.1504,0.1792,0.3828,-0.2336,-0.1598,-0.5332,-0.0738,0.048565813333243696,False,sub-material decrease,-1.504,-0.15039999999999998,-2.308977935756e-05,467,490,116.875,32.625,iy490_ix467,247.19976032888403,False,False,False,301,5,False
İzmir,TR,38.41273,27.13838,2938292,0.7108020999973488,90.42496375982302,-1.1472,False,-0.0002703422480119,-0.0004684167380123,-9.227558934960866e-05,0.0,True,True,2938292,122,0.7108020999973488,True,527.6024169921875,679.0,90.42496375982302,2.3178310335841,71.08020999973488,-1.1472,0.2766,-0.1793,-0.2008,0.0404,-0.9679,-0.2412,0.007263523014183003,False,sub-material decrease,-11.472,-1.1471999999999998,-2.7034224801189998e-05,108,513,27.125,38.375,iy513_ix108,2.3178310335841,True,True,True,302,28,True
Bahawalpur,PK,29.39779,71.6752,903795,0.1190218000000238,22.384985122453656,-0.1318,False,-0.0002729492771905,-0.0012489901208316,0.0006687955105099,0.679,False,False,903795,121,0.1190218000000238,True,218.0327911376953,136.0,22.384985122453656,6.163876555104304,11.90218000000238,-0.1318,0.3164,-0.6973,-0.4939,-0.7503,0.5655,0.2564,0.06676634589566421,False,sub-material decrease,-1.318,-0.1318,-2.729492771905e-05,286,477,71.625,29.375,iy477_ix286,665.9705025914461,False,False,False,303,2,False
Trujillo,PE,-8.11599,-79.02998,919899,0.6669608730816291,18.76859693293665,-0.166,True,-0.0002982185846655,-0.0005774184386381,-3.3486568258275434e-05,0.0475,True,True,919899,31,0.6669608730816291,True,292.241455078125,18.0,18.76859693293665,7.293542108476252,66.69608730816292,-0.166,0.0829,-0.1112,0.0841,0.1305,-0.0548,-0.0464,0.05737262951288018,False,sub-material decrease,-1.6600000000000001,-0.16599999999999998,-2.9821858466549998e-05,1123,327,280.875,-8.125,iy327_ix1123,7.293542108476252,True,True,True,304,72,False
Algiers,DZ,36.73225,3.08746,2364230,0.360220200010265,52.33844510566877,-0.3448,False,-0.0003050398441828,-0.0005143570435713,-0.0001120205104485,0.0,True,True,2364230,113,0.360220200010265,True,441.31878662109375,699.0,52.33844510566877,2.5318003149771924,36.0220200010265,-0.3448,0.059,1.2048,-0.2367,0.3976,-1.5496,-0.6343,0.027465969926421134,False,sub-material decrease,-3.448,-0.34479999999999994,-3.050398441828e-05,12,506,3.125,36.625,iy506_ix12,2.5318003149771924,True,True,True,305,73,True
Malatya,TR,38.35018,38.31667,750491,0.2950226995043289,0.8850232700084462,-1.8667,False,-0.0003126091903371,-0.0005327654926493,-0.0001068075362519,0.0,True,True,750491,963,0.2950226995043289,True,395.4807434082031,442.0,0.8850232700084462,19.097429352391543,29.50226995043289,-1.8667,0.4253,-1.9058,-0.8408,-0.9771,0.0391,0.1363,0.005212479887680773,False,sub-material decrease,-18.667,-1.8667,-3.126091903371e-05,153,513,38.375,38.375,iy513_ix153,253.4028862402439,False,False,False,306,28,True
Sofia,BG,42.69751,23.32415,1152556,0.2816335999999533,12.61921110856798,-2.487,False,-0.0003294000406889,-0.0005440296769141,-0.0001328204251581,0.0,True,True,1152556,562,0.2816335999999533,True,298.1591796875,616.0,12.61921110856798,21.31815767610219,28.16335999999533,-2.487,0.3286,-2.0065,-0.791,-0.6184,-0.4805,-0.1726,0.0041603511250150535,False,sub-material decrease,-24.87,-2.487,-3.294000406889e-05,93,530,23.375,42.625,iy530_ix93,214.77354339579594,False,False,False,307,70,True
Bengbu,CN,32.94083,117.36083,972784,0.0847586799999958,6.927595941100208,-0.0756,False,-0.0003342250636843,-0.0013091394337331,0.0005748197452756,0.606,False,False,972784,31,0.0847586799999958,True,232.01014709472656,825.0,6.927595941100208,4.665622431255438,8.47586799999958,-0.0756,0.1476,0.6272,-0.0883,-0.0279,-0.7028,-0.0604,0.1577664663164499,False,sub-material decrease,-0.756,-0.0756,-3.342250636843e-05,469,491,117.375,32.875,iy491_ix469,220.6940121983459,False,False,False,301,5,False
Kayseri,TR,38.73222,35.48528,1452458,0.1602327415417343,0.671396963454697,-3.4303,False,-0.0003388840098605,-0.0005384482264562,-0.0001406184876456,0.0,True,True,1452458,1054,0.1602327415417343,True,237.0069732666016,385.0,0.671396963454697,25.2353942423577,16.023274154173432,-3.4303,0.3211,-3.2454,-1.127,-1.0388,-0.1849,-0.0882,0.0031482191456256503,False,sub-material decrease,-34.303,-3.4302999999999995,-3.388840098605e-05,141,514,35.375,38.625,iy514_ix141,206.22774491313965,False,False,False,308,28,True
Huizhou,CN,23.11147,114.41523,2900113,0.0866846999999999,18.49393453879611,-0.0666,True,-0.0003771200649233,-0.0023433196503335,0.0015858234163735,0.8125,False,False,2900113,25,0.0866846999999999,True,333.48883056640625,1854.0,18.49393453879611,0.2290439187071343,8.66846999999999,-0.0666,0.2515,-0.3129,0.249,-0.0336,0.2463,0.2826,0.21742360677308598,False,sub-material decrease,-0.666,-0.06659999999999999,-3.771200649233e-05,457,452,114.375,23.125,iy452_ix457,44.76148478230771,False,True,True,309,8,False
Lima,PE,-12.04318,-77.02824,7737002,0.5729318000000077,8.041504539559014,-0.2668,True,-0.0004307030093199,-0.0008481933934658,-7.231655320688636e-05,0.0245,True,True,7737002,152,0.5729318000000077,True,326.41680908203125,22.0,8.041504539559014,8.338886876920188,57.29318000000077,-0.2668,0.1163,-0.2731,0.0638,0.0834,0.0063,-0.0196,0.05130402893254097,False,sub-material decrease,-2.6679999999999997,-0.2667999999999999,-4.307030093199e-05,1131,311,282.875,-12.125,iy311_ix1131,8.338886876920188,True,True,True,310,74,False
Tbilisi,GE,41.69143,44.83412,1049498,0.2589542,43.32036316472119,-0.59,False,-0.000482262754851,-0.0009315776647431,-6.32724690076167e-05,0.0375,True,True,1049498,433,0.2589542,True,537.6358032226562,591.0,43.32036316472119,1.715992670810635,25.89542,-0.59,0.2799,-0.16,-0.7275,-0.4009,-0.43,-0.3266,0.025422337319182007,False,sub-material decrease,-5.8999999999999995,-0.59,-4.8226275485100005e-05,179,526,44.875,41.625,iy526_ix179,254.23910820621737,False,False,False,311,28,False
Adana,TR,36.98615,35.32531,1816750,0.244605180957939,12.268253604943936,-3.1756,False,-0.0005665372238081,-0.0009055858770178,-0.0002289927560383,0.0,True,True,1816750,30,0.244605180957939,True,237.5637664794922,695.0,12.268253604943936,21.956628132559462,24.4605180957939,-3.1756,0.3614,-2.3949,-1.0629,-0.81,-0.7807,-0.2529,0.0056747011359794715,False,sub-material decrease,-31.756,-3.1755999999999998,-5.665372238081e-05,141,507,35.375,36.875,iy507_ix141,37.060671095516014,False,True,True,312,28,True
Budapest,HU,47.49835,19.04045,1741041,0.0753313029959833,39.71923399710079,-0.5819,False,-0.0006089050159503,-0.0010581943835471,-0.0001769050994264,0.001,True,True,1741041,104,0.0753313029959833,True,425.91802978515625,523.0,39.71923399710079,1.0130254947993622,7.53313029959833,-0.5819,0.1673,0.5409,-0.4685,-0.4416,-1.1228,-0.0269,0.03278393378109828,False,sub-material decrease,-5.819,-0.5819,-6.089050159503e-05,76,549,19.125,47.375,iy549_ix76,417.96981752283534,False,False,False,313,75,True
Quanzhou,CN,24.91389,118.58583,1469157,0.0701559140831337,5.935759517814915,-0.1389,True,-0.0006216479062742,-0.0018348755505674,0.000487004650798,0.4245,False,False,1469157,14,0.0701559140831337,True,282.0137634277344,1158.0,5.935759517814915,3.4805807584817794,7.0155914083133695,-0.1389,0.1782,-0.0315,0.1341,0.22,-0.1074,-0.0859,0.1603104550502151,False,sub-material decrease,-1.389,-0.1389,-6.216479062742e-05,474,459,118.625,24.875,iy459_ix474,3.4805807584817794,True,True,True,300,8,False
Guayaquil,EC,-2.19616,-79.88621,2723665,0.6265439059161264,10.299839780270132,-0.2419,True,-0.0006497006440756,-0.0013736761939493,5.753163707841513e-06,0.104,False,False,2723665,14,0.6265439059161264,True,600.0,1002.0,10.299839780270132,2.146082664993562,62.65439059161264,-0.2419,0.1448,-0.1361,0.1461,-0.0113,-0.1058,0.1574,0.08881018890459233,False,sub-material decrease,-2.419,-0.24189999999999998,-6.497006440756001e-05,1120,351,280.125,-2.125,iy351_ix1120,2.146082664993562,True,True,True,314,61,False
Yinchuan,CN,38.46806,106.27306,1487579,0.1974322000193669,13.992523079270654,-1.7919,False,-0.0006979767837894,-0.0011318619419471,-0.0002857498733156,0.0,True,True,1487579,1117,0.1974322000193669,True,228.0862274169922,192.0,13.992523079270654,16.630109896740148,19.74322000193669,-1.7919,0.1386,-1.8391,-0.884,-0.9696,0.0472,0.0856,0.01218976971649314,False,sub-material decrease,-17.919,-1.7919,-6.979767837894e-05,425,513,106.375,38.375,iy513_ix425,979.7047562058626,False,False,False,315,5,True
Najafgarh,IN,28.60922,76.97982,1365000,0.2602816118756782,3.7079423208972457,-6.5892,False,-0.0007532157173897,-0.0011857467973317,-0.0003209768532652,0.0,True,True,1365000,215,0.2602816118756782,True,234.36016845703125,621.0,3.7079423208972457,25.294214139545574,26.02816118756782,-6.5892,0.6815,-7.5738,-7.8468,-7.9604,0.9846,0.1136,0.0038349397902830385,False,sub-material decrease,-65.892,-6.589199999999999,-7.532157173896999e-05,307,474,76.875,28.625,iy474_ix307,813.7089142967565,False,False,False,283,2,True
Baotou,CN,40.6516,109.84389,2150000,0.1640915259445369,6.62241550316628,-1.46,False,-0.0007702065404044,-0.0012794852015627,-0.000306123870599,0.0,True,True,2150000,1064,0.1640915259445369,True,258.5539245605469,297.0,6.62241550316628,15.137723399665887,16.40915259445369,-1.46,0.175,-1.8722,-0.7785,-0.9869,0.4122,0.2084,0.016489428415869072,False,sub-material decrease,-14.6,-1.4599999999999997,-7.702065404044e-05,439,522,109.875,40.625,iy522_ix439,692.5093844356404,False,False,False,316,5,True
Sialkot,PK,32.49268,74.53134,911817,0.2226351088871861,6.042572671091818,-3.8148,False,-0.0007796467880671,-0.0012732168507318,-0.0003230324885508,0.0,True,True,911817,250,0.2226351088871861,True,252.8179931640625,868.0,6.042572671091818,21.967043960570752,22.26351088871861,-3.8148,0.3612,-5.2287,-1.5511,-2.0478,1.4139,0.4967,0.006573524843004508,False,sub-material decrease,-38.147999999999996,-3.8147999999999995,-7.796467880671001e-05,298,489,74.625,32.375,iy489_ix298,1097.76763277686,False,False,False,288,2,True
Erzurum,TR,39.90861,41.27694,767848,0.3338670945674483,0.5798428320745188,-0.781,False,-0.0008920058235072,-0.0017476022308302,-9.38045852690119e-05,0.049,True,True,767848,1914,0.3338670945674483,True,477.9228515625,478.0,0.5798428320745188,8.1118468446616,33.38670945674483,-0.781,0.3895,-0.8199,-0.4457,0.008,0.0389,-0.4537,0.036010884371806745,False,sub-material decrease,-7.8100000000000005,-0.781,-8.920058235072e-05,165,519,41.375,39.875,iy519_ix165,139.99943313970593,False,False,False,317,28,False
Wuhu,CN,31.35259,118.42947,1598165,0.0523950000000047,0.0610360875868423,-0.3578,True,-0.0009051439761154,-0.00212743052924,0.0001553058966943,0.206,False,False,1598165,9,0.0523950000000047,True,220.00238037109372,1156.0,0.0610360875868423,9.887412838679904,5.23950000000047,-0.3578,0.2857,0.1081,0.0861,-0.4312,-0.4659,0.5173,0.08328247980974642,False,sub-material decrease,-3.5780000000000003,-0.35780000000000006,-9.051439761154e-05,473,485,118.375,31.375,iy485_ix473,145.54786706301556,False,False,False,318,5,False
Köln,DE,50.93333,6.95,1024621,0.071448900103232,20.40131227588313,-0.2829,False,-0.0009606448421492,-0.0021828353392496,0.0001066657107355,0.1635,False,False,1024621,58,0.071448900103232,True,310.1999206542969,745.0,20.40131227588313,1.0260347523658857,7.1448900103232,-0.2829,0.2091,-0.345,-0.2657,-0.2154,0.0621,-0.0503,0.11573837734568049,False,sub-material decrease,-2.8289999999999997,-0.28289999999999993,-9.606448421492e-05,27,563,6.875,50.875,iy563_ix27,187.21509890200605,False,False,False,319,76,False
Vienna,AT,48.20849,16.37208,1691468,0.0797164551533543,11.062790875104952,-0.538,False,-0.0009995313420966,-0.0018493210557953,-0.0002742804008959,0.001,True,True,1691468,193,0.0797164551533543,True,373.5909118652344,572.0,11.062790875104952,4.038805725414847,7.971645515335429,-0.538,0.1768,-0.3626,-0.5022,-0.4601,-0.1754,-0.0421,0.059810513091459086,False,sub-material decrease,-5.380000000000001,-0.538,-9.995313420966001e-05,65,552,16.375,48.125,iy552_ix65,341.4981118222955,False,False,False,320,75,True
Fes,MA,34.03313,-5.00028,1191905,0.217885838432581,22.09506370641645,-1.5972,False,-0.0011678201209472,-0.0018875402084058,-0.0004854730630471,0.0,True,True,1191905,406,0.217885838432581,True,349.4361572265625,559.0,22.09506370641645,9.304042507932788,21.7885838432581,-1.5972,0.1105,-0.3389,-0.415,0.1624,-1.2583,-0.5774,0.023050461351764893,False,sub-material decrease,-15.972,-1.5972,-0.00011678201209472,1419,496,354.875,34.125,iy496_ix1419,134.72040668480204,False,False,False,321,59,True
Oran,DZ,35.69906,-0.63588,803329,0.35129380212298,32.42542153047992,-0.9452,False,-0.0011892114031741,-0.0019511476856671,-0.0004825635113866,0.0,True,True,803329,118,0.35129380212298,True,469.12841796875,364.0,32.42542153047992,2.3825713674305344,35.129380212298,-0.9452,0.088,-0.1689,-0.3276,0.1854,-0.7763,-0.513,0.0399269411081834,False,sub-material decrease,-9.452,-0.9451999999999999,-0.00011892114031740999,1437,502,359.375,35.625,iy502_ix1437,2.3825713674305344,True,True,True,322,77,True
Sadr City,IQ,33.3889,44.4583,1211849,0.08109344,14.05355916685744,-0.8459,False,-0.0012193354934096,-0.0022528382921374,-0.0003308124415848,0.0015,True,True,1211849,39,0.08109344,True,229.61187744140625,162.0,14.05355916685744,8.401801457459626,8.109344,-0.8459,0.2786,-0.8945,-0.5819,-0.3192,0.0486,-0.2627,0.0459556637075838,False,sub-material decrease,-8.459,-0.8459,-0.00012193354934096001,177,493,44.375,33.375,iy493_ix177,491.07845561578824,False,False,False,296,57,True
Rome,IT,41.89193,12.51133,2318895,0.1219487,22.308690012970203,-0.4269,False,-0.0013312110117336,-0.0025592423348869,-0.0002556384910843,0.0185,True,True,2318895,52,0.1219487,True,282.4848022460937,760.0,22.308690012970203,3.0196185810197647,12.19487,-0.4269,0.1833,1.0733,-0.0673,0.8242,-1.5002,-0.8915,0.10524733525847707,False,sub-material decrease,-4.269,-0.42689999999999995,-0.00013312110117336002,50,527,12.625,41.875,iy527_ix50,25.221986745636492,False,True,True,323,78,False
Rabat,MA,34.01325,-6.83255,1655753,0.0716719748318391,40.05493247882811,-1.5122,False,-0.0013672601883325,-0.0022683023972634,-0.0005635135417278,0.0,True,True,1655753,46,0.0716719748318391,True,361.2696228027344,519.0,40.05493247882811,3.0863421126778765,7.16719748318391,-1.5122,0.1139,-0.4886,-0.3576,0.1801,-1.0236,-0.5377,0.028621147036968168,False,sub-material decrease,-15.122,-1.5121999999999998,-0.00013672601883325,1412,496,353.125,34.125,iy496_ix1412,3.0863421126778765,True,True,True,324,59,True
Ghāziābād,IN,28.66535,77.43915,1199191,0.2054343120910291,5.188067444876822,-2.3689,False,-0.0015027174288339,-0.0026870973454081,-0.0002799456369703,0.019,True,True,1199191,214,0.2054343120910291,True,221.97930908203125,789.0,5.188067444876822,17.451651417204314,20.54343120910291,-2.3689,1.0105,-3.5531,-8.4326,-8.4999,1.1842,0.0673,0.020188079663785972,False,sub-material decrease,-23.689,-2.3688999999999996,-0.00015027174288339,309,474,77.375,28.625,iy474_ix309,842.9865324204017,False,False,False,283,2,False
Zapopan,MX,20.72111,-103.38742,1476491,0.1116775796298197,25.78774700541697,-1.65,False,-0.0015278527572131,-0.0026180225730679,-0.0005501823259167,0.0,True,True,1476491,1565,0.1116775796298197,True,363.3905944824219,861.0,25.78774700541697,6.832237292742613,11.16775796298197,-1.65,0.3197,-0.948,-0.5493,-0.2477,-0.702,-0.3016,0.029397147435245723,False,sub-material decrease,-16.5,-1.65,-0.00015278527572131,1026,442,256.625,20.625,iy442_ix1026,192.36404833476738,False,False,False,325,64,True
Callao,PE,-12.05162,-77.13452,1300000,0.5972655999999986,5.684341886080804e-14,-0.2668,True,-0.0015812622489771,-0.0031700957272176,-0.0002894820556845,0.0245,True,True,1300000,5,0.5972655999999986,True,283.4322509765625,22.0,5.684341886080803e-14,2.6418648431257825,59.72655999999986,-0.2668,0.1163,-0.2731,0.0638,0.0834,0.0063,-0.0196,0.23242824210874458,False,sub-material decrease,-2.6679999999999997,-0.2667999999999999,-0.00015812622489771,1131,311,282.875,-12.125,iy311_ix1131,2.6418648431257825,True,True,True,310,74,False
Belgrade,RS,44.80401,20.46513,1273651,0.1254296751815343,41.76394293125816,-1.5542,False,-0.0015988441037686,-0.0026410700836102,-0.0006020328219734,0.0,True,True,1273651,120,0.1254296751815343,True,421.4849853515625,675.0,41.76394293125816,2.018777414849737,12.54296751815343,-1.5542,0.2528,-1.4568,-0.6621,-0.5002,-0.0974,-0.1619,0.03271705034237684,False,sub-material decrease,-15.542,-1.5542,-0.00015988441037686,81,539,20.375,44.875,iy539_ix81,295.06946459349314,False,False,False,326,79,True
Valencia,ES,39.47391,-0.37966,824340,0.0695070899995153,9.674219882505554,-0.483,False,-0.0017649770510182,-0.0030276464699829,-0.0005990059938588,0.0,True,True,824340,10,0.0695070899995153,True,227.96429443359372,427.0,9.674219882505554,4.272835929379792,6.95070899995153,-0.483,0.1085,-0.9002,-0.1835,-0.2519,0.4172,0.0684,0.1263657683060338,False,sub-material decrease,-4.83,-0.483,-0.00017649770510182,1438,517,359.625,39.375,iy517_ix1438,4.272835929379792,True,True,True,327,80,True
Naples,IT,40.85216,14.26811,909048,0.1617050012910862,0.5951018539711868,-0.3455,False,-0.0017659817446177,-0.0034909986258976,-0.0002052574509794,0.04,True,True,909048,14,0.1617050012910862,True,375.1390075683594,954.0,0.5951018539711868,1.492898685712159,16.17050012910862,-0.3455,0.1715,-0.758,-0.1218,0.0659,0.4125,-0.1877,0.19023174659801528,False,sub-material decrease,-3.4549999999999996,-0.3455,-0.00017659817446177,57,523,14.375,40.875,iy523_ix57,1.492898685712159,True,True,True,328,78,False
Al Mawşil al Jadīdah,IQ,36.33271,43.10555,2065597,0.1837698,22.247653925383418,-1.2638,False,-0.001774579880605,-0.0031202558218043,-0.0004885908602784,0.001,True,True,2065597,239,0.1837698,True,412.71783447265625,463.0,22.247653925383418,3.827131002888901,18.37698,-1.2638,0.4007,-0.5771,-1.2391,-1.3774,-0.6867,0.1383,0.04500623284822583,False,sub-material decrease,-12.638,-1.2637999999999998,-0.00017745798806050001,172,505,43.125,36.375,iy505_ix172,546.2645412115232,False,False,False,329,57,True
Istanbul,TR,41.01384,28.94966,15701602,0.4327548,2.6398107881285,-0.273,False,-0.0017871685276213,-0.0040680138338839,0.0003848638543282,0.219,False,False,15701602,39,0.4327548,True,350.5603332519531,718.0,2.6398107881285,0.5690703834498371,43.27548,-0.273,0.2152,0.9787,-0.1944,-0.0485,-1.2517,-0.1459,0.2697860120091842,False,sub-material decrease,-2.7300000000000004,-0.273,-0.00017871685276213,115,524,28.875,41.125,iy524_ix115,0.5690703834498371,True,True,True,330,28,False
Fuzhou,CN,26.06139,119.30611,3740000,0.051719552891057,6.744487678339851,-0.3311,True,-0.0019431239035406,-0.0047462480917001,0.0005248478189355,0.2345,False,False,3740000,14,0.051719552891057,True,245.52935791015625,1374.0,6.744487678339851,2.5539335553755724,5.1719552891057,-0.3311,0.279,-0.2448,0.2512,-0.0379,-0.0863,0.2891,0.22937965634004787,False,sub-material decrease,-3.311,-0.3311,-0.00019431239035405998,477,464,119.375,26.125,iy464_ix477,2.5539335553755724,True,True,True,331,8,False
Fuyang,CN,32.9,115.81667,1768947,0.06560592,3.8452735179675415,-0.3122,False,-0.0020405435224123,-0.004374364646277,7.37581042206112e-06,0.1015,False,False,1768947,31,0.06560592,True,196.7847900390625,855.0,3.8452735179675415,3.0721340287966603,6.560592,-0.3122,0.1913,0.0742,-0.1854,-0.2159,-0.3864,0.0305,0.2692389500801895,False,sub-material decrease,-3.122,-0.3122,-0.00020405435224123,463,491,115.875,32.875,iy491_ix463,360.62236970725553,False,False,False,332,5,False
Rajshahi,BD,24.374,88.60114,763580,0.127690699939077,5.684341886080804e-14,-0.5335,False,-0.0021503134704165,-0.0068592905408669,2.220446049250313e-16,0.4295,False,False,763580,23,0.127690699939077,True,235.15640258789065,1474.0,5.684341886080803e-14,8.642371791434504,12.7690699939077,-0.5335,0.6972,-1.0145,-0.8691,-1.3677,0.481,0.4986,0.14196571924355006,False,sub-material decrease,-5.335,-0.5335,-0.00021503134704165,354,457,88.625,24.375,iy457_ix354,195.63163033793506,False,False,False,333,2,False
Antalya,TR,36.90812,30.69556,1335002,0.2329981000000742,5.684341886080804e-14,-0.3999,False,-0.0021886002904899,-0.0043491335527832,-0.0002732846968439,0.0465,True,True,1335002,61,0.2329981000000742,True,337.7432861328125,741.0,5.684341886080803e-14,2.047429226417349,23.29981000000742,-0.3999,0.2019,0.3471,-0.1848,0.4465,-0.747,-0.6313,0.2084369065286542,False,sub-material decrease,-3.9989999999999997,-0.3999,-0.00021886002904899002,122,507,30.625,36.875,iy507_ix122,2.047429226417349,True,True,True,334,28,False
Jiujiang,CN,29.70475,116.00206,1164268,0.09921758,1.144426642252256,-0.9236,True,-0.0022378165702468,-0.0044801322025249,-0.0001805872682601,0.062,True,True,1164268,41,0.09921758,True,478.6948852539063,1415.0,1.144426642252256,4.377298825555467,9.921758,-0.9236,0.5102,0.0132,0.2529,0.2093,-0.9368,0.0436,0.08012614447170961,False,sub-material decrease,-9.236,-0.9236000000000001,-0.00022378165702468,464,478,116.125,29.625,iy478_ix464,403.08891956425464,False,False,False,335,5,False
Baghdad,IQ,33.34058,44.40088,7216000,0.080273361037564,15.10643167772946,-0.8459,False,-0.0022428271673237,-0.0040484601641921,-0.0005772699298073,0.0015,True,True,7216000,41,0.080273361037564,True,312.2768859863281,162.0,15.10643167772946,1.939212298038724,8.027336103756399,-0.8459,0.2786,-0.8945,-0.5819,-0.3192,0.0486,-0.2627,0.08835744888931547,False,sub-material decrease,-8.459,-0.8459,-0.00022428271673236998,177,493,44.375,33.375,iy493_ix177,490.8381793961381,False,False,False,296,57,True
Tangier,MA,35.76727,-5.79975,1035141,0.2055809999960579,2.441443503471476,-0.385,False,-0.0023111798347327,-0.0038695817045767,-0.0008934101483922,0.0,True,True,1035141,20,0.2055809999960579,True,265.04656982421875,818.0,2.441443503471476,3.107309122440449,20.55809999960579,-0.385,0.0514,-0.7302,-0.1852,0.105,0.3452,-0.2902,0.2370975303798771,False,sub-material decrease,-3.85,-0.38499999999999995,-0.00023111798347327,1416,503,354.125,35.875,iy503_ix1416,3.107309122440449,True,True,True,336,59,True
Salé,MA,34.0531,-6.79846,972299,0.0743428500016187,23.20897230487526,-1.5122,False,-0.0023555736187819,-0.0038641278465221,-0.0009695452317892,0.0,True,True,972299,34,0.0743428500016187,True,375.8569946289063,519.0,23.20897230487526,2.64350922087538,7.43428500016187,-1.5122,0.1139,-0.4886,-0.3576,0.1801,-1.0236,-0.5377,0.050385890023949984,False,sub-material decrease,-15.122,-1.5121999999999998,-0.00023555736187819,1412,496,353.125,34.125,iy496_ix1412,2.6435092208753797,True,True,True,324,59,True
Dera Ismail Khan,PK,31.83129,70.9017,763195,0.2558566188558271,18.8448920424201,-0.7912,False,-0.0025807271329828,-0.0042516121400004,-0.0008994970944913,0.0,True,True,763195,177,0.2558566188558271,True,201.0021514892578,246.0,18.8448920424201,6.302280692276117,25.58566188558271,-0.7912,0.1698,-1.8161,-0.2921,-0.5372,1.0249,0.2451,0.11136166549506284,False,sub-material decrease,-7.912,-0.7911999999999999,-0.00025807271329827996,283,487,70.875,31.875,iy487_ix283,818.3143717477113,False,False,False,337,2,True
Wuzhong,CN,37.9867,106.201,7202654,0.1972265914121957,20.73701075761045,-0.7714,False,-0.0029932514957789,-0.004984272778288,-0.0011516684455915,0.0,True,True,7202654,1133,0.1972265914121957,True,217.73866271972656,220.0,20.73701075761045,3.640405239119404,19.72265914121957,-0.7714,0.1244,-0.7949,-0.4875,-0.5958,0.0235,0.1083,0.1361601080334201,False,sub-material decrease,-7.7139999999999995,-0.7714,-0.00029932514957789,424,511,106.125,37.875,iy511_ix424,991.6090929263705,False,False,False,338,5,True
Narela,IN,28.85267,77.09288,800000,0.2424865001761759,5.142290379186704,-2.3689,False,-0.0030309944519241,-0.005544488407111,-0.0005864615662208,0.016,True,True,800000,219,0.2424865001761759,True,298.9594116210937,658.0,5.142290379186704,10.981015819752884,24.24865001761759,-2.3689,1.0105,-3.5531,-8.4326,-8.4999,1.1842,0.0673,0.041559937877700355,False,sub-material decrease,-23.689,-2.3688999999999996,-0.00030309944519241,308,475,77.125,28.875,iy475_ix308,842.5948372736583,False,False,False,283,2,False
Zhongwei,CN,37.51129,105.19067,1174600,0.2145857,22.308690012970203,-0.7714,False,-0.0030726814569047,-0.0052376337872752,-0.0011620013187897,0.0,True,True,1174600,1227,0.2145857,True,231.5487365722656,195.0,22.308690012970203,2.7071899826771264,21.45857,-0.7714,0.1244,-0.8772,-0.4875,-0.5921,0.1058,0.1046,0.14045660976925914,False,sub-material decrease,-7.7139999999999995,-0.7714,-0.00030726814569047,420,510,105.125,37.625,iy510_ix420,1087.5946877633924,False,False,False,339,5,True
Rohini,IN,28.74322,77.06778,860000,0.2509831,3.7232013427939705,-2.3689,False,-0.0031157366630228,-0.0055608427013886,-0.0005994433806034,0.0185,True,True,860000,216,0.2509831,True,226.6600799560547,662.0,3.7232013427939705,13.716744392586502,25.09831,-2.3689,1.0105,-3.5531,-8.4326,-8.4999,1.1842,0.0673,0.04277204552534445,False,sub-material decrease,-23.689,-2.3688999999999996,-0.00031157366630228,308,474,77.125,28.625,iy474_ix308,830.8999064237792,False,False,False,283,2,False
Anqing,CN,30.51365,117.04723,804493,0.0734550466256087,5.684341886080804e-14,-0.6228,True,-0.0032250734790999,-0.0069603266215168,3.3306690738754696e-16,0.124,False,False,804493,19,0.0734550466256087,True,327.2950439453125,1499.0,5.684341886080803e-14,2.890169741685439,7.34550466256087,-0.6228,0.4081,0.1789,0.185,-0.0196,-0.8017,0.2046,0.19421839173042857,False,sub-material decrease,-6.228,-0.6227999999999999,-0.00032250734790999,468,482,117.125,30.625,iy482_ix468,299.47439343765177,False,False,False,340,5,False
Niigata,JP,37.92259,139.04125,797591,0.2601448673891304,5.684341886080804e-14,-0.4162,False,-0.0034359910290833,-0.0061704708228575,-0.0010020278703774,0.001,True,True,797591,1,0.2601448673891304,True,194.5,1922.0,5.684341886080803e-14,3.067905673733997,26.01448673891304,-0.4162,0.1208,-0.6525,-0.2258,-0.2627,0.2363,0.0369,0.5473504769314488,False,sub-material decrease,-4.162,-0.41619999999999996,-0.00034359910290832996,556,511,139.125,37.875,iy511_ix556,3.067905673733997,True,True,True,341,1,True
San Francisco,US,37.77493,-122.41942,827526,0.414144,6.530861371786102,-0.6298,False,-0.0037395549434221,-0.0078360229018302,-0.0001859330755958,0.074,True,True,827526,28,0.414144,True,285.6695251464844,783.0,6.530861371786102,2.871752612667218,41.4144,-0.6298,0.3521,-0.7848,-0.3195,-0.1985,0.155,-0.121,0.2341235220522893,False,sub-material decrease,-6.298,-0.6297999999999999,-0.00037395549434221,950,511,237.625,37.875,iy511_ix950,2.871752612667218,True,True,True,342,30,False
Guadalajara,MX,20.67738,-103.34749,1385629,0.1157240041523691,0.106813153276903,-1.65,False,-0.0037921671925452,-0.0063788784594663,-0.0013566773495619,0.0,True,True,1385629,1546,0.1157240041523691,True,277.2016906738281,861.0,0.106813153276903,8.683764003819196,11.57240041523691,-1.65,0.3197,-0.948,-0.5493,-0.2477,-0.702,-0.3016,0.07649189849788098,False,sub-material decrease,-16.5,-1.65,-0.00037921671925452,1026,442,256.625,20.625,iy442_ix1026,196.3675702995357,False,False,False,325,64,True
Mosul,IQ,36.335,43.11889,1683000,0.1837698,15.73205157549404,-1.2638,False,-0.003823520628428,-0.0067303943940812,-0.0010362661211535,0.0025,True,True,1683000,228,0.1837698,True,336.7250366210937,534.0,15.73205157549404,2.635228999131869,18.37698,-1.2638,0.4007,-0.5771,-1.2391,-1.3774,-0.6867,0.1383,0.10299207503757257,False,sub-material decrease,-12.638,-1.2637999999999998,-0.0003823520628428,172,505,43.125,36.375,iy505_ix172,545.0557627389962,False,False,False,329,57,True
Pest,HU,47.5,19.08333,1001748,0.07254013,6.62241550316628,-0.5819,False,-0.0038863109117462,-0.006880978777887,-0.0011959561149553,0.0015,True,True,1001748,113,0.07254013,True,184.59002685546875,523.0,6.62241550316628,2.255203042932137,7.254013,-0.5819,0.1673,0.1096,-0.4685,-0.4398,-0.6915,-0.0287,0.27959835724024273,False,sub-material decrease,-5.819,-0.5819,-0.00038863109117462,76,549,19.125,47.375,iy549_ix76,420.6259584508852,False,False,False,313,75,True
Bayan Nur,CN,40.74143,107.38599,1760000,0.1635738308048777,9.277485313191448,-1.1558,False,-0.0042411337674424,-0.0072119275960323,-0.0016960185757149,0.0,True,True,1760000,1041,0.1635738308048777,True,202.82696533203125,147.0,9.277485313191448,6.001112074112899,16.357383080487768,-1.1558,0.1397,-1.2793,-0.6962,-0.7329,0.1235,0.0367,0.12822535365402382,False,sub-material decrease,-11.558,-1.1558,-0.00042411337674423997,429,522,107.375,40.625,iy522_ix429,896.9539671163469,False,False,False,343,5,True
Rangpur,BD,25.74664,89.25166,1031388,0.2707102941607577,2.4719615472648684,-1.0354,False,-0.0051411198019189,-0.0112239080686437,0.0005236888568471,0.1485,False,False,1031388,36,0.2707102941607577,True,205.86761474609372,2340.0,2.4719615472648684,11.447750903358232,27.07102941607577,-1.0354,0.7229,-1.6266,-1.4447,-1.881,0.5912,0.4363,0.1849507700859311,False,sub-material decrease,-10.354000000000001,-1.0354,-0.0005141119801918899,357,462,89.375,25.625,iy462_ix357,270.54707284113647,False,False,False,344,2,False
Diyarbakır,TR,37.91363,40.21721,1833684,0.1193813,6.530861371786102,-1.6686,False,-0.0055730278091667,-0.0098053716123281,-0.0017653521782096,0.0,True,True,1833684,674,0.1193813,True,332.98101806640625,527.0,6.530861371786102,2.866205764274273,11.93813,-1.6686,0.4348,-0.9039,-0.9093,-0.7203,-0.7647,-0.189,0.1158971347607523,False,sub-material decrease,-16.686,-1.6686,-0.0005573027809166701,160,511,40.125,37.875,iy511_ix160,334.4560483732396,False,False,False,345,28,True
Turin,IT,45.07049,7.68682,847287,0.114485601526381,18.58548867017629,-1.5459,False,-0.0058121023331525,-0.009701945002112,-0.0021619729666763,0.0,True,True,847287,245,0.114485601526381,True,310.64501953125,800.0,18.58548867017629,1.4599486990328332,11.4485601526381,-1.5459,0.2765,-1.0445,-0.5834,-0.2752,-0.5014,-0.3082,0.1326629461536492,False,sub-material decrease,-15.459,-1.5459,-0.00058121023331525,30,540,7.625,45.125,iy540_ix30,105.13715676565238,False,False,False,346,71,True
Puebla,MX,19.04778,-98.20723,1692181,0.2727666710441241,12.4208438239109,-1.7035,False,-0.006715498408346,-0.0112416530416738,-0.0023980009057791,0.0,True,True,1692181,2166,0.2727666710441241,True,329.80419921875,825.0,12.4208438239109,3.050559328384657,27.27666710441241,-1.7035,0.3539,-1.4862,-0.6813,-0.958,-0.2173,0.2767,0.14059634158214776,False,sub-material decrease,-17.035,-1.7035,-0.0006715498408346,1047,436,261.875,19.125,iy436_ix1047,200.868183667313,False,False,False,347,64,True
Seattle,US,47.60621,-122.33207,780995,0.3056356000013193,6.8513008316166975,-1.0623,True,-0.0067245943704312,-0.0120283033292774,-0.0017603242673745,0.0035,True,True,780995,56,0.3056356000013193,True,327.0,1004.0,6.8513008316166975,1.0029095226957891,30.56356000013193,-1.0623,0.3715,-0.8458,0.0478,0.0463,-0.2165,0.0015,0.2586282815817057,False,sub-material decrease,-10.623000000000001,-1.0623,-0.00067245943704312,950,550,237.625,47.625,iy550_ix950,1.0029095226957891,True,True,True,348,81,True
Srinagar,IN,34.08565,74.80555,1206419,0.3927438,3.006027313649213,-2.9142,False,-0.0086285932427188,-0.013873612663999,-0.0035178658510327,0.0,True,True,1206419,1589,0.3927438,True,228.3923797607422,749.0,3.006027313649213,10.122732983789488,39.27438,-2.9142,0.3046,-2.9146,-1.1159,-1.7036,0.0004,0.5877,0.10302442171791876,False,sub-material decrease,-29.142000000000003,-2.9142,-0.0008628593242718801,299,496,74.875,34.125,iy496_ix299,1240.8147436561674,False,False,False,349,2,True
Faridabad,IN,28.41124,77.31316,1414050,0.2051115996711991,0.686655985351365,-2.3689,False,-0.0096483135253369,-0.01813399919476,-0.0018341115807303,0.0205,True,True,1414050,209,0.2051115996711991,True,213.6325225830078,706.0,0.686655985351365,7.956696361421535,20.51115996711991,-2.3689,1.0105,-3.413,-8.4326,-8.4864,1.0441,0.0538,0.1475423603360455,False,sub-material decrease,-23.689,-2.3688999999999996,-0.0009648313525336899,309,473,77.375,28.375,iy473_ix309,812.6623595288831,False,False,False,283,2,False
Delhi,IN,28.65195,77.23149,11034555,0.2294909887507435,15.228503852903032,-2.3689,False,-0.0113766608006131,-0.0215404015330639,-0.0021241040234326,0.0175,True,True,11034555,227,0.2294909887507435,True,298.2158508300781,734.0,15.228503852903032,1.5667268818351607,22.949098875074352,-2.3689,1.0105,-3.5531,-8.4326,-8.4999,1.1842,0.0673,0.18051434043503517,True,material decrease,-23.689,-2.3688999999999996,-0.00113766608006131,308,474,77.125,28.625,iy474_ix308,830.6819162416839,False,False,False,283,2,False
Lahore,PK,31.558,74.35071,13004135,0.177375700015881,8.545052262150023,-4.3053,False,-0.0140276495434888,-0.0226527665302359,-0.0058761489671956,0.0,True,True,13004135,216,0.177375700015881,True,233.4724578857422,537.0,8.545052262150023,6.46833835525657,17.7375700015881,-4.3053,0.3992,-6.2512,-1.9692,-2.5878,1.9459,0.6186,0.11709463896005767,True,material decrease,-43.053,-4.305299999999999,-0.00140276495434888,297,486,74.375,31.625,iy486_ix297,1012.2014915492502,False,False,False,350,2,True
Ludhiana,IN,30.91204,75.85379,1618879,0.2378727929457269,10.421911955443704,-7.7419,False,-0.0153533212038833,-0.0237705878345954,-0.0066860327121801,0.0,True,True,1618879,256,0.2378727929457269,True,233.46356201171875,710.0,10.421911955443704,9.737568862437088,23.78727929457269,-7.7419,0.5186,-8.4874,-4.2955,-4.7527,0.7455,0.4572,0.07158549769298282,True,material decrease,-77.419,-7.741899999999999,-0.00153533212038833,303,483,75.875,30.875,iy483_ix303,1003.3049650644491,False,False,False,351,2,True
