name,country,lat,lon,population,elev_m,pga_475_g,seismic,vs30,precip,wtd,dw_km,pgv,grace_trend_cm_yr,grace_se,grace_p,dTWS_cm_total,P_liq_base,P_liq_new,dP_liq,dwtd_m,wtd_new,LSE_base,LSE_new,pop_x_dP
Luzhou,CN,28.8903,105.42575,998900,256,0.1971011047434862,True,260.203125,1130.0,1.586938277256479,0.8434698243891883,19.710110474348618,0.7136,0.0613,0.0,15.64,0.3810304064247856,0.3933873328920521,0.012356926467266494,-1.564,0.02293827725647901,9.368610641881315,10.610135451207267,12343.3338481525
Yokohama,JP,35.43333,139.65,3777491,21,0.6621291,True,246.6999969482422,1671.0,2.6398107881285,1.834036104265288,66.21291000000001,0.5728,0.0424,0.0,12.55,0.5189420934283357,0.5293652054100179,0.01042311198168211,-1.255,1.3848107881285001,26.39448168570025,27.727978913052663,39373.21170279633
Surabaya,ID,-7.24917,112.75083,2874314,8,0.1756715000089241,True,203.4541473388672,1663.0,2.3346303501945727,3.964466797522865,17.567150000892408,0.4229,0.0755,0.0,9.27,0.39425643036497254,0.4016520899806258,0.0073956596156532495,-0.9269999999999998,1.4076303501945728,10.700846192460133,11.490108053787386,21257.447972506754
Dar es Salaam,TZ,-6.82349,39.26951,5383728,24,0.109765000000553,True,261.65869140625,1066.0,8.361943999389666,1.4221015900347755,10.9765000000553,0.5172,0.0497,0.0,11.34,0.2553153425850038,0.2625611366099335,0.007245794024929697,-1.134,7.227943999389666,1.9012456561908,2.113819695530164,39009.384174246705
Haikou,CN,20.03421,110.34651,2873358,9,0.0606846,True,320.0976867675781,1697.0,1.4190890363927906,2.162402121684889,6.06846,0.5333,0.0799,0.0,11.69,0.22536624203154929,0.2322346577753918,0.006868415743842504,-1.1689999999999998,0.2500890363927908,1.2095682734100415,1.344308319566091,19735.41732489581
Tokyo,JP,35.6895,139.69171,9733276,44,0.605276,True,253.3000030517578,1432.0,5.432211795223964,7.757012464687056,60.52760000000001,0.5728,0.0424,0.0,12.55,0.190982890999505,0.19752354587707263,0.0065406548775676365,-1.255,4.177211795223964,0.7023483073340311,0.7802418472624698,63661.999144112015
Manila,PH,14.6042,120.9822,1600000,13,0.3303762000045073,True,222.3428497314453,2258.0,2.838178072785581,2.868634674256883,33.03762000045073,0.3439,0.0445,0.0,7.54,0.5352704588103365,0.5415104202925807,0.00623996148224415,-0.7539999999999999,2.084178072785581,28.469723246185126,29.241232738959834,9983.938371590639
Nanchong,CN,30.79508,106.08473,1858875,287,0.0702872509812431,True,285.2292175292969,1090.0,21.637293049515563,1.6133376582818284,7.028725098124309,0.7102,0.0558,0.0,15.56,0.13550419512687714,0.1416893572418032,0.006185162114926063,-1.556,20.081293049515562,0.28009890562375767,0.3109804969003292,11497.443226383184
Jing’an,CN,31.22,121.41583,936500,32,0.0507968402419307,True,226.0771942138672,1049.0,4.104676890211351,0.870828709193776,5.07968402419307,0.3939,0.0532,0.0,8.63,0.30966996056815854,0.3158467500868667,0.006176789518708148,-0.863,3.2416768902113513,4.0540741783077525,4.391912120914466,5784.563384270181
Bhayandar,IN,19.30157,72.85107,809378,9,0.1212539,True,243.01022338867188,2495.0,2.9297322041657594,2.301836643909409,12.12539,0.3283,0.0973,0.00087,7.19,0.469437365737197,0.47540475805410776,0.005967392316910736,-0.719,2.2107322041657596,19.840464043572513,20.633584660678252,4829.8760586765775
Zhabei,CN,31.25861,121.45972,840000,10,0.0543976236497186,True,224.72799682617188,1049.0,3.0365453574426056,1.8840728118856176,5.43976236497186,0.3939,0.0532,0.0,8.63,0.2809287858449564,0.28677044085600245,0.005841655011046054,-0.863,2.1735453574426056,2.7470929933309973,2.9795841929932427,4906.990209278685
Surat,IN,21.19594,72.83023,4591246,20,0.09830952,True,225.83724975585935,1070.0,8.25513084611282,2.0088310183989053,9.830952,0.3929,0.1077,0.00032,8.61,0.2809631242668905,0.2867915858148414,0.005828461547950858,-0.8609999999999999,7.39413084611282,2.748413564430811,2.980454805758826,26759.900768183186
Santo Domingo,DO,18.47186,-69.89232,2201941,24,0.4312265999999539,True,390.5118103027344,1644.0,3.8147554741741487,0.9185420873771836,43.12265999999539,0.363,0.0323,0.0,7.96,0.3070350909936708,0.3127034593584319,0.005668368364761089,-0.796,3.0187554741741485,3.916416777422323,4.217312409927145,12481.412705470399
Mumbai,IN,19.07283,72.88261,12691836,8,0.120297400125448,True,232.39059448242188,2274.0,1.8768596932936816,4.7052142468930125,12.0297400125448,0.3283,0.0973,0.00087,7.19,0.35036063504717974,0.35582951906019733,0.005468884013017594,-0.719,1.1578596932936818,6.695827859554299,7.128791753801898,69410.17899624117
Nashik,IN,19.99727,73.79096,1486053,584,0.07369488,True,408.8996276855469,1330.0,4.516670481422182,2.7022359147238024,7.369488,0.7046,0.126,0.0,15.44,0.11386043759947732,0.11915192651653192,0.005291488917054596,-1.5439999999999998,2.972670481422182,0.19359433896385764,0.2119881350693818,7863.432979655733
Putuo,CN,31.251,121.3897,1239100,10,0.0503584899999993,True,217.3177490234375,1049.0,2.1972991531243338,3.3595569007410666,5.03584899999993,0.3939,0.0532,0.0,8.63,0.23569380193435863,0.24090997241864848,0.00521617048428985,-0.863,1.3342991531243338,1.4171669894662176,1.5337431131401988,6463.3568470835535
Makassar,ID,-5.14861,119.43194,1423877,6,0.06073681,True,202.31625366210935,2840.0,0.6408789196613043,4.150668720810128,6.0736810000000006,0.2738,0.0397,0.0,6.0,0.47034726176738023,0.47532747856886987,0.004980216801489634,-0.6,0.0408789196613043,19.96117507601157,20.623294401020036,7091.216158654656
Yangjiang,CN,21.85563,111.96272,1292987,15,0.1137957653696654,True,314.6648864746094,2205.0,1.0986495765621953,1.542818629129887,11.37957653696654,0.2851,0.0501,0.0,6.25,0.35912111542239994,0.3639250896931847,0.004803974270784772,-0.625,0.4736495765621953,7.398545724424769,7.804605928638684,6211.47628045919
Bhiwandi,IN,19.30023,73.05881,874032,9,0.125094701840259,True,325.197265625,2807.0,3.2349126420996868,5.510253283387274,12.5094701840259,0.3283,0.0973,0.00087,7.19,0.23663864969112508,0.24099091380027826,0.004352264109153181,-0.719,2.515912642099687,1.4376752767520242,1.5356177053449855,3804.0181038513733
Nagoya,JP,35.18147,136.90641,2332176,23,0.4578695,True,156.6999969482422,1974.0,12.802319371328338,10.286121018355862,45.78695,0.3077,0.0339,0.0,6.74,0.2520813183052804,0.2563363632244263,0.004255044919145912,-0.6739999999999999,12.128319371328338,1.8125789974904851,1.930018955217064,9923.513639354036
Thāne,IN,19.19704,72.96355,1841488,23,0.1226549788237301,True,373.1346740722656,2495.0,2.0904859998474308,3.79749948385862,12.26549788237301,0.3283,0.0973,0.00087,7.19,0.22787742868701172,0.23211755347996083,0.004240124792949107,-0.719,1.371485999847431,1.2573447549854335,1.341901898809684,7808.138924718265
New Taipei City,TW,25.06199,121.45703,4004367,4,0.3321715041340599,True,189.5024871826172,2693.0,0.5188067444877333,8.201788204387995,33.21715041340599,0.2414,0.0285,0.0,5.29,0.4174407368464747,0.42164794358513435,0.004207206738659652,-0.529,0.0,13.272982936198389,13.768760680693132,16847.199826466334
Dombivali,IN,19.21667,73.08333,1247327,11,0.1242170029365362,True,411.0974426269531,2807.0,3.8452735179675415,3.538018292708381,12.42170029365362,0.3283,0.0973,0.00087,7.19,0.2247228330713731,0.22892166307423023,0.004198830002857118,-0.719,3.1262735179675416,1.1975949664293697,1.2777097305489593,5237.31403097376
Kaohsiung,TW,22.61626,120.31333,2737660,9,0.3681412361152513,True,209.50657653808597,1990.0,1.1596856641489808,2.8664741308134767,36.814123611525126,0.2291,0.028,0.0,5.02,0.550557823687945,0.5546906553706791,0.0041328316827340394,-0.5019999999999999,0.6576856641489809,30.33520343013538,30.824486960658117,11314.28798455367
Xuhui,CN,31.19594,121.44709,1109800,11,0.0507968402419307,True,231.6250457763672,1049.0,3.31120775158314,4.619253362715052,5.07968402419307,0.3939,0.0532,0.0,8.63,0.16914971483376806,0.17322697008215984,0.004077255248391781,-0.863,2.44820775158314,0.4917949996945451,0.5259442579001959,4524.937874665199
Accra,GH,5.55602,-0.1969,1963264,33,0.0840799599994307,True,338.271240234375,925.0,11.53582055390251,11.697926397713385,8.40799599994307,2.6367,0.1303,0.0,57.79,0.01899036920626472,0.022927817716784187,0.003937448510519467,-5.778999999999999,5.756820553902512,0.03663723083595792,0.03930032970045429,7730.25091255649
Hanzhong,CN,33.07507,107.02214,1006557,517,0.1400477000011399,True,241.13682556152344,851.0,3.64690623331046,3.7579241939182646,14.00477000011399,0.2854,0.0475,0.0,6.26,0.21900588444603977,0.22259227575546672,0.0035863913094269506,-0.626,3.02090623331046,1.0958430564020571,1.158711125165007,3609.907277242863
Ziyang,CN,30.12108,104.64811,905729,365,0.155723199999444,True,397.6422424316406,1107.0,13.09224078736554,1.910309214687527,15.5723199999444,0.4584,0.0479,0.0,10.05,0.12004772396763427,0.12362819404172706,0.0035804700740927897,-1.005,12.087240787365541,0.21526455533536257,0.22885468142500084,3242.9355797379885
Sapporo,JP,43.06667,141.35,1973832,26,0.1806720360283885,True,164.8000030517578,1209.0,0.9918364232852924,12.62179004769341,18.06720360283885,0.4251,0.0497,0.0,9.32,0.11973258130766293,0.12304242739271284,0.0033098460850499167,-0.932,0.05983642328529237,0.21410637535875043,0.22657611919116188,6533.080117746247
Kalyān,IN,19.2437,73.13554,1262255,10,0.1256955999999282,True,282.4262084960937,2807.0,1.1749446860456487,9.468827724119528,12.56955999999282,0.3283,0.0973,0.00087,7.19,0.16197243727464822,0.1652487156974697,0.0032762784228214936,-0.719,0.45594468604564875,0.436714471405094,0.4610909643531516,4135.498820598545
Fuzhou,CN,26.06139,119.30611,3740000,14,0.051719552891057,True,245.52935791015625,1374.0,6.744487678339851,2.5539335553755724,5.1719552891057,0.2512,0.0713,0.00051,5.51,0.22937965634004787,0.232639079767521,0.0032594234274731237,-0.5509999999999999,6.193487678339851,1.2867353559605152,1.3526488662620064,12190.243618749482
Baoshan,CN,31.40845,121.48956,2265900,5,0.0563865307407588,True,330.9303894042969,1075.0,3.418020904860043,3.0932227372328467,5.63865307407588,0.3939,0.0532,0.0,8.63,0.12817790728497164,0.1314237796716251,0.00324587238665347,-0.863,2.555020904860043,0.24731946823314563,0.26135991412872717,7354.822240918098
Huizhou,CN,23.11147,114.41523,2900113,25,0.0866846999999999,True,333.48883056640625,1854.0,18.49393453879611,0.2290439187071343,8.66846999999999,0.249,0.0579,2e-05,5.46,0.21742360677308598,0.22053314096468635,0.0031095341916003716,-0.546,17.947934538796112,1.0691082661657407,1.1222252261956764,9018.000533004728
Santiago de los Caballeros,DO,19.45036,-70.69085,1200000,209,0.5522715806493135,True,349.0228271484375,1182.0,18.020904859998492,1.893056959046609,55.22715806493135,0.2676,0.0335,0.0,5.86,0.191695307122232,0.19473713936181777,0.003041832239585762,-0.5860000000000001,17.434904859998493,0.7104670070997755,0.7461248216915539,3650.1986875029147
Chongqing,CN,29.56026,106.55771,7457599,289,0.1132862,True,432.7224426269531,1147.0,42.42008087281607,0.3210616400895512,11.32862,0.8095,0.0598,0.0,17.74,0.05270235090401166,0.055730760590675485,0.0030284096866638258,-1.7739999999999996,40.64608087281607,0.06664197014007457,0.07030013463959571,22584.66505085446
Port-au-Prince,HT,18.54349,-72.33881,1234742,27,0.412546161369622,True,422.4088745117188,1195.0,10.833905546654478,0.8166687863346503,41.254616136962206,0.2605,0.0281,0.0,5.71,0.19231560023574856,0.19528638815462057,0.0029707879188720088,-0.571,10.262905546654478,0.7176069933212148,0.752738174546279,3668.156616523862
Malingao,PH,7.16083,124.475,1121974,5,0.5545271999996771,True,208.9109344482422,2223.0,0.3662165255207696,6.959409912321897,55.45271999996771,0.1586,0.032,0.0,3.48,0.41506837508233535,0.4178846238356193,0.0028162487532839564,-0.348,0.018216525520769633,12.99708330292986,13.324903265484608,3159.7578787170137
Virār,IN,19.45591,72.81136,1222390,9,0.1198278828077522,True,334.1005249023437,1913.0,0.5951018539711868,5.855155470481908,11.98278828077522,0.3283,0.0973,0.00087,7.19,0.15397201004333153,0.15657118813899218,0.0025991780956606536,-0.719,0.0,0.38222333381237816,0.39917530233048665,3177.2093123546265
Budta,PH,7.20417,124.43972,1273715,4,0.5609091576962117,True,207.1705474853516,2365.0,1.007095445182017,9.336091396501567,56.090915769621176,0.1586,0.032,0.0,3.48,0.3195365565377467,0.32206150861603233,0.002524952078285625,-0.348,0.6590954451820171,4.604068798181361,4.753796031253063,3216.0693363935748
Ciudad Guayana,VE,8.35122,-62.64102,978202,103,0.0609216311130317,True,438.891357421875,1269.0,24.00244144350347,3.3409581085302,6.09216311130317,0.7751,0.1937,8e-05,16.99,0.044604315160460234,0.047078402651944636,0.0024740874914844016,-1.6989999999999998,22.303441443503473,0.05775283375086602,0.060337316424070836,2420.1573323450248
Barcelona,VE,10.1384,-64.68769,815141,3,0.1565541,True,220.5883636474609,943.0,5.95101853971164,4.488523015994694,15.65541,0.1865,0.1204,0.12257,4.09,0.22435511399956032,0.2267341072318435,0.0023789932322831886,-0.409,5.54201853971164,1.1908004182086602,1.2353845523789246,1939.2149223565507
Neijiang,CN,29.58354,105.06216,1251095,349,0.2026418999999999,True,394.89263916015625,1079.0,41.30617227435727,2.451926539738705,20.26418999999999,0.6695,0.0559,0.0,14.67,0.0494244737783714,0.051770759024929225,0.0023462852465578263,-1.4669999999999999,39.839172274357274,0.06289280557879974,0.06555468539709396,2935.4257405422636
Cebu City,PH,10.31672,123.89071,965332,37,0.3347104821106495,True,322.85845947265625,1493.0,0.3356984817273769,2.9997171038362787,33.471048211064954,0.2918,0.0407,0.0,6.39,0.2835265651794575,0.28580289480607257,0.002276329626615059,-0.6389999999999999,0.0,2.8485222669047148,2.939973992423466,2197.413831119568
Tainan,TW,22.99083,120.21333,1856642,26,0.6576578501474174,True,208.47552490234372,2245.0,4.486152437628789,5.071396979016769,65.76578501474174,0.1217,0.0217,0.0,2.67,0.4951055488073359,0.4973281928962032,0.0022226440888672983,-0.26699999999999996,4.2191524376287886,23.26062348889587,23.556148294453436,4126.654366442758
Auckland,NZ,-36.84853,174.76349,1547200,43,0.1584837125632816,True,421.1944580078125,1351.0,27.13054093232625,0.6990959187734161,15.84837125632816,0.3277,0.0311,0.0,7.18,0.101268245898653,0.10346515124332396,0.0021969053446709574,-0.718,26.41254093232625,0.15581640427344193,0.16184816997017282,3399.0519492749054
Vijayawada,IN,16.50745,80.6466,1143232,47,0.06847776,True,478.8851623535156,907.0,5.859464408331462,3.141960075467141,6.847776,0.5183,0.1209,3e-05,11.36,0.06046931500298672,0.06265454727206471,0.0021852322690779913,-1.136,4.723464408331462,0.07642248339565291,0.07941898918422885,2498.22745744257
Hanoi,VN,21.0245,105.84117,8053663,10,0.08338389,True,273.5119934082031,1628.0,0.3662165255207696,1.9750752720214384,8.338389,0.1367,0.0845,0.10692,3.0,0.3120306007830926,0.31417914585756307,0.002148545074470487,-0.3,0.06621652552076962,4.180661448101431,4.2985854885434716,17303.657970095206
Nantong,CN,32.03028,120.87472,2273326,6,0.0583333852838798,True,215.8314666748047,1032.0,3.006027313649213,5.051191452121848,5.83333852838798,0.1938,0.046,4e-05,4.25,0.1827601729327332,0.18488347226825239,0.002123299335519191,-0.425,2.581027313649213,0.6147022499517593,0.6362984543994424,4826.9515852185
Quezon City,PH,14.6488,121.0509,3084270,49,0.3776324,True,280.5470886230469,2273.0,6.759746700236519,11.550313649240405,37.76324,0.3033,0.0415,0.0,6.65,0.10287323448927357,0.10493500506389836,0.0020617705746247827,-0.665,6.094746700236519,0.1602010932160917,0.16600952564168375,6359.057130197979
Jakarta,ID,-6.21462,106.84513,8540121,16,0.2440006999996528,True,214.3814392089844,2145.0,1.464866102082908,12.46998739766137,24.40006999996528,0.2383,0.0456,0.0,5.22,0.1326802771040632,0.1346934040958977,0.0020131269918345074,-0.5219999999999999,0.942866102082908,0.26699809807207203,0.2762756388386611,17192.348098632705
Ottawa,CA,45.41117,-75.69812,1017449,71,0.1030978999999999,True,348.5962219238281,922.0,13.519493400473038,3.602642792835557,10.309789999999987,0.3367,0.058,0.0,7.38,0.0879345788274279,0.08992563985297866,0.0019910610255507583,-0.738,12.781493400473039,0.12362688639201164,0.12798561379361462,2025.8030493855933
Bandar Lampung,ID,-5.42917,105.26111,1166066,95,0.2649017,True,439.3459167480469,2236.0,20.38605325398646,2.6500488079175253,26.490170000000003,0.2209,0.0635,0.00061,4.84,0.14306230594577038,0.1450495913662469,0.00198728542047652,-0.484,19.90205325398646,0.3182645360226209,0.32909745294660253,2317.305961113374
Taipei,TW,25.05306,121.52639,7871900,5,0.3369818386905979,True,121.80533599853516,3055.0,0.2288853284504739,12.4933029549212,33.69818386905979,0.2414,0.0285,0.0,5.29,0.46087376296387134,0.4627681210275883,0.001894358063716961,-0.529,0.0,18.70979859817906,18.95894748156974,14912.197241773545
Pasig City,PH,14.58691,121.0614,853050,63,0.3756936,True,235.3219757080078,2273.0,34.13443198290992,9.33741833388168,37.56936,0.3033,0.0415,0.0,6.65,0.09217958183859007,0.09404949988210638,0.0018699180435163137,-0.665,33.469431982909924,0.13310037862361887,0.1374940909441881,1595.1335870215914
Hamamatsu,JP,34.7,137.73333,791707,3,0.7980442000000426,True,282.1000061035156,2021.0,0.2441443503471987,5.597182522288186,79.80442000000426,0.1353,0.0193,0.0,2.96,0.3491192316542594,0.3509689124580971,0.0018496808038376833,-0.296,0.0,6.600189487691961,6.743046193976395,1464.4052401639208
Jabalpur,IN,23.16697,79.95006,1081677,416,0.1361818,True,382.1177368164063,1238.0,2.2583352407111192,7.089875175554792,13.61818,0.3763,0.1366,0.00635,8.25,0.06961290146172097,0.07141338672458411,0.0018004852628631385,-0.825,1.4333352407111193,0.08974721859918328,0.09262679580623759,1947.5434976780111
Shanghai,CN,31.22222,121.45806,24874500,12,0.05296031,True,228.84739685058597,1049.0,0.2899214160372594,3.107094983087166,5.296030999999999,0.3939,0.0532,0.0,8.63,0.24169870341881028,0.24347257280339277,0.0017738693845824882,-0.863,0.0,1.552097344982405,1.594093687874928,44124.11400679711
Mombasa,KE,-4.05466,39.66359,1208333,20,0.0996536100001263,True,238.92295837402344,1085.0,18.50919356069278,2.087189820522016,9.965361000012631,0.1408,0.0172,0.0,3.09,0.19898803448474553,0.20063320937651305,0.0016451748917675202,-0.30899999999999994,18.200193560692778,0.7987483083193357,0.8200228919208606,1987.919112494123
Maracaibo,VE,10.64232,-71.61089,1752602,-9999,0.09229294999185,True,600.0,868.0,6.042572671091818,0.4958092525614138,9.229294999185,0.3342,0.0626,0.0,7.32,0.07177900916227815,0.07342012592885895,0.0016411167665807969,-0.732,5.310572671091818,0.0932224828515258,0.09594269062003939,2876.2245273430376
Havana,CU,23.13302,-82.38304,2163824,41,0.0697232325262081,True,328.41571044921875,1315.0,4.592965590905635,2.7575855890063075,6.97232325262081,0.1528,0.0168,0.0,3.35,0.15815498068066472,0.1596459162190834,0.0014909355384186695,-0.335,4.257965590905635,0.40985276553743566,0.4201516394448822,3226.122100483239
Kitakyushu,JP,33.85181,130.85034,940978,57,0.2292976253441503,True,391.7000122070313,1721.0,0.4882887006943406,5.658078522498746,22.92976253441503,0.173,0.0399,2e-05,3.79,0.13565104188150426,0.1371376330133709,0.001486591131866638,-0.379,0.1092887006943406,0.280796764905171,0.2879560085827191,1398.8495500816052
Jiujiang,CN,29.70475,116.00206,1164268,41,0.09921758,True,478.6948852539063,1415.0,1.144426642252256,4.377298825555467,9.921758,0.2529,0.1158,0.02992,5.54,0.08012614447170961,0.0814964619962439,0.001370317524534287,-0.5539999999999999,0.590426642252256,0.10788641156394221,0.11049971830327,1595.416843654485
Quanzhou,CN,24.91389,118.58583,1469157,14,0.0701559140831337,True,282.0137634277344,1158.0,5.935759517814915,3.4805807584817794,7.0155914083133695,0.1341,0.0436,0.00234,2.94,0.1603104550502151,0.1616327105596306,0.0013222555094155042,-0.294,5.641759517814916,0.4248207644485652,0.4342578874431258,1942.6009374463538
Benghazi,LY,32.11486,20.06859,757490,3,0.0783412446839008,True,238.5429229736328,227.0,6.332494087129021,3.9734942709756456,7.83412446839008,0.1609,0.0349,1e-05,3.53,0.12831764450278224,0.129638210706525,0.001320566203742768,-0.353,5.979494087129021,0.2479086855837828,0.25354406476505137,1000.3156936731093
Tangerang,ID,-6.17806,106.63,1912679,18,0.2445076999837557,True,217.17312622070312,2285.0,0.7324330510414825,15.863102948470502,24.45076999837557,0.2383,0.0456,0.0,5.22,0.07596824021472673,0.07719747722349281,0.0012292370087660792,-0.5219999999999999,0.21043305104148258,0.10032061221326992,0.10250172609093922,2351.1358126896957
Fukuoka,JP,33.6,130.41667,1612392,3,0.2703739154132848,True,194.5,1708.0,0.1373311970702957,2.396636241031313,27.03739154132848,0.173,0.0399,2e-05,3.79,0.5548847109336004,0.5560139319724422,0.0011292210388418322,-0.379,0.0,30.847293061579908,30.97969931883572,1820.7469692602594
Panzhihua,CN,26.58509,101.71276,787177,1101,0.1657901999999992,True,576.024169921875,796.0,5.020218204013133,0.4427418883550131,16.579019999999918,0.1709,0.071,0.01689,3.74,0.09280873696784285,0.09386265280481591,0.0010539158369730628,-0.374,4.646218204013134,0.1345632308925411,0.13704879545226867,829.6183068009447
Cartagena,CO,10.39817,-75.49328,914552,20,0.0708730299999999,True,275.66290283203125,1175.0,10.849164568551204,3.375842669104645,7.087302999999991,0.11,0.0783,0.16135,2.41,0.14909125977718016,0.1501122436225681,0.0010209838453879294,-0.241,10.608164568551205,0.35222544209028117,0.3583087302875223,933.7428177672216
Barranquilla,CO,10.96854,-74.78132,1206319,24,0.09359839,True,337.7365417480469,947.0,5.737392233157891,2.8900111171520977,9.359839,0.11,0.0783,0.16135,2.41,0.13105470970353966,0.13197133494678398,0.0009166252432443178,-0.241,5.496392233157891,0.2597256635252211,0.26380271391623017,1105.7424468052423
Guayaquil,EC,-2.19616,-79.88621,2723665,14,0.6265439059161264,True,600.0,1002.0,10.299839780270132,2.146082664993562,62.65439059161264,0.1461,0.0372,0.00012,3.2,0.08881018890459233,0.08967629049393822,0.0008661015893458857,-0.32,9.979839780270131,0.12552562965734168,0.12743166646568374,2358.9705853457617
Yibin,CN,28.7593,104.63994,836340,323,0.2324686612517436,True,390.972900390625,1152.0,67.002365148394,3.38064258936918,23.24686612517436,0.572,0.0573,0.0,12.54,0.019867774914031234,0.020697448223156147,0.0008296733091249127,-1.2539999999999998,65.748365148394,0.037214816882554014,0.037769234710788746,693.8889753535295
Bujumbura,BI,-3.38193,29.36142,769317,807,0.2002549999330951,True,383.5884399414063,1218.0,2.166781109330941,17.005984732151855,20.02549999330951,1.773,0.1151,0.0,38.86,0.010816959400033488,0.011616889419416791,0.000799930019383303,-3.8859999999999997,0.0,0.031664342056195255,0.03212004881903785,615.3997627219045
Bekasi,ID,-6.2349,106.9896,2564940,18,0.2359025999999658,True,233.7062225341797,2145.0,0.793469138628268,17.295904322981052,23.59025999999658,0.2383,0.0456,0.0,5.22,0.04639034089157938,0.04716540899876895,0.0007750681071895665,-0.5219999999999999,0.27146913862826805,0.05960736508101731,0.06043024259495682,1988.0031908548067
Caloocan,PH,14.64953,120.96788,1712945,6,0.3198267016083664,True,240.3080596923828,2258.0,0.091554131380235,2.699549179196848,31.98267016083664,0.3439,0.0445,0.0,7.54,0.5268838785496096,0.5276438003554436,0.0007599218058339519,-0.7539999999999999,0.0,27.413188741197512,27.509782391707652,1301.7042576942388
Davao,PH,7.07306,125.61278,1848947,13,0.4845108999999862,True,238.9282684326172,1920.0,0.6103608758679115,2.289362460020071,48.45108999999862,0.0392,0.0291,0.17907,0.86,0.5353409432689337,0.5360532438551766,0.0007123005862429421,-0.086,0.5243608758679116,28.478510501890717,28.567221977128476,1317.006032032129
Seattle,US,47.60621,-122.33207,780995,56,0.3056356000013193,True,327.0,1004.0,6.8513008316166975,1.0029095226957891,30.56356000013193,0.0478,0.1065,0.65398,1.05,0.2586282815817057,0.25929926501724215,0.0006709834355364541,-0.105,6.746300831616697,1.9960003478439894,2.0156865636931762,524.034708236793
Haiphong,VN,20.86481,106.68345,2625200,12,0.0714270100110461,True,600.0,1694.0,4.53192950331885,2.5877902915309345,7.1427010011046095,0.139,0.0739,0.06146,3.05,0.07056996758035017,0.07123904329030906,0.0006690757099588884,-0.305,4.22692950331885,0.09126681613956926,0.09234405977119095,1756.457553784074
Liupanshui,CN,26.59444,104.83333,1320825,1799,0.1616298438553274,True,562.401123046875,1072.0,0.9918364232852924,10.173406163953889,16.162984385532738,0.4738,0.0741,0.0,10.38,0.0187493752155183,0.01936677916070936,0.0006174039451910598,-1.038,0.0,0.03648014047085898,0.03688392659270611,815.4825659069816
Chiba,JP,35.6,140.11667,979768,5,0.7891407000048927,True,260.20001220703125,1376.0,0.0762951094835102,3.375080387177573,78.91407000048926,0.3753,0.0311,0.0,8.23,0.4113296161094694,0.411944935662313,0.0006153195528436073,-0.823,0.0,12.567842589722694,12.638009005646278,602.8704076504754
Cali,CO,3.43054,-76.5199,2392877,758,0.3503494944669512,True,270.05010986328125,1832.0,0.106813153276903,7.326531954680867,35.03494944669512,0.0725,0.0336,0.03178,1.59,0.21977284906362302,0.2203833645724105,0.0006105155087874903,-0.159,0.0,1.109020256687304,1.119612590041261,1460.8885191208833
Karachi,PK,24.8608,67.0104,11624219,8,0.2104098999919154,True,214.9311370849609,162.0,11.779964904249653,4.867763345184103,21.040989999191535,0.0623,0.0373,0.09577,1.37,0.1435331805189991,0.14409491843395186,0.000561737914952759,-0.13699999999999998,11.642964904249652,0.32080007761954094,0.3238501601018477,6529.764544014246
Qinhuangdao,CN,39.94104,119.58936,759718,2,0.1847800918294732,True,234.6234893798828,614.0,1.1596856641489808,4.0203159583287285,18.47800918294732,0.0395,0.0428,0.3578,0.86,0.2269505878939417,0.22745341732255447,0.0005028294286127666,-0.086,1.0736856641489807,1.2395157305561915,1.2491597216219197,382.0085678468338
Jinjiang,CN,24.81978,118.57415,1416151,33,0.071012860000007,True,456.3364868164063,1112.0,10.009918364232874,4.433820347710244,7.101286000000701,0.1341,0.0436,0.00234,2.94,0.05062822594008854,0.05110086757119074,0.0004726416311022011,-0.294,9.715918364232873,0.06424494541049972,0.06478361357472066,669.3319185270132
Lanzhou,CN,36.05701,103.83987,3000000,1521,0.0837336089308837,True,243.3724822998047,334.0,17.456321049820758,3.397202569436719,8.373360893088371,0.0617,0.0254,0.01608,1.35,0.106565346687678,0.10699411716549197,0.00042877047781396393,-0.135,17.321321049820757,0.17074654646554624,0.1720139438994218,1286.3114334418917
Antipolo,PH,14.62578,121.12251,913712,23,0.3849308817020014,True,341.6148681640625,2273.0,0.3967345693141624,17.099947866912323,38.49308817020014,0.3033,0.0415,0.0,6.65,0.030323246181374098,0.030714126496796817,0.0003908803154227189,-0.665,0.0,0.0448278206066915,0.04514037241838659,357.15203476552335
Ankang,CN,32.68,109.01722,870126,273,0.0616723443335407,True,509.4773864746094,914.0,23.49889372091252,2.1926193258491864,6.16723443335407,0.1512,0.0482,0.00193,3.31,0.03606887194532928,0.036454060055920355,0.0003851881105910726,-0.33099999999999996,23.16789372091252,0.04964427479589757,0.049984791758127076,335.1621899161676
Nanjing,CN,32.06167,118.77778,9314685,22,0.058399089010373,True,239.25901794433597,1044.0,8.865491721980675,7.597868102461106,5.8399089010373,0.0669,0.046,0.14743,1.47,0.08265960941279751,0.08303154925432467,0.0003719398415271552,-0.147,8.718491721980675,0.1127662842795009,0.11350058180352461,3464.5024627753696
Vadodara,IN,22.29941,73.20812,1822221,46,0.0722415566693286,True,230.3549652099609,891.0,8.30090791180288,16.9649676405298,7.224155666932861,0.3546,0.1495,0.01852,7.77,0.014051098119062844,0.01441409308931933,0.00036299497025648643,-0.7769999999999999,7.523907911802881,0.033546962858033644,0.0337650390014697,661.457057695745
Busan,KR,35.10168,129.03004,3285147,15,0.1661660969867312,True,608.4011840820312,1441.0,28.53437094682232,0.811974975748829,16.61660969867312,0.0989,0.0304,0.00129,2.17,0.05245158558273667,0.05281188942972137,0.000360303846984697,-0.217,28.317370946822322,0.06634756767071588,0.06677097186826923,1183.6511020102364
Trujillo,PE,-8.11599,-79.02998,919899,31,0.6669608730816291,True,292.241455078125,18.0,18.76859693293665,7.293542108476252,66.69608730816292,0.0841,0.0231,0.00034,1.84,0.05737262951288018,0.05770489476877733,0.0003322652558971559,-0.184,18.58459693293665,0.07236499563242384,0.07279003624881114,305.6504766345378
Wenzhou,CN,27.99942,120.66682,2650000,10,0.0686242899999701,True,239.22329711914065,1528.0,0.0457770656901175,2.5667036269480707,6.86242899999701,0.3071,0.0328,0.0,6.73,0.31783772575895614,0.31816832804784656,0.00033060228889042476,-0.6729999999999999,0.0,4.505415490273129,4.524483282670514,876.0960655596256
Pimpri-Chinchwad,IN,18.61867,73.80375,1727692,568,0.1354138,True,311.8620300292969,1138.0,5.645838101777713,19.612134255508877,13.54138,0.6182,0.1291,0.0,13.55,0.007076883636339587,0.007401099472199158,0.0003242158358595709,-1.355,4.290838101777712,0.02961695253453058,0.029789134104628776,560.1451058878937
South Tangerang,ID,-6.28862,106.71789,1404785,39,0.2550163,True,250.1710205078125,2225.0,1.2359807736324342,21.760221773268544,25.50163,0.2383,0.0456,0.0,5.22,0.01770296815637054,0.018007791987883784,0.0003048238315132429,-0.5219999999999999,0.7139807736324343,0.03580571424490236,0.0360008987577552,428.2119461523309
Tianshui,CN,34.57952,105.74238,1212791,1153,0.2934561000002377,True,528.0335083007812,611.0,1.3275349050126124,5.532523941838416,29.34561000002377,0.0851,0.033,0.01051,1.87,0.04998412828681383,0.0502806565851966,0.0002965282983827672,-0.187,1.1405349050126123,0.06351793929669267,0.06385162844716816,359.6268515239346
Zhenjiang,CN,32.21086,119.45508,950516,26,0.05357852,True,267.0880126953125,1005.0,9.048599984741031,2.524998885224889,5.357851999999999,0.027,0.0363,0.45705,0.59,0.16358610088461223,0.16385510002386702,0.00026899913925479413,-0.059,8.989599984741032,0.4485639136786548,0.4505686082314636,255.68798584790989
Zigong,CN,29.34162,104.77689,1262064,306,0.209717,True,256.50396728515625,1159.0,0.9918364232852924,22.404711089733848,20.9717,0.6695,0.0559,0.0,14.67,0.007921898341212144,0.008185735288537234,0.00026383694732508983,-1.4669999999999999,0.0,0.030067786352362444,0.030209932242607304,332.9791130888922
Putian,CN,25.43944,119.01028,1539389,23,0.0725754700111157,True,454.3734130859375,1205.0,1.6937514305333252,9.506761385672382,7.257547001111569,0.1341,0.0436,0.00234,2.94,0.025818356602224857,0.026065743930145893,0.00024738732792103577,-0.294,1.3997514305333252,0.04137590940991992,0.04155848488346395,380.82533134103534
Jepara,ID,-6.5924,110.671,1257912,5,0.1135043000000001,True,321.5424194335937,2618.0,0.0305180437934495,1.7422983269701109,11.35043000000001,0.3127,0.0535,0.0,6.85,0.40045710055596606,0.400701118119345,0.00024401756337893987,-0.6849999999999998,0.0,11.36050812713208,11.386908611776095,306.95262118512903
Lima,PE,-12.04318,-77.02824,7737002,152,0.5729318000000077,True,326.41680908203125,22.0,8.041504539559014,8.338886876920188,57.29318000000077,0.0638,0.0308,0.03925,1.4,0.05130402893254097,0.05153141268362914,0.0002273837510881685,-0.13999999999999999,7.901504539559014,0.06501651545490253,0.06527815992896661,1759.2685369366618
Maoming,CN,21.66625,110.91364,1307802,31,0.0668608739610053,True,287.4617614746094,1878.0,11.230640115968583,18.24871947576607,6.686087396100531,0.2804,0.0669,4e-05,6.15,0.010676190802561011,0.010894681459048155,0.00021849065648714416,-0.615,10.615640115968583,0.031584811441542765,0.03170833766495666,285.74251753520014
Pimpri,IN,18.62292,73.80696,1284606,571,0.1354138,True,440.5750732421875,1138.0,5.645838101777713,19.05087445115642,13.54138,0.6182,0.1291,0.0,13.55,0.004105784759444252,0.004294473278147714,0.00018868851870346235,-1.355,4.290838101777712,0.02808416627265355,0.02817913625182135,242.39040325757995
Kingston,JM,17.99702,-76.79358,937700,65,0.3996163345675977,True,377.14495849609375,1321.0,0.0305180437934495,3.620369011699103,39.96163345675977,0.2924,0.0202,0.0,6.41,0.20161006925165487,0.20177369809966075,0.00016362884800588673,-0.641,0.0,0.8329021933741803,0.835077754307879,153.43477077511997
Wuhu,CN,31.35259,118.42947,1598165,9,0.0523950000000047,True,220.00238037109372,1156.0,0.0610360875868423,9.887412838679904,5.23950000000047,0.0861,0.0648,0.18535,1.89,0.08328247980974642,0.0834377857064408,0.00015530589669437989,-0.189,0.0,0.1139986090314626,0.11430791439540298,248.20444839057362
Medan,ID,3.58333,98.66667,2435252,26,0.1908047019318471,True,219.6578826904297,2430.0,0.1831082627604132,21.390082899961,19.08047019318471,0.4639,0.0808,0.0,10.17,0.02554056320828076,0.025692759231583272,0.00015219602330251297,-1.017,0.0,0.0411718354576583,0.041283519334479,370.6356701394913
Setagaya,JP,35.64188,139.64715,940071,44,0.6109242,True,249.1000061035156,1545.0,0.0305180437934495,10.097668151213991,61.09242,0.5728,0.0424,0.0,12.55,0.16134579775607094,0.16148335737550237,0.00013755961943143213,-1.255,0.0,0.4321934144859273,0.4331820568009962,129.31580899852582
Natal,BR,-5.795,-35.20944,896708,32,0.0874660044554751,True,545.1959838867188,1439.0,26.214999618524477,3.385927282411228,8.74660044554751,0.0498,0.0142,0.00057,1.09,0.03387943781188277,0.03399844499341287,0.00011900718153010081,-0.109,26.105999618524475,0.04775166297636778,0.047852686720782814,106.71469173549364
Taichung,TW,24.1469,120.6839,2850285,91,0.5903575,True,443.689697265625,2072.0,2.3651483939879654,21.470808951212064,59.03575,0.1749,0.0291,0.0,3.83,0.007423328168232321,0.007517894549503177,9.456638127085595e-05,-0.383,1.9821483939879654,0.029800975255564004,0.02985140240908151,269.54113804060165
Chennai,IN,13.08784,80.27847,4681087,14,0.08934973,True,253.99093627929688,1239.0,8.041504539559014,1.7356817920194747,8.934973,0.0059,0.0146,0.68507,0.13,0.2607011320522958,0.26078457613199557,8.34440796997904e-05,-0.013,8.028504539559014,2.0573640536551254,2.059868362987313,390.60899670965273
Mysuru,IN,12.29791,76.63925,920550,757,0.0643349354158487,True,454.8702697753906,723.0,3.189135576409569,13.861406656238096,6.43349354158487,0.1442,0.1205,0.2327,3.16,0.007556444717322037,0.00763576914150769,7.932442418565316e-05,-0.316,2.873135576409569,0.029871983300252338,0.02991437654747277,73.02209868410301
Bhubaneswar,IN,20.27241,85.83385,885363,62,0.0658473024412692,True,377.0162048339844,1565.0,13.229571984435836,16.17039247653336,6.58473024412692,0.1367,0.1615,0.39822,3.0,0.007666398099450471,0.007742773277058118,7.637517760764739e-05,-0.3,12.929571984435835,0.02993076143264324,0.02997165675005048,67.61975637223952
Sendai,JP,38.26667,140.86667,1096704,53,0.358443995853743,True,389.0,1206.0,14.785992217898864,12.49914195880178,35.8443995853743,0.05,0.0618,0.41912,1.1,0.020852894886534322,0.020927817624080473,7.492273754615073e-05,-0.11,14.675992217898864,0.03787401175098258,0.03792461483960654,82.16806595781368
Chaozhou,CN,23.65396,116.62262,1750945,23,0.0802770209793662,True,287.3603515625,1560.0,0.7171740291447577,25.946520627101503,8.02770209793662,0.3271,0.0658,0.0,7.17,0.0028142120884351116,0.002882017086372019,6.780499793690746e-05,-0.717,0.0001740291447577258,0.02744253190933787,0.02747585332498788,118.72282211263843
Chengdu,CN,30.66667,104.06667,13568357,499,0.2469592000001928,True,210.071044921875,931.0,8.361943999389666,28.736710454830003,24.69592000001928,0.3559,0.0414,0.0,7.8,0.002324618149889408,0.002385642834241012,6.1024684351604266e-05,-0.7799999999999999,7.581943999389666,0.0272031126862804,0.02723284177860072,828.0047030948803
Barquisimeto,VE,10.0647,-69.35703,1240714,606,0.4172064835994755,True,279.1226806640625,964.0,19.62310215915164,17.463442359662942,41.720648359947546,0.0579,0.0879,0.51123,1.27,0.011279064354055313,0.011326324239104105,4.725988504879208e-05,-0.12699999999999997,19.49610215915164,0.03192681131479989,0.03195377500373898,58.636001018427024
Baoji,CN,34.36775,107.23705,1437802,567,0.2637275969052465,True,526.0692138671875,674.0,69.19966430151828,5.648410099470091,26.37275969052465,0.0864,0.0357,0.01615,1.89,0.005361293052894392,0.005394959215506589,3.366616261219705e-05,-0.189,69.01066430151829,0.02872208083791423,0.028739381932226353,48.40527593614214
Kolwezi,CD,-10.71484,25.46674,790248,1485,0.0596853308455603,True,369.0949096679688,1274.0,30.991073472190465,24.34280768624897,5.96853308455603,0.6004,0.1463,6e-05,13.16,0.0006868235540204824,0.0007175692484160213,3.074569439553889e-05,-1.3159999999999998,29.675073472190466,0.02641710574680266,0.02643165239967069,24.29672350468582
Depok,ID,-6.4,106.81861,2145400,92,0.2647448,True,264.6269226074219,2925.0,11.779964904249653,33.02210438613376,26.47448,0.2383,0.0456,0.0,5.22,0.0016635305155515037,0.0016926504121244038,2.91198965729001e-05,-0.5219999999999999,11.257964904249652,0.02688310190416593,0.026897119254741877,62.473826107499875
Petaling Jaya,MY,3.10726,101.60671,807879,45,0.0509691800000053,True,313.5376892089844,2331.0,18.142977035172063,27.05673898641926,5.09691800000053,0.2356,0.0554,3e-05,5.16,0.0013851567847111652,0.0014091294874565975,2.39727027454323e-05,-0.516,17.62697703517206,0.026749465809480864,0.026760948270027705,19.367043121277103
Anshun,CN,26.25,105.93333,765313,1374,0.101610587258357,True,444.9998474121094,1189.0,0.1831082627604132,19.845735002664757,10.1610587258357,0.4477,0.071,0.0,9.81,0.003833614644064313,0.003856971106237907,2.3356462173594085e-05,-0.981,0.0,0.027947735317686167,0.02795941750663164,17.87500413545981
Sholapur,IN,17.67152,75.91044,997281,473,0.1578071376906078,True,364.1421813964844,708.0,10.727092393377632,28.71134655604204,15.78071376906078,0.527,0.1418,0.00025,11.55,0.0005749277161406561,0.000597457575991922,2.25298598512659e-05,-1.155,9.572092393377632,0.02636423143238947,0.026374869087282107,22.46860116233031
Shivaji Nagar,IN,18.53017,73.85263,1000000,559,0.1458257,True,414.0531311035156,686.0,0.2899214160372594,22.23207608840188,14.58257,0.6182,0.1291,0.0,13.55,0.002312920031486052,0.0023353055862172915,2.2385554731239442e-05,-1.355,0.0,0.027197417435431855,0.027208316914604347,22.38555473123944
Kota,IN,25.18254,75.83907,1001694,267,0.0572934900065894,True,464.3928527832031,719.0,26.108186465247627,3.573697289176253,5.72934900065894,0.0121,0.1184,0.91881,0.26,0.026377928760844008,0.02640017347246644,2.2244711622432245e-05,-0.026,26.082186465247627,0.04179001478538268,0.041806560841502215,22.282394163920646
Caracas,VE,10.48801,-66.87919,3000000,887,0.1730225400287133,True,258.7844543457031,1025.0,0.0152590218967247,13.53134292509169,17.30225400287133,0.1849,0.1256,0.14228,4.05,0.04193696841377472,0.041957388761387306,2.042034761258471e-05,-0.40499999999999997,0.0,0.05508824146634519,0.05510817448919595,61.26104283775413
Bengaluru,IN,12.97194,77.59369,8495492,914,0.1020980081948443,True,469.5596618652344,812.0,4.119935912108076,20.129319068236917,10.20980081948443,0.1135,0.137,0.40823,2.49,0.002341144117784493,0.0023605908704254315,1.9446752640938508e-05,-0.249,3.870935912108076,0.0272111603927248,0.027220633456066432,165.20973148707196
Indore,IN,22.71792,75.8333,1994397,550,0.0668241401186886,True,253.0897979736328,964.0,0.6408789196613043,32.10972620014968,6.68241401186886,0.8626,0.1543,0.0,18.9,0.0006930996580622024,0.000708039662867811,1.4940004805608672e-05,-1.8899999999999997,0.0,0.02642007450543189,0.026427142838452124,29.79630076429152
Taizhou,CN,32.49069,119.90812,1607108,10,0.0583105917944863,True,229.90362548828125,985.0,6.042572671091818,21.407592189123765,5.83105917944863,0.027,0.0363,0.45705,0.59,0.006028723460362595,0.0060405081186117315,1.1784658249136548e-05,-0.059,5.983572671091818,0.02906700162579598,0.02907312841473948,18.93921854945334
Pune,IN,18.51957,73.85535,3124458,554,0.1458257,True,407.9278259277344,686.0,0.1678492408636884,22.971530526555007,14.58257,0.6182,0.1291,0.0,13.55,0.0020534839194700965,0.0020649699898388223,1.1486070368725825e-05,-1.355,0.0,0.02707141280478314,0.02707697921263644,35.88774445212835
Blantyre,MW,-15.78499,35.00854,902588,1041,0.1351129930442335,True,327.522216796875,1111.0,4.104676890211351,28.12492530203392,13.51129930442335,0.1254,0.1125,0.26606,2.75,0.0011691096561136003,0.0011798522587669073,1.0742602653307032e-05,-0.27499999999999997,3.8296768902113514,0.026646202799464582,0.02665132807141967,9.696144243643088
Valencia,VE,10.16153,-68.00044,1619470,547,0.1146405999959031,True,256.42413330078125,1174.0,1.3427939269093372,34.51950388715642,11.46405999959031,0.257,0.0909,0.0051,5.63,0.0005400822544660074,0.0005502975490303112,1.0215294564303772e-05,-0.563,0.7797939269093372,0.026347787215525678,0.026352606951299817,16.54336308805303
Lubumbashi,CD,-11.66089,27.47938,2221925,1260,0.1269135000001872,True,223.46115112304688,1135.0,43.121995880064105,34.81068401711484,12.69135000001872,0.6777,0.1667,7e-05,14.85,0.00016697171670204886,0.0001754346260989318,8.462909396882926e-06,-1.4849999999999999,41.636995880064106,0.02617234350028541,0.026176310097381635,18.803949961669097
Puning,CN,23.31072,116.16869,874954,12,0.0537996565096425,True,328.3429870605469,1590.0,0.6256198977645795,35.778460739919204,5.37996565096425,0.364,0.0602,0.0,7.98,0.00025863194979166713,0.00026407514578315704,5.4431959914899054e-06,-0.798,0.0,0.026215336632662487,0.026217891951938462,4.762546105538059
Aurangabad,IN,19.87757,75.34226,1175116,588,0.0945352192163259,True,415.62115478515625,726.0,9.796292057679125,35.78221898546021,9.453521921632593,0.7507,0.1356,0.0,16.45,9.16834520767329e-05,9.684533713097946e-05,5.161885054246566e-06,-1.6449999999999998,8.151292057679125,0.0261370817473874,0.026139497850367392,6.065813717406008
Kuala Lumpur,MY,3.1412,101.68653,1453975,56,0.0504047260380783,True,369.849609375,2309.0,1.7395284962234427,36.42053579388946,5.04047260380783,0.2356,0.0554,3e-05,5.16,0.0002509336037781066,0.0002552814924729733,4.347888694866697e-06,-0.516,1.2235284962234427,0.026211723048859256,0.02621376387612251,6.321721465118806
Baoshan,CN,25.11626,99.16366,935618,1680,0.199426,True,374.0596008300781,1085.0,1.2817578393225515,27.31000489710512,19.9426,0.0387,0.0998,0.69833,0.85,0.0013213182569047017,0.0013250585835233024,3.7403266186007787e-06,-0.085,1.1967578393225515,0.02671891212721455,0.02672070132914534,3.4995169102420234
Addis Ababa,ET,9.02497,38.74689,3860000,2405,0.0987208442743054,True,459.8425598144531,1130.0,16.52552071412225,39.539854059055386,9.87208442743054,0.9902,0.0876,0.0,21.7,3.5216725296544107e-05,3.785562119346612e-05,2.6388958969220146e-06,-2.17,14.355520714122251,0.026110665998585605,0.026111899914909,10.186138162118976
Malang,ID,-7.9797,112.6304,847182,452,0.2511457000002879,True,299.45806884765625,2857.0,0.5798428320745188,47.38555879812772,25.11457000002879,0.4229,0.0755,0.0,9.27,9.457789772597152e-05,9.642164714773761e-05,1.8437494217660882e-06,-0.9269999999999998,0.0,0.026138436511855035,0.026139299527170156,1.5619913226306381
Kyoto,JP,35.02107,135.75385,1463723,50,0.3363467999654756,True,328.29998779296875,1690.0,1.022354467078685,48.01917459566171,33.63467999654756,0.3077,0.0339,0.0,6.74,4.023278565693553e-05,4.11459504843173e-05,9.131648273817675e-07,-0.6739999999999999,0.3483544670786851,0.02611301149806226,0.026113438514453368,1.336620360629723
Kunming,CN,25.03889,102.71833,3855346,1895,0.2247326999966429,True,233.0612030029297,928.0,0.3204394598306521,45.263394465658926,22.47326999966429,0.2315,0.086,0.00762,5.07,8.099939513921492e-05,8.18682667411354e-05,8.68871601920486e-07,-0.507,0.0,0.026132081604492742,0.02613248820143496,3.349800654977738
Meishan,CN,30.04392,103.83696,1107742,423,0.3372052999999958,True,266.9643859863281,1298.0,9.704737926298948,54.449201404115385,33.720529999999584,0.4584,0.0479,0.0,10.05,9.68313919586411e-06,1.0012680265372668e-05,3.2954106950855835e-07,-1.005,8.699737926298948,0.02609872977319579,0.026098883789922023,0.36504648341954943
Santa Cruz de la Sierra,BO,-17.78629,-63.18117,1831434,433,0.2547707,True,268.4552001953125,1257.0,1.5106431677729688,42.13985582001263,25.47707,0.0307,0.0598,0.60812,0.67,0.00014046733967149362,0.00014078104205328632,3.1370238179269675e-07,-0.067,1.4436431677729689,0.02615992464291185,0.02616007159684407,0.5745252078961258
Gwangju,KR,35.15472,126.91556,1401235,47,0.1201671,True,404.3482055664063,1350.0,0.3356984817273769,41.7209189048076,12.01671,0.0715,0.0383,0.0636,1.57,5.93785546995185e-05,5.968978605684558e-05,3.1123135732707903e-07,-0.157,0.17869848172737687,0.026121965934342888,0.026122111521661148,0.43610827098420957
Chuzhou,CN,32.32194,118.29778,782671,24,0.0542267150809773,True,326.5135192871094,976.0,2.075226977950763,46.08184492991453,5.42267150809773,0.0669,0.046,0.14743,1.47,2.1592851042642695e-05,2.1698807035249055e-05,1.0595599260635949e-07,-0.147,1.9282269779507628,0.026104296553668367,0.026104346084376555,0.08292868268921198
Dodoma,TZ,-6.17221,35.73947,765179,1125,0.189315614930807,True,299.6851806640625,583.0,44.876783398184216,58.66457806656322,18.9315614930807,1.2375,0.0912,0.0,27.12,5.667095039637116e-07,6.202709385145693e-07,5.3561434550857685e-08,-2.7119999999999997,42.16478339818421,0.02609446940798119,0.02609449443674596,0.04098408492819073
Xining,CN,36.62554,101.75739,1677177,2275,0.1094059,True,415.0482177734375,397.0,27.60357061112387,49.35382130959234,10.94059,0.248,0.032,0.0,5.43,2.7493342803258933e-06,2.799499503141284e-06,5.016522281539056e-08,-0.5429999999999999,27.06057061112387,0.026095489347639427,0.026095512790290494,0.0841359579058483
Soweto,ZA,-26.26781,27.85849,1695047,1632,0.108932,True,395.2037963867188,701.0,47.48607614251927,45.4579183309256,10.8932,0.0664,0.0479,0.16684,1.46,4.0812799005565885e-06,4.1011704986755004e-06,1.989059811891199e-08,-0.146,47.34007614251927,0.026096111784634737,0.026096121079903268,0.033715498669667415
Bandung,ID,-6.92222,107.60694,2444160,714,0.2817743936394322,True,294.5260925292969,2273.0,0.9002822919051141,67.33540343947566,28.17743936394322,0.2068,0.0322,0.0,4.53,1.2160496912106169e-06,1.234532713332047e-06,1.848302212143016e-08,-0.45299999999999996,0.44728229190511415,0.026094772840266334,0.02609478147730881,0.045175463348314744
Zhaotong,CN,27.31667,103.71667,787845,1974,0.3048376300465372,True,305.1794738769531,882.0,0.0152590218967247,51.307922653639714,30.48376300465372,0.4137,0.0714,0.0,9.07,1.5225658574540946e-05,1.5233396966854995e-05,7.738392314048773e-09,-0.907,0.0,0.026101320285106616,0.02610132390212274,0.006096653692661756
Ashgabat,TM,37.95,58.38333,1030063,219,0.2575801691258474,True,283.0121154785156,245.0,12.298771648737327,70.01556202069145,25.75801691258474,0.4055,0.0368,0.0,8.89,1.678461876942227e-07,1.7288933462251435e-07,5.043146928291651e-09,-0.889,11.409771648737328,0.0260942830235753,0.02609428538017374,0.005194759054396883
Mianyang,CN,31.46784,104.68168,1550000,471,0.2671537664423017,True,382.3655395507813,951.0,0.4882887006943406,68.66857540647992,26.71537664423017,0.4124,0.044,0.0,9.04,2.731168392827404e-07,2.7759402249534764e-07,4.477183212607225e-09,-0.9039999999999999,0.0,0.026094332215255964,0.026094334307390644,0.006939633979541199
Arequipa,PE,-16.39899,-71.53747,1008290,2397,0.5941330976280723,True,435.9530944824219,59.0,0.8239871824216607,63.17836980936092,59.41330976280723,0.1138,0.0282,8e-05,2.49,5.229125356603996e-07,5.272663927397928e-07,4.3538570793932696e-09,-0.249,0.5749871824216607,0.026094448942079133,0.026094450976593964,0.00438995055458144
Johannesburg,ZA,-26.20227,28.04363,9418183,1767,0.1584781514039589,True,355.59576416015625,720.0,70.71030746929125,52.32961775105311,15.847815140395891,0.0664,0.0479,0.16684,1.46,6.438070122101373e-07,6.469446923232426e-07,3.1376801131052775e-09,-0.146,70.56430746929125,0.026094505434943814,0.026094506901154165,0.0295512455006862
Meizhou,CN,24.28859,116.11768,992351,84,0.0582796099993988,True,219.72723388671875,1520.0,12.49713893339441,69.04694859391644,5.82796099993988,0.0952,0.088,0.28025,2.09,4.01021955608834e-07,4.038226817882262e-07,2.800726179392193e-09,-0.20899999999999996,12.28813893339441,0.026094391983866913,0.026094393292616022,0.0027793034248460224
Rājkot,IN,22.29161,70.79322,1390640,140,0.1954547999956735,True,312.34197998046875,607.0,4.287785152971708,69.71446055523188,19.54547999956735,0.0648,0.1109,0.55944,1.42,2.140293235596366e-07,2.1504377898811422e-07,1.0144554284776195e-09,-0.142,4.145785152971707,0.026094304604375358,0.026094305078417854,0.0014107422970581168
Hubballi,IN,15.34776,75.13378,943788,620,0.0547479081197656,True,464.9909057617188,939.0,1.37331197070273,73.64393719685143,5.474790811976559,0.3372,0.1275,0.00875,7.39,3.837254522836757e-08,3.9328558521787495e-08,9.560132934199219e-10,-0.7389999999999999,0.63431197070273,0.02609422252226036,0.026094222968992175,0.0009022738741702012
Ahmedabad,IN,23.02579,72.58727,6357693,56,0.0785870407568552,True,272.7284545898437,759.0,16.14404516670487,73.45552146818392,7.85870407568552,0.0562,0.1229,0.64796,1.23,6.94700437295348e-08,6.975516958668215e-08,2.851258571473502e-10,-0.123,16.02104516670487,0.02609423705369607,0.02609423718693153,0.0018127426661047083
Nairobi,KE,-1.28333,36.81667,4397073,1684,0.0624027300000072,True,394.0188293457031,1008.0,0.106813153276903,74.96640039668605,6.24027300000072,0.735,0.0552,0.0,16.11,4.544787030866318e-08,4.560981066183469e-08,1.6194035317150484e-10,-1.6109999999999998,0.0,0.026094225828462297,0.026094225904134793,0.0007120635545408883
Quito,EC,-0.22985,-78.52495,2781641,2854,0.5291945128205688,True,608.2095947265625,1119.0,39.597161821927216,75.13167151041071,52.91945128205688,0.1189,0.0335,0.00047,2.61,1.1122646050752852e-08,1.1219737618078588e-08,9.709156732573572e-11,-0.26099999999999995,39.33616182192721,0.02609420978876175,0.02609420983413127,0.00027007388442752683
Bijie,CN,27.30193,105.28627,1137383,1471,0.1369299999813432,True,416.3954162597656,1039.0,0.0152590218967247,71.60428136551405,13.69299999813432,0.6063,0.0672,0.0,13.29,1.0814710223536957e-07,1.0820206848585156e-07,5.496625048199433e-11,-1.3289999999999997,0.0,0.026094255126967687,0.02609425515265268,6.251767887196216e-05
Coimbatore,IN,11.00555,76.96612,2136916,425,0.0912118499914439,True,322.4190979003906,966.0,2.2125581750210017,91.243074911898,9.12118499914439,0.072,0.1129,0.52417,1.58,2.4398304841092003e-09,2.4527012375869625e-09,1.2870753477762195e-11,-0.158,2.054558175021002,0.026094205731404183,0.026094205737418497,2.750371903868568e-05
Kigali,RW,-1.94995,30.05885,1132686,1542,0.0795449316772242,True,438.3205871582031,1047.0,146.8070496681163,81.99603921595634,7.95449316772242,2.0163,0.0986,0.0,44.19,7.31934869613255e-11,8.479691318871874e-11,1.1603426227393234e-11,-4.419,142.38804966811628,0.026094204625508113,0.026094204630930224,1.3143038439801133e-05
Pekanbaru,ID,0.51667,101.44167,1085000,19,0.1002372737678649,True,203.2120513916016,2707.0,0.6256198977645795,102.23814659471654,10.02372737678649,0.0908,0.0316,0.0044,1.99,1.7242400740950322e-09,1.7357040379472966e-09,1.1463963852264424e-11,-0.199,0.4266198977645795,0.026094205397018875,0.02609420540237582,1.24384007797069e-05
Nampula,MZ,-15.11646,39.2666,770379,431,0.0543753599773965,True,335.9989929199219,1087.0,31.14366369115743,88.78034614095527,5.4375359977396505,0.0976,0.0752,0.1955,2.14,1.2813391870822597e-09,1.2905028787555227e-09,9.16369167326302e-12,-0.21400000000000002,30.92966369115743,0.02609420519005754,0.02609420519433961,7.059515627556693e-06
Taiz,YE,13.57952,44.02091,940600,1316,0.0585731727777385,True,518.7100830078125,426.0,90.21133745326928,78.44383653665069,5.85731727777385,0.1886,0.0255,0.0,4.13,4.670000850266993e-10,4.734670583807687e-10,6.466973354069345e-12,-0.4129999999999999,89.79833745326928,0.026094204809528367,0.026094204812550297,6.082835136837626e-06
Ulan Bator,MN,47.90771,106.88324,844818,1284,0.0670028685074193,True,389.903564453125,282.0,0.9308003356985068,117.51593605491983,6.7002868507419295,0.172,0.0266,0.0,3.77,4.995217178720972e-12,5.058322923806071e-12,6.310574508509928e-14,-0.37699999999999995,0.5538003356985068,0.026094204593640015,0.02609420459366951,5.3312869351303405e-08
Ibb,YE,13.96667,44.18333,771514,1931,0.0532805400032114,True,606.5333251953125,462.0,90.9132524605173,101.15049582871416,5.328054000321139,0.1886,0.0255,0.0,4.13,3.1482346231131906e-12,3.191831080763604e-12,4.359645765041325e-14,-0.4129999999999999,90.5002524605173,0.02609420459277695,0.02609420459279732,3.363527742770093e-08
Hyderabad,IN,17.38405,78.45636,6993262,515,0.0742353288629107,True,457.4314575195313,788.0,2.868696116578974,124.9129820000264,7.4235328862910706,0.5328,0.1506,0.00049,11.68,1.0264636424274304e-12,1.0671738984219258e-12,4.071025599449538e-14,-1.168,1.700696116578974,0.026094204591785485,0.026094204591804504,2.8469748625657675e-07
Navi Mumbai,IN,19.03681,73.01582,2600000,14,0.1217893695201236,True,331.6882019042969,2988.0,5.684341886080803e-14,2.9449367549001586,12.17893695201236,0.3283,0.0973,0.00087,7.19,0.38094859336649367,0.38094859336649417,4.996003610813204e-16,-0.719,0.0,9.36069710123632,9.360697101236363,1.2989609388114332e-09
Kawasaki,JP,35.52056,139.71722,1538262,1,0.6526173009763581,True,150.6999969482422,1512.0,5.684341886080803e-14,4.7299740992182135,65.2617300976358,0.5728,0.0424,0.0,12.55,0.6042994598328536,0.604299459832854,4.440892098500626e-16,-1.255,0.0,36.10501087234505,36.10501087234508,6.83125556122377e-10
Pudong,CN,31.23995,121.50094,5681512,9,0.0548643,True,234.18467712402344,1039.0,5.684341886080803e-14,0.9628049965868484,5.48643,0.3939,0.0532,0.0,8.63,0.32494742117709424,0.3249474211770947,4.440892098500626e-16,-0.863,0.0,4.929513946114158,4.929513946114184,2.523098174833649e-09
Sakai,JP,34.58216,135.46653,826161,2,0.3961307725316076,True,159.6999969482422,1340.0,5.684341886080803e-14,4.702428708779064,39.61307725316076,0.1955,0.0272,0.0,4.29,0.5145080846281008,0.5145080846281013,4.440892098500626e-16,-0.429,0.0,25.819088601942614,25.819088601942664,3.668891856989376e-10
Zamboanga,PH,6.91028,122.07389,1018849,9,0.2637117133536004,True,251.51161193847656,1583.0,5.684341886080803e-14,1.848680897817665,26.37117133536004,0.1498,0.0189,0.0,3.28,0.4424022693033588,0.4424022693033592,3.885780586188048e-16,-0.32799999999999996,0.0,16.32192384178467,16.32192384178472,3.9590236644571064e-10
Rui’an,CN,27.77605,120.65859,927383,4,0.0790537299212845,True,225.30406188964844,1481.0,5.684341886080803e-14,2.6020261697394584,7.9053729921284495,0.3071,0.0328,0.0,6.73,0.34691150793949077,0.34691150793949116,3.885780586188048e-16,-0.6729999999999999,0.0,6.4325131382804575,6.432513138280487,3.6036068573608304e-10
Yangpu,CN,31.26193,121.51904,1210800,9,0.0545040442712518,True,238.46218872070312,1039.0,5.684341886080803e-14,1.4397563704997285,5.45040442712518,0.3939,0.0532,0.0,8.63,0.2960850909603779,0.29608509096037827,3.885780586188048e-16,-0.863,0.0,3.3841778380526044,3.3841778380526217,4.704903133756488e-10
Callao,PE,-12.05162,-77.13452,1300000,5,0.5972655999999986,True,283.4322509765625,22.0,5.684341886080803e-14,2.6418648431257825,59.72655999999986,0.0638,0.0308,0.03925,1.4,0.23242824210874458,0.23242824210874496,3.885780586188048e-16,-0.13999999999999999,0.0,1.3482948843808003,1.3482948843808085,5.051514762044462e-10
Taguig,PH,14.5243,121.0792,1308085,5,0.3682486999999998,True,215.34266662597656,2273.0,5.684341886080803e-14,10.262590930682526,36.82486999999998,0.3033,0.0415,0.0,6.65,0.2355606880829783,0.2355606880829787,3.885780586188048e-16,-0.665,0.0,1.41429890234449,1.4142989023444983,5.082931298083793e-10
Semarang,ID,-6.99306,110.42083,1653524,18,0.1518648833245408,True,372.357421875,2204.0,5.684341886080803e-14,3.687673874702902,15.18648833245408,0.2623,0.0606,2e-05,5.75,0.22966748066705722,0.22966748066705758,3.608224830031759e-16,-0.575,0.0,1.2924369157430968,1.2924369157431037,5.966286353853434e-10
Anqing,CN,30.51365,117.04723,804493,19,0.0734550466256087,True,327.2950439453125,1499.0,5.684341886080803e-14,2.890169741685439,7.34550466256087,0.185,0.0929,0.04753,4.06,0.19421839173042857,0.1942183917304289,3.3306690738754696e-16,-0.40599999999999997,0.0,0.7399283662978626,0.7399283662978667,2.679499955249298e-10
Padang,ID,-0.94924,100.35427,909040,6,0.4070697,True,252.6883544921875,3392.0,5.684341886080803e-14,3.10603770717609,40.70697,0.0159,0.0264,0.54776,0.35,0.6512807931448363,0.6512807931448367,3.3306690738754696e-16,-0.034999999999999996,0.0,40.0058120459093,40.00581204590934,3.027711414915757e-10
Osaka,JP,34.69379,135.50107,2753862,4,0.3697804212391887,True,260.20001220703125,1381.0,5.684341886080803e-14,8.060177663586122,36.97804212391887,0.1955,0.0272,0.0,4.29,0.172397564419732,0.1723975644197323,3.0531133177191805e-16,-0.429,0.0,0.5188213215149557,0.5188213215149584,8.407852747360778e-10
Yichang,CN,30.71444,111.28472,1350150,63,0.0836621915854064,True,546.5783081054688,1100.0,5.684341886080803e-14,1.7291175805312542,8.36621915854064,0.3707,0.0639,0.0,8.13,0.0878438109842943,0.08784381098429443,1.3877787807814457e-16,-0.8130000000000001,0.0,0.1234316651304501,0.12343166513045045,1.873709520872069e-10
Aden,YE,12.77957,45.03852,1079670,7,0.1397681999999957,True,423.1080017089844,55.0,5.684341886080803e-14,2.570549106771659,13.97681999999957,0.0018,0.0164,0.91477,0.04,0.08198295545705829,0.08198295545705842,1.249000902703301e-16,-0.004,0.0,0.11144226732447973,0.11144226732447994,1.348508804621673e-10
Wanzhou,CN,30.76451,108.39586,1545900,205,0.0686881409288709,True,555.062255859375,1287.0,5.684341886080803e-14,2.542458612805788,6.86881409288709,0.5813,0.0584,0.0,12.74,0.07574663445698164,0.07574663445698177,1.249000902703301e-16,-1.274,0.0,0.09993225289197612,0.09993225289197637,1.9308304954890332e-10
Bhopal,IN,23.25469,77.40289,1798218,523,0.0656964099919073,True,396.8281555175781,1160.0,5.684341886080803e-14,5.806972527642484,6.569640999190731,0.5946,0.1465,7e-05,13.03,0.06836741619474151,0.06836741619474163,1.1102230246251565e-16,-1.303,0.0,0.0878066756784575,0.08780667567845768,1.9964230268953997e-10
Kakamega,KE,0.28422,34.75229,1867579,1563,0.0544357799794899,True,375.9353332519531,1896.0,20.080872816052533,163.28163872308917,5.44357799794899,2.4168,0.1139,0.0,52.97,5.229399026762879e-16,6.238167457913913e-16,1.008768431151034e-16,-5.296999999999999,14.783872816052535,0.026094204591306066,0.026094204591306118,1.8839547378806167e-10
Saitama,JP,35.90807,139.65657,1324854,16,0.5603807087562043,True,200.3999938964844,1376.0,5.684341886080803e-14,21.692457016899937,56.03807087562043,0.5728,0.0424,0.0,12.55,0.02338951054362959,0.023389510543629633,4.163336342344337e-17,-1.255,0.0,0.039624829920339964,0.03962482992034,5.515812806500264e-11
Qujing,CN,25.48333,103.78333,1408500,1887,0.1917821182272825,True,601.1237182617188,981.0,5.684341886080803e-14,11.376667567385027,19.17821182272825,0.2456,0.0824,0.00317,5.38,0.01349855968589292,0.013498559685892945,2.42861286636753e-17,-0.5379999999999999,0.0,0.033217679609765446,0.03321767960976547,3.420701222278666e-11
Kampung Baru Subang,MY,3.15,101.53333,833571,27,0.0515035017817863,True,263.61822509765625,2331.0,5.684341886080803e-14,20.40473050758888,5.150350178178631,0.2356,0.0554,3e-05,5.16,0.01373505158462972,0.013735051584629744,2.42861286636753e-17,-0.516,0.0,0.03335822390466512,0.033358223904665134,2.0244212556308483e-11
Jieyang,CN,23.5418,116.36581,1899394,7,0.0664599161984411,True,244.671630859375,1557.0,5.684341886080803e-14,21.10861264207552,6.645991619844111,0.364,0.0602,0.0,7.98,0.009864262612354041,0.009864262612354058,1.734723475976807e-17,-0.798,0.0,0.031129926405126178,0.03112992640512619,3.2949233619294915e-11
Changzhou,CN,31.77359,119.95401,3290918,9,0.055045040004099,True,230.5048370361328,1047.0,5.684341886080803e-14,20.263042692707568,5.5045040004099,0.1735,0.0563,0.00232,3.8,0.009381465847721338,0.009381465847721353,1.5612511283791264e-17,-0.37999999999999995,0.0,0.0308625104523685,0.0308625104523685,5.137949440903178e-11
Shiyan,CN,32.6475,110.77806,3460000,247,0.0575011800151797,True,298.7441101074219,954.0,5.684341886080803e-14,18.2416409761922,5.750118001517969,0.1976,0.0508,0.00013,4.33,0.008346935387935921,0.008346935387935935,1.3877787807814457e-17,-0.43299999999999994,0.0,0.030297107379413178,0.030297107379413192,4.801714581503802e-11
Bogor,ID,-6.59444,106.78917,1127408,245,0.3060344748976977,True,319.47705078125,3580.0,5.684341886080803e-14,51.29852903280589,30.60344748976977,0.2383,0.0456,0.0,5.22,6.021644137780506e-05,6.021644137780516e-05,1.0164395367051604e-19,-0.5219999999999999,0.0,0.026122357881491098,0.026122357881491098,1.1459420651976915e-13
Yixing,CN,31.36059,119.82016,1285785,8,0.0784322184296391,True,235.5490875244141,1086.0,5.684341886080803e-14,67.90125332253342,7.84322184296391,0.1735,0.0563,0.00232,3.8,5.879361412226328e-07,5.879361412226339e-07,1.0587911840678754e-21,-0.37999999999999995,0.0,0.026094479326990324,0.026094479326990324,1.3613778226067132e-15
Yantai,CN,37.47649,121.44081,2227733,22,0.06942275,True,887.8772583007812,698.0,21.515220874341992,2.638846042441408,6.942275,-0.1369,0.0789,0.08403,-3.0,0.0,0.0,0.0,0.3,21.815220874341993,0.026094204591305827,0.026094204591305827,0.0
Bazhong,CN,31.8694,106.74432,2712894,393,0.0669995699998099,True,864.8499755859375,1049.0,101.89974822613874,72.91542454912583,6.69995699998099,0.4536,0.0504,0.0,9.94,0.0,0.0,0.0,-0.9939999999999999,100.90574822613874,0.026094204591305827,0.026094204591305827,0.0
Seongnam-si,KR,37.43861,127.13778,914832,80,0.1251497073317258,True,841.6481323242188,1314.0,0.8697642481117214,8.27514052387191,12.514970733172582,-0.066,0.039,0.09208,-1.45,0.0,0.0,0.0,0.145,1.0147642481117214,0.026094204591305827,0.026094204591305827,0.0
Kobe,JP,34.6913,135.183,1525152,35,0.3464501999999914,True,775.5,1449.0,0.4119935912108303,1.8435619871600344,34.645019999999136,0.1955,0.0272,0.0,4.29,0.0,0.0,0.0,-0.429,0.0,0.026094204591305827,0.026094204591305827,0.0
Xiamen,CN,24.47979,118.08187,4617251,12,0.0827425507996686,True,700.76904296875,1093.0,0.0152590218967247,0.2851776679329127,8.27425507996686,0.2531,0.0601,4e-05,5.55,0.0,0.0,0.0,-0.5549999999999999,0.0,0.026094204591305827,0.026094204591305827,0.0
Bukavu,CD,-2.49077,28.84281,816811,1631,0.2586775108511142,True,696.26416015625,1436.0,11.581597619592628,2.505964048618972,25.86775108511142,1.203,0.0889,0.0,26.37,0.0,0.0,0.0,-2.6369999999999996,8.944597619592628,0.026094204591305827,0.026094204591305827,0.0
Guiyang,CN,26.58333,106.71667,3037159,1087,0.0515039400000423,True,713.9971313476562,1113.0,25.3757534142062,49.840495897988895,5.15039400000423,0.5561,0.0644,0.0,12.19,0.0,0.0,0.0,-1.2189999999999999,24.1567534142062,0.026094204591305827,0.026094204591305827,0.0
Guang’an,CN,30.47413,106.63696,858159,244,0.0617389367804756,True,900.0,1144.0,11.383230334935549,36.57955758059786,6.17389367804756,0.6836,0.0583,0.0,14.98,0.0,0.0,0.0,-1.498,9.88523033493555,0.026094204591305827,0.026094204591305827,0.0
Wanxian,CN,30.81601,108.37407,859662,232,0.06553053,True,879.706298828125,1287.0,143.40428778515297,3.5505628796640183,6.553053,0.5813,0.0584,0.0,12.74,0.0,0.0,0.0,-1.274,142.13028778515297,0.026094204591305827,0.026094204591305827,0.0
Weihai,CN,37.50914,122.11356,844310,14,0.11579407809397,True,900.0,708.0,2.792401007095464,2.1526573331981536,11.579407809397,-0.1369,0.0789,0.08403,-3.0,0.0,0.0,0.0,0.3,3.092401007095464,0.026094204591305827,0.026094204591305827,0.0
Benxi,CN,41.28861,123.765,987717,212,0.0821459299999999,True,656.154541015625,802.0,21.637293049515563,93.11246825330252,8.21459299999999,-0.2171,0.0678,0.00157,-4.76,0.0,0.0,0.0,0.4759999999999999,22.113293049515562,0.026094204591305827,0.026094204591305827,0.0
Zunyi,CN,27.68667,106.90722,2037775,867,0.0692180620677416,True,900.0,1068.0,26.214999618524477,37.40682924827924,6.92180620677416,0.6357,0.0602,0.0,13.93,0.0,0.0,0.0,-1.393,24.821999618524476,0.026094204591305827,0.026094204591305827,0.0
Longyan,CN,25.07485,117.01775,1025087,318,0.071305121177354,True,668.2405395507812,1501.0,5.684341886080803e-14,3.988065928335818,7.1305121177354005,0.0853,0.0913,0.35072,1.87,0.0,0.0,0.0,-0.187,0.0,0.026094204591305827,0.026094204591305827,0.0
La Paz,BO,-16.5,-68.15,2004652,3782,0.2280680000698181,True,826.513671875,547.0,33.09681849393456,83.35432659603939,22.80680000698181,-0.181,0.0571,0.00174,-3.97,0.0,0.0,0.0,0.39699999999999996,33.49381849393456,0.026094204591305827,0.026094204591305827,0.0
Montréal,CA,45.50884,-73.58781,1762949,216,0.1345321564491395,True,900.0,1007.0,45.10566872663463,3.906986263742583,13.453215644913948,0.2524,0.0604,4e-05,5.53,0.0,0.0,0.0,-0.5529999999999999,44.552668726634636,0.026094204591305827,0.026094204591305827,0.0
Quetta,PK,30.18414,67.00141,1565546,1683,0.2636647003322439,True,349.1476745605469,226.0,31.494621194781416,285.74772380420507,26.366470033224388,-0.436,0.0409,0.0,-9.56,3.3659313823889644e-27,3.260465283047091e-27,-1.0546609934187318e-28,0.956,32.45062119478142,0.026094204591305827,0.026094204591305827,-1.651120299602722e-22
Isfahan,IR,32.65246,51.67462,1547164,1578,0.2009237,True,216.2838592529297,142.0,14.38925764858476,288.6280739341316,20.092370000000003,-0.4334,0.0578,0.0,-9.5,7.199655343828144e-27,6.975459167198997e-27,-2.241961766291464e-28,0.95,15.33925764858476,0.026094204591305827,0.026094204591305827,-3.4686825341825664e-22
Ürümqi,CN,43.80096,87.60046,3029372,862,0.2520546002296858,True,329.3302307128906,223.0,0.7171740291447577,218.11113452115293,25.20546002296858,-1.7629,0.0589,0.0,-38.64,1.1145676948944192e-20,9.799981570766742e-21,-1.3456953781774498e-21,3.864,4.581174029144758,0.026094204591305827,0.026094204591305827,-4.076611899180177e-15
Qom,IR,34.6401,50.8764,900000,935,0.2228387004565928,True,246.07989501953125,213.0,8.85023270008395,190.1913582029917,22.28387004565928,-0.7897,0.0611,0.0,-17.31,4.390951382792978e-18,4.1450034441585785e-18,-2.459479386343993e-19,1.7309999999999997,10.58123270008395,0.026094204591305827,0.026094204591305827,-2.2135314477095937e-13
Wuwei,CN,37.92672,102.63202,1010295,1542,0.2731125054061775,True,334.6279296875,187.0,18.58548867017629,170.31982168581172,27.31125054061775,-0.0846,0.0209,7e-05,-1.85,1.1009459670289659e-16,1.0941844379832406e-16,-6.761529045725249e-19,0.18500000000000003,18.770488670176288,0.02609420459130588,0.02609420459130588,-6.83113898725099e-13
Lilongwe,MW,-13.96692,33.78725,1115815,1056,0.1319032000000003,True,288.5593566894531,883.0,4.1962310215915295,163.50372875700162,13.19032000000003,-0.0982,0.1512,0.51649,-2.15,1.0943603801378827e-15,1.0865532877833942e-15,-7.807092354488447e-18,0.21499999999999997,4.411231021591529,0.02609420459130634,0.02609420459130634,-8.711270755523526e-12
Shiraz,IR,29.61031,52.53113,1249942,1545,0.2974346085091356,True,284.4859619140625,191.0,2.166781109330941,167.06127136375858,29.74346085091356,-1.1013,0.0656,0.0,-24.14,5.229078713933866e-16,4.82518419135456e-16,-4.038945225793059e-17,2.4139999999999997,4.580781109330941,0.026094204591306066,0.02609420459130605,-5.048447273418227e-11
Jodhpur,IN,26.26841,73.00594,1056191,237,0.0838126802212359,True,333.015625,417.0,18.60074769207296,163.01573723634954,8.38126802212359,-1.8935,0.1072,0.0,-41.5,3.8000499463390326e-16,3.309573107141371e-16,-4.904768391976617e-17,4.1499999999999995,22.75074769207296,0.026094204591306003,0.02609420459130598,-5.1803722326901754e-11
Shijiazhuang,CN,38.04139,114.47861,3938513,77,0.118746899999866,True,221.09710693359372,511.0,7.202258335240742,168.2098827174035,11.8746899999866,-2.005,0.1233,0.0,-43.94,4.955505700614727e-16,4.280967439104607e-16,-6.7453826151012e-17,4.393999999999999,11.59625833524074,0.02609420459130606,0.026094204591306024,-2.6566777119550074e-10
Sanaa,YE,15.35452,44.20646,1937451,2253,0.0526933723888093,True,264.03765869140625,251.0,6.607156481269556,143.50906134517945,5.26933723888093,-0.0897,0.0233,0.00015,-1.97,3.804881199448267e-14,3.7800024909206896e-14,-2.4878708527577195e-16,0.19699999999999998,6.804156481269556,0.026094204591323607,0.026094204591323486,-4.820127871546296e-10
Konya,TR,37.87135,32.48464,1433861,1030,0.1308908002953623,True,228.1295166015625,471.0,5.8136873426413445,151.85653315660343,13.089080029536229,-1.0971,0.1015,0.0,-24.05,1.421027522389235e-14,1.3116602710621316e-14,-1.0936725132710337e-15,2.4050000000000002,8.218687342641346,0.026094204591312464,0.02609420459131195,-1.5681743635513175e-09
Bishkek,KG,42.87,74.59,900000,767,0.2286191,True,446.03271484375,421.0,6.240939955748843,141.11167410704277,22.86191,-0.3982,0.0417,0.0,-8.73,4.126370568394902e-14,4.008140121420306e-14,-1.1823044697459595e-15,0.873,7.113939955748843,0.026094204591325103,0.026094204591324555,-1.0640740227713635e-09
Gorakhpur,IN,29.44768,75.67206,1324570,218,0.1145384535457551,True,226.06674194335935,428.0,34.1954680704967,134.67239888467972,11.453845354575511,-7.5836,0.1456,0.0,-166.21,1.791220170045359e-13,1.0298547232154617e-13,-7.613654468298972e-14,16.621,50.8164680704967,0.026094204591389527,0.026094204591353958,-1.0084818299074769e-07
Teni,IN,10.01115,77.47772,1034724,300,0.0889033836992875,True,238.12823486328125,1077.0,0.3509575036240449,119.18791036897882,8.89033836992875,-0.1088,0.086,0.20697,-2.39,1.5713325216523356e-11,1.5588763905661772e-11,-1.245613108615842e-13,0.239,0.5899575036240449,0.02609420459864844,0.026094204598590236,-1.2888657781994185e-07
Sulaymaniyah,IQ,35.56496,45.4329,878146,847,0.2492028713214842,True,525.6239624023438,768.0,3.555352101930282,120.1914653154235,24.92028713214842,-1.0467,0.1165,0.0,-22.94,3.0047582591419828e-12,2.7837722114990045e-12,-2.2098604764297832e-13,2.294,5.8493521019302825,0.026094204592709905,0.026094204592606637,-1.9405801379349085e-07
Mashhad,IR,36.29807,59.60567,2307177,980,0.2156777999852094,True,260.73651123046875,279.0,14.023041123064049,110.84740925217056,21.56777999852094,-0.3425,0.0323,0.0,-7.51,4.056263369416008e-11,3.9560810343839864e-11,-1.0018233503202132e-12,0.751,14.774041123064048,0.026094204610260168,0.026094204609792036,-2.3113837919217385e-06
Shymkent,KZ,42.30988,69.60042,1200000,520,0.1657323680398688,True,309.73211669921875,486.0,0.0762951094835102,108.02027800594988,16.57323680398688,-0.3917,0.0533,0.0,-8.59,8.491563493643454e-11,8.25210599964952e-11,-2.3945749399393354e-12,0.859,0.9352951094835102,0.0260942046309857,0.026094204629866752,-2.8734899279272026e-06
Changchun,CN,43.88,125.32278,4714996,206,0.0634228002268415,True,344.11676025390625,591.0,0.0457770656901175,89.42604805737493,6.34228002268415,-0.0229,0.0389,0.55692,-0.5,2.4307989623123874e-09,2.4267550495415625e-09,-4.043912770824852e-12,0.049999999999999996,0.09577706569011749,0.02609420572718388,0.026094205725294212,-1.9067032538788093e-05
Marrakesh,MA,31.63416,-7.99994,995871,457,0.1452008,True,279.8376770019531,272.0,34.6227206836042,98.7940385848495,14.520079999999998,-0.3969,0.036,0.0,-8.7,1.851377660124858e-10,1.7985108970601975e-10,-5.286676306466057e-12,0.8699999999999999,35.4927206836042,0.02609420467781809,0.026094204675347704,-5.264847619996659e-06
Tehran,IR,35.69439,51.42151,7153309,1178,0.4330289000001777,True,369.8034057617188,240.0,1.2359807736324342,106.9502179461994,43.30289000001777,-2.0725,0.0835,0.0,-45.42,8.740793514792776e-11,7.513883004721532e-11,-1.2269105100712439e-11,4.542,5.777980773632434,0.026094204632150318,0.026094204626417136,-8.77646999388722e-05
Madurai,IN,9.919,78.11953,1465625,139,0.0518413650634364,True,229.16986083984372,879.0,12.314030670634054,96.29667618826151,5.18413650634364,-0.2324,0.1032,0.02523,-5.09,9.385351897581616e-10,9.227613583619272e-10,-1.5773831396234386e-11,0.509,12.823030670634054,0.02609420502987007,0.026094205022499182,-2.311852164010602e-05
Hermosillo,MX,29.08874,-110.96677,812229,202,0.070163362633263,True,294.76593017578125,304.0,23.025864042114904,90.54734758483518,7.0163362633263,-0.2426,0.026,0.0,-5.32,1.0704711143308709e-09,1.0516740683583193e-09,-1.8797045972551553e-11,0.532,23.557864042114904,0.026094205091521865,0.02609420508273827,-1.5267505853239574e-05
Karaj,IR,35.83266,50.99155,1448075,1341,0.3347232003058362,True,458.1684265136719,278.0,6.713969634546459,100.93446446943916,33.47232003058362,-2.0725,0.0835,0.0,-45.42,1.556156393289929e-10,1.3377248938043482e-10,-2.1843149948558072e-11,4.542,11.255969634546458,0.026094204664022815,0.026094204653815824,-3.163051936175823e-05
Ordos,CN,39.6086,109.78157,1940653,1310,0.0849750370641149,True,324.4867553710937,358.0,14.969100480659222,96.54588073187392,8.49750370641149,-1.3267,0.0574,0.0,-29.08,3.7277357178635927e-10,3.3836824653127564e-10,-3.440532525508363e-11,2.908,17.877100480659223,0.026094204765497654,0.026094204749420532,-6.67687976722538e-05
Baoding,CN,38.87288,115.46246,2739887,15,0.1072925044906819,True,201.0353240966797,507.0,10.040436408026268,97.73415394827522,10.72925044906819,-0.7242,0.049,0.0,-15.87,1.0100572790042162e-09,9.580646118003633e-10,-5.1992667203852886e-11,1.5869999999999997,11.627436408026268,0.026094205063291336,0.0260942050389959,-0.00014245403296716288
Shangqiu,CN,34.4143,115.65613,1859723,52,0.0612330999999998,True,205.05328369140625,718.0,0.4730296787976158,100.64752208277586,6.12330999999998,-1.1119,0.1071,0.0,-24.37,6.831902174909475e-10,6.299378878206442e-10,-5.325232967030332e-11,2.437,2.9100296787976156,0.026094204910550967,0.026094204885666907,-9.90345822914455e-05
Nanyang,CN,33.00524,112.54659,1811812,126,0.066139472892516,True,212.85964965820312,879.0,0.3509575036240449,82.15549548699089,6.6139472892516,-0.0381,0.0564,0.50051,-0.83,3.189647612198668e-08,3.1808439173142614e-08,-8.803694884406296e-11,0.08299999999999999,0.43395750362404484,0.02609421949608284,0.02609421945494439,-0.0001595064003590594
Lu’an,CN,31.73561,116.51688,1644344,81,0.0953109421185819,True,297.3522033691406,1112.0,16.632333867399154,78.25982684319419,9.531094211858193,-0.0538,0.0504,0.28625,-1.18,2.7865287737726122e-08,2.7756008720221603e-08,-1.0927901750451897e-10,0.118,16.750333867399153,0.02609421761236445,0.026094217561299888,-0.00017969229675945074
Zaozhuang,CN,34.86472,117.55417,899753,79,0.0514844965701924,True,253.9835968017578,717.0,7.904173342488775,89.10527496928707,5.14844965701924,-0.5554,0.0688,0.0,-12.17,3.5730803496813373e-09,3.431172251057128e-09,-1.4190809862420942e-10,1.2169999999999999,9.121173342488776,0.02609420626095587,0.026094206194644205,-0.0001276822374614283
Córdoba,AR,-31.40648,-64.18853,2106734,378,0.0992516499400665,True,346.3520812988281,815.0,0.0152590218967247,82.129533711114,9.92516499400665,-0.2089,0.063,0.00105,-4.58,1.4100887189073153e-08,1.3887460585431204e-08,-2.1342660364194917e-10,0.45799999999999996,0.47325902189672464,0.026094211180452086,0.026094211080720815,-0.00044963308239701815
Suqian,CN,33.94917,118.29583,1437685,23,0.0827449899982909,True,279.94952392578125,754.0,5.844205386434737,82.64939249859692,8.27449899982909,-0.2478,0.0425,0.0,-5.43,1.4294183051919223e-08,1.4038039824043852e-08,-2.561432278753713e-10,0.5429999999999999,6.387205386434737,0.026094211270776536,0.02609421115108439,-0.0003682532765680032
Kirkuk,IQ,35.46806,44.39222,1031000,346,0.1908058061616414,True,370.6116027832031,357.0,3.006027313649213,87.89915362368748,19.080580616164134,-1.1691,0.1189,0.0,-25.62,3.327875631510059e-09,3.055733164446925e-09,-2.72142467063134e-10,2.562,5.568027313649212,0.026094206146375157,0.026094206019206815,-0.0002805788835420912
Aleppo,SY,36.20124,37.16117,2098210,401,0.1731152907777781,True,324.3851013183594,354.0,22.247653925383418,80.944667912458,17.31152907777781,-0.6729,0.0753,0.0,-14.75,9.128865539091079e-09,8.69131221649584e-09,-4.3755332259523937e-10,1.4749999999999999,23.72265392538342,0.02609420885709611,0.02609420865263359,-0.0009180787570025572
Hefei,CN,31.86389,117.28083,5050000,24,0.0983821445081414,True,230.1564483642578,1091.0,3.082322423132723,75.70061622519975,9.83821445081414,-0.0883,0.037,0.01784,-1.93,1.2088091499001342e-07,1.2010651668654643e-07,-7.74398303466989e-10,0.19299999999999998,3.275322423132723,0.02609426107731059,0.026094260715444434,-0.003910711432508295
Bannu,PK,32.98527,70.60403,1357890,379,0.2527685959281018,True,283.909912109375,330.0,15.640497444113862,77.0479338800971,25.27685959281018,-0.371,0.0521,0.0,-8.13,3.663172151428041e-08,3.565329874698119e-08,-9.784227672992207e-10,0.8130000000000001,16.45349744411386,0.026094221708797483,0.02609422125159405,-0.0013285904914879388
Suzhou,CN,33.63611,116.97889,1647642,34,0.0637811998549458,True,210.9528961181641,710.0,8.6366063935302,79.85345813219351,6.378119985494581,-0.5656,0.0673,0.0,-12.4,3.562895113755546e-08,3.418772094844958e-08,-1.4412301891058825e-09,1.24,9.876606393530201,0.026094221240216747,0.02609422056674982,-0.0023746313912387943
Xingtai,CN,37.06217,114.49272,798770,71,0.1481206,True,230.07064819335935,551.0,5.004959182116465,86.12211140604973,14.81206,-2.005,0.1233,0.0,-43.94,1.1422123878863439e-08,9.867356318607904e-09,-1.554767560255535e-09,4.393999999999999,9.398959182116464,0.026094209928703538,0.026094209202182483,-0.0012419016841053137
Kathmandu,NP,27.70169,85.3206,1442271,1296,0.4388813174745403,True,313.22491455078125,1779.0,1.3122758831159445,88.13437950287968,43.888131747454025,-1.8147,0.143,0.0,-39.77,1.3201392371402538e-08,1.1563900367258107e-08,-1.637492004144431e-09,3.9770000000000003,5.289275883115945,0.02609421076013075,0.026094209994953703,-0.0023617072303093924
Eskişehir,TR,39.77667,30.52056,921630,794,0.2589663756735736,True,255.27093505859372,428.0,0.8545052262150534,81.96021192692872,25.89663756735736,-0.899,0.0915,0.0,-19.7,2.8483904913031635e-08,2.6675303896031672e-08,-1.8086010169999629e-09,1.9699999999999998,2.824505226215053,0.026094217901435665,0.026094217056301536,-0.0016668609552976759
Tegucigalpa,HN,14.0818,-87.20681,850848,944,0.3124423751018672,True,325.9839172363281,1136.0,5.684341886080803e-14,74.75589263081783,31.24423751018672,-0.2014,0.0899,0.026,-4.42,1.2573197869027839e-07,1.2389493275441532e-07,-1.8370459358630622e-09,0.44199999999999995,0.4420000000000568,0.026094263344149094,0.02609426248572158,-0.0015630468604372148
Hohhot,CN,40.81056,111.65222,2350000,1051,0.1767671363819321,True,238.4240264892578,284.0,3.204394598306294,77.35917199553887,17.67671363819321,-0.6359,0.03,0.0,-13.94,6.290806186603757e-08,6.005459876858434e-08,-2.853463097453223e-09,1.394,4.598394598306294,0.026094233987371037,0.026094232653986586,-0.006705638279015074
Jaipur,IN,26.91962,75.78781,3046163,435,0.0645149268963529,True,382.1997375488281,612.0,11.810482948043044,78.01301884391924,6.451492689635289,-3.5958,0.1485,0.0,-78.81,1.424538485827013e-08,1.095718809525558e-08,-3.288196763014549e-09,7.881,19.691482948043046,0.026094211247973818,0.02609420971144557,-0.010016383316214687
Almaty,KZ,43.25249,76.9115,1977011,783,0.3968644310264769,True,454.9982604980469,517.0,5.684341886080803e-14,73.56998639267314,39.68644310264769,-0.8367,0.0509,0.0,-18.34,6.55831151062378e-08,6.169766433641531e-08,-3.885450769822495e-09,1.834,1.834000000000057,0.02609423523738705,0.026094233421768746,-0.0076815789118975415
Dhanbad,IN,23.79759,86.42992,1196214,247,0.1588235880529,True,401.5318908691406,1171.0,16.006713969634575,69.05409564434167,15.88235880529,-0.4382,0.1634,0.00787,-9.6,1.297263327667773e-07,1.256448282365979e-07,-4.081504530179412e-09,0.96,16.966713969634576,0.026094265210658565,0.02609426330342483,-0.004882352860064035
León de los Aldama,MX,21.12183,-101.68253,1579803,1803,0.0725108399999994,True,298.2978515625,606.0,4.27252613107504,73.25153582460912,7.251083999999939,-1.0766,0.1131,0.0,-23.6,8.11754619308019e-08,7.504027839628482e-08,-6.135183534517081e-09,2.36,6.632526131075039,0.026094242523479978,0.026094239656591394,-0.00969238135338069
Homs,SY,34.72405,36.72559,775404,508,0.2051711999995663,True,286.3260498046875,383.0,3.616388189517068,68.52741857313096,20.51711999995663,-0.4053,0.0498,0.0,-8.88,2.971263683660909e-07,2.8846885918307535e-07,-8.65750918301554e-09,0.888,4.504388189517068,0.026094343434626424,0.026094339389073688,-0.006713067250546981
Santiago,CL,-33.45694,-70.64827,4837295,556,0.4173637999999916,True,307.89996337890625,451.0,2.395666437781358,67.17842696066505,41.736379999999166,-0.2991,0.0568,0.0,-6.55,4.6708529778133715e-07,4.570077739418613e-07,-1.0077523839475835e-08,0.655,3.0506664377813584,0.026094422854570812,0.02609441814544775,-0.04874795568107726
Sanhe,CN,39.98049,117.06887,965075,24,0.1181934999923526,True,218.5737762451172,541.0,12.481879911497684,68.0306212679399,11.81934999923526,-0.4242,0.0489,0.0,-9.3,3.7244578235370537e-07,3.610882859514037e-07,-1.1357496402301673e-08,0.93,13.411879911497683,0.026094378630533353,0.026094373323301237,-0.010960835840451287
Kabul,AF,34.52813,69.17233,4434550,1798,0.3410787,True,372.2310180664063,347.0,2.441443503471476,62.74509247334692,34.10787,-0.4067,0.0653,0.0,-8.91,7.119544339759629e-07,6.9114084649941e-07,-2.081358747655294e-08,0.8909999999999999,3.332443503471476,0.02609453727965355,0.02609452755363733,-0.09229889434414784
Gwalior,IN,26.22983,78.17337,1054420,220,0.0816219629180576,True,430.6668395996094,915.0,44.38849469748993,51.2505965193506,8.16219629180576,-0.2439,0.1268,0.05562,-5.35,1.190361765577402e-06,1.1693426889583274e-06,-2.101907661907462e-08,0.5349999999999999,44.92349469748993,0.026094760836405897,0.02609475101428317,-0.02216293476868466
Zarqa,JO,32.07275,36.08796,792665,625,0.1103541999999981,True,292.1699523925781,221.0,50.58365758754866,50.65887089580094,11.03541999999981,-0.2683,0.0262,0.0,-5.88,1.749095335924001e-06,1.7151805246838232e-06,-3.3914811240177726e-08,0.588,51.17165758754866,0.026095021931502975,0.026095006083104874,-0.026883083851695477
Tiruppur,IN,11.11541,77.35456,963173,305,0.0790061099999997,True,364.5045471191406,589.0,6.439307240405924,49.11430994792621,7.90061099999997,-0.0828,0.106,0.4358,-1.81,7.4594840108496915e-06,7.414659018776993e-06,-4.48249920726983e-08,0.181,6.620307240405924,0.026097690532910944,0.026097669584068322,-0.04317422208963704
Daejeon,KR,36.34913,127.38493,1441203,58,0.1340866,True,315.70611572265625,1302.0,15.53368429083696,56.11089282215968,13.40866,-0.2189,0.0536,6e-05,-4.8,3.026727325143254e-06,2.9787328533365592e-06,-4.799447180669487e-08,0.48,16.01368429083696,0.02609561897611648,0.02609559654778588,-0.06916977675122407
Erbil,IQ,36.19117,44.00943,1612700,429,0.1994300000000405,True,343.24786376953125,648.0,1.4190890363927906,62.98119082862433,19.943000000004048,-1.1691,0.1189,0.0,-25.62,8.064000658008629e-07,7.404554314994993e-07,-6.594463430136362e-08,2.562,3.9810890363927904,0.02609458141335636,0.02609455059793833,-0.10634891173780911
Cheongju-si,KR,36.63722,127.48972,852147,49,0.1316890549833704,True,470.4707336425781,1266.0,5.684341886080803e-14,52.69009154855256,13.16890549833704,-0.2189,0.0536,6e-05,-4.8,4.649488768202305e-06,4.5757624700420864e-06,-7.372629816021896e-08,0.48,0.4800000000000568,0.02609637732112607,0.02609634286705592,-0.0628256437983361
Lucknow,IN,26.83928,80.92313,2472011,126,0.092923407530698,True,235.35450744628903,993.0,1.0986495765621953,60.69847212010058,9.2923407530698,-0.6466,0.1339,0.0,-14.17,2.5083988654345876e-06,2.392786683289293e-06,-1.1561218214529467e-07,1.4169999999999998,2.515649576562195,0.026095376756685017,0.02609532273040222,-0.28579458599717206
Tashkent,UZ,41.26465,69.21627,1978028,424,0.170258,True,301.8589782714844,453.0,15.182726787212973,55.30665842023168,17.0258,-0.8196,0.0735,0.0,-17.96,2.6939658649995846e-06,2.5375721147045823e-06,-1.563937502950024e-07,1.796,16.978726787212974,0.02609546347351476,0.026095390389541052,-0.309351217108523
Santiago de Querétaro,MX,20.58806,-100.38806,1594212,1826,0.1017961999998979,True,283.23876953125,593.0,0.3356984817273769,57.65609446211876,10.179619999989791,-1.0622,0.1098,0.0,-23.28,2.7979482576912805e-06,2.5892394713277787e-06,-2.0870878636350176e-07,2.328,2.6636984817273768,0.026095512065379505,0.026095414534062347,-0.3327260517261309
Mexicali,MX,32.62781,-115.45446,1032686,4,0.6835515193668443,True,227.1408843994141,67.0,19.577325093461525,50.8843489175372,68.35515193668444,-0.2616,0.0258,0.0,-5.73,1.2858080145618672e-05,1.2615065342810373e-05,-2.4301480280829914e-07,0.573,20.150325093461525,0.02610021367419569,0.026100100091212667,-0.2509579846528912
Fushun,CN,41.88669,123.94363,1400646,85,0.0714560299394532,True,305.089599609375,718.0,0.4730296787976158,48.02573761554028,7.14560299394532,-0.2171,0.0678,0.00157,-4.76,1.6597277522305454e-05,1.6336275701987306e-05,-2.610018203181472e-07,0.4759999999999999,0.9490296787976158,0.026101961403767658,0.026101839405757773,-0.36557115562133163
Ankara,TR,39.91987,32.85427,3517182,874,0.1666255618933042,True,432.7453308105469,400.0,9.079118028534424,47.80716762693401,16.66255618933042,-0.6175,0.0833,0.0,-13.53,7.448007050467005e-06,7.1198874286915685e-06,-3.2811962177543686e-07,1.353,10.432118028534424,0.026097685169181987,0.026097531823751866,-1.1540564275553746
Pyongyang,KP,39.03385,125.75432,3222000,43,0.1516701309305629,True,615.4934692382812,1062.0,29.480430304417496,35.74982510574854,15.167013093056289,-0.1571,0.0606,0.01014,-3.44,3.1692283420142506e-05,3.1331324723829533e-05,-3.6095869631297243e-07,0.344,29.824430304417497,0.026109018101367426,0.026108849336381797,-1.1630089195203972
Tangshan,CN,39.64381,118.18319,3372102,7,0.3162972999999999,True,319.5663452148437,621.0,0.2288853284504739,48.69996845772576,31.629729999999988,-0.307,0.0433,0.0,-6.73,2.0787691234791498e-05,2.032701124283187e-05,-4.6067999195962696e-07,0.6729999999999999,0.9018853284504739,0.026103920172748252,0.026103704825166905,-1.553459922247042
Çankaya,TR,39.9179,32.86268,792189,889,0.1666255618933042,True,451.9446411132813,400.0,0.5340657663844013,47.093533997494,16.66255618933042,-0.6175,0.0833,0.0,-13.53,1.0546700209910275e-05,1.008207000622417e-05,-4.646302036861053e-07,1.353,1.8870657663844013,0.026099133375299,0.026098916220533667,-0.3680749364278921
Yancheng,CN,33.3575,120.1573,1615717,3,0.0926327899996998,True,206.17608642578125,950.0,5.684341886080803e-14,43.20952082615922,9.26327899996998,-0.0624,0.033,0.05978,-1.37,0.00011885618623587,0.00011831525142072776,-5.40934815142238e-07,0.13699999999999998,0.13700000000005683,0.026149802858172748,0.026149549555973678,-0.8739975767171713
Salem,IN,11.65376,78.15538,917414,283,0.08556316,True,280.0541687011719,875.0,0.1525902189670205,40.93274648833618,8.556316,-0.0817,0.1324,0.53792,-1.79,9.810469988748985e-05,9.752172343088542e-05,-5.82976456604432e-07,0.179,0.33159021896702046,0.026140087348768593,0.026139814460163602,-0.5348307629592984
Peshawar,PK,34.008,71.57849,4758762,340,0.2901222617456738,True,287.96417236328125,530.0,8.209353780422703,50.23090092866646,29.01222617456738,-0.7555,0.1076,0.0,-16.56,1.3142100944880229e-05,1.2437011118223673e-05,-7.05089826656556e-07,1.656,9.865353780422703,0.02610034642364011,0.02610001687054303,-3.3553546736798054
Weifang,CN,36.71,119.10194,2044028,30,0.0536312100003509,True,227.6941070556641,691.0,0.2441443503471987,50.28162268134629,5.36312100003509,-0.6932,0.0795,0.0,-15.19,1.651501549718634e-05,1.570043017736571e-05,-8.145853198206297e-07,1.519,1.7631443503471986,0.02610192295262117,0.026101542199887955,-1.665035202102322
Ciudad Nezahualcoyotl,MX,19.40061,-99.01483,1077208,2235,0.2175630999998143,True,198.61001586914065,648.0,5.684341886080803e-14,54.83326678530531,21.75630999998143,-0.8774,0.1042,0.0,-19.23,1.3251017793287787e-05,1.2429084943182622e-05,-8.219328501051651e-07,1.9229999999999998,1.9230000000000567,0.026100397330832192,0.02610001316593838,-0.8853926415960848
Lusaka,ZM,-15.40669,28.28713,2212301,1277,0.0653223858044363,True,315.5809936523437,818.0,16.60181582360576,42.70270298602353,6.532238580443631,-0.4488,0.1522,0.00352,-9.84,2.7791972952167508e-05,2.6896090250097324e-05,-8.958827020701838e-07,0.984,17.585815823605763,0.0261071945818527,0.026106775745896857,-1.9819621976725696
Ecatepec de Morelos,MX,19.60492,-99.06064,1645352,2306,0.1769872000143959,True,500.3542175292969,627.0,16.510261692225583,42.08730703197381,17.69872000143959,-0.8774,0.1042,0.0,-19.23,1.6441702495208754e-05,1.5421861215204894e-05,-1.0198412800038597e-06,1.9229999999999998,18.43326169222558,0.026101888684499357,0.02610141199269512,-1.6779978897369106
Culiacán,MX,24.80209,-107.39421,808416,47,0.1008736010758394,True,375.4324951171875,638.0,19.94354161898224,34.02929276481546,10.08736010758394,-0.1557,0.0518,0.00296,-3.41,0.00011100851823805163,0.00010975525064263183,-1.253267595419791e-06,0.34099999999999997,20.284541618982242,0.026146128287781643,0.026145541508476165,-1.0131615764188857
Gustavo Adolfo Madero,MX,19.49392,-99.11075,1185772,2284,0.208636099855132,True,467.4730529785156,648.0,14.023041123064049,42.26764365722688,20.8636099855132,-0.8774,0.1042,0.0,-19.23,2.0952951171524775e-05,1.965329293191551e-05,-1.2996582396092651e-06,1.9229999999999998,15.946041123064049,0.026103997424908956,0.02610338989472702,-1.5410983500979576
Amman,JO,31.95522,35.94503,1275857,757,0.1517072145721601,True,422.46490478515625,325.0,2.105745021744156,37.72202782183565,15.170721457216011,-0.2683,0.0262,0.0,-5.88,7.266128652353663e-05,7.125248826900292e-05,-1.408798254533706e-06,0.588,2.693745021744156,0.0261281800230712,0.026127520872736395,-1.7974251146346105
Qingyang,CN,35.70976,107.64455,2125400,1427,0.0669624900083473,True,293.6593017578125,551.0,93.69039444571604,25.244481686979565,6.6962490008347295,-0.2704,0.0344,0.0,-5.93,7.713386080048027e-05,7.562576051256262e-05,-1.5081002879176593e-06,0.593,94.28339444571604,0.026130272765763123,0.026129567098636338,-3.2053163519401933
Rawalpindi,PK,33.59733,73.0479,3357612,501,0.3984775999894386,True,265.31805419921875,947.0,6.500343327992709,48.5603920148053,39.84775999894386,-0.7493,0.0781,0.0,-16.42,3.195855593760266e-05,3.0258073365478434e-05,-1.7004825721242292e-06,1.6420000000000001,8.142343327992709,0.026109142596849703,0.026108347547802082,-5.709560689955177
Damascus,SY,33.5102,36.29128,1569394,701,0.1947431999999904,True,267.14776611328125,383.0,0.6561379415579722,40.74972040179098,19.47431999999904,-0.2378,0.0364,0.0,-5.21,0.00011060425483334106,0.00010870210521801669,-1.9021496153243713e-06,0.521,1.1771379415579721,0.02614593901042169,0.026145048436340218,-2.9852221933923766
Gaziantep,TR,37.05944,37.3825,2222415,842,0.192733631962112,True,428.8000793457031,532.0,0.1220721751736277,43.13763314856911,19.2733631962112,-1.0534,0.0902,0.0,-23.09,3.0050663042978227e-05,2.7826735004799778e-05,-2.223928038178449e-06,2.3089999999999997,2.4310721751736275,0.02610825057615512,0.02610721083366491,-4.942491030968357
Iztapalapa,MX,19.35529,-99.06224,1835486,2238,0.2343617999998143,True,186.9036407470703,648.0,5.684341886080803e-14,49.31674439288145,23.43617999998143,-0.8774,0.1042,0.0,-19.23,4.7393939728248984e-05,4.445428716565988e-05,-2.9396525625891026e-06,1.9229999999999998,1.9230000000000567,0.026116360399743604,0.02611498562480765,-5.395691123496421
Comilla,BD,23.46186,91.18503,1030000,17,0.2488164092290879,True,228.96910095214844,2233.0,3.0518043793393304,45.97290692276194,24.88164092290879,-0.2955,0.2092,0.15928,-6.48,0.00013857583335109112,0.0001356180213143692,-2.9578120367219278e-06,0.648,3.6998043793393305,0.02615903858375401,0.02615765308270193,-3.046546397823586
Shenyang,CN,41.79222,123.43278,7050000,53,0.0998792262887538,True,251.6791534423828,673.0,1.3275349050126124,38.95666934077452,9.98792262887538,-0.2566,0.0637,8e-05,-5.62,0.00016403117091760456,0.00016099042925083213,-3.0407416667724285e-06,0.5619999999999999,1.8895349050126122,0.026170965394596537,0.026169540406877027,-21.43722875074562
Jerusalem,IL,31.76904,35.21633,971800,786,0.2469425443693514,True,456.1331481933594,383.0,29.907682917524998,28.666171782012192,24.69425443693514,-0.2683,0.0262,0.0,-5.88,0.00019382951787741225,0.0001900718877610966,-3.7576301163156365e-06,0.588,30.495682917525,0.026184933900609334,0.026183172038680074,-3.6516649470355356
Xuchang,CN,34.03189,113.86299,1265536,71,0.0894938719935299,True,210.1138610839844,710.0,4.058899824521291,44.30804607910388,8.94938719935299,-1.0587,0.1383,0.0,-23.2,6.937819780327166e-05,6.422045820418325e-05,-5.157739599088412e-06,2.32,6.378899824521291,0.026126643952782486,0.02612423096320097,-6.527305141271953
San Pedro Sula,HN,15.50585,-88.02588,801259,90,0.3644254999999999,True,385.2497253417969,1646.0,14.0993362325475,19.502948465874848,36.44254999999999,-0.0108,0.0229,0.63697,-0.24,0.006673964150721587,0.006668668004749958,-5.296145971629002e-06,0.023999999999999997,14.1233362325475,0.02940434269722074,0.029401558121868218,-4.243584625081482
Kallakurichi,IN,11.73379,78.95925,1682687,124,0.07896554,True,308.8377990722656,970.0,7.858396276798658,32.00793720256394,7.896554,-0.2168,0.1347,0.10896,-4.75,0.00040311158188510005,0.00039678803761798395,-6.323544267116104e-06,0.475,8.333396276798657,0.026283246388993504,0.026280270499308537,-10.640545732200795
Medellín,CO,6.245,-75.57151,1999979,1528,0.1971214240095512,True,323.5350341796875,2467.0,0.0152590218967247,31.294794897603676,19.71214240095512,-0.0576,0.0691,0.40574,-1.26,0.001688399230008528,0.0016813417716518486,-7.057458356679418e-06,0.126,0.1412590218967247,0.02689507242685857,0.02689167479354325,-14.114768506733345
Mexico City,MX,19.42847,-99.12766,12294193,2240,0.2219640727916876,True,212.8583984375,648.0,5.684341886080803e-14,43.43998910849127,22.19640727916876,-0.8774,0.1042,0.0,-19.23,0.00012126131231742666,0.00011374048939663879,-7.5208229207878645e-06,1.9229999999999998,1.9230000000000567,0.026150929129932294,0.026147407440511496,-92.46244850698972
Hiroshima,JP,34.4,132.45,1200754,16,0.350937245802441,True,207.5,1907.0,0.6408789196613043,5.409366507511519,35.0937245802441,-0.0005,0.0229,0.98117,-0.01,0.4147114489219935,0.4147033661737104,-8.082748283122498e-06,0.001,0.6418789196613043,12.955808209900283,12.9548742347914,-9.705392331952472
Kennedy,CO,4.6165,-74.14597,979914,2556,0.209905099994845,True,209.766357421875,1312.0,3.4943160143434966,25.18164934703556,20.990509999484495,-0.0203,0.0534,0.70453,-0.44,0.0065936056848633524,0.006584015369245019,-9.590315618333844e-06,0.044,3.5383160143434966,0.029362120299831318,0.029357085302773894,-9.397684538823992
Anshan,CN,41.12361,122.99,1450000,55,0.1456538782815366,True,236.4249267578125,690.0,0.1983672846570812,35.47408126492566,14.56538782815366,-0.2965,0.0671,2e-05,-6.5,0.0004493579955278099,0.00043974038090895486,-9.61761461885501e-06,0.65,0.8483672846570812,0.02630502029389808,0.026300490626050093,-13.945541197339764
Naucalpan de Juárez,MX,19.47851,-99.23963,834434,2300,0.2131674108778622,True,398.6851806640625,880.0,19.699397268635096,32.02633587517517,21.31674108778622,-0.8774,0.1042,0.0,-19.23,0.00022020336954396943,0.00020654726768026897,-1.3656101863700464e-05,1.9229999999999998,21.622397268635094,0.026197303259385383,0.026190897815370026,-11.395115702535033
Cúcuta,CO,7.90745,-72.5049,777106,298,0.3421606999999999,True,394.21624755859375,1858.0,5.684341886080803e-14,31.744940504524337,34.21606999999999,-0.2146,0.1256,0.08881,-4.7,0.000912529167195798,0.0008983710867937909,-1.415808040200711e-05,0.47,0.4700000000000568,0.026524077818445194,0.0265173551013128,-11.002329228882138
Sargodha,PK,32.08586,72.67418,975886,187,0.184708032842362,True,224.9229888916016,400.0,16.69336995498594,34.150165997595764,18.4708032842362,-0.6116,0.0587,0.0,-13.4,0.0003467951619116838,0.0003316656651314098,-1.5129496780274046e-05,1.34,18.03336995498594,0.02625675533513735,0.02624964296832432,-14.764664094914517
Bogotá,CO,4.60971,-74.08175,7674366,2582,0.2128795999903159,True,354.3930969238281,1312.0,0.8545052262150534,18.026550080255937,21.28795999903159,-0.0203,0.0534,0.70453,-0.44,0.011446037560436282,0.011429470646702213,-1.656691373406842e-05,0.044,0.8985052262150535,0.03202217693695697,0.03201270230672192,-127.14055948566772
Faisalabad,PK,31.41554,73.08969,3800193,186,0.2352902999999999,True,224.0375213623047,362.0,16.174563210498263,36.52755469068954,23.529029999999988,-1.1876,0.0791,0.0,-26.03,0.00023175199113475672,0.00021251384486869744,-1.9238146266059277e-05,2.603,18.777563210498265,0.026202721390263247,0.026193696269597493,-73.1086687732546
Ahvaz,IR,31.31901,48.6842,841145,23,0.2630809,True,210.4767303466797,254.0,14.328221560997974,30.53754593657927,26.30809,-0.3143,0.0606,0.0,-6.89,0.0009302363362460756,0.0009091554386396278,-2.1080897606447755e-05,0.689,15.017221560997974,0.026532488128597247,0.026522475709559085,-17.7320916171755
Handan,CN,36.60999,114.48764,1358318,61,0.1106007000579147,True,222.9814910888672,561.0,3.8147554741741487,39.82701572687744,11.06007000579147,-2.4606,0.165,0.0,-53.93,0.00015511450541682957,0.0001296193641608022,-2.5495141256027382e-05,5.393,9.20775547417415,0.026166786980354042,0.02615484340882748,-34.6305092806046
Bucharest,RO,44.43225,26.10626,1877155,83,0.3229623135362622,True,267.0908203125,579.0,0.2899214160372594,35.102746784109364,32.29623135362622,-0.7734,0.0868,0.0,-16.95,0.00047014595361485537,0.00044435575344390407,-2.5790200170951302e-05,1.6949999999999998,1.9849214160372592,0.02631481356201406,0.026302664260596086,-48.412203201902095
Lüliang,CN,37.5192,111.14436,3346500,959,0.08261043,True,405.2712707519531,492.0,0.1831082627604132,31.717494205758204,8.261042999999999,-1.5621,0.0499,0.0,-34.24,0.00025723097422806937,0.00022951833860041082,-2.7712635627658548e-05,3.4240000000000004,3.6071082627604136,0.02621467898169884,0.02620167336742367,-92.74033512795933
Tijuana,MX,32.5027,-117.00371,1922523,97,0.1454692999529328,True,576.450927734375,266.0,62.3941405355917,11.304429362805186,14.54692999529328,-0.351,0.0336,0.0,-7.69,0.0011659267682605486,0.0011364826046287833,-2.9444163631765254e-05,0.769,63.1631405355917,0.026644684437742365,0.026630642475310783,-56.60708179783223
Gujranwala,PK,32.15567,74.18705,2511118,230,0.1442940429027946,True,230.1870574951172,585.0,17.807278553444746,34.60648428963618,14.42940429027946,-1.5511,0.091,0.0,-34.0,0.0002962394826117838,0.00026453667559630015,-3.170280701548367e-05,3.4,21.207278553444745,0.026232996589523248,0.026218108629354246,-79.60948934710733
Guatemala City,GT,14.64072,-90.51327,994938,1508,0.7158972990198481,True,303.26348876953125,1286.0,28.61066605630583,27.688106183355178,71.58972990198481,-0.3598,0.1331,0.00737,-7.89,0.001257323090425434,0.0012247586870201914,-3.256440340524249e-05,0.7889999999999999,29.399666056305833,0.02668831808611849,0.026672763377511222,-32.39956239520515
Cochabamba,BO,-17.38195,-66.15995,841276,2537,0.2752713000102564,True,283.78692626953125,836.0,0.0152590218967247,26.976166774381,27.52713000102564,-0.188,0.0709,0.00854,-4.12,0.0024375299502243427,0.002404396232382821,-3.313371784152176e-05,0.412,0.42725902189672466,0.027258144613993326,0.0272419842243895,-27.874601610844064
Xi’an,CN,34.25833,108.92861,9600000,416,0.1007263999999999,True,228.13194274902344,614.0,8.6366063935302,15.901550564097764,10.07263999999999,-0.0341,0.0393,0.38691,-0.75,0.01689264532886208,0.016851218642756374,-4.142668610570763e-05,0.075,8.7116063935302,0.035291909071848024,0.03526583773624903,-397.69618661479325
Amritsar,IN,31.62234,74.87534,1159227,244,0.2266374003158889,True,236.2508087158203,657.0,14.450293736171544,36.24051650161184,22.66374003158889,-2.5629,0.1203,0.0,-56.17,0.00027238489869164164,0.00022592803134785318,-4.6456867343788456e-05,5.616999999999999,20.067293736171543,0.026221793456813122,0.026199988893198738,-53.85405496033786
Khulna,BD,22.80979,89.56439,1500689,8,0.1785707941310001,True,233.6809234619141,1848.0,4.364080262455218,28.99120641137531,17.85707941310001,-0.2182,0.1873,0.24509,-4.78,0.003025386558015194,0.0029777537683647903,-4.76327896504038e-05,0.478,4.842080262455218,0.02754644105805731,0.027522969279402374,-71.48200346767483
Alīgarh,IN,27.88145,78.07464,753207,189,0.1183113748902241,True,234.1776428222656,803.0,6.424048218509199,38.97481484924177,11.83113748902241,-4.64,0.2176,0.0,-101.7,0.00017977560095657708,0.0001281370069592363,-5.163859399734077e-05,10.17,16.5940482185092,0.026178344958941342,0.02615414914267408,-38.89455046895505
Yerevan,AM,40.17765,44.5126,1144700,1002,0.2668403281842528,True,409.4377136230469,366.0,13.778896772716903,22.49153647086504,26.68403281842528,-0.5269,0.0658,0.0,-11.55,0.001472756759294082,0.001417266563859816,-5.5490195434266046e-05,1.155,14.933896772716903,0.026791448123512175,0.026764846879074298,-63.519626713604346
Changzhi,CN,36.18389,113.10528,1214940,937,0.0989742381105521,True,218.19586181640625,601.0,9.35378042267496,34.22981005080626,9.89742381105521,-2.0977,0.1724,0.0,-45.98,0.00041790962074229567,0.0003586012769893556,-5.930834375294006e-05,4.598,13.951780422674961,0.026290211717172506,0.02626230670508787,-72.056079159197
Datong,CN,40.09361,113.29139,1850000,1054,0.2004275999999999,True,263.5890808105469,369.0,4.1809719996948616,28.052323729160864,20.04275999999999,-0.6676,0.0302,0.0,-14.63,0.0013707668878951834,0.0013056717219449266,-6.509516595025683e-05,1.463,5.643971999694862,0.02674257566565088,0.026711428820612667,-120.42605700797513
Liaocheng,CN,36.45064,116.00247,1229768,32,0.0541538398080472,True,202.4702911376953,588.0,1.0681315327688026,32.76515284883505,5.41538398080472,-1.3836,0.1102,0.0,-30.33,0.0006969838850868146,0.0006300696373655912,-6.691424772122337e-05,3.0329999999999995,4.101131532768802,0.02642191200986319,0.026390274648210522,-82.28900059163341
Chandigarh,IN,30.73629,76.7884,970602,351,0.2426430999999998,True,319.9261779785156,1008.0,5.61532005798432,37.932361302421846,24.26430999999998,-6.6935,0.1821,0.0,-146.7,0.00017858991877334218,0.00010957949212773803,-6.901042664560415e-05,14.669999999999998,20.28532005798432,0.026177789146818037,0.026145459219461667,-66.98165812307667
Xinxiang,CN,35.19033,113.80151,1047088,82,0.0947264799999963,True,209.1026763916016,559.0,8.072022583352464,31.997927031209127,9.47264799999963,-1.8324,0.1579,0.0,-40.16,0.0007207940461426382,0.0006306246754955003,-9.016937064713784e-05,4.015999999999999,12.088022583352462,0.026433178600737836,0.026390536918747456,-94.41526597217027
Los Angeles,US,34.05223,-118.24368,3820914,96,0.4290697,True,310.8283386230469,406.0,27.450980392156907,21.770203780158184,42.90697,-0.6216,0.0526,0.0,-13.62,0.0021991142102822567,0.002101807238243905,-9.730697203835185e-05,1.3619999999999999,28.812980392156906,0.027142072297923054,0.02709483900109451,-371.8015717589471
İzmir,TR,38.41273,27.13838,2938292,122,0.7108020999973488,True,527.6024169921875,679.0,90.42496375982302,2.3178310335841,71.08020999973488,-0.2008,0.0869,0.02173,-4.4,0.007263523014183003,0.007158630055532396,-0.00010489295865060647,0.44,90.86496375982301,0.02971595087605827,0.029660272799000152,-308.2061412594078
Milan,IT,45.46427,9.18951,1371498,127,0.0906286899990103,True,236.84722900390625,924.0,10.055695429922991,26.356962115957,9.062868999901031,-0.7409,0.0811,0.0,-16.24,0.0020290022551299907,0.0019223949732664167,-0.00010660728186357403,1.6239999999999999,11.679695429922992,0.027059552212683635,0.027007964182219853,-146.21167386132805
Multan,PK,30.19679,71.47824,2169915,126,0.1521000982379538,True,319.241943359375,157.0,22.41550316624705,13.936799976815438,15.210009823795382,-0.2058,0.0465,1e-05,-4.51,0.007591485846748322,0.007479172830701503,-0.00011231301604681856,0.451,22.86650316624705,0.029890702965648507,0.029830744025656795,-243.7096982152323
Bucheon-si,KR,37.49889,126.78306,850731,14,0.1299450930209851,True,455.4380493164063,1259.0,3.570611123827007,9.98754344425012,12.994509302098509,-0.066,0.039,0.09208,-1.45,0.027318310475398965,0.027190299887799616,-0.00012801058759934897,0.145,3.715611123827007,0.04249514767279739,0.0423984760109281,-108.90257519898175
Luoyang,CN,34.67345,112.43684,1390581,128,0.09239673,True,241.1519927978516,607.0,10.86442359044787,25.4490277070789,9.239673,-0.9722,0.1254,0.0,-21.31,0.0019496602288644686,0.0018163452582000402,-0.00013331497066442844,2.131,12.99542359044787,0.027021148780246255,0.026956742374122218,-185.38526522151156
Suwon,KR,37.29111,127.00889,1234582,58,0.1291057000001796,True,338.2337341308594,1315.0,2.655069810025225,12.496469967354347,12.91057000001796,-0.066,0.039,0.09208,-1.45,0.03051409643075647,0.030371578334141412,-0.00014251809661505743,0.145,2.800069810025225,0.044980159310422145,0.044866351752534145,-175.95027675521084
Jalandhar,IN,31.32556,75.57917,868929,243,0.2688223032851797,True,234.9681854248047,672.0,8.682383459220318,32.012843260117485,26.88223032851797,-2.5629,0.1203,0.0,-56.17,0.0008477983053429679,0.0007032702910572309,-0.00014452801428573698,5.616999999999999,14.299383459220318,0.026493355244855896,0.026424886176434327,-125.58458292529114
Managua,NI,12.13282,-86.2504,973087,108,0.6997626999999993,True,394.2102355957031,1478.0,0.5951018539711868,17.885559097502387,69.97626999999993,-0.1333,0.1034,0.19875,-2.92,0.015704353064535312,0.015554753971863107,-0.00014959909267220524,0.292,0.8871018539711868,0.0345515674026292,0.03445945516776533,-145.57293229111818
Bursa,TR,40.19559,29.06013,3101833,155,0.4104262999848779,True,534.7181396484375,600.0,2.1362630655375483,18.907002207839582,41.04262999848779,-0.6268,0.0899,0.0,-13.74,0.0035514111433837324,0.0033931193921923697,-0.00015829175119136266,1.3739999999999999,3.510263065537548,0.02780696624304249,0.02772831382018377,-490.994577473158
Incheon,KR,37.45646,126.70515,3015482,43,0.1299214000302797,True,387.766357421875,1259.0,21.896696421759373,7.101012323889473,12.992140003027968,-0.066,0.039,0.09208,-1.45,0.03621473038319386,0.03604657705473037,-0.0001681533284634898,0.145,22.041696421759372,0.0497729484434588,0.04962463550053014,-507.0633352217411
Xinyang,CN,32.12278,114.06556,1230042,89,0.05836012,True,239.5323028564453,1082.0,0.686655985351365,14.430962681166656,5.836012,-0.0872,0.0562,0.12226,-1.91,0.028754863381546765,0.028577764197623038,-0.00017709918392372695,0.19099999999999998,0.8776559853513649,0.043595009156244084,0.04345791726128391,-217.83943439190895
Meerut,IN,28.98002,77.70636,1223184,228,0.1854663015917488,True,245.0377349853516,917.0,7.84313725490199,35.588906420345765,18.54663015917488,-8.4326,0.2789,0.0,-184.82,0.00038938339209473936,0.0002104594124780307,-0.00017892397961670866,18.481999999999996,26.325137254901986,0.02627678626148825,0.026192732662854802,-218.85694908348415
Heze,CN,35.23929,115.47358,1346717,53,0.1273150867469405,True,183.7837677001953,628.0,0.2594033722438666,28.87308810728661,12.73150867469405,-1.1119,0.1071,0.0,-24.37,0.0026021367727783605,0.0023997958983442078,-0.00020234087443415276,2.437,2.6964033722438665,0.02733856921048313,0.027239741240624785,-272.4958953953389
Panjin,CN,41.121,122.0739,1166481,7,0.1240245000000066,True,181.6923828125,597.0,0.9460593575952316,22.182548288641573,12.40245000000066,-0.3071,0.0582,0.0,-6.73,0.009941902165521575,0.009723715711277125,-0.00021818645424444977,0.6729999999999999,1.6190593575952317,0.03117314307622082,0.03105184385950243,-254.51035333352002
Abū Ghurayb,IQ,33.30563,44.18477,900000,42,0.0786549269613512,True,229.891357421875,146.0,20.73701075761045,17.7403234107251,7.865492696135119,-0.5819,0.0743,0.0,-12.75,0.005514152200465893,0.005286147172560237,-0.00022800502790565596,1.275,22.012010757610447,0.028800718162243475,0.028683500346411376,-205.20452511509038
Sofia,BG,42.69751,23.32415,1152556,562,0.2816335999999533,True,298.1591796875,616.0,12.61921110856798,21.31815767610219,28.16335999999533,-0.791,0.0997,0.0,-17.34,0.0041603511250150535,0.003927844204042745,-0.00023250692097230834,1.734,14.35321110856798,0.028111597865075687,0.0279948955981309,-267.9772468081598
Karbala,IQ,32.61603,44.02488,1218732,32,0.1316135122730927,True,266.0051574707031,95.0,3.93682764934772,18.32849958572826,13.16135122730927,-0.4631,0.0491,0.0,-10.15,0.007452212232333978,0.00720632515989904,-0.00024588707243493844,1.015,4.95182764934772,0.029816368641643286,0.029685576985175856,-299.6704435627774
Kayseri,TR,38.73222,35.48528,1452458,1054,0.1602327415417343,True,237.0069732666016,385.0,0.671396963454697,25.2353942423577,16.023274154173432,-1.127,0.0958,0.0,-24.7,0.0031482191456256503,0.002900359092423688,-0.0002478600532019623,2.4699999999999998,3.1413969634546968,0.027607059959606856,0.0274848740050081,-360.0063171536157
Hyderabad,PK,25.39689,68.37718,1921275,14,0.1405366,True,322.2336120605469,158.0,9.781033035782457,5.298445403991156,14.05366,-0.0649,0.0504,0.19882,-1.42,0.06169798016563883,0.061424801864158905,-0.0002731783014799233,0.142,9.923033035782456,0.07809339528457285,0.07771882335744341,-524.8506411758397
Goyang-si,KR,37.65639,126.835,1061752,19,0.1293693534595363,True,446.4551086425781,1315.0,0.4425116350042231,6.414666309623628,12.936935345953628,-0.066,0.039,0.09208,-1.45,0.06492128634475759,0.06462878000615935,-0.0002925063385982446,0.145,0.5875116350042231,0.08264876512292167,0.08222487102886927,-310.5691900193634
Malatya,TR,38.35018,38.31667,750491,963,0.2950226995043289,True,395.4807434082031,442.0,0.8850232700084462,19.097429352391543,29.50226995043289,-0.8408,0.1123,0.0,-18.43,0.005212479887680773,0.004903720280343108,-0.000308759607337665,1.8429999999999997,2.728023270008446,0.02864572865932029,0.028487950961952883,-231.72130647045154
Jinzhong,CN,37.68403,112.75471,1226617,821,0.1660062000160998,True,337.4549865722656,411.0,19.43999389639129,20.00991202641643,16.600620001609983,-1.7597,0.0858,0.0,-38.57,0.0025700084532017174,0.0022609405614357676,-0.0003090678917659498,3.8569999999999998,23.29699389639129,0.027322853370997897,0.027172125376080318,-379.10793019427405
Weinan,CN,34.50355,109.50891,1199290,354,0.1088599,True,271.04229736328125,583.0,1.1139085984588633,3.928875819636614,10.88599,-0.0341,0.0393,0.38691,-0.75,0.15768643389098527,0.15735499591632426,-0.00033143797466100855,0.075,1.1889085984588632,0.406666024253843,0.40442603442455255,-397.4902486312009
Prayagraj,IN,25.44478,81.84322,1073438,99,0.0632544323089667,True,338.3668212890625,919.0,8.484016174563237,2.307411403210911,6.32544323089667,-0.0501,0.1367,0.71456,-1.1,0.11783876729536837,0.1174585209330183,-0.00038024636235006737,0.11,8.594016174563237,0.20727201856559133,0.20592540671065138,-408.1708947083316
Daegu,KR,35.87028,128.59111,2365523,45,0.212614409616326,True,323.8189697265625,1082.0,2.532997634851654,10.96860095030915,21.2614409616326,-0.1189,0.0322,0.00028,-2.61,0.04668399793342554,0.04629871548540652,-0.00038528244801902534,0.26099999999999995,2.793997634851654,0.0599178333250434,0.05951081806266171,-911.3944922853088
Xianyang,CN,34.33778,108.70261,1034081,387,0.0907892488942864,True,288.21337890625,607.0,3.0365453574426056,3.281209554576678,9.07892488942864,-0.0437,0.0344,0.2044,-0.96,0.14529362538624271,0.14489708591595382,-0.00039653947028889247,0.09599999999999999,3.1325453574426056,0.33045174970184293,0.3282537994937072,-410.0539319758082
Adana,TR,36.98615,35.32531,1816750,30,0.244605180957939,True,237.5637664794922,695.0,12.268253604943936,21.956628132559462,24.4605180957939,-1.0629,0.1017,0.0,-23.3,0.0056747011359794715,0.005253279956760185,-0.00042142117921928606,2.33,14.598253604943936,0.02888354038899965,0.028666642149375,-765.6169273466379
Jamshedpur,IN,22.80278,86.18545,1339438,171,0.1567997419895702,True,378.3258056640625,1269.0,18.08194094758528,3.4616104711520226,15.67997419895702,-0.0705,0.1538,0.64692,-1.55,0.09184177486528729,0.09141217633330014,-0.00042959853198715203,0.155,18.236940947585282,0.13232133502873364,0.13133700788503716,-575.420598487807
Chattogram,BD,22.3384,91.83168,3920222,15,0.2789350093955502,True,296.0547790527344,2959.0,1.724269474326718,1.1638933942429677,27.89350093955502,-0.024,0.1736,0.88999,-0.53,0.5749226779348066,0.5744913031088352,-0.00043137482597133125,0.053,1.777269474326718,33.11583629503711,33.06887914779025,-1691.085083018984
Algiers,DZ,36.73225,3.08746,2364230,113,0.360220200010265,True,441.31878662109375,699.0,52.33844510566877,2.5318003149771924,36.0220200010265,-0.2367,0.0183,0.0,-5.19,0.027465969926421134,0.027008072415153763,-0.00045789751126737097,0.519,52.857445105668766,0.04260692749809255,0.04226123408972882,-1082.5750330636565
Rome,IT,41.89193,12.51133,2318895,52,0.1219487,True,282.4848022460937,760.0,22.308690012970203,3.0196185810197647,12.19487,-0.0673,0.0531,0.20595,-1.47,0.10524733525847707,0.10478725202037133,-0.0004600832381057435,0.147,22.4556900129702,0.16690704019744715,0.165586572723268,-1066.884720427218
Beijing,CN,39.9075,116.39723,18960744,49,0.1370146489373686,True,230.77230834960935,569.0,5.218585488670215,17.88414889483644,13.701464893736858,-0.4868,0.0383,0.0,-10.67,0.013375198859327296,0.01291433663752838,-0.00046086222179891716,1.067,6.285585488670216,0.03314459977731556,0.032872982376074826,-8738.290606800487
Seoul,KR,37.566,126.9784,10349312,38,0.1291627050768389,True,339.9872131347656,1315.0,9.628442816815491,4.389469306861391,12.91627050768389,-0.066,0.039,0.09208,-1.45,0.1155377233384598,0.11504522014932461,-0.000492503189135185,0.145,9.773442816815491,0.1992511476186598,0.19757377761081976,-5097.069165355039
Changwon,KR,35.22806,128.68111,1025702,27,0.2072810476453046,True,425.8367614746094,1396.0,1.6327153429465395,6.908779725169293,20.72810476453046,-0.1065,0.0466,0.02335,-2.33,0.07470001369052473,0.0741654856796778,-0.0005345280108469269,0.233,1.8657153429465396,0.09811782277011732,0.09720361260489571,-548.2664497817146
Gazipur,BD,23.99844,90.42234,2674697,12,0.1960511,True,227.94357299804688,2121.0,1.6174563210498718,22.780264572050623,19.60511,-0.5407,0.2107,0.0109,-11.85,0.014716108937484904,0.014154771827022135,-0.0005613371104627694,1.1849999999999998,2.8024563210498714,0.0339475461826757,0.03360910465821827,-1501.406685343438
Dalian,CN,38.91222,121.60222,4913879,33,0.0876957999990944,True,406.5933532714844,633.0,16.18982223239493,2.097084195587912,8.769579999909439,-0.1322,0.0603,0.02928,-2.9,0.0675900577208251,0.06698399322947896,-0.0006060644913461477,0.29,16.47982223239493,0.08661636430022347,0.08569930528001868,-2978.127576671517
Fes,MA,34.03313,-5.00028,1191905,406,0.217885838432581,True,349.4361572265625,559.0,22.09506370641645,9.304042507932788,21.7885838432581,-0.415,0.0472,0.0,-9.09,0.023050461351764893,0.022378565357134728,-0.0006718959946301652,0.9089999999999999,23.00406370641645,0.03938627331159671,0.0389176979088033,-800.836195479667
Tripoli,LY,32.88743,13.18733,1302947,15,0.0913415484777827,True,324.6783447265625,331.0,13.488975356679646,3.204420033548859,9.13415484777827,-0.1302,0.0284,1e-05,-2.85,0.07727016650633332,0.07659620764260289,-0.0006739588637304367,0.285,13.773975356679646,0.10263214285961103,0.10142913280378617,-878.1326796209813
Linyi,CN,35.06306,118.34278,2743843,69,0.0818507500000001,True,224.00645446777344,796.0,0.5951018539711868,16.843507285824703,8.18507500000001,-0.503,0.0649,0.0,-11.02,0.019352023834308053,0.018667759209686673,-0.0006842646246213793,1.1019999999999999,1.6971018539711866,0.03687422531303757,0.03642709029869232,-1877.5147004149992
Sialkot,PK,32.49268,74.53134,911817,250,0.2226351088871861,True,252.8179931640625,868.0,6.042572671091818,21.967043960570752,22.26351088871861,-1.5511,0.091,0.0,-34.0,0.006573524843004508,0.005873989882797324,-0.0006995349602071836,3.4,9.442572671091819,0.02935157866388287,0.028986674541818292,-637.8478688112335
Alexandria,EG,31.20176,29.91582,5263542,9,0.106489699999422,True,223.88836669921875,175.0,6.28671702143896,1.4910171735848954,10.6489699999422,-0.0554,0.0278,0.04723,-1.21,0.22997029683447354,0.22925754889276295,-0.0007127479417105842,0.121,6.407717021438961,1.2984600749582607,1.2843233819728719,-3751.5787266072116
Rabat,MA,34.01325,-6.83255,1655753,46,0.0716719748318391,True,361.2696228027344,519.0,40.05493247882811,3.0863421126778765,7.16719748318391,-0.3576,0.0461,0.0,-7.84,0.028621147036968168,0.027904179265311798,-0.0007169677716563697,0.7839999999999999,40.838932478828106,0.04349146046585504,0.04294036436239414,-1187.121538823349
Dongying,CN,37.46271,118.49165,998968,6,0.0850820200001394,True,203.51611328125,604.0,1.1596856641489808,17.180003744732034,8.50820200001394,-0.5393,0.0887,0.0,-11.82,0.01945046612587861,0.0187138038983811,-0.0007366622274975095,1.182,2.3416856641489807,0.03693899642921248,0.03645700985681682,-735.9019920787321
Yinchuan,CN,38.46806,106.27306,1487579,1117,0.1974322000193669,True,228.0862274169922,192.0,13.992523079270654,16.630109896740148,19.74322000193669,-0.884,0.0333,0.0,-19.38,0.01218976971649314,0.011436657508254745,-0.0007531122082383955,1.938,15.930523079270655,0.032450380655144974,0.03201681213835266,-1120.3139056190641
Jiaozuo,CN,35.23925,113.23914,865413,90,0.0894723600000021,True,353.5187683105469,576.0,4.974441138323073,17.785109917555534,8.94723600000021,-2.0977,0.1724,0.0,-45.98,0.005330301564095408,0.004577035105899105,-0.0007532664581963036,4.598,9.572441138323072,0.02870616335581116,0.02832194767350201,-651.8865853870377
Huainan,CN,32.62639,116.99694,1666826,47,0.0631583100000002,True,436.29193115234375,897.0,11.459525444419056,4.074616659629847,6.315831000000021,-0.2336,0.0444,0.0,-5.12,0.048565813333243696,0.04778403558359716,-0.0007817777496465367,0.512,11.971525444419056,0.06194540422132079,0.06109502331355439,-1303.087479332338
Ulsan,KR,35.53722,129.31667,1098421,10,0.1786687466094599,True,401.5296936035156,1241.0,0.106813153276903,5.140750290729801,17.86687466094599,-0.1189,0.0322,0.00028,-2.61,0.10684515689414531,0.10601858211677527,-0.0008265747773700399,0.26099999999999995,0.36781315327690295,0.17157260454954615,0.1691434888091198,-907.9270935335767
Palembang,ID,-2.91673,104.7458,1668848,5,0.0647146814960711,True,226.7239532470703,2530.0,0.3967345693141624,10.250407505539895,6.47146814960711,-0.0895,0.0448,0.04702,-1.96,0.15078868139571713,0.14995481868657462,-0.0008338627091425133,0.19599999999999998,0.5927345693141624,0.3623941479021563,0.3573642632668778,-1391.590114427065
Bengbu,CN,32.94083,117.36083,972784,31,0.0847586799999958,True,232.01014709472656,825.0,6.927595941100208,4.665622431255438,8.47586799999958,-0.0883,0.037,0.01784,-1.93,0.1577664663164499,0.1569143613510228,-0.0008521049654270918,0.19299999999999998,7.120595941100207,0.40720867919610393,0.40146619838569414,-828.9140766880281
Gurugram,IN,28.4601,77.02635,886519,228,0.245183804485506,True,272.1584167480469,661.0,5.706874189364498,27.08891191930653,24.5183804485506,-8.4326,0.2789,0.0,-184.82,0.0018697660882393188,0.0010112856634461348,-0.0008584804247931839,18.481999999999996,24.188874189364494,0.026982532523996183,0.02657101748079661,-761.0592077072287
Baotou,CN,40.6516,109.84389,2150000,1064,0.1640915259445369,True,258.5539245605469,297.0,6.62241550316628,15.137723399665887,16.40915259445369,-0.7785,0.0365,0.0,-17.06,0.016489428415869072,0.0155929788265283,-0.0008964495893407729,1.7059999999999997,8.32841550316628,0.03503895568641285,0.03448296818696517,-1927.3666170826618
Oran,DZ,35.69906,-0.63588,803329,118,0.35129380212298,True,469.12841796875,364.0,32.42542153047992,2.3825713674305344,35.129380212298,-0.3276,0.0369,0.0,-7.18,0.0399269411081834,0.03902044206383905,-0.0009064990443443527,0.718,33.14342153047993,0.05316046871569235,0.05231291068460862,-728.2169707941046
San Jose,US,37.33939,-121.89496,997368,23,0.5581442998560356,True,272.7223205566406,403.0,1.2207217517357662,17.783360745851873,55.81442998560357,-0.7984,0.1324,0.0,-17.5,0.01649498840850174,0.015575759251522516,-0.0009192291569792253,1.7499999999999998,2.9707217517357662,0.035042431494045075,0.034472374057795366,-916.809745838056
Yangon,MM,16.80528,96.15611,4477638,30,0.2417016573252616,True,245.57081604003903,2441.0,1.4038300144961229,3.669843247406945,24.17016573252616,-0.0579,0.1519,0.70369,-1.27,0.4572328805930004,0.45618353208488555,-0.0010493485081148335,0.12699999999999997,1.5308300144961229,18.23279662609247,18.095811780825578,-4698.602755178287
Budapest,HU,47.49835,19.04045,1741041,104,0.0753313029959833,True,425.91802978515625,523.0,39.71923399710079,1.0130254947993622,7.53313029959833,-0.4685,0.0556,0.0,-10.27,0.03278393378109828,0.03171666668247488,-0.0010672670986233979,1.027,40.74623399710079,0.0468315057043838,0.045951853488341805,-1858.1557766543792
Cairo,EG,30.06263,31.24967,9606916,23,0.2230294118225173,True,218.0430908203125,26.0,5.684341886080803e-14,5.9000890831617525,22.30294118225173,-0.1159,0.0162,0.0,-2.54,0.15608090830367738,0.15497003517139163,-0.0011108731322857501,0.25399999999999995,0.2540000000000568,0.3959239243792554,0.38864988151050706,-10672.06486852609
Erzurum,TR,39.90861,41.27694,767848,1914,0.3338670945674483,True,477.9228515625,478.0,0.5798428320745188,8.1118468446616,33.38670945674483,-0.4457,0.1028,2e-05,-9.77,0.036010884371806745,0.034898384190438295,-0.0011125001813684504,0.9769999999999999,1.5568428320745187,0.04959321016332844,0.048623471822069914,-854.231039263402
Zapopan,MX,20.72111,-103.38742,1476491,1565,0.1116775796298197,True,363.3905944824219,861.0,25.78774700541697,6.832237292742613,11.16775796298197,-0.5493,0.0892,0.0,-12.04,0.029397147435245723,0.028274502375950725,-0.001122645059294998,1.204,26.991747005416972,0.04409578108201564,0.04322414845530571,-1657.5753262435308
Salé,MA,34.0531,-6.79846,972299,34,0.0743428500016187,True,375.8569946289063,519.0,23.20897230487526,2.64350922087538,7.43428500016187,-0.3576,0.0461,0.0,-7.84,0.050385890023949984,0.049151296836170616,-0.0012345931877793676,0.7839999999999999,23.99297230487526,0.06397046280189693,0.06258986409188705,-1200.3937218846913
Tbilisi,GE,41.69143,44.83412,1049498,433,0.2589542,True,537.6358032226562,591.0,43.32036316472119,1.715992670810635,25.89542,-0.7275,0.0653,0.0,-15.94,0.025422337319182007,0.024139828426789054,-0.0012825088923929528,1.5939999999999999,44.914363164721195,0.041085284857287026,0.04015783046203602,-1345.9905175486192
Giza,EG,30.00944,31.20861,4367343,19,0.2299891999999745,True,236.0592193603516,26.0,17.608911268787722,1.197937229773541,22.99891999999745,-0.1159,0.0162,0.0,-2.54,0.18996409512632562,0.18866597829553497,-0.0012981168307906465,0.25399999999999995,17.862911268787723,0.6908882731103031,0.6765389303187807,-5669.321454135715
Mandalay,MM,21.97473,96.08359,1208099,83,0.3333079,True,217.5217742919922,792.0,4.516670481422182,3.9087577784911063,33.33079,-0.0866,0.1746,0.62041,-1.9,0.2940001137521673,0.29268856981841807,-0.0013115439337492152,0.18999999999999997,4.706670481422182,3.289880466730208,3.231681966960908,-1584.474914818493
Naples,IT,40.85216,14.26811,909048,14,0.1617050012910862,True,375.1390075683594,954.0,0.5951018539711868,1.492898685712159,16.17050012910862,-0.1218,0.0486,0.01283,-2.67,0.19023174659801528,0.18886590007215773,-0.0013658465258575558,0.26699999999999996,0.8621018539711867,0.693881972415728,0.67873058826135,-1241.6200526377595
Langfang,CN,39.52079,116.71471,868066,19,0.1032498746941712,True,184.2429351806641,548.0,10.69657434958424,12.859938284997147,10.32498746941712,-0.4868,0.0383,0.0,-10.67,0.042075596599572475,0.04066658076505298,-0.0014090158345194947,1.067,11.76357434958424,0.05522370067732653,0.0538620045198941,-1223.1187394079998
Valencia,ES,39.47391,-0.37966,824340,10,0.0695070899995153,True,227.96429443359372,427.0,9.674219882505554,4.272835929379792,6.95070899995153,-0.1835,0.0369,0.0,-4.02,0.1263657683060338,0.12489529845225682,-0.0014704698537769817,0.4019999999999999,10.076219882505553,0.2397993530037786,0.23385932890228395,-1212.1671192625172
Belgrade,RS,44.80401,20.46513,1273651,120,0.1254296751815343,True,421.4849853515625,675.0,41.76394293125816,2.018777414849737,12.54296751815343,-0.6621,0.0808,0.0,-14.51,0.03271705034237684,0.031221985174504523,-0.001495065167872317,1.451,43.21494293125816,0.046775896294865525,0.04554966725569319,-1904.1912461257446
Beirut,LB,33.89332,35.50157,1916100,40,0.3636114465008213,True,455.3077697753906,939.0,19.30266269932099,1.7684668153955374,36.361144650082124,-0.2378,0.0364,0.0,-5.21,0.09647597559548854,0.09497421680811552,-0.0015017587873730198,0.521,19.82366269932099,0.1434061567644408,0.13971866887731263,-2877.520012485443
Nay Pyi Taw,MM,19.745,96.12972,925000,122,0.7756317,True,259.0514831542969,1169.0,0.7476920729381504,11.665951490205869,77.56317,-0.2442,0.1757,0.16588,-5.35,0.10038068718648242,0.0987832838938737,-0.0015974032926087262,0.5349999999999999,1.2826920729381504,0.15344189768073463,0.14925650462720016,-1477.5980456630716
Pingdingshan,CN,33.73091,113.31554,979130,82,0.0720692848428089,True,246.779052734375,761.0,0.1525902189670205,8.930517090704994,7.20692848428089,-0.325,0.0831,0.00012,-7.12,0.0736118894928045,0.07201131248950847,-0.001600577003296036,0.712,0.8645902189670205,0.09626556127228889,0.0936029041636432,-1567.1729612372476
Varanasi,IN,25.31668,83.01041,1164404,86,0.0641719299859855,True,230.3858337402344,1040.0,26.092927443350906,3.0783896695672963,6.417192998598551,-0.2026,0.1423,0.15592,-4.44,0.12451900671508154,0.12291614018346435,-0.0016028665316171892,0.444,26.536927443350905,0.23236220012241912,0.22608774933912457,-1866.3842008811816
Najafgarh,IN,28.60922,76.97982,1365000,215,0.2602816118756782,True,234.36016845703125,621.0,3.7079423208972457,25.294214139545574,26.02816118756782,-7.8468,0.1873,0.0,-171.98,0.0038349397902830385,0.002166545039995823,-0.0016683947502872157,17.198,20.905942320897246,0.027948397986312608,0.02712625400747269,-2277.3588341420495
Basrah,IQ,30.50852,47.7804,1326564,4,0.0802772099999999,True,226.5775604248047,151.0,1.129167620355588,6.029802912522257,8.02772099999999,-0.2391,0.038,0.0,-5.24,0.10916928668888494,0.10748386517552438,-0.001685421513360555,0.524,1.653167620355588,0.1785851349353906,0.17347273267840335,-2235.819504449631
Shubrā al Khaymah,EG,30.12511,31.25053,1240289,26,0.2214394999999993,True,240.82977294921875,26.0,5.684341886080803e-14,0.7160351281105645,22.14394999999993,-0.1159,0.0162,0.0,-2.54,0.30663219828360766,0.3048368568051856,-0.0017953414784220856,0.25399999999999995,0.2540000000000568,3.8957024938286047,3.8044661428185655,-2226.74228693065
Huludao,CN,40.75243,120.83552,944495,17,0.0637216438575618,True,206.0533447265625,564.0,5.684341886080803e-14,7.778257301568918,6.37216438575618,-0.256,0.0484,0.0,-5.61,0.10983200194879789,0.10801881991050742,-0.0018131820382904645,0.561,0.5610000000000569,0.18063504621607823,0.17507986681361368,-1712.5413692551524
Zhengzhou,CN,34.75778,113.64861,4253913,104,0.0933468099999583,True,200.2095489501953,613.0,1.831082627603621,16.15501701056385,9.33468099999583,-1.0587,0.1383,0.0,-23.2,0.02496938609247963,0.023155970354769895,-0.0018134157377097358,2.32,4.151082627603621,0.04075534480627235,0.039460357860456735,-7714.112781048036
Sadr City,IQ,33.3889,44.4583,1211849,39,0.08109344,True,229.61187744140625,162.0,14.05355916685744,8.401801457459626,8.109344,-0.5819,0.0743,0.0,-12.75,0.0459556637075838,0.04412964364537519,-0.001826020062208611,1.275,15.32855916685744,0.059150701320109925,0.05726956398134771,-2212.860586367443
Köln,DE,50.93333,6.95,1024621,58,0.071448900103232,True,310.1999206542969,745.0,20.40131227588313,1.0260347523658857,7.1448900103232,-0.2657,0.0512,0.0,-5.82,0.11573837734568049,0.11376963180147648,-0.001968745544204009,0.582,20.98331227588313,0.1999384729619651,0.1932925578710305,-2017.218028247856
Vienna,AT,48.20849,16.37208,1691468,193,0.0797164551533543,True,373.5909118652344,572.0,11.062790875104952,4.038805725414847,7.971645515335429,-0.5022,0.054,0.0,-11.01,0.059810513091459086,0.0577817862974958,-0.0020287267939632855,1.101,12.16379087510495,0.07554102569082442,0.0728887455471171,-3431.5264527314907
Anyang,CN,36.096,114.38278,1146839,70,0.0894178111152896,True,245.30303955078125,547.0,5.004959182116465,16.82503865070662,8.94178111152896,-2.4606,0.165,0.0,-53.93,0.012770191200503446,0.010693415440508712,-0.0020767757599947333,5.393,10.397959182116466,0.03278847946090597,0.03159453231996999,-2381.7274358166
Ranchi,IN,23.34316,85.3094,1120374,643,0.1272203,True,324.3065490722656,1398.0,3.2806897077897474,4.519244043659992,12.72203,-0.2232,0.1569,0.15627,-4.89,0.15183674228264088,0.14975155699110648,-0.002085185291534397,0.489,3.7696897077897473,0.3688118135591653,0.356148310095114,-2336.1873858175586
Dera Ismail Khan,PK,31.83129,70.9017,763195,177,0.2558566188558271,True,201.0021514892578,246.0,18.8448920424201,6.302280692276117,25.58566188558271,-0.2921,0.0429,0.0,-6.4,0.11136166549506284,0.10927002824331104,-0.0020916372517517934,0.64,19.4848920424201,0.18545390697898048,0.17889529112208513,-1596.32709235071
Bahawalpur,PK,29.39779,71.6752,903795,121,0.1190218000000238,True,218.0327911376953,136.0,22.384985122453656,6.163876555104304,11.90218000000238,-0.4939,0.0667,0.0,-10.83,0.06676634589566421,0.0645540594859185,-0.0022122864097457173,1.083,23.467985122453655,0.08537229827679933,0.08211692924253813,-1999.4533956961307
Antalya,TR,36.90812,30.69556,1335002,61,0.2329981000000742,True,337.7432861328125,741.0,5.684341886080803e-14,2.047429226417349,23.29981000000742,-0.1848,0.0603,0.00243,-4.05,0.2084369065286542,0.20622050476566695,-0.0022164017629872634,0.40499999999999997,0.4050000000000568,0.9282602503479503,0.8962505706656533,-2958.9007863915226
Al Başrah al Qadīmah,IQ,30.50316,47.81507,2015483,7,0.0807779799930052,True,232.0545959472656,151.0,0.106813153276903,3.935100805466994,8.07779799930052,-0.2391,0.038,0.0,-5.24,0.1572685462359222,0.1549697200897748,-0.0022988261461474035,0.524,0.630813153276903,0.40384370349022636,0.3886478364896859,-4633.245017515607
Tangier,MA,35.76727,-5.79975,1035141,20,0.2055809999960579,True,265.04656982421875,818.0,2.441443503471476,3.107309122440449,20.55809999960579,-0.1852,0.0206,0.0,-4.06,0.2370975303798771,0.2346607364062562,-0.0024367939736208988,0.40599999999999997,2.8474435034714762,1.4477311709522886,1.3950447996257658,-2522.425350647911
Fuyang,CN,32.9,115.81667,1768947,31,0.06560592,True,196.7847900390625,855.0,3.8452735179675415,3.0721340287966603,6.560592,-0.1854,0.0496,0.00024,-4.06,0.2692389500801895,0.26658725165663655,-0.0026516984235529506,0.40599999999999997,4.251273517967541,2.3277295289438817,2.2406484346627944,-4690.7139712487215
Kolkata,IN,22.56263,88.36304,4631392,11,0.119528,True,239.5285186767578,1637.0,2.059967956054038,2.616875486305042,11.9528,-0.1599,0.1632,0.32813,-3.5,0.3545118937969244,0.3518493875781674,-0.002662506218756966,0.35000000000000003,2.409967956054038,7.0227402265270165,6.811809734617438,-12331.110001501262
Howrah,IN,22.57688,88.31857,1027672,8,0.116651700000003,True,238.06759643554688,1560.0,2.075226977950763,2.4225415226283515,11.6651700000003,-0.1599,0.1632,0.32813,-3.5,0.3548242848339327,0.3521607124542434,-0.002663572379689283,0.35000000000000003,2.425226977950763,7.047783798146421,6.836241327539894,-2737.2787545800447
Guadalajara,MX,20.67738,-103.34749,1385629,1546,0.1157240041523691,True,277.2016906738281,861.0,0.106813153276903,8.683764003819196,11.57240041523691,-0.5493,0.0892,0.0,-12.04,0.07649189849788098,0.07370733358751164,-0.0027845649103693387,1.204,1.310813153276903,0.10124417630238589,0.09642665502649295,-3858.3738921901563
Istanbul,TR,41.01384,28.94966,15701602,39,0.4327548,True,350.5603332519531,718.0,2.6398107881285,0.5690703834498371,43.27548,-0.1944,0.0622,0.00199,-4.26,0.2697860120091842,0.2670005313003855,-0.0027854807087986933,0.426,3.0658107881285,2.3460532721675715,2.254032548909872,-43736.50946823498
San Diego,US,32.71571,-117.16472,1404452,20,0.2093355109849011,True,345.15380859375,301.0,13.656824597543334,1.0087655487028435,20.93355109849011,-0.351,0.0336,0.0,-7.69,0.13111305803156692,0.12822322307142636,-0.002889834960140558,0.769,14.425824597543334,0.2599833763164365,0.24751039950065504,-4058.6344894393274
Baghdad,IQ,33.34058,44.40088,7216000,41,0.080273361037564,True,312.2768859863281,162.0,15.10643167772946,1.939212298038724,8.027336103756399,-0.5819,0.0743,0.0,-12.75,0.08835744888931547,0.08499672117720483,-0.003360727712110642,1.275,16.38143167772946,0.12454035455009664,0.1174583298628502,-24251.011170590395
Ra’s Bayrūt,LB,33.9,35.48333,1251739,35,0.4060524820209177,True,483.7886962890625,813.0,5.684341886080803e-14,1.1125840621137226,40.60524820209177,-0.3446,0.034,0.0,-7.55,0.16698412218334738,0.16351614720271085,-0.003467974980636529,0.7549999999999999,0.7550000000000567,0.47451920695865485,0.44804397527599865,-4340.999534286988
Al Mawşil al Jadīdah,IQ,36.33271,43.10555,2065597,239,0.1837698,True,412.71783447265625,463.0,22.247653925383418,3.827131002888901,18.37698,-1.2391,0.1136,0.0,-27.16,0.04500623284822583,0.041275026153385186,-0.003731206694840644,2.7159999999999997,24.96365392538342,0.05816516187646757,0.054445919662087096,-7707.1693552427505
Niigata,JP,37.92259,139.04125,797591,1,0.2601448673891304,True,194.5,1922.0,5.684341886080803e-14,3.067905673733997,26.01448673891304,-0.2258,0.0313,0.0,-4.95,0.5473504769314488,0.543263461670304,-0.004087015261144744,0.495,0.49500000000005684,29.950885499471685,29.455555706046773,-3259.7665891516976
Wuzhong,CN,37.9867,106.201,7202654,1133,0.1972265914121957,True,217.73866271972656,220.0,20.73701075761045,3.640405239119404,19.72265914121957,-0.4875,0.0257,0.0,-10.69,0.1361601080334201,0.13202705476629042,-0.004133053267129677,1.069,21.806010757610448,0.2832289313777728,0.26405252165515786,-29768.952646704638
San Francisco,US,37.77493,-122.41942,827526,28,0.414144,True,285.6695251464844,783.0,6.530861371786102,2.871752612667218,41.4144,-0.3195,0.0977,0.00125,-7.0,0.2341235220522893,0.22996974443286514,-0.004153777619424176,0.7000000000000001,7.230861371786102,1.3836639022349284,1.298449064385591,-3437.3589782916106
Zhongwei,CN,37.51129,105.19067,1174600,1227,0.2145857,True,231.5487365722656,195.0,22.308690012970203,2.7071899826771264,21.45857,-0.4875,0.0257,0.0,-10.69,0.14045660976925914,0.1362137036916203,-0.0042429060776388305,1.069,23.377690012970202,0.3045764149678175,0.2834861677302491,-4983.7174787945705
Turin,IT,45.07049,7.68682,847287,245,0.114485601526381,True,310.64501953125,800.0,18.58548867017629,1.4599486990328332,11.4485601526381,-0.5834,0.0772,0.0,-12.79,0.1326629461536492,0.12783851971358584,-0.004824426440063367,1.2789999999999997,19.86448867017629,0.26691954171321197,0.24589400646527956,-4087.6738051219704
Bayan Nur,CN,40.74143,107.38599,1760000,1041,0.1635738308048777,True,202.82696533203125,147.0,9.277485313191448,6.001112074112899,16.357383080487768,-0.6962,0.0293,0.0,-15.26,0.12822535365402382,0.12265148108625723,-0.005573872567766591,1.5259999999999998,10.803485313191448,0.24751937987935027,0.22506756481618462,-9810.0157192692
Puebla,MX,19.04778,-98.20723,1692181,2166,0.2727666710441241,True,329.80419921875,825.0,12.4208438239109,3.050559328384657,27.27666710441241,-0.6813,0.1032,0.0,-14.93,0.14059634158214776,0.13469574750459776,-0.005900594077550003,1.4929999999999999,13.9138438239109,0.30529592380267345,0.2762866166409788,-9984.873186742641
Diyarbakır,TR,37.91363,40.21721,1833684,674,0.1193813,True,332.98101806640625,527.0,6.530861371786102,2.866205764274273,11.93813,-0.9093,0.1168,0.0,-19.93,0.1158971347607523,0.10926826527799306,-0.006628869482759231,1.9929999999999999,8.523861371786102,0.20048390693642057,0.17888985894596462,-12155.251908623877
Tianjin,CN,39.14222,117.17667,11090314,11,0.117718599999321,True,205.9684600830078,556.0,3.112840466926116,1.816541073776195,11.7718599999321,-0.4242,0.0489,0.0,-9.3,0.31645415467833393,0.3097936140910099,-0.006660540587324015,0.93,4.0428404669261155,4.426298807247255,4.060628211005185,-73867.48652316775
Pest,HU,47.5,19.08333,1001748,113,0.07254013,True,184.59002685546875,523.0,6.62241550316628,2.255203042932137,7.254013,-0.4685,0.0556,0.0,-10.27,0.27959835724024273,0.2727620630697344,-0.00683629417050835,1.027,7.6494155031662805,2.696339504586146,2.4479222779889627,-6848.244012718399
Guwahati,IN,26.1844,91.7458,962334,59,0.5471443669493168,True,300.69305419921875,1713.0,11.734187838559592,5.507508815566938,54.71443669493168,-0.6024,0.1619,0.00025,-13.2,0.1974719355127817,0.19059844048522348,-0.006873495027558213,1.32,13.054187838559592,0.7795969715582219,0.6980031111656368,-6614.597963850205
Srinagar,IN,34.08565,74.80555,1206419,1589,0.3927438,True,228.3923797607422,749.0,3.006027313649213,10.122732983789488,39.27438,-1.1159,0.0763,0.0,-24.46,0.10302442171791876,0.09573708892322236,-0.0072873327946963995,2.446,5.452027313649213,0.16062023693055488,0.14158019578333395,-8791.576742844836
Kanpur,IN,26.46523,80.34975,2823249,137,0.0874991899999999,True,227.27545166015625,906.0,13.42793926909286,2.583761393982147,8.74991899999999,-0.6466,0.1339,0.0,-14.17,0.2026506374537788,0.19513302166649185,-0.007517615787286935,1.4169999999999998,14.84493926909286,0.8468271166029955,0.750886069086483,-21224.101253842055
Rajshahi,BD,24.374,88.60114,763580,23,0.127690699939077,True,235.15640258789065,1474.0,5.684341886080803e-14,8.642371791434504,12.7690699939077,-0.8691,0.2015,2e-05,-19.05,0.14196571924355006,0.13441251153545922,-0.007553207708090842,1.905,1.9050000000000569,0.3124337666146085,0.27496281244033827,-5767.478341744005
Mosul,IQ,36.335,43.11889,1683000,228,0.1837698,True,336.7250366210937,534.0,15.73205157549404,2.635228999131869,18.37698,-1.2391,0.1136,0.0,-27.16,0.10299207503757257,0.09493146558589415,-0.008060609451678427,2.7159999999999997,18.44805157549404,0.16053047133019427,0.13961505605933117,-13566.005707174792
Agra,IN,27.18333,78.01667,1430055,166,0.0807868441135139,True,415.8485412597656,794.0,16.983291371023142,0.851027348032077,8.078684411351391,-1.6898,0.1627,0.0,-37.04,0.08484224954413953,0.07574286907583788,-0.009099380468301652,3.7039999999999997,20.687291371023143,0.11714242364983395,0.09992566684168766,-13012.614535597118
Ghāziābād,IN,28.66535,77.43915,1199191,214,0.2054343120910291,True,221.97930908203125,789.0,5.188067444876822,17.451651417204314,20.54343120910291,-8.4326,0.2789,0.0,-184.82,0.020188079663785972,0.011011757031913812,-0.00917632263187216,18.481999999999996,23.670067444876818,0.037427898850916734,0.03177472376857087,-11004.163513237407
Kaifeng,CN,34.7986,114.30742,1451741,76,0.0997951691928758,True,187.62701416015625,628.0,1.7700465400168357,11.03332152556843,9.97951691928758,-1.8324,0.1579,0.0,-40.16,0.07901016658668171,0.06981041156751457,-0.009199755019167144,4.015999999999999,5.786046540016835,0.10580277855044015,0.09005877915193808,-13355.66155128073
Patna,IN,25.59408,85.13563,1684297,53,0.0921172673310556,True,236.1080780029297,1046.0,4.257267109178315,5.362086505644111,9.21172673310556,-0.9716,0.1601,0.0,-21.29,0.16584980274415223,0.15627272337849227,-0.009577079365659963,2.1289999999999996,6.3862671091783145,0.4657008361725285,0.39719297074981724,-16130.646044342979
Dhaka,BD,23.7104,90.40744,10356500,23,0.1949473000000002,True,267.74822998046875,2145.0,0.4882887006943406,1.8597388917786213,19.494730000000025,-0.5407,0.2107,0.0109,-11.85,0.45836747505821357,0.4485880805791014,-0.009779394479112191,1.1849999999999998,1.6732887006943404,18.38116580390285,17.111865106458954,-101280.2989229254
Luohe,CN,33.57424,114.03261,1294974,67,0.0534729595322506,True,199.6250915527344,790.0,11.520561532005845,0.9652806881183412,5.34729595322506,-0.7877,0.1067,0.0,-17.26,0.27842975736089753,0.2670307910557227,-0.01139896630517484,1.726,13.246561532005845,2.6524168823754746,2.255015222768008,-14761.364992077484
Tabriz,IR,38.08,46.2919,1424641,1396,0.6090702000000001,True,338.6087646484375,251.0,0.7476920729381504,2.8335395212469976,60.90702000000001,-1.0839,0.0827,0.0,-23.76,0.18698861588605978,0.17525702600793933,-0.011731589878120452,2.376,3.1236920729381503,0.6584093121591844,0.5437690542784642,-16713.3039355554
Linfen,CN,36.08889,111.51889,959198,451,0.1546868420043955,True,293.7706298828125,507.0,12.08514534218358,3.074087015091247,15.46868420043955,-1.7069,0.1247,0.0,-37.41,0.12526262390434942,0.11223756130449336,-0.013025062599856058,3.7409999999999997,15.82614534218358,0.2353297409474667,0.18826896465456927,-12493.613995656731
Lahore,PK,31.558,74.35071,13004135,216,0.177375700015881,True,233.4724578857422,537.0,8.545052262150023,6.46833835525657,17.7375700015881,-1.9692,0.1021,0.0,-43.16,0.11709463896005767,0.10303405528723449,-0.014060583672823188,4.316,12.861052262150022,0.2046446590449711,0.16064698055173268,-182845.72826018857
Rangpur,BD,25.74664,89.25166,1031388,36,0.2707102941607577,True,205.86761474609372,2340.0,2.4719615472648684,11.447750903358232,27.07102941607577,-1.4447,0.204,0.0,-31.66,0.1849507700859311,0.16958284052768688,-0.015367929558244231,3.166,5.637961547264869,0.6369944198309829,0.4953207728515194,-15850.2981312184
Ludhiana,IN,30.91204,75.85379,1618879,256,0.2378727929457269,True,233.46356201171875,710.0,10.421911955443704,9.737568862437088,23.78727929457269,-4.2955,0.1464,0.0,-94.15,0.07158549769298282,0.05334748351253838,-0.01823801418044444,9.415,19.836911955443703,0.09290674118981325,0.06740526729436973,-29525.138158423717
Narela,IN,28.85267,77.09288,800000,219,0.2424865001761759,True,298.9594116210937,658.0,5.142290379186704,10.981015819752884,24.24865001761759,-8.4326,0.2789,0.0,-184.82,0.041559937877700355,0.022896221835288364,-0.01866371604241199,18.481999999999996,23.6242903791867,0.05472147913919679,0.039278218561803586,-14930.972833929593
Rohini,IN,28.74322,77.06778,860000,216,0.2509831,True,226.6600799560547,662.0,3.7232013427939705,13.716744392586502,25.09831,-8.4326,0.2789,0.0,-184.82,0.04277204552534445,0.023577387237847115,-0.019194658287497335,18.481999999999996,22.205201342793966,0.05590919726111789,0.03975763333634303,-16507.40612724771
Taiyuan,CN,37.86944,112.56028,4303673,795,0.1791104881897064,True,256.29119873046875,412.0,0.1373311970702957,3.390299386532964,17.91104881897064,-1.7597,0.0858,0.0,-38.57,0.205668978830565,0.1854772085660705,-0.020191770264494507,3.8569999999999998,3.9943311970702955,0.888444988546579,0.6424632526221379,-86898.77650950786
Faridabad,IN,28.41124,77.31316,1414050,209,0.2051115996711991,True,213.6325225830078,706.0,0.686655985351365,7.956696361421535,20.51115996711991,-8.4326,0.2789,0.0,-184.82,0.1475423603360455,0.08553146073012662,-0.06201089960591889,18.481999999999996,19.16865598535136,0.34318442881436123,0.11855833571909151,-87686.51258774962
Delhi,IN,28.65195,77.23149,11034555,227,0.2294909887507435,True,298.2158508300781,734.0,15.228503852903032,1.5667268818351607,22.949098875074352,-8.4326,0.2789,0.0,-184.82,0.18051434043503517,0.10637484421481302,-0.07413949622022215,18.481999999999996,33.71050385290303,0.5926083785800765,0.17018634918514897,-818096.3487143334
Baku,AZ,40.37767,49.89201,2351300,-23,0.223503,True,319.5342102050781,243.0,5.684341886080803e-14,0.9662492573689097,22.3503,-8.1721,0.1947,0.0,-179.11,0.21598578918245223,0.13174115462897296,-0.08424463455347928,17.911,17.911000000000058,1.045332429991715,0.26277315397741496,-198084.40922559582
