name,country,baseline_csr_recent_tws_cm_yr,baseline_sign,cpc_corrected_recent_gws_cm_yr,cpc_corrected_full_gws_cm_yr,csr_tws_ols_2014_2024_cm_yr,csr_tws_theilsen_2014_2024_cm_yr,csr_tws_ols_2015_2024_cm_yr,csr_tws_theilsen_2015_2024_cm_yr,csr_tws_ols_2016_2024_cm_yr,csr_tws_theilsen_2016_2024_cm_yr,csr_tws_ols_2018_2024_cm_yr,csr_tws_theilsen_2018_2024_cm_yr,n_available_driver_signs,n_available_signs_matching_baseline,available_sign_agreement_fraction,available_sign_agreement_grade,sign_drivers_used
Yokohama,JP,1.5877,1,1.6127,0.6446,1.367627825964611,1.1099294404442066,1.5877425228251374,1.3171582699868254,1.8772027911081646,1.6087534038345754,2.472664831957815,2.1742677213962365,10,10,1.0,available-robust,csr_tws_ols_2014_2024_cm_yr; csr_tws_theilsen_2014_2024_cm_yr; csr_tws_ols_2015_2024_cm_yr; csr_tws_theilsen_2015_2024_cm_yr; csr_tws_ols_2016_2024_cm_yr; csr_tws_theilsen_2016_2024_cm_yr; csr_tws_ols_2018_2024_cm_yr; csr_tws_theilsen_2018_2024_cm_yr; cpc_corrected_recent_gws_cm_yr; cpc_corrected_full_gws_cm_yr
Bhayandar,IN,1.4173,1,0.6962,0.134,1.1014989813466678,1.0664354352552745,1.4173226911249044,1.35480666881993,1.7206980840698376,1.6315254081618595,1.418910172904927,1.302340904523763,10,10,1.0,available-robust,csr_tws_ols_2014_2024_cm_yr; csr_tws_theilsen_2014_2024_cm_yr; csr_tws_ols_2015_2024_cm_yr; csr_tws_theilsen_2015_2024_cm_yr; csr_tws_ols_2016_2024_cm_yr; csr_tws_theilsen_2016_2024_cm_yr; csr_tws_ols_2018_2024_cm_yr; csr_tws_theilsen_2018_2024_cm_yr; cpc_corrected_recent_gws_cm_yr; cpc_corrected_full_gws_cm_yr
Mumbai,IN,1.4173,1,0.6962,0.134,1.1014989813466678,1.0664354352552745,1.4173226911249044,1.35480666881993,1.7206980840698376,1.6315254081618595,1.418910172904927,1.302340904523763,10,10,1.0,available-robust,csr_tws_ols_2014_2024_cm_yr; csr_tws_theilsen_2014_2024_cm_yr; csr_tws_ols_2015_2024_cm_yr; csr_tws_theilsen_2015_2024_cm_yr; csr_tws_ols_2016_2024_cm_yr; csr_tws_theilsen_2016_2024_cm_yr; csr_tws_ols_2018_2024_cm_yr; csr_tws_theilsen_2018_2024_cm_yr; cpc_corrected_recent_gws_cm_yr; cpc_corrected_full_gws_cm_yr
Dar es Salaam,TZ,1.5505,1,1.2835,0.0571,1.3513064063489184,1.1452346704924299,1.5504711526395696,1.3151923007695012,1.7267914698717444,1.4583978621186233,2.1618111292888504,1.8630133564599411,10,10,1.0,available-robust,csr_tws_ols_2014_2024_cm_yr; csr_tws_theilsen_2014_2024_cm_yr; csr_tws_ols_2015_2024_cm_yr; csr_tws_theilsen_2015_2024_cm_yr; csr_tws_ols_2016_2024_cm_yr; csr_tws_theilsen_2016_2024_cm_yr; csr_tws_ols_2018_2024_cm_yr; csr_tws_theilsen_2018_2024_cm_yr; cpc_corrected_recent_gws_cm_yr; cpc_corrected_full_gws_cm_yr
Surat,IN,1.4158,1,0.3736,0.3804,0.9947125306940875,0.9494983495131515,1.415766756296505,1.2766023470270296,1.9383159358024415,1.7908093318362206,1.8637498711359468,1.620492873643249,10,10,1.0,available-robust,csr_tws_ols_2014_2024_cm_yr; csr_tws_theilsen_2014_2024_cm_yr; csr_tws_ols_2015_2024_cm_yr; csr_tws_theilsen_2015_2024_cm_yr; csr_tws_ols_2016_2024_cm_yr; csr_tws_theilsen_2016_2024_cm_yr; csr_tws_ols_2018_2024_cm_yr; csr_tws_theilsen_2018_2024_cm_yr; cpc_corrected_recent_gws_cm_yr; cpc_corrected_full_gws_cm_yr
Nashik,IN,2.633,1,1.8068,0.2505,2.097916811453357,2.0054390889117903,2.6330419535110305,2.4946159260899323,3.0268320362192287,2.9373531397960266,2.6187917555256806,2.4521824518338695,10,10,1.0,available-robust,csr_tws_ols_2014_2024_cm_yr; csr_tws_theilsen_2014_2024_cm_yr; csr_tws_ols_2015_2024_cm_yr; csr_tws_theilsen_2015_2024_cm_yr; csr_tws_ols_2016_2024_cm_yr; csr_tws_theilsen_2016_2024_cm_yr; csr_tws_ols_2018_2024_cm_yr; csr_tws_theilsen_2018_2024_cm_yr; cpc_corrected_recent_gws_cm_yr; cpc_corrected_full_gws_cm_yr
Bhiwandi,IN,1.4173,1,0.6714,0.1536,1.1014989813466678,1.0664354352552745,1.4173226911249044,1.35480666881993,1.7206980840698376,1.6315254081618595,1.418910172904927,1.302340904523763,10,10,1.0,available-robust,csr_tws_ols_2014_2024_cm_yr; csr_tws_theilsen_2014_2024_cm_yr; csr_tws_ols_2015_2024_cm_yr; csr_tws_theilsen_2015_2024_cm_yr; csr_tws_ols_2016_2024_cm_yr; csr_tws_theilsen_2016_2024_cm_yr; csr_tws_ols_2018_2024_cm_yr; csr_tws_theilsen_2018_2024_cm_yr; cpc_corrected_recent_gws_cm_yr; cpc_corrected_full_gws_cm_yr
Thāne,IN,1.4173,1,0.6962,0.134,1.1014989813466678,1.0664354352552745,1.4173226911249044,1.35480666881993,1.7206980840698376,1.6315254081618595,1.418910172904927,1.302340904523763,10,10,1.0,available-robust,csr_tws_ols_2014_2024_cm_yr; csr_tws_theilsen_2014_2024_cm_yr; csr_tws_ols_2015_2024_cm_yr; csr_tws_theilsen_2015_2024_cm_yr; csr_tws_ols_2016_2024_cm_yr; csr_tws_theilsen_2016_2024_cm_yr; csr_tws_ols_2018_2024_cm_yr; csr_tws_theilsen_2018_2024_cm_yr; cpc_corrected_recent_gws_cm_yr; cpc_corrected_full_gws_cm_yr
Dombivali,IN,1.4173,1,0.6714,0.1536,1.1014989813466678,1.0664354352552745,1.4173226911249044,1.35480666881993,1.7206980840698376,1.6315254081618595,1.418910172904927,1.302340904523763,10,10,1.0,available-robust,csr_tws_ols_2014_2024_cm_yr; csr_tws_theilsen_2014_2024_cm_yr; csr_tws_ols_2015_2024_cm_yr; csr_tws_theilsen_2015_2024_cm_yr; csr_tws_ols_2016_2024_cm_yr; csr_tws_theilsen_2016_2024_cm_yr; csr_tws_ols_2018_2024_cm_yr; csr_tws_theilsen_2018_2024_cm_yr; cpc_corrected_recent_gws_cm_yr; cpc_corrected_full_gws_cm_yr
Tokyo,JP,1.5877,1,1.4811,0.6262,1.367627825964611,1.1099294404442066,1.5877425228251374,1.3171582699868254,1.8772027911081646,1.6087534038345754,2.472664831957815,2.1742677213962365,10,10,1.0,available-robust,csr_tws_ols_2014_2024_cm_yr; csr_tws_theilsen_2014_2024_cm_yr; csr_tws_ols_2015_2024_cm_yr; csr_tws_theilsen_2015_2024_cm_yr; csr_tws_ols_2016_2024_cm_yr; csr_tws_theilsen_2016_2024_cm_yr; csr_tws_ols_2018_2024_cm_yr; csr_tws_theilsen_2018_2024_cm_yr; cpc_corrected_recent_gws_cm_yr; cpc_corrected_full_gws_cm_yr
Yangon,MM,0.949,1,-0.0137,-1.5484,0.663689029878146,0.6693515363036495,0.9489669620595245,0.9340621363050989,1.070628377479606,1.0395780607116014,1.0190790052379388,0.9464573067115439,10,8,0.8,available-robust,csr_tws_ols_2014_2024_cm_yr; csr_tws_theilsen_2014_2024_cm_yr; csr_tws_ols_2015_2024_cm_yr; csr_tws_theilsen_2015_2024_cm_yr; csr_tws_ols_2016_2024_cm_yr; csr_tws_theilsen_2016_2024_cm_yr; csr_tws_ols_2018_2024_cm_yr; csr_tws_theilsen_2018_2024_cm_yr; cpc_corrected_recent_gws_cm_yr; cpc_corrected_full_gws_cm_yr
Tianjin,CN,1.0174,1,-0.7909,-1.0735,0.6116597707708281,0.7039393325881469,1.0174182237001426,1.1110166258227943,1.2532770528707018,1.3804039440781337,2.2810225751463773,2.1261887466695564,10,8,0.8,available-robust,csr_tws_ols_2014_2024_cm_yr; csr_tws_theilsen_2014_2024_cm_yr; csr_tws_ols_2015_2024_cm_yr; csr_tws_theilsen_2015_2024_cm_yr; csr_tws_ols_2016_2024_cm_yr; csr_tws_theilsen_2016_2024_cm_yr; csr_tws_ols_2018_2024_cm_yr; csr_tws_theilsen_2018_2024_cm_yr; cpc_corrected_recent_gws_cm_yr; cpc_corrected_full_gws_cm_yr
Varanasi,IN,1.7399,1,1.4191,-0.5522,1.069164866511489,1.1261558692981468,1.7398783691173991,1.7525608731779756,2.348259474228165,2.2510714007421253,2.2423953673070764,1.9162002938259337,10,9,0.9,available-robust,csr_tws_ols_2014_2024_cm_yr; csr_tws_theilsen_2014_2024_cm_yr; csr_tws_ols_2015_2024_cm_yr; csr_tws_theilsen_2015_2024_cm_yr; csr_tws_ols_2016_2024_cm_yr; csr_tws_theilsen_2016_2024_cm_yr; csr_tws_ols_2018_2024_cm_yr; csr_tws_theilsen_2018_2024_cm_yr; cpc_corrected_recent_gws_cm_yr; cpc_corrected_full_gws_cm_yr
Chattogram,BD,0.7765,1,0.5834,-1.0676,0.5603089083806416,0.4368857380903117,0.7764576600909371,0.6155428336216884,0.7664610164703644,0.5467254580924273,0.46514233862311144,0.28468326293024626,10,9,0.9,available-robust,csr_tws_ols_2014_2024_cm_yr; csr_tws_theilsen_2014_2024_cm_yr; csr_tws_ols_2015_2024_cm_yr; csr_tws_theilsen_2015_2024_cm_yr; csr_tws_ols_2016_2024_cm_yr; csr_tws_theilsen_2016_2024_cm_yr; csr_tws_ols_2018_2024_cm_yr; csr_tws_theilsen_2018_2024_cm_yr; cpc_corrected_recent_gws_cm_yr; cpc_corrected_full_gws_cm_yr
Patna,IN,1.3047,1,0.7584,-0.8229,0.6360388221790295,0.6394852237765078,1.3047128076677152,1.3553481948981791,2.0541581528021733,2.129512810296931,1.7929512355452375,1.9323341009744517,10,9,0.9,available-robust,csr_tws_ols_2014_2024_cm_yr; csr_tws_theilsen_2014_2024_cm_yr; csr_tws_ols_2015_2024_cm_yr; csr_tws_theilsen_2015_2024_cm_yr; csr_tws_ols_2016_2024_cm_yr; csr_tws_theilsen_2016_2024_cm_yr; csr_tws_ols_2018_2024_cm_yr; csr_tws_theilsen_2018_2024_cm_yr; cpc_corrected_recent_gws_cm_yr; cpc_corrected_full_gws_cm_yr
Kanpur,IN,1.095,1,-0.6351,-0.7908,0.28742952528986976,0.26417990711241446,1.0950484595684624,1.0964100888889086,1.799764278673021,1.781807649083883,2.8941884525881743,2.3894747317622604,10,8,0.8,available-robust,csr_tws_ols_2014_2024_cm_yr; csr_tws_theilsen_2014_2024_cm_yr; csr_tws_ols_2015_2024_cm_yr; csr_tws_theilsen_2015_2024_cm_yr; csr_tws_ols_2016_2024_cm_yr; csr_tws_theilsen_2016_2024_cm_yr; csr_tws_ols_2018_2024_cm_yr; csr_tws_theilsen_2018_2024_cm_yr; cpc_corrected_recent_gws_cm_yr; cpc_corrected_full_gws_cm_yr
Barcelona,VE,0.9569,1,2.9007,0.5327,0.7062348900267454,0.6778190591810493,0.9569131616929774,0.8778867856932733,1.1067227435808695,1.008193573705979,0.7764750874549049,0.6896582209616602,10,10,1.0,available-robust,csr_tws_ols_2014_2024_cm_yr; csr_tws_theilsen_2014_2024_cm_yr; csr_tws_ols_2015_2024_cm_yr; csr_tws_theilsen_2015_2024_cm_yr; csr_tws_ols_2016_2024_cm_yr; csr_tws_theilsen_2016_2024_cm_yr; csr_tws_ols_2018_2024_cm_yr; csr_tws_theilsen_2018_2024_cm_yr; cpc_corrected_recent_gws_cm_yr; cpc_corrected_full_gws_cm_yr
Prayagraj,IN,1.5299,1,1.2312,-0.2847,0.9188161588651836,0.9255569123621983,1.5299403850337405,1.443485465686106,1.999261084012864,1.8669291306972653,1.9535601684756705,1.4388457626566087,10,9,0.9,available-robust,csr_tws_ols_2014_2024_cm_yr; csr_tws_theilsen_2014_2024_cm_yr; csr_tws_ols_2015_2024_cm_yr; csr_tws_theilsen_2015_2024_cm_yr; csr_tws_ols_2016_2024_cm_yr; csr_tws_theilsen_2016_2024_cm_yr; csr_tws_ols_2018_2024_cm_yr; csr_tws_theilsen_2018_2024_cm_yr; cpc_corrected_recent_gws_cm_yr; cpc_corrected_full_gws_cm_yr
Kalyān,IN,1.4173,1,0.6714,0.1536,1.1014989813466678,1.0664354352552745,1.4173226911249044,1.35480666881993,1.7206980840698376,1.6315254081618595,1.418910172904927,1.302340904523763,10,10,1.0,available-robust,csr_tws_ols_2014_2024_cm_yr; csr_tws_theilsen_2014_2024_cm_yr; csr_tws_ols_2015_2024_cm_yr; csr_tws_theilsen_2015_2024_cm_yr; csr_tws_ols_2016_2024_cm_yr; csr_tws_theilsen_2016_2024_cm_yr; csr_tws_ols_2018_2024_cm_yr; csr_tws_theilsen_2018_2024_cm_yr; cpc_corrected_recent_gws_cm_yr; cpc_corrected_full_gws_cm_yr
Makassar,ID,0.6312,1,0.5007,0.0278,0.5933946984612939,0.6322809041360169,0.6312109798067642,0.6704720457339681,0.5526206699276278,0.6040293144128988,0.5373090308369044,0.5125935074558123,10,10,1.0,available-robust,csr_tws_ols_2014_2024_cm_yr; csr_tws_theilsen_2014_2024_cm_yr; csr_tws_ols_2015_2024_cm_yr; csr_tws_theilsen_2015_2024_cm_yr; csr_tws_ols_2016_2024_cm_yr; csr_tws_theilsen_2016_2024_cm_yr; csr_tws_ols_2018_2024_cm_yr; csr_tws_theilsen_2018_2024_cm_yr; cpc_corrected_recent_gws_cm_yr; cpc_corrected_full_gws_cm_yr
Howrah,IN,0.6662,1,0.2499,-0.221,0.4980748725119144,0.3602439110054282,0.6661980274571422,0.43026078910812326,0.8135581078082875,0.45278035358935353,0.0667735602747819,-0.2698297491571836,10,8,0.8,available-robust,csr_tws_ols_2014_2024_cm_yr; csr_tws_theilsen_2014_2024_cm_yr; csr_tws_ols_2015_2024_cm_yr; csr_tws_theilsen_2015_2024_cm_yr; csr_tws_ols_2016_2024_cm_yr; csr_tws_theilsen_2016_2024_cm_yr; csr_tws_ols_2018_2024_cm_yr; csr_tws_theilsen_2018_2024_cm_yr; cpc_corrected_recent_gws_cm_yr; cpc_corrected_full_gws_cm_yr
Kolkata,IN,0.6662,1,0.2499,-0.221,0.4980748725119144,0.3602439110054282,0.6661980274571422,0.43026078910812326,0.8135581078082875,0.45278035358935353,0.0667735602747819,-0.2698297491571836,10,8,0.8,available-robust,csr_tws_ols_2014_2024_cm_yr; csr_tws_theilsen_2014_2024_cm_yr; csr_tws_ols_2015_2024_cm_yr; csr_tws_theilsen_2015_2024_cm_yr; csr_tws_ols_2016_2024_cm_yr; csr_tws_theilsen_2016_2024_cm_yr; csr_tws_ols_2018_2024_cm_yr; csr_tws_theilsen_2018_2024_cm_yr; cpc_corrected_recent_gws_cm_yr; cpc_corrected_full_gws_cm_yr
Luzhou,CN,0.6356,1,0.7245,0.3687,0.5912057004069207,0.5758260608320805,0.6355963609404947,0.6026779967948341,0.604902319326549,0.5254034893922153,0.05602612688993885,0.10371765356441627,10,10,1.0,available-robust,csr_tws_ols_2014_2024_cm_yr; csr_tws_theilsen_2014_2024_cm_yr; csr_tws_ols_2015_2024_cm_yr; csr_tws_theilsen_2015_2024_cm_yr; csr_tws_ols_2016_2024_cm_yr; csr_tws_theilsen_2016_2024_cm_yr; csr_tws_ols_2018_2024_cm_yr; csr_tws_theilsen_2018_2024_cm_yr; cpc_corrected_recent_gws_cm_yr; cpc_corrected_full_gws_cm_yr
Ranchi,IN,1.1405,1,0.2571,-0.4483,0.7490854239420026,0.7485474549255882,1.1404682449484134,1.0810453904199504,1.5833701433033547,1.4106088241913524,0.8500868742440282,0.758414154367888,10,9,0.9,available-robust,csr_tws_ols_2014_2024_cm_yr; csr_tws_theilsen_2014_2024_cm_yr; csr_tws_ols_2015_2024_cm_yr; csr_tws_theilsen_2015_2024_cm_yr; csr_tws_ols_2016_2024_cm_yr; csr_tws_theilsen_2016_2024_cm_yr; csr_tws_ols_2018_2024_cm_yr; csr_tws_theilsen_2018_2024_cm_yr; cpc_corrected_recent_gws_cm_yr; cpc_corrected_full_gws_cm_yr
Ciudad Guayana,VE,3.2946,1,5.3409,0.8942,2.6850372268721925,2.6467186955034894,3.294593061085025,3.243581442105639,3.637957397258426,3.4646614619846736,2.3620844696819514,2.3849752182686643,10,10,1.0,available-robust,csr_tws_ols_2014_2024_cm_yr; csr_tws_theilsen_2014_2024_cm_yr; csr_tws_ols_2015_2024_cm_yr; csr_tws_theilsen_2015_2024_cm_yr; csr_tws_ols_2016_2024_cm_yr; csr_tws_theilsen_2016_2024_cm_yr; csr_tws_ols_2018_2024_cm_yr; csr_tws_theilsen_2018_2024_cm_yr; cpc_corrected_recent_gws_cm_yr; cpc_corrected_full_gws_cm_yr
Haikou,CN,0.8239,1,0.1825,0.072,0.6845678437173365,0.6110752764735579,0.8238566663974657,0.7362612578284455,0.6803733650167566,0.5777035831471763,0.3272945314303416,0.2574566472297305,10,10,1.0,available-robust,csr_tws_ols_2014_2024_cm_yr; csr_tws_theilsen_2014_2024_cm_yr; csr_tws_ols_2015_2024_cm_yr; csr_tws_theilsen_2015_2024_cm_yr; csr_tws_ols_2016_2024_cm_yr; csr_tws_theilsen_2016_2024_cm_yr; csr_tws_ols_2018_2024_cm_yr; csr_tws_theilsen_2018_2024_cm_yr; cpc_corrected_recent_gws_cm_yr; cpc_corrected_full_gws_cm_yr
Jing’an,CN,0.6576,1,0.958,-0.1158,0.5585627842316045,0.49960353767099464,0.6575565085074072,0.538107556576366,0.7262670550941529,0.5754300057888031,0.7146300291699246,0.5109304255931776,10,9,0.9,available-robust,csr_tws_ols_2014_2024_cm_yr; csr_tws_theilsen_2014_2024_cm_yr; csr_tws_ols_2015_2024_cm_yr; csr_tws_theilsen_2015_2024_cm_yr; csr_tws_ols_2016_2024_cm_yr; csr_tws_theilsen_2016_2024_cm_yr; csr_tws_ols_2018_2024_cm_yr; csr_tws_theilsen_2018_2024_cm_yr; cpc_corrected_recent_gws_cm_yr; cpc_corrected_full_gws_cm_yr
Vijayawada,IN,2.3443,1,1.0763,0.3669,1.760393316630759,1.7158233430270284,2.344301647265988,2.3019376689426867,2.648435045050929,2.6361548347883894,2.6636874235698587,2.7410141088624584,10,10,1.0,available-robust,csr_tws_ols_2014_2024_cm_yr; csr_tws_theilsen_2014_2024_cm_yr; csr_tws_ols_2015_2024_cm_yr; csr_tws_theilsen_2015_2024_cm_yr; csr_tws_ols_2016_2024_cm_yr; csr_tws_theilsen_2016_2024_cm_yr; csr_tws_ols_2018_2024_cm_yr; csr_tws_theilsen_2018_2024_cm_yr; cpc_corrected_recent_gws_cm_yr; cpc_corrected_full_gws_cm_yr
Zhabei,CN,0.6576,1,0.958,-0.1158,0.5585627842316045,0.49960353767099464,0.6575565085074072,0.538107556576366,0.7262670550941529,0.5754300057888031,0.7146300291699246,0.5109304255931776,10,9,0.9,available-robust,csr_tws_ols_2014_2024_cm_yr; csr_tws_theilsen_2014_2024_cm_yr; csr_tws_ols_2015_2024_cm_yr; csr_tws_theilsen_2015_2024_cm_yr; csr_tws_ols_2016_2024_cm_yr; csr_tws_theilsen_2016_2024_cm_yr; csr_tws_ols_2018_2024_cm_yr; csr_tws_theilsen_2018_2024_cm_yr; cpc_corrected_recent_gws_cm_yr; cpc_corrected_full_gws_cm_yr
Kaifeng,CN,2.2778,1,1.2898,-1.9449,1.8450300397949233,1.8697651034659537,2.2777702241424502,2.377192431822647,3.359879910713142,3.426788684319111,5.086262461277229,5.013726910437389,10,9,0.9,available-robust,csr_tws_ols_2014_2024_cm_yr; csr_tws_theilsen_2014_2024_cm_yr; csr_tws_ols_2015_2024_cm_yr; csr_tws_theilsen_2015_2024_cm_yr; csr_tws_ols_2016_2024_cm_yr; csr_tws_theilsen_2016_2024_cm_yr; csr_tws_ols_2018_2024_cm_yr; csr_tws_theilsen_2018_2024_cm_yr; cpc_corrected_recent_gws_cm_yr; cpc_corrected_full_gws_cm_yr
Qinhuangdao,CN,0.7283,1,-0.719,-0.2648,0.485925922644243,0.44234127394273703,0.7283195333256259,0.6658375519244735,0.7774257363714852,0.6821765600301389,0.7205531978215919,0.6913629901959,10,8,0.8,available-robust,csr_tws_ols_2014_2024_cm_yr; csr_tws_theilsen_2014_2024_cm_yr; csr_tws_ols_2015_2024_cm_yr; csr_tws_theilsen_2015_2024_cm_yr; csr_tws_ols_2016_2024_cm_yr; csr_tws_theilsen_2016_2024_cm_yr; csr_tws_ols_2018_2024_cm_yr; csr_tws_theilsen_2018_2024_cm_yr; cpc_corrected_recent_gws_cm_yr; cpc_corrected_full_gws_cm_yr
Nagoya,JP,0.664,1,0.7272,0.279,0.5840690229875195,0.592844478052112,0.6640299516388748,0.6714530760975019,0.8432371306741986,0.8172553589945881,1.0419232904016453,1.0138485760482263,10,10,1.0,available-robust,csr_tws_ols_2014_2024_cm_yr; csr_tws_theilsen_2014_2024_cm_yr; csr_tws_ols_2015_2024_cm_yr; csr_tws_theilsen_2015_2024_cm_yr; csr_tws_ols_2016_2024_cm_yr; csr_tws_theilsen_2016_2024_cm_yr; csr_tws_ols_2018_2024_cm_yr; csr_tws_theilsen_2018_2024_cm_yr; cpc_corrected_recent_gws_cm_yr; cpc_corrected_full_gws_cm_yr
Luohe,CN,0.5955,1,0.1516,-0.8011,0.9003854505312143,0.8347368797066331,0.5954708379356044,0.5926799454502303,1.0503554164842976,1.1015515429623222,2.323152089785439,2.3898280082823025,10,9,0.9,available-robust,csr_tws_ols_2014_2024_cm_yr; csr_tws_theilsen_2014_2024_cm_yr; csr_tws_ols_2015_2024_cm_yr; csr_tws_theilsen_2015_2024_cm_yr; csr_tws_ols_2016_2024_cm_yr; csr_tws_theilsen_2016_2024_cm_yr; csr_tws_ols_2018_2024_cm_yr; csr_tws_theilsen_2018_2024_cm_yr; cpc_corrected_recent_gws_cm_yr; cpc_corrected_full_gws_cm_yr
Putuo,CN,0.6576,1,0.958,-0.1158,0.5585627842316045,0.49960353767099464,0.6575565085074072,0.538107556576366,0.7262670550941529,0.5754300057888031,0.7146300291699246,0.5109304255931776,10,9,0.9,available-robust,csr_tws_ols_2014_2024_cm_yr; csr_tws_theilsen_2014_2024_cm_yr; csr_tws_ols_2015_2024_cm_yr; csr_tws_theilsen_2015_2024_cm_yr; csr_tws_ols_2016_2024_cm_yr; csr_tws_theilsen_2016_2024_cm_yr; csr_tws_ols_2018_2024_cm_yr; csr_tws_theilsen_2018_2024_cm_yr; cpc_corrected_recent_gws_cm_yr; cpc_corrected_full_gws_cm_yr
Hanzhong,CN,0.6823,1,-0.6083,0.2375,0.6232608615418139,0.4940679508501409,0.6823474931940932,0.5142291364080123,0.8294341337785098,0.6798796998754357,0.6261429322416726,0.5350749355757682,10,9,0.9,available-robust,csr_tws_ols_2014_2024_cm_yr; csr_tws_theilsen_2014_2024_cm_yr; csr_tws_ols_2015_2024_cm_yr; csr_tws_theilsen_2015_2024_cm_yr; csr_tws_ols_2016_2024_cm_yr; csr_tws_theilsen_2016_2024_cm_yr; csr_tws_ols_2018_2024_cm_yr; csr_tws_theilsen_2018_2024_cm_yr; cpc_corrected_recent_gws_cm_yr; cpc_corrected_full_gws_cm_yr
Benghazi,LY,0.9766,1,0.0862,0.2029,0.8289350149987176,0.8513295777196346,0.976626266702493,1.002868019985133,1.0359613065409699,1.0570766381157957,1.0783375590813729,1.1218952324069384,10,10,1.0,available-robust,csr_tws_ols_2014_2024_cm_yr; csr_tws_theilsen_2014_2024_cm_yr; csr_tws_ols_2015_2024_cm_yr; csr_tws_theilsen_2015_2024_cm_yr; csr_tws_ols_2016_2024_cm_yr; csr_tws_theilsen_2016_2024_cm_yr; csr_tws_ols_2018_2024_cm_yr; csr_tws_theilsen_2018_2024_cm_yr; cpc_corrected_recent_gws_cm_yr; cpc_corrected_full_gws_cm_yr
Accra,GH,5.4265,1,4.261,2.4106,4.572343807291161,4.353500515748264,5.426466467899007,5.08195565297105,5.933510570050186,5.646688143412272,5.3058772534614675,4.923580369702961,10,10,1.0,available-robust,csr_tws_ols_2014_2024_cm_yr; csr_tws_theilsen_2014_2024_cm_yr; csr_tws_ols_2015_2024_cm_yr; csr_tws_theilsen_2015_2024_cm_yr; csr_tws_ols_2016_2024_cm_yr; csr_tws_theilsen_2016_2024_cm_yr; csr_tws_ols_2018_2024_cm_yr; csr_tws_theilsen_2018_2024_cm_yr; cpc_corrected_recent_gws_cm_yr; cpc_corrected_full_gws_cm_yr
Jabalpur,IN,1.6226,1,0.7326,0.4155,0.9125845107456424,0.9095697857256831,1.6226113529695558,1.6039107326409532,2.019473163127725,1.9095813020990342,2.005926482444539,1.7467577619165762,10,10,1.0,available-robust,csr_tws_ols_2014_2024_cm_yr; csr_tws_theilsen_2014_2024_cm_yr; csr_tws_ols_2015_2024_cm_yr; csr_tws_theilsen_2015_2024_cm_yr; csr_tws_ols_2016_2024_cm_yr; csr_tws_theilsen_2016_2024_cm_yr; csr_tws_ols_2018_2024_cm_yr; csr_tws_theilsen_2018_2024_cm_yr; cpc_corrected_recent_gws_cm_yr; cpc_corrected_full_gws_cm_yr
Manila,PH,0.4215,1,0.0098,0.1743,0.4153784273809768,0.39407198154507883,0.42149219034058616,0.3909307598159468,0.3174842307081346,0.281321830899473,-0.5089451076584818,-0.4210871391142589,10,8,0.8,available-robust,csr_tws_ols_2014_2024_cm_yr; csr_tws_theilsen_2014_2024_cm_yr; csr_tws_ols_2015_2024_cm_yr; csr_tws_theilsen_2015_2024_cm_yr; csr_tws_ols_2016_2024_cm_yr; csr_tws_theilsen_2016_2024_cm_yr; csr_tws_ols_2018_2024_cm_yr; csr_tws_theilsen_2018_2024_cm_yr; cpc_corrected_recent_gws_cm_yr; cpc_corrected_full_gws_cm_yr
Nanchong,CN,0.8565,1,0.2552,0.5495,0.7602549361803361,0.6396293041389911,0.8565007437768127,0.7300388096153773,0.9984754168854548,0.8642055359785055,0.52082529650802,0.40058304433382175,10,10,1.0,available-robust,csr_tws_ols_2014_2024_cm_yr; csr_tws_theilsen_2014_2024_cm_yr; csr_tws_ols_2015_2024_cm_yr; csr_tws_theilsen_2015_2024_cm_yr; csr_tws_ols_2016_2024_cm_yr; csr_tws_theilsen_2016_2024_cm_yr; csr_tws_ols_2018_2024_cm_yr; csr_tws_theilsen_2018_2024_cm_yr; cpc_corrected_recent_gws_cm_yr; cpc_corrected_full_gws_cm_yr
Linfen,CN,0.9104,1,0.0973,-1.7966,0.16951728294725812,0.06648285733429124,0.910369564141396,0.7837808131512431,1.9157425629238103,1.7707673330156255,3.629893591433466,3.15757879422375,10,9,0.9,available-robust,csr_tws_ols_2014_2024_cm_yr; csr_tws_theilsen_2014_2024_cm_yr; csr_tws_ols_2015_2024_cm_yr; csr_tws_theilsen_2015_2024_cm_yr; csr_tws_ols_2016_2024_cm_yr; csr_tws_theilsen_2016_2024_cm_yr; csr_tws_ols_2018_2024_cm_yr; csr_tws_theilsen_2018_2024_cm_yr; cpc_corrected_recent_gws_cm_yr; cpc_corrected_full_gws_cm_yr
Jamshedpur,IN,1.161,1,0.8147,-0.4169,0.7716367111370648,0.673223800024551,1.161030061096057,1.023011604233134,1.5105250883151955,1.324154337332051,0.7711518535875466,0.4862061591361045,10,9,0.9,available-robust,csr_tws_ols_2014_2024_cm_yr; csr_tws_theilsen_2014_2024_cm_yr; csr_tws_ols_2015_2024_cm_yr; csr_tws_theilsen_2015_2024_cm_yr; csr_tws_ols_2016_2024_cm_yr; csr_tws_theilsen_2016_2024_cm_yr; csr_tws_ols_2018_2024_cm_yr; csr_tws_theilsen_2018_2024_cm_yr; cpc_corrected_recent_gws_cm_yr; cpc_corrected_full_gws_cm_yr
Xuhui,CN,0.6576,1,0.958,-0.1158,0.5585627842316045,0.49960353767099464,0.6575565085074072,0.538107556576366,0.7262670550941529,0.5754300057888031,0.7146300291699246,0.5109304255931776,10,9,0.9,available-robust,csr_tws_ols_2014_2024_cm_yr; csr_tws_theilsen_2014_2024_cm_yr; csr_tws_ols_2015_2024_cm_yr; csr_tws_theilsen_2015_2024_cm_yr; csr_tws_ols_2016_2024_cm_yr; csr_tws_theilsen_2016_2024_cm_yr; csr_tws_ols_2018_2024_cm_yr; csr_tws_theilsen_2018_2024_cm_yr; cpc_corrected_recent_gws_cm_yr; cpc_corrected_full_gws_cm_yr
Maracaibo,VE,1.3193,1,1.3869,0.5609,1.0744300909171638,1.0416785205944106,1.3193066431078093,1.2717336325106123,1.4681283256296762,1.4563574326415252,1.4322397970686447,1.5155570424897937,10,10,1.0,available-robust,csr_tws_ols_2014_2024_cm_yr; csr_tws_theilsen_2014_2024_cm_yr; csr_tws_ols_2015_2024_cm_yr; csr_tws_theilsen_2015_2024_cm_yr; csr_tws_ols_2016_2024_cm_yr; csr_tws_theilsen_2016_2024_cm_yr; csr_tws_ols_2018_2024_cm_yr; csr_tws_theilsen_2018_2024_cm_yr; cpc_corrected_recent_gws_cm_yr; cpc_corrected_full_gws_cm_yr
Malingao,PH,0.3983,1,-0.4345,0.6512,0.2964679877104158,0.3484064046364389,0.3982874612911474,0.41881494632618327,0.460093779427133,0.43586099453078175,0.4160093875116956,0.3946261148920601,10,9,0.9,available-robust,csr_tws_ols_2014_2024_cm_yr; csr_tws_theilsen_2014_2024_cm_yr; csr_tws_ols_2015_2024_cm_yr; csr_tws_theilsen_2015_2024_cm_yr; csr_tws_ols_2016_2024_cm_yr; csr_tws_theilsen_2016_2024_cm_yr; csr_tws_ols_2018_2024_cm_yr; csr_tws_theilsen_2018_2024_cm_yr; cpc_corrected_recent_gws_cm_yr; cpc_corrected_full_gws_cm_yr
Dalian,CN,1.3534,1,-1.034,-0.5459,0.9871019795600756,1.0473004868651103,1.3533797812987631,1.419164489747812,1.535433639799792,1.55559165322696,2.411519144116157,2.3292914525197643,10,8,0.8,available-robust,csr_tws_ols_2014_2024_cm_yr; csr_tws_theilsen_2014_2024_cm_yr; csr_tws_ols_2015_2024_cm_yr; csr_tws_theilsen_2015_2024_cm_yr; csr_tws_ols_2016_2024_cm_yr; csr_tws_theilsen_2016_2024_cm_yr; csr_tws_ols_2018_2024_cm_yr; csr_tws_theilsen_2018_2024_cm_yr; cpc_corrected_recent_gws_cm_yr; cpc_corrected_full_gws_cm_yr
Budta,PH,0.3983,1,-0.4345,0.6512,0.2964679877104158,0.3484064046364389,0.3982874612911474,0.41881494632618327,0.460093779427133,0.43586099453078175,0.4160093875116956,0.3946261148920601,10,9,0.9,available-robust,csr_tws_ols_2014_2024_cm_yr; csr_tws_theilsen_2014_2024_cm_yr; csr_tws_ols_2015_2024_cm_yr; csr_tws_theilsen_2015_2024_cm_yr; csr_tws_ols_2016_2024_cm_yr; csr_tws_theilsen_2016_2024_cm_yr; csr_tws_ols_2018_2024_cm_yr; csr_tws_theilsen_2018_2024_cm_yr; cpc_corrected_recent_gws_cm_yr; cpc_corrected_full_gws_cm_yr
Mombasa,KE,0.5269,1,0.9026,0.124,0.40954964308385977,0.4267834531263026,0.5268999400487999,0.5301995087918455,0.5700919141144548,0.5755614385113544,0.576454878595066,0.6018944751212243,10,10,1.0,available-robust,csr_tws_ols_2014_2024_cm_yr; csr_tws_theilsen_2014_2024_cm_yr; csr_tws_ols_2015_2024_cm_yr; csr_tws_theilsen_2015_2024_cm_yr; csr_tws_ols_2016_2024_cm_yr; csr_tws_theilsen_2016_2024_cm_yr; csr_tws_ols_2018_2024_cm_yr; csr_tws_theilsen_2018_2024_cm_yr; cpc_corrected_recent_gws_cm_yr; cpc_corrected_full_gws_cm_yr
Chennai,IN,0.4167,1,-0.8022,-0.0524,0.34767446416765985,0.3552117946763636,0.4166524150843454,0.42817055382408387,0.469857851954827,0.48492889680199813,0.5486367779970143,0.5583417706892274,10,8,0.8,available-robust,csr_tws_ols_2014_2024_cm_yr; csr_tws_theilsen_2014_2024_cm_yr; csr_tws_ols_2015_2024_cm_yr; csr_tws_theilsen_2015_2024_cm_yr; csr_tws_ols_2016_2024_cm_yr; csr_tws_theilsen_2016_2024_cm_yr; csr_tws_ols_2018_2024_cm_yr; csr_tws_theilsen_2018_2024_cm_yr; cpc_corrected_recent_gws_cm_yr; cpc_corrected_full_gws_cm_yr
Cartagena,CO,0.6294,1,-0.2559,0.0791,0.4748391168807599,0.49886687632529103,0.6294217433156026,0.6381863794154338,0.5764878797548281,0.6022820064612296,0.38033910695609374,0.4755332325130116,10,9,0.9,available-robust,csr_tws_ols_2014_2024_cm_yr; csr_tws_theilsen_2014_2024_cm_yr; csr_tws_ols_2015_2024_cm_yr; csr_tws_theilsen_2015_2024_cm_yr; csr_tws_ols_2016_2024_cm_yr; csr_tws_theilsen_2016_2024_cm_yr; csr_tws_ols_2018_2024_cm_yr; csr_tws_theilsen_2018_2024_cm_yr; cpc_corrected_recent_gws_cm_yr; cpc_corrected_full_gws_cm_yr
Virār,IN,1.4173,1,0.6962,0.134,1.1014989813466678,1.0664354352552745,1.4173226911249044,1.35480666881993,1.7206980840698376,1.6315254081618595,1.418910172904927,1.302340904523763,10,10,1.0,available-robust,csr_tws_ols_2014_2024_cm_yr; csr_tws_theilsen_2014_2024_cm_yr; csr_tws_ols_2015_2024_cm_yr; csr_tws_theilsen_2015_2024_cm_yr; csr_tws_ols_2016_2024_cm_yr; csr_tws_theilsen_2016_2024_cm_yr; csr_tws_ols_2018_2024_cm_yr; csr_tws_theilsen_2018_2024_cm_yr; cpc_corrected_recent_gws_cm_yr; cpc_corrected_full_gws_cm_yr
Mandalay,MM,0.3728,1,0.0615,-0.559,0.23062551224766598,0.17962559102424308,0.3727517281286898,0.30286774430152424,0.33031156040733123,0.26853768341029643,-0.04577115880166038,-0.04503413702352528,10,7,0.7,available-probable,csr_tws_ols_2014_2024_cm_yr; csr_tws_theilsen_2014_2024_cm_yr; csr_tws_ols_2015_2024_cm_yr; csr_tws_theilsen_2015_2024_cm_yr; csr_tws_ols_2016_2024_cm_yr; csr_tws_theilsen_2016_2024_cm_yr; csr_tws_ols_2018_2024_cm_yr; csr_tws_theilsen_2018_2024_cm_yr; cpc_corrected_recent_gws_cm_yr; cpc_corrected_full_gws_cm_yr
Ziyang,CN,0.7209,1,0.2141,0.2518,0.6128502017527719,0.5661056748697959,0.7209277408754486,0.6680982457885366,0.7278246599195528,0.6498134678472484,0.255926401371401,0.17809267964937975,10,10,1.0,available-robust,csr_tws_ols_2014_2024_cm_yr; csr_tws_theilsen_2014_2024_cm_yr; csr_tws_ols_2015_2024_cm_yr; csr_tws_theilsen_2015_2024_cm_yr; csr_tws_ols_2016_2024_cm_yr; csr_tws_theilsen_2016_2024_cm_yr; csr_tws_ols_2018_2024_cm_yr; csr_tws_theilsen_2018_2024_cm_yr; cpc_corrected_recent_gws_cm_yr; cpc_corrected_full_gws_cm_yr
Santo Domingo,DO,0.3488,1,-0.3232,0.1225,0.3053796529202069,0.28942297257958105,0.34884325200818145,0.3047182260053538,0.34556269247325444,0.2979740288424719,0.16158673467605736,0.11114467856540154,10,9,0.9,available-robust,csr_tws_ols_2014_2024_cm_yr; csr_tws_theilsen_2014_2024_cm_yr; csr_tws_ols_2015_2024_cm_yr; csr_tws_theilsen_2015_2024_cm_yr; csr_tws_ols_2016_2024_cm_yr; csr_tws_theilsen_2016_2024_cm_yr; csr_tws_ols_2018_2024_cm_yr; csr_tws_theilsen_2018_2024_cm_yr; cpc_corrected_recent_gws_cm_yr; cpc_corrected_full_gws_cm_yr
Baoshan,CN,0.6576,1,0.958,-0.1158,0.5585627842316045,0.49960353767099464,0.6575565085074072,0.538107556576366,0.7262670550941529,0.5754300057888031,0.7146300291699246,0.5109304255931776,10,9,0.9,available-robust,csr_tws_ols_2014_2024_cm_yr; csr_tws_theilsen_2014_2024_cm_yr; csr_tws_ols_2015_2024_cm_yr; csr_tws_theilsen_2015_2024_cm_yr; csr_tws_ols_2016_2024_cm_yr; csr_tws_theilsen_2016_2024_cm_yr; csr_tws_ols_2018_2024_cm_yr; csr_tws_theilsen_2018_2024_cm_yr; cpc_corrected_recent_gws_cm_yr; cpc_corrected_full_gws_cm_yr
Barranquilla,CO,0.6294,1,2.2279,0.5359,0.4748391168807599,0.49886687632529103,0.6294217433156026,0.6381863794154338,0.5764878797548281,0.6022820064612296,0.38033910695609374,0.4755332325130116,10,10,1.0,available-robust,csr_tws_ols_2014_2024_cm_yr; csr_tws_theilsen_2014_2024_cm_yr; csr_tws_ols_2015_2024_cm_yr; csr_tws_theilsen_2015_2024_cm_yr; csr_tws_ols_2016_2024_cm_yr; csr_tws_theilsen_2016_2024_cm_yr; csr_tws_ols_2018_2024_cm_yr; csr_tws_theilsen_2018_2024_cm_yr; cpc_corrected_recent_gws_cm_yr; cpc_corrected_full_gws_cm_yr
Cebu City,PH,0.9923,1,0.76,-0.0467,0.8505038368088824,0.8575523830259861,0.9922503073481636,1.035742091659292,0.9580093460115283,1.0124645506751,0.6804061006044829,0.7802055917772202,10,9,0.9,available-robust,csr_tws_ols_2014_2024_cm_yr; csr_tws_theilsen_2014_2024_cm_yr; csr_tws_ols_2015_2024_cm_yr; csr_tws_theilsen_2015_2024_cm_yr; csr_tws_ols_2016_2024_cm_yr; csr_tws_theilsen_2016_2024_cm_yr; csr_tws_ols_2018_2024_cm_yr; csr_tws_theilsen_2018_2024_cm_yr; cpc_corrected_recent_gws_cm_yr; cpc_corrected_full_gws_cm_yr
Surabaya,ID,0.2774,1,0.9319,0.3234,0.15285916415330297,0.1904943394083104,0.2774269824293926,0.2977746758850225,0.31044776426999204,0.33144514608702874,0.11988287675246406,0.18387894629604068,10,10,1.0,available-robust,csr_tws_ols_2014_2024_cm_yr; csr_tws_theilsen_2014_2024_cm_yr; csr_tws_ols_2015_2024_cm_yr; csr_tws_theilsen_2015_2024_cm_yr; csr_tws_ols_2016_2024_cm_yr; csr_tws_theilsen_2016_2024_cm_yr; csr_tws_ols_2018_2024_cm_yr; csr_tws_theilsen_2018_2024_cm_yr; cpc_corrected_recent_gws_cm_yr; cpc_corrected_full_gws_cm_yr
Seoul,KR,0.6391,1,-1.0113,-0.0176,0.4782017335971143,0.47197413037408853,0.6391104410057146,0.6262618776219868,0.6663273585517847,0.6217189164482053,0.7298593715605035,0.6400497954229984,10,8,0.8,available-robust,csr_tws_ols_2014_2024_cm_yr; csr_tws_theilsen_2014_2024_cm_yr; csr_tws_ols_2015_2024_cm_yr; csr_tws_theilsen_2015_2024_cm_yr; csr_tws_ols_2016_2024_cm_yr; csr_tws_theilsen_2016_2024_cm_yr; csr_tws_ols_2018_2024_cm_yr; csr_tws_theilsen_2018_2024_cm_yr; cpc_corrected_recent_gws_cm_yr; cpc_corrected_full_gws_cm_yr
Weinan,CN,0.4515,1,-0.6377,-0.2472,0.4067074382457279,0.36225508709711185,0.4514739815686792,0.3674913166513218,0.5450798843986223,0.4811702878232265,0.37380495476062897,0.3261107360388026,10,8,0.8,available-robust,csr_tws_ols_2014_2024_cm_yr; csr_tws_theilsen_2014_2024_cm_yr; csr_tws_ols_2015_2024_cm_yr; csr_tws_theilsen_2015_2024_cm_yr; csr_tws_ols_2016_2024_cm_yr; csr_tws_theilsen_2016_2024_cm_yr; csr_tws_ols_2018_2024_cm_yr; csr_tws_theilsen_2018_2024_cm_yr; cpc_corrected_recent_gws_cm_yr; cpc_corrected_full_gws_cm_yr
Alexandria,EG,0.331,1,0.1023,-0.257,0.25571070189723244,0.2739079089320218,0.33095082905678674,0.38614840860224786,0.3014458751149046,0.38939380645751953,0.47372497118328205,0.4832537440782006,10,9,0.9,available-robust,csr_tws_ols_2014_2024_cm_yr; csr_tws_theilsen_2014_2024_cm_yr; csr_tws_ols_2015_2024_cm_yr; csr_tws_theilsen_2015_2024_cm_yr; csr_tws_ols_2016_2024_cm_yr; csr_tws_theilsen_2016_2024_cm_yr; csr_tws_ols_2018_2024_cm_yr; csr_tws_theilsen_2018_2024_cm_yr; cpc_corrected_recent_gws_cm_yr; cpc_corrected_full_gws_cm_yr
Sapporo,JP,0.5472,1,0.8878,0.3326,0.5012483772555051,0.421747284224087,0.5472102485523994,0.467373653465435,0.5829262981978033,0.5124952781529849,0.9674617664457511,0.8595614463277128,10,10,1.0,available-robust,csr_tws_ols_2014_2024_cm_yr; csr_tws_theilsen_2014_2024_cm_yr; csr_tws_ols_2015_2024_cm_yr; csr_tws_theilsen_2015_2024_cm_yr; csr_tws_ols_2016_2024_cm_yr; csr_tws_theilsen_2016_2024_cm_yr; csr_tws_ols_2018_2024_cm_yr; csr_tws_theilsen_2018_2024_cm_yr; cpc_corrected_recent_gws_cm_yr; cpc_corrected_full_gws_cm_yr
Nantong,CN,0.3838,1,0.7012,-0.1588,0.40461631843225343,0.2856205820890433,0.3837797149425755,0.2576679549372818,0.5150544669000859,0.3375436729890678,0.8544677600446481,0.5728609494080301,10,9,0.9,available-robust,csr_tws_ols_2014_2024_cm_yr; csr_tws_theilsen_2014_2024_cm_yr; csr_tws_ols_2015_2024_cm_yr; csr_tws_theilsen_2015_2024_cm_yr; csr_tws_ols_2016_2024_cm_yr; csr_tws_theilsen_2016_2024_cm_yr; csr_tws_ols_2018_2024_cm_yr; csr_tws_theilsen_2018_2024_cm_yr; cpc_corrected_recent_gws_cm_yr; cpc_corrected_full_gws_cm_yr
Auckland,NZ,0.6243,1,-0.4172,0.2043,0.5899840064498505,0.6435767232588848,0.6243194355111094,0.7019200261808554,0.7747355645717009,0.8458881796993549,1.0897961924576545,1.0900065896133229,10,9,0.9,available-robust,csr_tws_ols_2014_2024_cm_yr; csr_tws_theilsen_2014_2024_cm_yr; csr_tws_ols_2015_2024_cm_yr; csr_tws_theilsen_2015_2024_cm_yr; csr_tws_ols_2016_2024_cm_yr; csr_tws_theilsen_2016_2024_cm_yr; csr_tws_ols_2018_2024_cm_yr; csr_tws_theilsen_2018_2024_cm_yr; cpc_corrected_recent_gws_cm_yr; cpc_corrected_full_gws_cm_yr
Xianyang,CN,0.4512,1,-0.5735,-0.3887,0.3798314513511308,0.3109113772674124,0.4511981861198116,0.34134357967761464,0.5430892785054948,0.42365225295180775,0.1142634923464437,0.1308802022798101,10,8,0.8,available-robust,csr_tws_ols_2014_2024_cm_yr; csr_tws_theilsen_2014_2024_cm_yr; csr_tws_ols_2015_2024_cm_yr; csr_tws_theilsen_2015_2024_cm_yr; csr_tws_ols_2016_2024_cm_yr; csr_tws_theilsen_2016_2024_cm_yr; csr_tws_ols_2018_2024_cm_yr; csr_tws_theilsen_2018_2024_cm_yr; cpc_corrected_recent_gws_cm_yr; cpc_corrected_full_gws_cm_yr
Hamamatsu,JP,0.2575,1,0.1023,0.0559,0.23172633575129886,0.23260071105379806,0.2574734956657052,0.2687974522077633,0.3966546375652863,0.4049165154485347,0.6873998300044926,0.674238274494807,10,10,1.0,available-robust,csr_tws_ols_2014_2024_cm_yr; csr_tws_theilsen_2014_2024_cm_yr; csr_tws_ols_2015_2024_cm_yr; csr_tws_theilsen_2015_2024_cm_yr; csr_tws_ols_2016_2024_cm_yr; csr_tws_theilsen_2016_2024_cm_yr; csr_tws_ols_2018_2024_cm_yr; csr_tws_theilsen_2018_2024_cm_yr; cpc_corrected_recent_gws_cm_yr; cpc_corrected_full_gws_cm_yr
Karachi,PK,0.44,1,-0.7697,-0.2476,0.3593832454544055,0.3878938196489313,0.43996472306006884,0.48624263077753005,0.6697209527746546,0.7467468672948635,1.0682356887240578,1.080610857424384,10,8,0.8,available-robust,csr_tws_ols_2014_2024_cm_yr; csr_tws_theilsen_2014_2024_cm_yr; csr_tws_ols_2015_2024_cm_yr; csr_tws_theilsen_2015_2024_cm_yr; csr_tws_ols_2016_2024_cm_yr; csr_tws_theilsen_2016_2024_cm_yr; csr_tws_ols_2018_2024_cm_yr; csr_tws_theilsen_2018_2024_cm_yr; cpc_corrected_recent_gws_cm_yr; cpc_corrected_full_gws_cm_yr
Shanghai,CN,0.6576,1,0.958,-0.1158,0.5585627842316045,0.49960353767099464,0.6575565085074072,0.538107556576366,0.7262670550941529,0.5754300057888031,0.7146300291699246,0.5109304255931776,10,9,0.9,available-robust,csr_tws_ols_2014_2024_cm_yr; csr_tws_theilsen_2014_2024_cm_yr; csr_tws_ols_2015_2024_cm_yr; csr_tws_theilsen_2015_2024_cm_yr; csr_tws_ols_2016_2024_cm_yr; csr_tws_theilsen_2016_2024_cm_yr; csr_tws_ols_2018_2024_cm_yr; csr_tws_theilsen_2018_2024_cm_yr; cpc_corrected_recent_gws_cm_yr; cpc_corrected_full_gws_cm_yr
Tainan,TW,0.1935,1,1.8998,0.4712,0.17166237073474136,0.1756107685370527,0.1935293270977097,0.19078409248210865,0.20466111408866353,0.21716542875316466,0.36260734352323987,0.32269100242202525,10,10,1.0,available-robust,csr_tws_ols_2014_2024_cm_yr; csr_tws_theilsen_2014_2024_cm_yr; csr_tws_ols_2015_2024_cm_yr; csr_tws_theilsen_2015_2024_cm_yr; csr_tws_ols_2016_2024_cm_yr; csr_tws_theilsen_2016_2024_cm_yr; csr_tws_ols_2018_2024_cm_yr; csr_tws_theilsen_2018_2024_cm_yr; cpc_corrected_recent_gws_cm_yr; cpc_corrected_full_gws_cm_yr
Kitakyushu,JP,0.407,1,0.8142,0.1144,0.3452176680730175,0.3566997711259931,0.40699399274941805,0.40010000890332986,0.46545359350917526,0.4153067651356605,0.4169413556327057,0.36031891061734406,10,10,1.0,available-robust,csr_tws_ols_2014_2024_cm_yr; csr_tws_theilsen_2014_2024_cm_yr; csr_tws_ols_2015_2024_cm_yr; csr_tws_theilsen_2015_2024_cm_yr; csr_tws_ols_2016_2024_cm_yr; csr_tws_theilsen_2016_2024_cm_yr; csr_tws_ols_2018_2024_cm_yr; csr_tws_theilsen_2018_2024_cm_yr; cpc_corrected_recent_gws_cm_yr; cpc_corrected_full_gws_cm_yr
Lanzhou,CN,0.4924,1,-0.0245,-0.3638,0.42318541930998566,0.3189379352689409,0.49237312866847127,0.3646003867302906,0.5262264953848766,0.37695608226944105,-0.2529360268287118,-0.18877463652178061,10,6,0.6,available-probable,csr_tws_ols_2014_2024_cm_yr; csr_tws_theilsen_2014_2024_cm_yr; csr_tws_ols_2015_2024_cm_yr; csr_tws_theilsen_2015_2024_cm_yr; csr_tws_ols_2016_2024_cm_yr; csr_tws_theilsen_2016_2024_cm_yr; csr_tws_ols_2018_2024_cm_yr; csr_tws_theilsen_2018_2024_cm_yr; cpc_corrected_recent_gws_cm_yr; cpc_corrected_full_gws_cm_yr
Hiroshima,JP,0.1934,1,0.6453,-0.1265,0.177776314033325,0.17082365452041076,0.19342409760078105,0.19725512298946346,0.22950694034537544,0.23422970718822297,0.3464553173883492,0.35752029909858507,10,9,0.9,available-robust,csr_tws_ols_2014_2024_cm_yr; csr_tws_theilsen_2014_2024_cm_yr; csr_tws_ols_2015_2024_cm_yr; csr_tws_theilsen_2015_2024_cm_yr; csr_tws_ols_2016_2024_cm_yr; csr_tws_theilsen_2016_2024_cm_yr; csr_tws_ols_2018_2024_cm_yr; csr_tws_theilsen_2018_2024_cm_yr; cpc_corrected_recent_gws_cm_yr; cpc_corrected_full_gws_cm_yr
Davao,PH,0.1836,1,-0.5165,0.0106,0.09745825699711144,0.11398578800197992,0.18355579128544533,0.17035112755693071,0.2901762664369,0.23782154542011472,0.43551900299774615,0.338931972996822,10,9,0.9,available-robust,csr_tws_ols_2014_2024_cm_yr; csr_tws_theilsen_2014_2024_cm_yr; csr_tws_ols_2015_2024_cm_yr; csr_tws_theilsen_2015_2024_cm_yr; csr_tws_ols_2016_2024_cm_yr; csr_tws_theilsen_2016_2024_cm_yr; csr_tws_ols_2018_2024_cm_yr; csr_tws_theilsen_2018_2024_cm_yr; cpc_corrected_recent_gws_cm_yr; cpc_corrected_full_gws_cm_yr
Neijiang,CN,0.9115,1,0.7535,0.3992,0.779951989412163,0.6989839868403231,0.9114946295306685,0.8161781689361529,0.9664458091808896,0.8237580715160788,0.514731699946038,0.4239385702193802,10,10,1.0,available-robust,csr_tws_ols_2014_2024_cm_yr; csr_tws_theilsen_2014_2024_cm_yr; csr_tws_ols_2015_2024_cm_yr; csr_tws_theilsen_2015_2024_cm_yr; csr_tws_ols_2016_2024_cm_yr; csr_tws_theilsen_2016_2024_cm_yr; csr_tws_ols_2018_2024_cm_yr; csr_tws_theilsen_2018_2024_cm_yr; cpc_corrected_recent_gws_cm_yr; cpc_corrected_full_gws_cm_yr
Santiago de los Caballeros,DO,0.2709,1,-0.1551,-0.0972,0.24691610126067656,0.24309558571250217,0.27087958221889075,0.2483614206314087,0.27203417851272305,0.2458829546847857,0.1931887034188062,0.1614152495059269,10,8,0.8,available-robust,csr_tws_ols_2014_2024_cm_yr; csr_tws_theilsen_2014_2024_cm_yr; csr_tws_ols_2015_2024_cm_yr; csr_tws_theilsen_2015_2024_cm_yr; csr_tws_ols_2016_2024_cm_yr; csr_tws_theilsen_2016_2024_cm_yr; csr_tws_ols_2018_2024_cm_yr; csr_tws_theilsen_2018_2024_cm_yr; cpc_corrected_recent_gws_cm_yr; cpc_corrected_full_gws_cm_yr
Port-au-Prince,HT,0.2663,1,1.0538,0.5251,0.24236419786607752,0.2473205604262193,0.2662996706768768,0.2561777652454458,0.23624582079364093,0.22610302630386106,0.09093456647413874,0.076633914286721,10,10,1.0,available-robust,csr_tws_ols_2014_2024_cm_yr; csr_tws_theilsen_2014_2024_cm_yr; csr_tws_ols_2015_2024_cm_yr; csr_tws_theilsen_2015_2024_cm_yr; csr_tws_ols_2016_2024_cm_yr; csr_tws_theilsen_2016_2024_cm_yr; csr_tws_ols_2018_2024_cm_yr; csr_tws_theilsen_2018_2024_cm_yr; cpc_corrected_recent_gws_cm_yr; cpc_corrected_full_gws_cm_yr
Hyderabad,PK,0.6834,1,-0.4946,-0.2163,0.4384136654654876,0.420947189641925,0.6833728378542611,0.7060193067777056,1.0955174692831902,1.177877967259224,2.2873714715696187,2.1588209584394944,10,8,0.8,available-robust,csr_tws_ols_2014_2024_cm_yr; csr_tws_theilsen_2014_2024_cm_yr; csr_tws_ols_2015_2024_cm_yr; csr_tws_theilsen_2015_2024_cm_yr; csr_tws_ols_2016_2024_cm_yr; csr_tws_theilsen_2016_2024_cm_yr; csr_tws_ols_2018_2024_cm_yr; csr_tws_theilsen_2018_2024_cm_yr; cpc_corrected_recent_gws_cm_yr; cpc_corrected_full_gws_cm_yr
Nay Pyi Taw,MM,0.4398,1,-0.5402,-1.0984,0.15934926924261972,0.12063684729316762,0.43984541389492227,0.4216178272764007,0.5508249332899935,0.5433811654916793,0.47681477228923574,0.3818746347306486,10,8,0.8,available-robust,csr_tws_ols_2014_2024_cm_yr; csr_tws_theilsen_2014_2024_cm_yr; csr_tws_ols_2015_2024_cm_yr; csr_tws_theilsen_2015_2024_cm_yr; csr_tws_ols_2016_2024_cm_yr; csr_tws_theilsen_2016_2024_cm_yr; csr_tws_ols_2018_2024_cm_yr; csr_tws_theilsen_2018_2024_cm_yr; cpc_corrected_recent_gws_cm_yr; cpc_corrected_full_gws_cm_yr
Zhengzhou,CN,1.526,1,0.4991,-1.2116,1.534860521400057,1.6624967488087332,1.5260497277724687,1.7557663272815733,2.471249540090382,2.6084471231697726,3.6446610611404187,3.6567494232161986,10,9,0.9,available-robust,csr_tws_ols_2014_2024_cm_yr; csr_tws_theilsen_2014_2024_cm_yr; csr_tws_ols_2015_2024_cm_yr; csr_tws_theilsen_2015_2024_cm_yr; csr_tws_ols_2016_2024_cm_yr; csr_tws_theilsen_2016_2024_cm_yr; csr_tws_ols_2018_2024_cm_yr; csr_tws_theilsen_2018_2024_cm_yr; cpc_corrected_recent_gws_cm_yr; cpc_corrected_full_gws_cm_yr
Anyang,CN,2.7657,1,1.4285,-2.8467,1.5581922255478224,1.4187834512066417,2.765671068841639,2.575020823155361,3.8001229675926735,3.530161277619028,6.347624728609588,5.601904223622574,10,9,0.9,available-robust,csr_tws_ols_2014_2024_cm_yr; csr_tws_theilsen_2014_2024_cm_yr; csr_tws_ols_2015_2024_cm_yr; csr_tws_theilsen_2015_2024_cm_yr; csr_tws_ols_2016_2024_cm_yr; csr_tws_theilsen_2016_2024_cm_yr; csr_tws_ols_2018_2024_cm_yr; csr_tws_theilsen_2018_2024_cm_yr; cpc_corrected_recent_gws_cm_yr; cpc_corrected_full_gws_cm_yr
Fukuoka,JP,0.407,1,0.7402,0.0805,0.3452176680730175,0.3566997711259931,0.40699399274941805,0.40010000890332986,0.46545359350917526,0.4153067651356605,0.4169413556327057,0.36031891061734406,10,10,1.0,available-robust,csr_tws_ols_2014_2024_cm_yr; csr_tws_theilsen_2014_2024_cm_yr; csr_tws_ols_2015_2024_cm_yr; csr_tws_theilsen_2015_2024_cm_yr; csr_tws_ols_2016_2024_cm_yr; csr_tws_theilsen_2016_2024_cm_yr; csr_tws_ols_2018_2024_cm_yr; csr_tws_theilsen_2018_2024_cm_yr; cpc_corrected_recent_gws_cm_yr; cpc_corrected_full_gws_cm_yr
Panzhihua,CN,0.3991,1,1.1695,0.5171,0.3923547088447119,0.4139807440199924,0.3990866780565176,0.39119937450251596,0.3737891701685467,0.36229610443115234,0.18814937628900816,0.198636136730686,10,10,1.0,available-robust,csr_tws_ols_2014_2024_cm_yr; csr_tws_theilsen_2014_2024_cm_yr; csr_tws_ols_2015_2024_cm_yr; csr_tws_theilsen_2015_2024_cm_yr; csr_tws_ols_2016_2024_cm_yr; csr_tws_theilsen_2016_2024_cm_yr; csr_tws_ols_2018_2024_cm_yr; csr_tws_theilsen_2018_2024_cm_yr; cpc_corrected_recent_gws_cm_yr; cpc_corrected_full_gws_cm_yr
Quezon City,PH,0.3367,1,-0.0749,-0.0017,0.36402454825830377,0.3715894440161791,0.3366501381225175,0.3445605442186195,0.22197004593763,0.22656793701220426,-0.5202212924084131,-0.44857753903909175,10,6,0.6,available-probable,csr_tws_ols_2014_2024_cm_yr; csr_tws_theilsen_2014_2024_cm_yr; csr_tws_ols_2015_2024_cm_yr; csr_tws_theilsen_2015_2024_cm_yr; csr_tws_ols_2016_2024_cm_yr; csr_tws_theilsen_2016_2024_cm_yr; csr_tws_ols_2018_2024_cm_yr; csr_tws_theilsen_2018_2024_cm_yr; cpc_corrected_recent_gws_cm_yr; cpc_corrected_full_gws_cm_yr
Bandar Lampung,ID,0.2514,1,0.3233,-0.1256,0.24459817303747994,0.29715891926429905,0.25143041457331067,0.2919024458974941,0.06407747421290046,0.15502071294514205,0.5302966386440943,0.5489227054577615,10,9,0.9,available-robust,csr_tws_ols_2014_2024_cm_yr; csr_tws_theilsen_2014_2024_cm_yr; csr_tws_ols_2015_2024_cm_yr; csr_tws_theilsen_2015_2024_cm_yr; csr_tws_ols_2016_2024_cm_yr; csr_tws_theilsen_2016_2024_cm_yr; csr_tws_ols_2018_2024_cm_yr; csr_tws_theilsen_2018_2024_cm_yr; cpc_corrected_recent_gws_cm_yr; cpc_corrected_full_gws_cm_yr
Yangjiang,CN,0.1299,1,-0.1941,-0.0857,0.1018492798224664,0.04626134684392134,0.1299390712431139,0.04717652127108007,-0.20298151170038548,-0.2578343607052971,0.13743424612614705,0.126715255136579,10,6,0.6,available-probable,csr_tws_ols_2014_2024_cm_yr; csr_tws_theilsen_2014_2024_cm_yr; csr_tws_ols_2015_2024_cm_yr; csr_tws_theilsen_2015_2024_cm_yr; csr_tws_ols_2016_2024_cm_yr; csr_tws_theilsen_2016_2024_cm_yr; csr_tws_ols_2018_2024_cm_yr; csr_tws_theilsen_2018_2024_cm_yr; cpc_corrected_recent_gws_cm_yr; cpc_corrected_full_gws_cm_yr
Chongqing,CN,0.585,1,0.7041,0.374,0.5625337035564442,0.4886877210307602,0.5849899061343203,0.4920676068438402,0.7043876236737902,0.6390523910522461,0.20698574508155732,0.13881193448036327,10,10,1.0,available-robust,csr_tws_ols_2014_2024_cm_yr; csr_tws_theilsen_2014_2024_cm_yr; csr_tws_ols_2015_2024_cm_yr; csr_tws_theilsen_2015_2024_cm_yr; csr_tws_ols_2016_2024_cm_yr; csr_tws_theilsen_2016_2024_cm_yr; csr_tws_ols_2018_2024_cm_yr; csr_tws_theilsen_2018_2024_cm_yr; cpc_corrected_recent_gws_cm_yr; cpc_corrected_full_gws_cm_yr
Jakarta,ID,0.2499,1,0.2957,-0.2341,0.22550493282087858,0.2728349325366186,0.24991381135119606,0.2818127829039515,0.15562384105816013,0.22007041119837845,0.5141055899297617,0.5227791864598903,10,9,0.9,available-robust,csr_tws_ols_2014_2024_cm_yr; csr_tws_theilsen_2014_2024_cm_yr; csr_tws_ols_2015_2024_cm_yr; csr_tws_theilsen_2015_2024_cm_yr; csr_tws_ols_2016_2024_cm_yr; csr_tws_theilsen_2016_2024_cm_yr; csr_tws_ols_2018_2024_cm_yr; csr_tws_theilsen_2018_2024_cm_yr; cpc_corrected_recent_gws_cm_yr; cpc_corrected_full_gws_cm_yr
Pasig City,PH,0.3367,1,-0.0749,-0.0017,0.36402454825830377,0.3715894440161791,0.3366501381225175,0.3445605442186195,0.22197004593763,0.22656793701220426,-0.5202212924084131,-0.44857753903909175,10,6,0.6,available-probable,csr_tws_ols_2014_2024_cm_yr; csr_tws_theilsen_2014_2024_cm_yr; csr_tws_ols_2015_2024_cm_yr; csr_tws_theilsen_2015_2024_cm_yr; csr_tws_ols_2016_2024_cm_yr; csr_tws_theilsen_2016_2024_cm_yr; csr_tws_ols_2018_2024_cm_yr; csr_tws_theilsen_2018_2024_cm_yr; cpc_corrected_recent_gws_cm_yr; cpc_corrected_full_gws_cm_yr
Goyang-si,KR,0.6391,1,-1.0113,-0.0176,0.4782017335971143,0.47197413037408853,0.6391104410057146,0.6262618776219868,0.6663273585517847,0.6217189164482053,0.7298593715605035,0.6400497954229984,10,8,0.8,available-robust,csr_tws_ols_2014_2024_cm_yr; csr_tws_theilsen_2014_2024_cm_yr; csr_tws_ols_2015_2024_cm_yr; csr_tws_theilsen_2015_2024_cm_yr; csr_tws_ols_2016_2024_cm_yr; csr_tws_theilsen_2016_2024_cm_yr; csr_tws_ols_2018_2024_cm_yr; csr_tws_theilsen_2018_2024_cm_yr; cpc_corrected_recent_gws_cm_yr; cpc_corrected_full_gws_cm_yr
Tianshui,CN,0.562,1,0.1022,-0.242,0.46321786998629316,0.39441130063859053,0.5619511925969181,0.46519754536540764,0.6500116393973568,0.5359621348470848,-0.047766716222384695,-0.0345756435026643,10,7,0.7,available-probable,csr_tws_ols_2014_2024_cm_yr; csr_tws_theilsen_2014_2024_cm_yr; csr_tws_ols_2015_2024_cm_yr; csr_tws_theilsen_2015_2024_cm_yr; csr_tws_ols_2016_2024_cm_yr; csr_tws_theilsen_2016_2024_cm_yr; csr_tws_ols_2018_2024_cm_yr; csr_tws_theilsen_2018_2024_cm_yr; cpc_corrected_recent_gws_cm_yr; cpc_corrected_full_gws_cm_yr
Haiphong,VN,0.3986,1,0.2464,-0.0741,0.25934767940023706,0.21593055655244836,0.39855496899416915,0.3622728637969826,0.4108179131244904,0.3474693447589635,0.5272193597704086,0.42247551174932024,10,9,0.9,available-robust,csr_tws_ols_2014_2024_cm_yr; csr_tws_theilsen_2014_2024_cm_yr; csr_tws_ols_2015_2024_cm_yr; csr_tws_theilsen_2015_2024_cm_yr; csr_tws_ols_2016_2024_cm_yr; csr_tws_theilsen_2016_2024_cm_yr; csr_tws_ols_2018_2024_cm_yr; csr_tws_theilsen_2018_2024_cm_yr; cpc_corrected_recent_gws_cm_yr; cpc_corrected_full_gws_cm_yr
Changwon,KR,0.376,1,0.4447,-0.0149,0.3074431804290786,0.2757710352012448,0.3760369835389074,0.33481699039048696,0.4950076776562111,0.44493223178711944,0.6109617473053709,0.5314311020995037,10,9,0.9,available-robust,csr_tws_ols_2014_2024_cm_yr; csr_tws_theilsen_2014_2024_cm_yr; csr_tws_ols_2015_2024_cm_yr; csr_tws_theilsen_2015_2024_cm_yr; csr_tws_ols_2016_2024_cm_yr; csr_tws_theilsen_2016_2024_cm_yr; csr_tws_ols_2018_2024_cm_yr; csr_tws_theilsen_2018_2024_cm_yr; cpc_corrected_recent_gws_cm_yr; cpc_corrected_full_gws_cm_yr
Kaohsiung,TW,0.0956,1,1.8019,0.5786,0.11798479402437505,0.14817447662353517,0.09556327989056554,0.14575408925136824,0.02032608902631939,0.07847325312430443,-0.2501289062678882,-0.03380165468979121,10,8,0.8,available-robust,csr_tws_ols_2014_2024_cm_yr; csr_tws_theilsen_2014_2024_cm_yr; csr_tws_ols_2015_2024_cm_yr; csr_tws_theilsen_2015_2024_cm_yr; csr_tws_ols_2016_2024_cm_yr; csr_tws_theilsen_2016_2024_cm_yr; csr_tws_ols_2018_2024_cm_yr; csr_tws_theilsen_2018_2024_cm_yr; cpc_corrected_recent_gws_cm_yr; cpc_corrected_full_gws_cm_yr
Vadodara,IN,1.6367,1,0.3024,0.3779,1.0290734713679819,0.8817477542674038,1.6366693782647221,1.465835490614245,2.364656305691475,2.030996200048688,2.3829975836635757,1.9948650706023536,10,10,1.0,available-robust,csr_tws_ols_2014_2024_cm_yr; csr_tws_theilsen_2014_2024_cm_yr; csr_tws_ols_2015_2024_cm_yr; csr_tws_theilsen_2015_2024_cm_yr; csr_tws_ols_2016_2024_cm_yr; csr_tws_theilsen_2016_2024_cm_yr; csr_tws_ols_2018_2024_cm_yr; csr_tws_theilsen_2018_2024_cm_yr; cpc_corrected_recent_gws_cm_yr; cpc_corrected_full_gws_cm_yr
Langfang,CN,0.5703,1,-0.9855,-1.0691,0.3162707537393652,0.34976380601330503,0.5702963338236656,0.5781382643138998,0.7054807436933352,0.725458979542226,1.439684809402876,1.283003462955367,10,8,0.8,available-robust,csr_tws_ols_2014_2024_cm_yr; csr_tws_theilsen_2014_2024_cm_yr; csr_tws_ols_2015_2024_cm_yr; csr_tws_theilsen_2015_2024_cm_yr; csr_tws_ols_2016_2024_cm_yr; csr_tws_theilsen_2016_2024_cm_yr; csr_tws_ols_2018_2024_cm_yr; csr_tws_theilsen_2018_2024_cm_yr; cpc_corrected_recent_gws_cm_yr; cpc_corrected_full_gws_cm_yr
Hanoi,VN,0.1071,1,-0.1024,-0.1181,-0.004973610950004521,-0.02483073262455436,0.10712170734639913,0.0780887362976132,0.09204534722706943,0.042555244140451885,0.13141831845820595,0.08697564032632145,10,6,0.6,available-probable,csr_tws_ols_2014_2024_cm_yr; csr_tws_theilsen_2014_2024_cm_yr; csr_tws_ols_2015_2024_cm_yr; csr_tws_theilsen_2015_2024_cm_yr; csr_tws_ols_2016_2024_cm_yr; csr_tws_theilsen_2016_2024_cm_yr; csr_tws_ols_2018_2024_cm_yr; csr_tws_theilsen_2018_2024_cm_yr; cpc_corrected_recent_gws_cm_yr; cpc_corrected_full_gws_cm_yr
Caloocan,PH,0.4215,1,0.0098,0.1743,0.4153784273809768,0.39407198154507883,0.42149219034058616,0.3909307598159468,0.3174842307081346,0.281321830899473,-0.5089451076584818,-0.4210871391142589,10,8,0.8,available-robust,csr_tws_ols_2014_2024_cm_yr; csr_tws_theilsen_2014_2024_cm_yr; csr_tws_ols_2015_2024_cm_yr; csr_tws_theilsen_2015_2024_cm_yr; csr_tws_ols_2016_2024_cm_yr; csr_tws_theilsen_2016_2024_cm_yr; csr_tws_ols_2018_2024_cm_yr; csr_tws_theilsen_2018_2024_cm_yr; cpc_corrected_recent_gws_cm_yr; cpc_corrected_full_gws_cm_yr
Dongying,CN,2.0596,1,0.4379,-0.9396,1.3984658762634143,1.6062670715466931,2.0596475843597415,2.3173280907115847,2.7117298766950193,3.087844915145511,4.640993204494074,4.679174169120906,10,9,0.9,available-robust,csr_tws_ols_2014_2024_cm_yr; csr_tws_theilsen_2014_2024_cm_yr; csr_tws_ols_2015_2024_cm_yr; csr_tws_theilsen_2015_2024_cm_yr; csr_tws_ols_2016_2024_cm_yr; csr_tws_theilsen_2016_2024_cm_yr; csr_tws_ols_2018_2024_cm_yr; csr_tws_theilsen_2018_2024_cm_yr; cpc_corrected_recent_gws_cm_yr; cpc_corrected_full_gws_cm_yr
Incheon,KR,0.6391,1,-1.0286,-0.0195,0.4782017335971143,0.47197413037408853,0.6391104410057146,0.6262618776219868,0.6663273585517847,0.6217189164482053,0.7298593715605035,0.6400497954229984,10,8,0.8,available-robust,csr_tws_ols_2014_2024_cm_yr; csr_tws_theilsen_2014_2024_cm_yr; csr_tws_ols_2015_2024_cm_yr; csr_tws_theilsen_2015_2024_cm_yr; csr_tws_ols_2016_2024_cm_yr; csr_tws_theilsen_2016_2024_cm_yr; csr_tws_ols_2018_2024_cm_yr; csr_tws_theilsen_2018_2024_cm_yr; cpc_corrected_recent_gws_cm_yr; cpc_corrected_full_gws_cm_yr
Taiyuan,CN,0.6424,1,0.2519,-1.907,-0.04461953752150884,-0.020067304389076883,0.6423983717406968,0.6775803425511031,0.9398648114518929,1.037800351333079,2.0572578986464785,1.9153064550634387,10,7,0.7,available-probable,csr_tws_ols_2014_2024_cm_yr; csr_tws_theilsen_2014_2024_cm_yr; csr_tws_ols_2015_2024_cm_yr; csr_tws_theilsen_2015_2024_cm_yr; csr_tws_ols_2016_2024_cm_yr; csr_tws_theilsen_2016_2024_cm_yr; csr_tws_ols_2018_2024_cm_yr; csr_tws_theilsen_2018_2024_cm_yr; cpc_corrected_recent_gws_cm_yr; cpc_corrected_full_gws_cm_yr
Zhenjiang,CN,0.1582,1,0.5593,-0.2506,0.2110638328516415,0.18705618666414958,0.15821262954016702,0.12682248273353502,0.24247826747280454,0.1798848318837998,0.5416619419342131,0.4176058865586538,10,9,0.9,available-robust,csr_tws_ols_2014_2024_cm_yr; csr_tws_theilsen_2014_2024_cm_yr; csr_tws_ols_2015_2024_cm_yr; csr_tws_theilsen_2015_2024_cm_yr; csr_tws_ols_2016_2024_cm_yr; csr_tws_theilsen_2016_2024_cm_yr; csr_tws_ols_2018_2024_cm_yr; csr_tws_theilsen_2018_2024_cm_yr; cpc_corrected_recent_gws_cm_yr; cpc_corrected_full_gws_cm_yr
Giza,EG,0.1375,1,0.1046,-0.2127,0.0868917190841956,0.06408537079550916,0.13749749248643098,0.1189349770731693,0.11596490397430742,0.09427363369808277,0.281341378036207,0.22762690397638374,10,9,0.9,available-robust,csr_tws_ols_2014_2024_cm_yr; csr_tws_theilsen_2014_2024_cm_yr; csr_tws_ols_2015_2024_cm_yr; csr_tws_theilsen_2015_2024_cm_yr; csr_tws_ols_2016_2024_cm_yr; csr_tws_theilsen_2016_2024_cm_yr; csr_tws_ols_2018_2024_cm_yr; csr_tws_theilsen_2018_2024_cm_yr; cpc_corrected_recent_gws_cm_yr; cpc_corrected_full_gws_cm_yr
Ankang,CN,0.5842,1,-0.3435,0.0493,0.5550159765657222,0.4092362515345424,0.5842059712954967,0.3799185153166695,0.7560570553799248,0.5605912208557129,0.7021383510129909,0.5348741819575582,10,9,0.9,available-robust,csr_tws_ols_2014_2024_cm_yr; csr_tws_theilsen_2014_2024_cm_yr; csr_tws_ols_2015_2024_cm_yr; csr_tws_theilsen_2015_2024_cm_yr; csr_tws_ols_2016_2024_cm_yr; csr_tws_theilsen_2016_2024_cm_yr; csr_tws_ols_2018_2024_cm_yr; csr_tws_theilsen_2018_2024_cm_yr; cpc_corrected_recent_gws_cm_yr; cpc_corrected_full_gws_cm_yr
Suwon,KR,0.6391,1,-1.0403,-0.0107,0.4782017335971143,0.47197413037408853,0.6391104410057146,0.6262618776219868,0.6663273585517847,0.6217189164482053,0.7298593715605035,0.6400497954229984,10,8,0.8,available-robust,csr_tws_ols_2014_2024_cm_yr; csr_tws_theilsen_2014_2024_cm_yr; csr_tws_ols_2015_2024_cm_yr; csr_tws_theilsen_2015_2024_cm_yr; csr_tws_ols_2016_2024_cm_yr; csr_tws_theilsen_2016_2024_cm_yr; csr_tws_ols_2018_2024_cm_yr; csr_tws_theilsen_2018_2024_cm_yr; cpc_corrected_recent_gws_cm_yr; cpc_corrected_full_gws_cm_yr
Pimpri-Chinchwad,IN,2.5294,1,1.5032,0.1612,2.028223421463545,1.8944741969577117,2.5293794363252093,2.3724806466420305,2.8556285323397437,2.7282785651557995,2.3488063106014874,2.0462193778797033,10,10,1.0,available-robust,csr_tws_ols_2014_2024_cm_yr; csr_tws_theilsen_2014_2024_cm_yr; csr_tws_ols_2015_2024_cm_yr; csr_tws_theilsen_2015_2024_cm_yr; csr_tws_ols_2016_2024_cm_yr; csr_tws_theilsen_2016_2024_cm_yr; csr_tws_ols_2018_2024_cm_yr; csr_tws_theilsen_2018_2024_cm_yr; cpc_corrected_recent_gws_cm_yr; cpc_corrected_full_gws_cm_yr
Chiba,JP,1.0304,1,0.8727,0.4413,0.8924647916535284,0.7803917969708167,1.030390495691446,0.9258130075023484,1.2855797455871365,1.1973593457173375,1.8446219784311362,1.7016486552049859,10,10,1.0,available-robust,csr_tws_ols_2014_2024_cm_yr; csr_tws_theilsen_2014_2024_cm_yr; csr_tws_ols_2015_2024_cm_yr; csr_tws_theilsen_2015_2024_cm_yr; csr_tws_ols_2016_2024_cm_yr; csr_tws_theilsen_2016_2024_cm_yr; csr_tws_ols_2018_2024_cm_yr; csr_tws_theilsen_2018_2024_cm_yr; cpc_corrected_recent_gws_cm_yr; cpc_corrected_full_gws_cm_yr
Cali,CO,0.1145,1,-0.3177,-0.1248,0.0934948879418034,0.08655865366977428,0.11451834827467104,0.10181258831470348,0.07378878410040818,0.04437103692223059,0.031158061021995136,0.024607117418151282,10,8,0.8,available-robust,csr_tws_ols_2014_2024_cm_yr; csr_tws_theilsen_2014_2024_cm_yr; csr_tws_ols_2015_2024_cm_yr; csr_tws_theilsen_2015_2024_cm_yr; csr_tws_ols_2016_2024_cm_yr; csr_tws_theilsen_2016_2024_cm_yr; csr_tws_ols_2018_2024_cm_yr; csr_tws_theilsen_2018_2024_cm_yr; cpc_corrected_recent_gws_cm_yr; cpc_corrected_full_gws_cm_yr
Barquisimeto,VE,1.5713,1,2.8605,1.2749,1.2263509558724275,1.2583146600427533,1.5713381616687447,1.5957457223504714,1.715491861696292,1.7136162555861336,1.4807294989213422,1.5407467334393088,10,10,1.0,available-robust,csr_tws_ols_2014_2024_cm_yr; csr_tws_theilsen_2014_2024_cm_yr; csr_tws_ols_2015_2024_cm_yr; csr_tws_theilsen_2015_2024_cm_yr; csr_tws_ols_2016_2024_cm_yr; csr_tws_theilsen_2016_2024_cm_yr; csr_tws_ols_2018_2024_cm_yr; csr_tws_theilsen_2018_2024_cm_yr; cpc_corrected_recent_gws_cm_yr; cpc_corrected_full_gws_cm_yr
Tangerang,ID,0.2499,1,0.2957,-0.2341,0.22550493282087858,0.2728349325366186,0.24991381135119606,0.2818127829039515,0.15562384105816013,0.22007041119837845,0.5141055899297617,0.5227791864598903,10,9,0.9,available-robust,csr_tws_ols_2014_2024_cm_yr; csr_tws_theilsen_2014_2024_cm_yr; csr_tws_ols_2015_2024_cm_yr; csr_tws_theilsen_2015_2024_cm_yr; csr_tws_ols_2016_2024_cm_yr; csr_tws_theilsen_2016_2024_cm_yr; csr_tws_ols_2018_2024_cm_yr; csr_tws_theilsen_2018_2024_cm_yr; cpc_corrected_recent_gws_cm_yr; cpc_corrected_full_gws_cm_yr
Mysuru,IN,2.2097,1,1.3601,-0.0204,1.8643455829325006,1.964550006773866,2.209746162718412,2.3359691325286684,2.8245193279658474,2.906552232564799,3.031603495515232,3.1487702946495975,10,9,0.9,available-robust,csr_tws_ols_2014_2024_cm_yr; csr_tws_theilsen_2014_2024_cm_yr; csr_tws_ols_2015_2024_cm_yr; csr_tws_theilsen_2015_2024_cm_yr; csr_tws_ols_2016_2024_cm_yr; csr_tws_theilsen_2016_2024_cm_yr; csr_tws_ols_2018_2024_cm_yr; csr_tws_theilsen_2018_2024_cm_yr; cpc_corrected_recent_gws_cm_yr; cpc_corrected_full_gws_cm_yr
Bucheon-si,KR,0.6391,1,-1.0286,-0.0195,0.4782017335971143,0.47197413037408853,0.6391104410057146,0.6262618776219868,0.6663273585517847,0.6217189164482053,0.7298593715605035,0.6400497954229984,10,8,0.8,available-robust,csr_tws_ols_2014_2024_cm_yr; csr_tws_theilsen_2014_2024_cm_yr; csr_tws_ols_2015_2024_cm_yr; csr_tws_theilsen_2015_2024_cm_yr; csr_tws_ols_2016_2024_cm_yr; csr_tws_theilsen_2016_2024_cm_yr; csr_tws_ols_2018_2024_cm_yr; csr_tws_theilsen_2018_2024_cm_yr; cpc_corrected_recent_gws_cm_yr; cpc_corrected_full_gws_cm_yr
Tripoli,LY,0.2372,1,-0.183,-0.1845,0.1570516005512415,0.14922527178470626,0.23720077959641156,0.22032401346868474,0.1823408095909968,0.16277214118366573,0.09802943659482145,0.09394104750730592,10,8,0.8,available-robust,csr_tws_ols_2014_2024_cm_yr; csr_tws_theilsen_2014_2024_cm_yr; csr_tws_ols_2015_2024_cm_yr; csr_tws_theilsen_2015_2024_cm_yr; csr_tws_ols_2016_2024_cm_yr; csr_tws_theilsen_2016_2024_cm_yr; csr_tws_ols_2018_2024_cm_yr; csr_tws_theilsen_2018_2024_cm_yr; cpc_corrected_recent_gws_cm_yr; cpc_corrected_full_gws_cm_yr
Beirut,LB,0.1822,1,0.8483,0.2723,0.22141325994426792,0.19129195547764524,0.18215624036528866,0.13767043226045245,0.23832818227373748,0.2034755378114785,-0.017862539316555844,-0.01260068195472972,10,8,0.8,available-robust,csr_tws_ols_2014_2024_cm_yr; csr_tws_theilsen_2014_2024_cm_yr; csr_tws_ols_2015_2024_cm_yr; csr_tws_theilsen_2015_2024_cm_yr; csr_tws_ols_2016_2024_cm_yr; csr_tws_theilsen_2016_2024_cm_yr; csr_tws_ols_2018_2024_cm_yr; csr_tws_theilsen_2018_2024_cm_yr; cpc_corrected_recent_gws_cm_yr; cpc_corrected_full_gws_cm_yr
Yibin,CN,0.7861,1,0.8105,0.2767,0.6849508008254427,0.6651429444248369,0.7861351450230112,0.7586591671610836,0.7850624272747889,0.7466563466749203,0.32649657903791046,0.3306587970753005,10,10,1.0,available-robust,csr_tws_ols_2014_2024_cm_yr; csr_tws_theilsen_2014_2024_cm_yr; csr_tws_ols_2015_2024_cm_yr; csr_tws_theilsen_2015_2024_cm_yr; csr_tws_ols_2016_2024_cm_yr; csr_tws_theilsen_2016_2024_cm_yr; csr_tws_ols_2018_2024_cm_yr; csr_tws_theilsen_2018_2024_cm_yr; cpc_corrected_recent_gws_cm_yr; cpc_corrected_full_gws_cm_yr
Havana,CU,0.1134,1,-3.0334,-0.0924,0.10972109978597488,0.07197981929351727,0.11335123471944258,0.05237672357017924,0.1050804485130869,0.01813110540852673,-0.18708593791373263,-0.18064684646319867,10,6,0.6,available-probable,csr_tws_ols_2014_2024_cm_yr; csr_tws_theilsen_2014_2024_cm_yr; csr_tws_ols_2015_2024_cm_yr; csr_tws_theilsen_2015_2024_cm_yr; csr_tws_ols_2016_2024_cm_yr; csr_tws_theilsen_2016_2024_cm_yr; csr_tws_ols_2018_2024_cm_yr; csr_tws_theilsen_2018_2024_cm_yr; cpc_corrected_recent_gws_cm_yr; cpc_corrected_full_gws_cm_yr
Guwahati,IN,0.0952,1,1.2651,-0.3878,0.04659847848226685,-0.13638257906975187,0.09519462069294737,-0.14502969499482948,-0.14453520238159415,-0.5455737996157023,-0.8811429658038421,-1.1603832506808143,10,3,0.3,available-sensitive,csr_tws_ols_2014_2024_cm_yr; csr_tws_theilsen_2014_2024_cm_yr; csr_tws_ols_2015_2024_cm_yr; csr_tws_theilsen_2015_2024_cm_yr; csr_tws_ols_2016_2024_cm_yr; csr_tws_theilsen_2016_2024_cm_yr; csr_tws_ols_2018_2024_cm_yr; csr_tws_theilsen_2018_2024_cm_yr; cpc_corrected_recent_gws_cm_yr; cpc_corrected_full_gws_cm_yr
Dhaka,BD,0.0607,1,-0.9281,-1.0995,0.14745629528165408,0.04820493092594633,0.060687477478143,-0.08714371369689572,0.029311822931050394,-0.27804389737595037,-1.3142954590192593,-1.3551155681130236,10,4,0.4,available-sensitive,csr_tws_ols_2014_2024_cm_yr; csr_tws_theilsen_2014_2024_cm_yr; csr_tws_ols_2015_2024_cm_yr; csr_tws_theilsen_2015_2024_cm_yr; csr_tws_ols_2016_2024_cm_yr; csr_tws_theilsen_2016_2024_cm_yr; csr_tws_ols_2018_2024_cm_yr; csr_tws_theilsen_2018_2024_cm_yr; cpc_corrected_recent_gws_cm_yr; cpc_corrected_full_gws_cm_yr
San Jose,US,0.9056,1,0.9457,-0.9391,1.1123861639471007,0.9261706990641889,0.9056128728482982,0.6680710031332129,0.245338859296494,-0.10864072608585847,0.3365375951204014,-0.1861382002277693,10,7,0.7,available-probable,csr_tws_ols_2014_2024_cm_yr; csr_tws_theilsen_2014_2024_cm_yr; csr_tws_ols_2015_2024_cm_yr; csr_tws_theilsen_2015_2024_cm_yr; csr_tws_ols_2016_2024_cm_yr; csr_tws_theilsen_2016_2024_cm_yr; csr_tws_ols_2018_2024_cm_yr; csr_tws_theilsen_2018_2024_cm_yr; cpc_corrected_recent_gws_cm_yr; cpc_corrected_full_gws_cm_yr
Kota,IN,0.5691,1,-0.1368,-0.5951,0.08688301371271558,0.07418724194737461,0.5690533869611872,0.528406406681353,1.1664499983320642,1.0280435283323848,1.3726030855124416,1.0653846827746416,10,8,0.8,available-robust,csr_tws_ols_2014_2024_cm_yr; csr_tws_theilsen_2014_2024_cm_yr; csr_tws_ols_2015_2024_cm_yr; csr_tws_theilsen_2015_2024_cm_yr; csr_tws_ols_2016_2024_cm_yr; csr_tws_theilsen_2016_2024_cm_yr; csr_tws_ols_2018_2024_cm_yr; csr_tws_theilsen_2018_2024_cm_yr; cpc_corrected_recent_gws_cm_yr; cpc_corrected_full_gws_cm_yr
Jiaozuo,CN,2.4451,1,1.2458,-2.3259,1.5871691844131324,1.4289383623833583,2.445128037664538,2.3128443149614037,3.850427840691483,3.639349996058313,5.701803517453354,5.121067557002138,10,9,0.9,available-robust,csr_tws_ols_2014_2024_cm_yr; csr_tws_theilsen_2014_2024_cm_yr; csr_tws_ols_2015_2024_cm_yr; csr_tws_theilsen_2015_2024_cm_yr; csr_tws_ols_2016_2024_cm_yr; csr_tws_theilsen_2016_2024_cm_yr; csr_tws_ols_2018_2024_cm_yr; csr_tws_theilsen_2018_2024_cm_yr; cpc_corrected_recent_gws_cm_yr; cpc_corrected_full_gws_cm_yr
Taipei,TW,0.0507,1,1.5871,0.8509,0.10174523138062445,0.1164076578407156,0.05070976216538721,0.08820698739750142,-0.022470801525372296,0.03280648652897301,-0.2307713173596381,-0.01460790638686751,10,7,0.7,available-probable,csr_tws_ols_2014_2024_cm_yr; csr_tws_theilsen_2014_2024_cm_yr; csr_tws_ols_2015_2024_cm_yr; csr_tws_theilsen_2015_2024_cm_yr; csr_tws_ols_2016_2024_cm_yr; csr_tws_theilsen_2016_2024_cm_yr; csr_tws_ols_2018_2024_cm_yr; csr_tws_theilsen_2018_2024_cm_yr; cpc_corrected_recent_gws_cm_yr; cpc_corrected_full_gws_cm_yr
Agra,IN,0.1594,1,-0.7184,-2.0833,-1.1392529691066813,-1.2248255201615081,0.1593604275047597,0.11500147718879981,1.3675869895304076,1.2469771992361307,2.3024115752694487,1.817259764566082,10,6,0.6,available-probable,csr_tws_ols_2014_2024_cm_yr; csr_tws_theilsen_2014_2024_cm_yr; csr_tws_ols_2015_2024_cm_yr; csr_tws_theilsen_2015_2024_cm_yr; csr_tws_ols_2016_2024_cm_yr; csr_tws_theilsen_2016_2024_cm_yr; csr_tws_ols_2018_2024_cm_yr; csr_tws_theilsen_2018_2024_cm_yr; cpc_corrected_recent_gws_cm_yr; cpc_corrected_full_gws_cm_yr
New Taipei City,TW,0.0507,1,1.9753,1.0991,0.10174523138062445,0.1164076578407156,0.05070976216538721,0.08820698739750142,-0.022470801525372296,0.03280648652897301,-0.2307713173596381,-0.01460790638686751,10,7,0.7,available-probable,csr_tws_ols_2014_2024_cm_yr; csr_tws_theilsen_2014_2024_cm_yr; csr_tws_ols_2015_2024_cm_yr; csr_tws_theilsen_2015_2024_cm_yr; csr_tws_ols_2016_2024_cm_yr; csr_tws_theilsen_2016_2024_cm_yr; csr_tws_ols_2018_2024_cm_yr; csr_tws_theilsen_2018_2024_cm_yr; cpc_corrected_recent_gws_cm_yr; cpc_corrected_full_gws_cm_yr
Linyi,CN,0.8114,1,-0.5524,-0.6665,0.768788762105257,0.8137081306816127,0.8114123782684515,0.8637919239792298,1.2493792315039984,1.2994474349561715,2.4660701539342966,2.292221978138625,10,8,0.8,available-robust,csr_tws_ols_2014_2024_cm_yr; csr_tws_theilsen_2014_2024_cm_yr; csr_tws_ols_2015_2024_cm_yr; csr_tws_theilsen_2015_2024_cm_yr; csr_tws_ols_2016_2024_cm_yr; csr_tws_theilsen_2016_2024_cm_yr; csr_tws_ols_2018_2024_cm_yr; csr_tws_theilsen_2018_2024_cm_yr; cpc_corrected_recent_gws_cm_yr; cpc_corrected_full_gws_cm_yr
Bekasi,ID,0.2499,1,0.2957,-0.2341,0.22550493282087858,0.2728349325366186,0.24991381135119606,0.2818127829039515,0.15562384105816013,0.22007041119837845,0.5141055899297617,0.5227791864598903,10,9,0.9,available-robust,csr_tws_ols_2014_2024_cm_yr; csr_tws_theilsen_2014_2024_cm_yr; csr_tws_ols_2015_2024_cm_yr; csr_tws_theilsen_2015_2024_cm_yr; csr_tws_ols_2016_2024_cm_yr; csr_tws_theilsen_2016_2024_cm_yr; csr_tws_ols_2018_2024_cm_yr; csr_tws_theilsen_2018_2024_cm_yr; cpc_corrected_recent_gws_cm_yr; cpc_corrected_full_gws_cm_yr
Pimpri,IN,2.5294,1,1.5032,0.1612,2.028223421463545,1.8944741969577117,2.5293794363252093,2.3724806466420305,2.8556285323397437,2.7282785651557995,2.3488063106014874,2.0462193778797033,10,10,1.0,available-robust,csr_tws_ols_2014_2024_cm_yr; csr_tws_theilsen_2014_2024_cm_yr; csr_tws_ols_2015_2024_cm_yr; csr_tws_theilsen_2015_2024_cm_yr; csr_tws_ols_2016_2024_cm_yr; csr_tws_theilsen_2016_2024_cm_yr; csr_tws_ols_2018_2024_cm_yr; csr_tws_theilsen_2018_2024_cm_yr; cpc_corrected_recent_gws_cm_yr; cpc_corrected_full_gws_cm_yr
Bhubaneswar,IN,1.3414,1,0.7538,0.0566,0.8959599241942886,0.7331670713970317,1.3413871201115013,1.0718743778937023,1.5939352544475922,1.1886183049789512,0.9996147130203793,0.7690615188854414,10,10,1.0,available-robust,csr_tws_ols_2014_2024_cm_yr; csr_tws_theilsen_2014_2024_cm_yr; csr_tws_ols_2015_2024_cm_yr; csr_tws_theilsen_2015_2024_cm_yr; csr_tws_ols_2016_2024_cm_yr; csr_tws_theilsen_2016_2024_cm_yr; csr_tws_ols_2018_2024_cm_yr; csr_tws_theilsen_2018_2024_cm_yr; cpc_corrected_recent_gws_cm_yr; cpc_corrected_full_gws_cm_yr
Pingdingshan,CN,0.2273,1,-0.5339,-0.4435,0.5968820879001834,0.4313689478774704,0.22731198694709762,0.16424874698780353,0.5369874542320654,0.5310099856533145,1.3344605245776786,1.3091949051687415,10,8,0.8,available-robust,csr_tws_ols_2014_2024_cm_yr; csr_tws_theilsen_2014_2024_cm_yr; csr_tws_ols_2015_2024_cm_yr; csr_tws_theilsen_2015_2024_cm_yr; csr_tws_ols_2016_2024_cm_yr; csr_tws_theilsen_2016_2024_cm_yr; csr_tws_ols_2018_2024_cm_yr; csr_tws_theilsen_2018_2024_cm_yr; cpc_corrected_recent_gws_cm_yr; cpc_corrected_full_gws_cm_yr
Ulsan,KR,0.1467,1,0.1507,-0.0562,0.1086803712260052,0.13065857737286216,0.14669674807739214,0.17770853572376089,0.19967600095745586,0.22707277906448858,0.32842623112583347,0.32225160727779806,10,9,0.9,available-robust,csr_tws_ols_2014_2024_cm_yr; csr_tws_theilsen_2014_2024_cm_yr; csr_tws_ols_2015_2024_cm_yr; csr_tws_theilsen_2015_2024_cm_yr; csr_tws_ols_2016_2024_cm_yr; csr_tws_theilsen_2016_2024_cm_yr; csr_tws_ols_2018_2024_cm_yr; csr_tws_theilsen_2018_2024_cm_yr; cpc_corrected_recent_gws_cm_yr; cpc_corrected_full_gws_cm_yr
Natal,BR,0.3037,1,-0.0794,0.1065,0.263393490587826,0.27509933211221893,0.3036972537247153,0.31436916869756,0.3285503190385913,0.3359118846620426,0.35350885374659363,0.3581629714483547,10,9,0.9,available-robust,csr_tws_ols_2014_2024_cm_yr; csr_tws_theilsen_2014_2024_cm_yr; csr_tws_ols_2015_2024_cm_yr; csr_tws_theilsen_2015_2024_cm_yr; csr_tws_ols_2016_2024_cm_yr; csr_tws_theilsen_2016_2024_cm_yr; csr_tws_ols_2018_2024_cm_yr; csr_tws_theilsen_2018_2024_cm_yr; cpc_corrected_recent_gws_cm_yr; cpc_corrected_full_gws_cm_yr
Antipolo,PH,0.3367,1,-0.0749,-0.0017,0.36402454825830377,0.3715894440161791,0.3366501381225175,0.3445605442186195,0.22197004593763,0.22656793701220426,-0.5202212924084131,-0.44857753903909175,10,6,0.6,available-probable,csr_tws_ols_2014_2024_cm_yr; csr_tws_theilsen_2014_2024_cm_yr; csr_tws_ols_2015_2024_cm_yr; csr_tws_theilsen_2015_2024_cm_yr; csr_tws_ols_2016_2024_cm_yr; csr_tws_theilsen_2016_2024_cm_yr; csr_tws_ols_2018_2024_cm_yr; csr_tws_theilsen_2018_2024_cm_yr; cpc_corrected_recent_gws_cm_yr; cpc_corrected_full_gws_cm_yr
Wenzhou,CN,0.2598,1,0.4569,0.27,0.2320330089148661,0.1907315520335729,0.25978495005748486,0.20450601117199385,0.1574726510592674,0.1191379737897532,0.17914905112105006,0.18681110354963687,10,10,1.0,available-robust,csr_tws_ols_2014_2024_cm_yr; csr_tws_theilsen_2014_2024_cm_yr; csr_tws_ols_2015_2024_cm_yr; csr_tws_theilsen_2015_2024_cm_yr; csr_tws_ols_2016_2024_cm_yr; csr_tws_theilsen_2016_2024_cm_yr; csr_tws_ols_2018_2024_cm_yr; csr_tws_theilsen_2018_2024_cm_yr; cpc_corrected_recent_gws_cm_yr; cpc_corrected_full_gws_cm_yr
Panjin,CN,1.571,1,-0.6378,-0.7207,1.191330325285489,1.3595543266336474,1.5709602063276067,1.6144506753324008,1.7070624541228678,1.7727273184796295,2.745886382396535,2.60776158618678,10,8,0.8,available-robust,csr_tws_ols_2014_2024_cm_yr; csr_tws_theilsen_2014_2024_cm_yr; csr_tws_ols_2015_2024_cm_yr; csr_tws_theilsen_2015_2024_cm_yr; csr_tws_ols_2016_2024_cm_yr; csr_tws_theilsen_2016_2024_cm_yr; csr_tws_ols_2018_2024_cm_yr; csr_tws_theilsen_2018_2024_cm_yr; cpc_corrected_recent_gws_cm_yr; cpc_corrected_full_gws_cm_yr
Managua,NI,0.5376,1,-0.7197,-0.3788,0.3417684625768587,0.5320231299390703,0.537623611208356,0.7036505602006164,0.6513340474529891,0.8586304287212712,0.5680252831935874,0.8092171562800154,10,8,0.8,available-robust,csr_tws_ols_2014_2024_cm_yr; csr_tws_theilsen_2014_2024_cm_yr; csr_tws_ols_2015_2024_cm_yr; csr_tws_theilsen_2015_2024_cm_yr; csr_tws_ols_2016_2024_cm_yr; csr_tws_theilsen_2016_2024_cm_yr; csr_tws_ols_2018_2024_cm_yr; csr_tws_theilsen_2018_2024_cm_yr; cpc_corrected_recent_gws_cm_yr; cpc_corrected_full_gws_cm_yr
Ottawa,CA,0.1017,1,0.1514,0.6213,0.23234299216148324,0.19426492396209588,0.10170934608068041,0.07265464969183988,-0.0735772285618637,-0.08747970526418185,-0.28053515524171685,-0.19104842580563583,10,6,0.6,available-probable,csr_tws_ols_2014_2024_cm_yr; csr_tws_theilsen_2014_2024_cm_yr; csr_tws_ols_2015_2024_cm_yr; csr_tws_theilsen_2015_2024_cm_yr; csr_tws_ols_2016_2024_cm_yr; csr_tws_theilsen_2016_2024_cm_yr; csr_tws_ols_2018_2024_cm_yr; csr_tws_theilsen_2018_2024_cm_yr; cpc_corrected_recent_gws_cm_yr; cpc_corrected_full_gws_cm_yr
Beijing,CN,0.5703,1,-0.889,-1.0746,0.3162707537393652,0.34976380601330503,0.5702963338236656,0.5781382643138998,0.7054807436933352,0.725458979542226,1.439684809402876,1.283003462955367,10,8,0.8,available-robust,csr_tws_ols_2014_2024_cm_yr; csr_tws_theilsen_2014_2024_cm_yr; csr_tws_ols_2015_2024_cm_yr; csr_tws_theilsen_2015_2024_cm_yr; csr_tws_ols_2016_2024_cm_yr; csr_tws_theilsen_2016_2024_cm_yr; csr_tws_ols_2018_2024_cm_yr; csr_tws_theilsen_2018_2024_cm_yr; cpc_corrected_recent_gws_cm_yr; cpc_corrected_full_gws_cm_yr
Xi’an,CN,0.4515,1,-0.5732,-0.3791,0.4067074382457279,0.36225508709711185,0.4514739815686792,0.3674913166513218,0.5450798843986223,0.4811702878232265,0.37380495476062897,0.3261107360388026,10,8,0.8,available-robust,csr_tws_ols_2014_2024_cm_yr; csr_tws_theilsen_2014_2024_cm_yr; csr_tws_ols_2015_2024_cm_yr; csr_tws_theilsen_2015_2024_cm_yr; csr_tws_ols_2016_2024_cm_yr; csr_tws_theilsen_2016_2024_cm_yr; csr_tws_ols_2018_2024_cm_yr; csr_tws_theilsen_2018_2024_cm_yr; cpc_corrected_recent_gws_cm_yr; cpc_corrected_full_gws_cm_yr
Jepara,ID,0.4829,1,-0.1295,0.199,0.3743322595562707,0.4314710163675797,0.482894117200989,0.5412335469037062,0.41971373385477934,0.4864859297245941,1.0858709919255456,1.1260848013291194,10,9,0.9,available-robust,csr_tws_ols_2014_2024_cm_yr; csr_tws_theilsen_2014_2024_cm_yr; csr_tws_ols_2015_2024_cm_yr; csr_tws_theilsen_2015_2024_cm_yr; csr_tws_ols_2016_2024_cm_yr; csr_tws_theilsen_2016_2024_cm_yr; csr_tws_ols_2018_2024_cm_yr; csr_tws_theilsen_2018_2024_cm_yr; cpc_corrected_recent_gws_cm_yr; cpc_corrected_full_gws_cm_yr
Zigong,CN,0.9115,1,0.8193,0.4014,0.779951989412163,0.6989839868403231,0.9114946295306685,0.8161781689361529,0.9664458091808896,0.8237580715160788,0.514731699946038,0.4239385702193802,10,10,1.0,available-robust,csr_tws_ols_2014_2024_cm_yr; csr_tws_theilsen_2014_2024_cm_yr; csr_tws_ols_2015_2024_cm_yr; csr_tws_theilsen_2015_2024_cm_yr; csr_tws_ols_2016_2024_cm_yr; csr_tws_theilsen_2016_2024_cm_yr; csr_tws_ols_2018_2024_cm_yr; csr_tws_theilsen_2018_2024_cm_yr; cpc_corrected_recent_gws_cm_yr; cpc_corrected_full_gws_cm_yr
Busan,KR,0.139,1,0.4909,0.2621,0.10751015106413904,0.10225559248282379,0.13900049472644016,0.12519914763728696,0.15828996201384476,0.14543295738746423,-0.034447965229854986,0.0095690139048931,10,9,0.9,available-robust,csr_tws_ols_2014_2024_cm_yr; csr_tws_theilsen_2014_2024_cm_yr; csr_tws_ols_2015_2024_cm_yr; csr_tws_theilsen_2015_2024_cm_yr; csr_tws_ols_2016_2024_cm_yr; csr_tws_theilsen_2016_2024_cm_yr; csr_tws_ols_2018_2024_cm_yr; csr_tws_theilsen_2018_2024_cm_yr; cpc_corrected_recent_gws_cm_yr; cpc_corrected_full_gws_cm_yr
Daegu,KR,0.1467,1,-0.1088,-0.1694,0.1086803712260052,0.13065857737286216,0.14669674807739214,0.17770853572376089,0.19967600095745586,0.22707277906448858,0.32842623112583347,0.32225160727779806,10,8,0.8,available-robust,csr_tws_ols_2014_2024_cm_yr; csr_tws_theilsen_2014_2024_cm_yr; csr_tws_ols_2015_2024_cm_yr; csr_tws_theilsen_2015_2024_cm_yr; csr_tws_ols_2016_2024_cm_yr; csr_tws_theilsen_2016_2024_cm_yr; csr_tws_ols_2018_2024_cm_yr; csr_tws_theilsen_2018_2024_cm_yr; cpc_corrected_recent_gws_cm_yr; cpc_corrected_full_gws_cm_yr
Bengaluru,IN,2.6353,1,0.8756,-0.1717,2.2093085674610617,2.2788603351286505,2.6353351966045033,2.7391845780729396,3.3214315032649053,3.4322416767398716,4.072088273399502,4.16774604187985,10,9,0.9,available-robust,csr_tws_ols_2014_2024_cm_yr; csr_tws_theilsen_2014_2024_cm_yr; csr_tws_ols_2015_2024_cm_yr; csr_tws_theilsen_2015_2024_cm_yr; csr_tws_ols_2016_2024_cm_yr; csr_tws_theilsen_2016_2024_cm_yr; csr_tws_ols_2018_2024_cm_yr; csr_tws_theilsen_2018_2024_cm_yr; cpc_corrected_recent_gws_cm_yr; cpc_corrected_full_gws_cm_yr
Kingston,JM,0.2704,1,-0.7229,0.3616,0.2518612470579294,0.27737883513817474,0.2703610148124119,0.3074346594936054,0.27831087487333345,0.3236717398726299,0.2190901471233815,0.23374508029432156,10,9,0.9,available-robust,csr_tws_ols_2014_2024_cm_yr; csr_tws_theilsen_2014_2024_cm_yr; csr_tws_ols_2015_2024_cm_yr; csr_tws_theilsen_2015_2024_cm_yr; csr_tws_ols_2016_2024_cm_yr; csr_tws_theilsen_2016_2024_cm_yr; csr_tws_ols_2018_2024_cm_yr; csr_tws_theilsen_2018_2024_cm_yr; cpc_corrected_recent_gws_cm_yr; cpc_corrected_full_gws_cm_yr
Medan,ID,1.2442,1,0.1647,0.7865,1.2311450367804737,1.1964648199081072,1.2442258053069326,1.2226562950351618,1.4157447209977947,1.334307782719749,0.8904065207900531,0.9566474834818626,10,10,1.0,available-robust,csr_tws_ols_2014_2024_cm_yr; csr_tws_theilsen_2014_2024_cm_yr; csr_tws_ols_2015_2024_cm_yr; csr_tws_theilsen_2015_2024_cm_yr; csr_tws_ols_2016_2024_cm_yr; csr_tws_theilsen_2016_2024_cm_yr; csr_tws_ols_2018_2024_cm_yr; csr_tws_theilsen_2018_2024_cm_yr; cpc_corrected_recent_gws_cm_yr; cpc_corrected_full_gws_cm_yr
South Tangerang,ID,0.2499,1,0.2957,-0.2341,0.22550493282087858,0.2728349325366186,0.24991381135119606,0.2818127829039515,0.15562384105816013,0.22007041119837845,0.5141055899297617,0.5227791864598903,10,9,0.9,available-robust,csr_tws_ols_2014_2024_cm_yr; csr_tws_theilsen_2014_2024_cm_yr; csr_tws_ols_2015_2024_cm_yr; csr_tws_theilsen_2015_2024_cm_yr; csr_tws_ols_2016_2024_cm_yr; csr_tws_theilsen_2016_2024_cm_yr; csr_tws_ols_2018_2024_cm_yr; csr_tws_theilsen_2018_2024_cm_yr; cpc_corrected_recent_gws_cm_yr; cpc_corrected_full_gws_cm_yr
Setagaya,JP,1.5877,1,1.4811,0.6262,1.367627825964611,1.1099294404442066,1.5877425228251374,1.3171582699868254,1.8772027911081646,1.6087534038345754,2.472664831957815,2.1742677213962365,10,10,1.0,available-robust,csr_tws_ols_2014_2024_cm_yr; csr_tws_theilsen_2014_2024_cm_yr; csr_tws_ols_2015_2024_cm_yr; csr_tws_theilsen_2015_2024_cm_yr; csr_tws_ols_2016_2024_cm_yr; csr_tws_theilsen_2016_2024_cm_yr; csr_tws_ols_2018_2024_cm_yr; csr_tws_theilsen_2018_2024_cm_yr; cpc_corrected_recent_gws_cm_yr; cpc_corrected_full_gws_cm_yr
Sendai,JP,0.1848,1,0.3883,0.1779,0.3507232405874294,0.3623842824692449,0.18483829693341308,0.19894287227652813,0.22574244368867147,0.2557613056967504,0.1284296899807177,0.18785847755465115,10,10,1.0,available-robust,csr_tws_ols_2014_2024_cm_yr; csr_tws_theilsen_2014_2024_cm_yr; csr_tws_ols_2015_2024_cm_yr; csr_tws_theilsen_2015_2024_cm_yr; csr_tws_ols_2016_2024_cm_yr; csr_tws_theilsen_2016_2024_cm_yr; csr_tws_ols_2018_2024_cm_yr; csr_tws_theilsen_2018_2024_cm_yr; cpc_corrected_recent_gws_cm_yr; cpc_corrected_full_gws_cm_yr
Bogotá,CO,0.3176,1,-0.1879,-0.0326,0.24683620026101427,0.24056319594718398,0.31755855490313145,0.296134881682227,0.1607589470264143,0.0868694908969034,0.005888323195998851,-0.004798840859363595,10,7,0.7,available-probable,csr_tws_ols_2014_2024_cm_yr; csr_tws_theilsen_2014_2024_cm_yr; csr_tws_ols_2015_2024_cm_yr; csr_tws_theilsen_2015_2024_cm_yr; csr_tws_ols_2016_2024_cm_yr; csr_tws_theilsen_2016_2024_cm_yr; csr_tws_ols_2018_2024_cm_yr; csr_tws_theilsen_2018_2024_cm_yr; cpc_corrected_recent_gws_cm_yr; cpc_corrected_full_gws_cm_yr
Luoyang,CN,1.4284,1,0.5235,-1.2226,1.123678977209417,1.2215813968105276,1.428398690681798,1.6108810065240715,2.4541173412674504,2.439974784851074,3.5807095324608804,3.5388766848077053,10,9,0.9,available-robust,csr_tws_ols_2014_2024_cm_yr; csr_tws_theilsen_2014_2024_cm_yr; csr_tws_ols_2015_2024_cm_yr; csr_tws_theilsen_2015_2024_cm_yr; csr_tws_ols_2016_2024_cm_yr; csr_tws_theilsen_2016_2024_cm_yr; csr_tws_ols_2018_2024_cm_yr; csr_tws_theilsen_2018_2024_cm_yr; cpc_corrected_recent_gws_cm_yr; cpc_corrected_full_gws_cm_yr
Palembang,ID,0.0212,1,-0.3068,-0.1607,0.07899116804851852,0.007744583340552404,0.021197111687142046,-0.056191238580945504,-0.2091823505709267,-0.17658222973091164,-0.17822521969552665,-0.29006263950395467,10,3,0.3,available-sensitive,csr_tws_ols_2014_2024_cm_yr; csr_tws_theilsen_2014_2024_cm_yr; csr_tws_ols_2015_2024_cm_yr; csr_tws_theilsen_2015_2024_cm_yr; csr_tws_ols_2016_2024_cm_yr; csr_tws_theilsen_2016_2024_cm_yr; csr_tws_ols_2018_2024_cm_yr; csr_tws_theilsen_2018_2024_cm_yr; cpc_corrected_recent_gws_cm_yr; cpc_corrected_full_gws_cm_yr
Baoji,CN,0.4814,1,-0.5804,-0.3537,0.42296002789596393,0.3675372030751496,0.4813688662232163,0.40259834509185655,0.5541487898816366,0.5010922449455372,0.12967604914897224,0.13558842570403862,10,8,0.8,available-robust,csr_tws_ols_2014_2024_cm_yr; csr_tws_theilsen_2014_2024_cm_yr; csr_tws_ols_2015_2024_cm_yr; csr_tws_theilsen_2015_2024_cm_yr; csr_tws_ols_2016_2024_cm_yr; csr_tws_theilsen_2016_2024_cm_yr; csr_tws_ols_2018_2024_cm_yr; csr_tws_theilsen_2018_2024_cm_yr; cpc_corrected_recent_gws_cm_yr; cpc_corrected_full_gws_cm_yr
Al Başrah al Qadīmah,IQ,0.0194,1,-0.2018,-0.2512,-0.019348175632912384,-0.07805095604754803,0.01940386270799891,-0.04838488072422639,-0.07348477663223638,-0.13545303418086282,-0.5144053742953321,-0.4308725624631541,10,1,0.1,available-sensitive,csr_tws_ols_2014_2024_cm_yr; csr_tws_theilsen_2014_2024_cm_yr; csr_tws_ols_2015_2024_cm_yr; csr_tws_theilsen_2015_2024_cm_yr; csr_tws_ols_2016_2024_cm_yr; csr_tws_theilsen_2016_2024_cm_yr; csr_tws_ols_2018_2024_cm_yr; csr_tws_theilsen_2018_2024_cm_yr; cpc_corrected_recent_gws_cm_yr; cpc_corrected_full_gws_cm_yr
Kennedy,CO,0.3176,1,-0.1879,-0.0326,0.24683620026101427,0.24056319594718398,0.31755855490313145,0.296134881682227,0.1607589470264143,0.0868694908969034,0.005888323195998851,-0.004798840859363595,10,7,0.7,available-probable,csr_tws_ols_2014_2024_cm_yr; csr_tws_theilsen_2014_2024_cm_yr; csr_tws_ols_2015_2024_cm_yr; csr_tws_theilsen_2015_2024_cm_yr; csr_tws_ols_2016_2024_cm_yr; csr_tws_theilsen_2016_2024_cm_yr; csr_tws_ols_2018_2024_cm_yr; csr_tws_theilsen_2018_2024_cm_yr; cpc_corrected_recent_gws_cm_yr; cpc_corrected_full_gws_cm_yr
Basrah,IQ,0.0194,1,-0.2018,-0.2512,-0.019348175632912384,-0.07805095604754803,0.01940386270799891,-0.04838488072422639,-0.07348477663223638,-0.13545303418086282,-0.5144053742953321,-0.4308725624631541,10,1,0.1,available-sensitive,csr_tws_ols_2014_2024_cm_yr; csr_tws_theilsen_2014_2024_cm_yr; csr_tws_ols_2015_2024_cm_yr; csr_tws_theilsen_2015_2024_cm_yr; csr_tws_ols_2016_2024_cm_yr; csr_tws_theilsen_2016_2024_cm_yr; csr_tws_ols_2018_2024_cm_yr; csr_tws_theilsen_2018_2024_cm_yr; cpc_corrected_recent_gws_cm_yr; cpc_corrected_full_gws_cm_yr
Khulna,BD,0.6085,1,0.0947,-1.0576,0.4975654652307831,0.31848225301471306,0.6084659628556276,0.3651102896855946,0.64656514699729,0.2382441299006162,-0.16761766912971712,-0.5480978828958835,10,7,0.7,available-probable,csr_tws_ols_2014_2024_cm_yr; csr_tws_theilsen_2014_2024_cm_yr; csr_tws_ols_2015_2024_cm_yr; csr_tws_theilsen_2015_2024_cm_yr; csr_tws_ols_2016_2024_cm_yr; csr_tws_theilsen_2016_2024_cm_yr; csr_tws_ols_2018_2024_cm_yr; csr_tws_theilsen_2018_2024_cm_yr; cpc_corrected_recent_gws_cm_yr; cpc_corrected_full_gws_cm_yr
Xinxiang,CN,2.2778,1,1.0724,-1.9845,1.8450300397949233,1.8697651034659537,2.2777702241424502,2.377192431822647,3.359879910713142,3.426788684319111,5.086262461277229,5.013726910437389,10,9,0.9,available-robust,csr_tws_ols_2014_2024_cm_yr; csr_tws_theilsen_2014_2024_cm_yr; csr_tws_ols_2015_2024_cm_yr; csr_tws_theilsen_2015_2024_cm_yr; csr_tws_ols_2016_2024_cm_yr; csr_tws_theilsen_2016_2024_cm_yr; csr_tws_ols_2018_2024_cm_yr; csr_tws_theilsen_2018_2024_cm_yr; cpc_corrected_recent_gws_cm_yr; cpc_corrected_full_gws_cm_yr
Jinzhong,CN,0.6424,1,0.2519,-1.907,-0.04461953752150884,-0.020067304389076883,0.6423983717406968,0.6775803425511031,0.9398648114518929,1.037800351333079,2.0572578986464785,1.9153064550634387,10,7,0.7,available-probable,csr_tws_ols_2014_2024_cm_yr; csr_tws_theilsen_2014_2024_cm_yr; csr_tws_ols_2015_2024_cm_yr; csr_tws_theilsen_2015_2024_cm_yr; csr_tws_ols_2016_2024_cm_yr; csr_tws_theilsen_2016_2024_cm_yr; csr_tws_ols_2018_2024_cm_yr; csr_tws_theilsen_2018_2024_cm_yr; cpc_corrected_recent_gws_cm_yr; cpc_corrected_full_gws_cm_yr
Sholapur,IN,2.7252,1,1.3689,0.0069,2.1026456663246567,2.0770990588438867,2.725210091388895,2.614005637694233,3.0964629286458805,3.000562369940134,2.758297463628388,2.618461071474248,10,10,1.0,available-robust,csr_tws_ols_2014_2024_cm_yr; csr_tws_theilsen_2014_2024_cm_yr; csr_tws_ols_2015_2024_cm_yr; csr_tws_theilsen_2015_2024_cm_yr; csr_tws_ols_2016_2024_cm_yr; csr_tws_theilsen_2016_2024_cm_yr; csr_tws_ols_2018_2024_cm_yr; csr_tws_theilsen_2018_2024_cm_yr; cpc_corrected_recent_gws_cm_yr; cpc_corrected_full_gws_cm_yr
Liupanshui,CN,0.0844,1,0.6846,0.2012,0.14965776378743872,0.14621373342869565,0.08438827771733266,0.11340900263174747,-0.008208408015284661,-0.029094295139466337,-0.4419021860499396,-0.41075144054740215,10,6,0.6,available-probable,csr_tws_ols_2014_2024_cm_yr; csr_tws_theilsen_2014_2024_cm_yr; csr_tws_ols_2015_2024_cm_yr; csr_tws_theilsen_2015_2024_cm_yr; csr_tws_ols_2016_2024_cm_yr; csr_tws_theilsen_2016_2024_cm_yr; csr_tws_ols_2018_2024_cm_yr; csr_tws_theilsen_2018_2024_cm_yr; cpc_corrected_recent_gws_cm_yr; cpc_corrected_full_gws_cm_yr
Petaling Jaya,MY,0.8591,1,0.5027,0.0217,0.8552808679734959,0.8533463642608812,0.8591375840212514,0.8591886215017955,0.7266940470071507,0.7070653508930033,0.6042301371830671,0.6120044615134684,10,10,1.0,available-robust,csr_tws_ols_2014_2024_cm_yr; csr_tws_theilsen_2014_2024_cm_yr; csr_tws_ols_2015_2024_cm_yr; csr_tws_theilsen_2015_2024_cm_yr; csr_tws_ols_2016_2024_cm_yr; csr_tws_theilsen_2016_2024_cm_yr; csr_tws_ols_2018_2024_cm_yr; csr_tws_theilsen_2018_2024_cm_yr; cpc_corrected_recent_gws_cm_yr; cpc_corrected_full_gws_cm_yr
Chengdu,CN,0.495,1,-0.1629,0.2594,0.4244844275228772,0.4139603268285091,0.49504257675053137,0.4615744529533372,0.4840933636267701,0.42368929146095846,-0.17084466129091438,-0.22645918806469606,10,7,0.7,available-probable,csr_tws_ols_2014_2024_cm_yr; csr_tws_theilsen_2014_2024_cm_yr; csr_tws_ols_2015_2024_cm_yr; csr_tws_theilsen_2015_2024_cm_yr; csr_tws_ols_2016_2024_cm_yr; csr_tws_theilsen_2016_2024_cm_yr; csr_tws_ols_2018_2024_cm_yr; csr_tws_theilsen_2018_2024_cm_yr; cpc_corrected_recent_gws_cm_yr; cpc_corrected_full_gws_cm_yr
Changzhi,CN,2.4451,1,1.3804,-2.423,1.5871691844131324,1.4289383623833583,2.445128037664538,2.3128443149614037,3.850427840691483,3.639349996058313,5.701803517453354,5.121067557002138,10,9,0.9,available-robust,csr_tws_ols_2014_2024_cm_yr; csr_tws_theilsen_2014_2024_cm_yr; csr_tws_ols_2015_2024_cm_yr; csr_tws_theilsen_2015_2024_cm_yr; csr_tws_ols_2016_2024_cm_yr; csr_tws_theilsen_2016_2024_cm_yr; csr_tws_ols_2018_2024_cm_yr; csr_tws_theilsen_2018_2024_cm_yr; cpc_corrected_recent_gws_cm_yr; cpc_corrected_full_gws_cm_yr
Taizhou,CN,0.1582,1,0.4909,-0.3222,0.2110638328516415,0.18705618666414958,0.15821262954016702,0.12682248273353502,0.24247826747280454,0.1798848318837998,0.5416619419342131,0.4176058865586538,10,9,0.9,available-robust,csr_tws_ols_2014_2024_cm_yr; csr_tws_theilsen_2014_2024_cm_yr; csr_tws_ols_2015_2024_cm_yr; csr_tws_theilsen_2015_2024_cm_yr; csr_tws_ols_2016_2024_cm_yr; csr_tws_theilsen_2016_2024_cm_yr; csr_tws_ols_2018_2024_cm_yr; csr_tws_theilsen_2018_2024_cm_yr; cpc_corrected_recent_gws_cm_yr; cpc_corrected_full_gws_cm_yr
Gazipur,BD,0.0607,1,-0.9281,-1.0995,0.14745629528165408,0.04820493092594633,0.060687477478143,-0.08714371369689572,0.029311822931050394,-0.27804389737595037,-1.3142954590192593,-1.3551155681130236,10,4,0.4,available-sensitive,csr_tws_ols_2014_2024_cm_yr; csr_tws_theilsen_2014_2024_cm_yr; csr_tws_ols_2015_2024_cm_yr; csr_tws_theilsen_2015_2024_cm_yr; csr_tws_ols_2016_2024_cm_yr; csr_tws_theilsen_2016_2024_cm_yr; csr_tws_ols_2018_2024_cm_yr; csr_tws_theilsen_2018_2024_cm_yr; cpc_corrected_recent_gws_cm_yr; cpc_corrected_full_gws_cm_yr
Multan,PK,0.1093,1,-0.6966,-0.5363,-0.04213769630576619,0.10225404840766997,0.10932191611720918,0.31518377412202253,0.4342981333466721,0.7566354491676575,1.6826924637065426,1.8245336979877995,10,7,0.7,available-probable,csr_tws_ols_2014_2024_cm_yr; csr_tws_theilsen_2014_2024_cm_yr; csr_tws_ols_2015_2024_cm_yr; csr_tws_theilsen_2015_2024_cm_yr; csr_tws_ols_2016_2024_cm_yr; csr_tws_theilsen_2016_2024_cm_yr; csr_tws_ols_2018_2024_cm_yr; csr_tws_theilsen_2018_2024_cm_yr; cpc_corrected_recent_gws_cm_yr; cpc_corrected_full_gws_cm_yr
Liaocheng,CN,1.6904,1,0.2362,-1.6525,1.051470642994205,1.2434377805491543,1.6903779642630947,1.908655743598454,2.3415316748492345,2.5832048484904075,5.321358364111892,5.1211335236459785,10,9,0.9,available-robust,csr_tws_ols_2014_2024_cm_yr; csr_tws_theilsen_2014_2024_cm_yr; csr_tws_ols_2015_2024_cm_yr; csr_tws_theilsen_2015_2024_cm_yr; csr_tws_ols_2016_2024_cm_yr; csr_tws_theilsen_2016_2024_cm_yr; csr_tws_ols_2018_2024_cm_yr; csr_tws_theilsen_2018_2024_cm_yr; cpc_corrected_recent_gws_cm_yr; cpc_corrected_full_gws_cm_yr
Valencia,VE,1.6437,1,3.6909,1.5241,1.289036509550354,1.3138453898067355,1.6436811435025775,1.6604265560924234,1.7452865964417603,1.7422769608037694,1.571326795935771,1.5574130227020788,10,10,1.0,available-robust,csr_tws_ols_2014_2024_cm_yr; csr_tws_theilsen_2014_2024_cm_yr; csr_tws_ols_2015_2024_cm_yr; csr_tws_theilsen_2015_2024_cm_yr; csr_tws_ols_2016_2024_cm_yr; csr_tws_theilsen_2016_2024_cm_yr; csr_tws_ols_2018_2024_cm_yr; csr_tws_theilsen_2018_2024_cm_yr; cpc_corrected_recent_gws_cm_yr; cpc_corrected_full_gws_cm_yr
Kallakurichi,IN,1.7572,1,0.7265,-0.3996,1.730617345422696,1.8927621072194638,1.7571988121180826,1.958572179134067,2.1982036051742817,2.358536632992852,3.5288878485572264,3.55308655450255,10,9,0.9,available-robust,csr_tws_ols_2014_2024_cm_yr; csr_tws_theilsen_2014_2024_cm_yr; csr_tws_ols_2015_2024_cm_yr; csr_tws_theilsen_2015_2024_cm_yr; csr_tws_ols_2016_2024_cm_yr; csr_tws_theilsen_2016_2024_cm_yr; csr_tws_ols_2018_2024_cm_yr; csr_tws_theilsen_2018_2024_cm_yr; cpc_corrected_recent_gws_cm_yr; cpc_corrected_full_gws_cm_yr
Heze,CN,0.9261,1,-0.241,-1.202,0.9541094323722921,0.9699117483007884,0.9261040446501474,0.9305986216201998,1.4650853397159866,1.541365157159921,3.1089072451884157,3.007514082162916,10,8,0.8,available-robust,csr_tws_ols_2014_2024_cm_yr; csr_tws_theilsen_2014_2024_cm_yr; csr_tws_ols_2015_2024_cm_yr; csr_tws_theilsen_2015_2024_cm_yr; csr_tws_ols_2016_2024_cm_yr; csr_tws_theilsen_2016_2024_cm_yr; csr_tws_ols_2018_2024_cm_yr; csr_tws_theilsen_2018_2024_cm_yr; cpc_corrected_recent_gws_cm_yr; cpc_corrected_full_gws_cm_yr
Shivaji Nagar,IN,2.5294,1,1.5032,0.1612,2.028223421463545,1.8944741969577117,2.5293794363252093,2.3724806466420305,2.8556285323397437,2.7282785651557995,2.3488063106014874,2.0462193778797033,10,10,1.0,available-robust,csr_tws_ols_2014_2024_cm_yr; csr_tws_theilsen_2014_2024_cm_yr; csr_tws_ols_2015_2024_cm_yr; csr_tws_theilsen_2015_2024_cm_yr; csr_tws_ols_2016_2024_cm_yr; csr_tws_theilsen_2016_2024_cm_yr; csr_tws_ols_2018_2024_cm_yr; csr_tws_theilsen_2018_2024_cm_yr; cpc_corrected_recent_gws_cm_yr; cpc_corrected_full_gws_cm_yr
Caracas,VE,1.2007,1,2.4225,1.7408,0.8965559216971157,0.8724360672068727,1.2007253594039853,1.1372590578674542,1.2825004892839489,1.1619380297747268,1.0126223974635316,0.9425173928239935,10,10,1.0,available-robust,csr_tws_ols_2014_2024_cm_yr; csr_tws_theilsen_2014_2024_cm_yr; csr_tws_ols_2015_2024_cm_yr; csr_tws_theilsen_2015_2024_cm_yr; csr_tws_ols_2016_2024_cm_yr; csr_tws_theilsen_2016_2024_cm_yr; csr_tws_ols_2018_2024_cm_yr; csr_tws_theilsen_2018_2024_cm_yr; cpc_corrected_recent_gws_cm_yr; cpc_corrected_full_gws_cm_yr
Baoshan,CN,0.4075,1,-0.2487,-0.1473,0.43883363935627645,0.41329329114452223,0.40748825307823755,0.3912109869077025,0.39474826832122256,0.3808520078957806,0.24281520684557995,0.18830360679138874,10,8,0.8,available-robust,csr_tws_ols_2014_2024_cm_yr; csr_tws_theilsen_2014_2024_cm_yr; csr_tws_ols_2015_2024_cm_yr; csr_tws_theilsen_2015_2024_cm_yr; csr_tws_ols_2016_2024_cm_yr; csr_tws_theilsen_2016_2024_cm_yr; csr_tws_ols_2018_2024_cm_yr; csr_tws_theilsen_2018_2024_cm_yr; cpc_corrected_recent_gws_cm_yr; cpc_corrected_full_gws_cm_yr
Handan,CN,2.7657,1,1.416,-2.8552,1.5581922255478224,1.4187834512066417,2.765671068841639,2.575020823155361,3.8001229675926735,3.530161277619028,6.347624728609588,5.601904223622574,10,9,0.9,available-robust,csr_tws_ols_2014_2024_cm_yr; csr_tws_theilsen_2014_2024_cm_yr; csr_tws_ols_2015_2024_cm_yr; csr_tws_theilsen_2015_2024_cm_yr; csr_tws_ols_2016_2024_cm_yr; csr_tws_theilsen_2016_2024_cm_yr; csr_tws_ols_2018_2024_cm_yr; csr_tws_theilsen_2018_2024_cm_yr; cpc_corrected_recent_gws_cm_yr; cpc_corrected_full_gws_cm_yr
Indore,IN,2.336,1,1.3918,0.4095,1.5462930389612926,1.5682022200789825,2.3360208946338856,2.42715766680933,3.3230096809210736,3.3824593705682484,3.8213528953087947,3.669018212107208,10,10,1.0,available-robust,csr_tws_ols_2014_2024_cm_yr; csr_tws_theilsen_2014_2024_cm_yr; csr_tws_ols_2015_2024_cm_yr; csr_tws_theilsen_2015_2024_cm_yr; csr_tws_ols_2016_2024_cm_yr; csr_tws_theilsen_2016_2024_cm_yr; csr_tws_ols_2018_2024_cm_yr; csr_tws_theilsen_2018_2024_cm_yr; cpc_corrected_recent_gws_cm_yr; cpc_corrected_full_gws_cm_yr
Depok,ID,0.2499,1,0.2957,-0.2341,0.22550493282087858,0.2728349325366186,0.24991381135119606,0.2818127829039515,0.15562384105816013,0.22007041119837845,0.5141055899297617,0.5227791864598903,10,9,0.9,available-robust,csr_tws_ols_2014_2024_cm_yr; csr_tws_theilsen_2014_2024_cm_yr; csr_tws_ols_2015_2024_cm_yr; csr_tws_theilsen_2015_2024_cm_yr; csr_tws_ols_2016_2024_cm_yr; csr_tws_theilsen_2016_2024_cm_yr; csr_tws_ols_2018_2024_cm_yr; csr_tws_theilsen_2018_2024_cm_yr; cpc_corrected_recent_gws_cm_yr; cpc_corrected_full_gws_cm_yr
Kolwezi,CD,0.5986,1,0.341,0.4379,0.6458655487876057,0.528143771203261,0.5986429846676337,0.4207203156283391,0.4882429724079285,0.26836743306982913,0.20753506649616035,-0.06603073993355896,10,9,0.9,available-robust,csr_tws_ols_2014_2024_cm_yr; csr_tws_theilsen_2014_2024_cm_yr; csr_tws_ols_2015_2024_cm_yr; csr_tws_theilsen_2015_2024_cm_yr; csr_tws_ols_2016_2024_cm_yr; csr_tws_theilsen_2016_2024_cm_yr; csr_tws_ols_2018_2024_cm_yr; csr_tws_theilsen_2018_2024_cm_yr; cpc_corrected_recent_gws_cm_yr; cpc_corrected_full_gws_cm_yr
Taichung,TW,0.0511,1,1.9068,0.6934,0.06633245053421505,0.06413521743082384,0.051135566450736344,0.058274394623892764,-0.05503341575480516,-0.009104306390481483,-0.22538557778264495,-0.07324831177991761,10,6,0.6,available-probable,csr_tws_ols_2014_2024_cm_yr; csr_tws_theilsen_2014_2024_cm_yr; csr_tws_ols_2015_2024_cm_yr; csr_tws_theilsen_2015_2024_cm_yr; csr_tws_ols_2016_2024_cm_yr; csr_tws_theilsen_2016_2024_cm_yr; csr_tws_ols_2018_2024_cm_yr; csr_tws_theilsen_2018_2024_cm_yr; cpc_corrected_recent_gws_cm_yr; cpc_corrected_full_gws_cm_yr
Pune,IN,2.5294,1,1.5032,0.1612,2.028223421463545,1.8944741969577117,2.5293794363252093,2.3724806466420305,2.8556285323397437,2.7282785651557995,2.3488063106014874,2.0462193778797033,10,10,1.0,available-robust,csr_tws_ols_2014_2024_cm_yr; csr_tws_theilsen_2014_2024_cm_yr; csr_tws_ols_2015_2024_cm_yr; csr_tws_theilsen_2015_2024_cm_yr; csr_tws_ols_2016_2024_cm_yr; csr_tws_theilsen_2016_2024_cm_yr; csr_tws_ols_2018_2024_cm_yr; csr_tws_theilsen_2018_2024_cm_yr; cpc_corrected_recent_gws_cm_yr; cpc_corrected_full_gws_cm_yr
Aurangabad,IN,2.7271,1,1.8924,0.4848,2.151627007419148,2.109726019544153,2.727077977304598,2.6403920184818306,3.1347644412549354,3.0413952068278682,2.5569269242952237,2.359569153361665,10,10,1.0,available-robust,csr_tws_ols_2014_2024_cm_yr; csr_tws_theilsen_2014_2024_cm_yr; csr_tws_ols_2015_2024_cm_yr; csr_tws_theilsen_2015_2024_cm_yr; csr_tws_ols_2016_2024_cm_yr; csr_tws_theilsen_2016_2024_cm_yr; csr_tws_ols_2018_2024_cm_yr; csr_tws_theilsen_2018_2024_cm_yr; cpc_corrected_recent_gws_cm_yr; cpc_corrected_full_gws_cm_yr
Shenyang,CN,1.7943,1,-0.6103,-0.6853,1.3151461698130271,1.4481765062355532,1.7942624810034529,1.81229738648932,1.896916207107768,1.8877516448502494,3.0186293737233303,2.7739232796662403,10,8,0.8,available-robust,csr_tws_ols_2014_2024_cm_yr; csr_tws_theilsen_2014_2024_cm_yr; csr_tws_ols_2015_2024_cm_yr; csr_tws_theilsen_2015_2024_cm_yr; csr_tws_ols_2016_2024_cm_yr; csr_tws_theilsen_2016_2024_cm_yr; csr_tws_ols_2018_2024_cm_yr; csr_tws_theilsen_2018_2024_cm_yr; cpc_corrected_recent_gws_cm_yr; cpc_corrected_full_gws_cm_yr
Kuala Lumpur,MY,0.8591,1,0.5027,0.0217,0.8552808679734959,0.8533463642608812,0.8591375840212514,0.8591886215017955,0.7266940470071507,0.7070653508930033,0.6042301371830671,0.6120044615134684,10,10,1.0,available-robust,csr_tws_ols_2014_2024_cm_yr; csr_tws_theilsen_2014_2024_cm_yr; csr_tws_ols_2015_2024_cm_yr; csr_tws_theilsen_2015_2024_cm_yr; csr_tws_ols_2016_2024_cm_yr; csr_tws_theilsen_2016_2024_cm_yr; csr_tws_ols_2018_2024_cm_yr; csr_tws_theilsen_2018_2024_cm_yr; cpc_corrected_recent_gws_cm_yr; cpc_corrected_full_gws_cm_yr
Blantyre,MW,0.1713,1,0.1847,-0.0578,0.2517154961202698,0.13204850039340515,0.17130043445585308,0.05155695883261194,0.8151643652268307,0.4698151360000199,0.8389942288472707,0.4558948153139498,10,9,0.9,available-robust,csr_tws_ols_2014_2024_cm_yr; csr_tws_theilsen_2014_2024_cm_yr; csr_tws_ols_2015_2024_cm_yr; csr_tws_theilsen_2015_2024_cm_yr; csr_tws_ols_2016_2024_cm_yr; csr_tws_theilsen_2016_2024_cm_yr; csr_tws_ols_2018_2024_cm_yr; csr_tws_theilsen_2018_2024_cm_yr; cpc_corrected_recent_gws_cm_yr; cpc_corrected_full_gws_cm_yr
Xuchang,CN,1.526,1,0.7163,-1.2052,1.534860521400057,1.6624967488087332,1.5260497277724687,1.7557663272815733,2.471249540090382,2.6084471231697726,3.6446610611404187,3.6567494232161986,10,9,0.9,available-robust,csr_tws_ols_2014_2024_cm_yr; csr_tws_theilsen_2014_2024_cm_yr; csr_tws_ols_2015_2024_cm_yr; csr_tws_theilsen_2015_2024_cm_yr; csr_tws_ols_2016_2024_cm_yr; csr_tws_theilsen_2016_2024_cm_yr; csr_tws_ols_2018_2024_cm_yr; csr_tws_theilsen_2018_2024_cm_yr; cpc_corrected_recent_gws_cm_yr; cpc_corrected_full_gws_cm_yr
Anshan,CN,1.7737,1,-0.512,-0.7517,1.3854346904481456,1.5478112709536889,1.7737122821410225,1.8710960784059223,1.889857335183584,2.0119400480171503,3.2181289338905636,3.0930915324207033,10,8,0.8,available-robust,csr_tws_ols_2014_2024_cm_yr; csr_tws_theilsen_2014_2024_cm_yr; csr_tws_ols_2015_2024_cm_yr; csr_tws_theilsen_2015_2024_cm_yr; csr_tws_ols_2016_2024_cm_yr; csr_tws_theilsen_2016_2024_cm_yr; csr_tws_ols_2018_2024_cm_yr; csr_tws_theilsen_2018_2024_cm_yr; cpc_corrected_recent_gws_cm_yr; cpc_corrected_full_gws_cm_yr
Lubumbashi,CD,0.5065,1,0.7877,0.589,0.4478005886601535,0.21671772973862613,0.5065379119034791,0.213625966917134,0.44450805081429723,0.0715696015923276,-0.10909699344064311,-0.3092963248173265,10,8,0.8,available-robust,csr_tws_ols_2014_2024_cm_yr; csr_tws_theilsen_2014_2024_cm_yr; csr_tws_ols_2015_2024_cm_yr; csr_tws_theilsen_2015_2024_cm_yr; csr_tws_ols_2016_2024_cm_yr; csr_tws_theilsen_2016_2024_cm_yr; csr_tws_ols_2018_2024_cm_yr; csr_tws_theilsen_2018_2024_cm_yr; cpc_corrected_recent_gws_cm_yr; cpc_corrected_full_gws_cm_yr
Addis Ababa,ET,2.3129,1,1.5916,0.5382,1.8890569712451257,1.8964895759221558,2.312878735689813,2.313089244996516,2.5420979036345863,2.5654700596456785,2.5156230434553497,2.58366789957906,10,10,1.0,available-robust,csr_tws_ols_2014_2024_cm_yr; csr_tws_theilsen_2014_2024_cm_yr; csr_tws_ols_2015_2024_cm_yr; csr_tws_theilsen_2015_2024_cm_yr; csr_tws_ols_2016_2024_cm_yr; csr_tws_theilsen_2016_2024_cm_yr; csr_tws_ols_2018_2024_cm_yr; csr_tws_theilsen_2018_2024_cm_yr; cpc_corrected_recent_gws_cm_yr; cpc_corrected_full_gws_cm_yr
Comilla,BD,0.5728,1,0.2794,-0.8127,0.5065500332002366,0.2596782238394625,0.5727725561921829,0.2479776921966403,0.5041009233295153,0.03352928161621094,-0.3758856276921321,-0.8117390418882553,10,7,0.7,available-probable,csr_tws_ols_2014_2024_cm_yr; csr_tws_theilsen_2014_2024_cm_yr; csr_tws_ols_2015_2024_cm_yr; csr_tws_theilsen_2015_2024_cm_yr; csr_tws_ols_2016_2024_cm_yr; csr_tws_theilsen_2016_2024_cm_yr; csr_tws_ols_2018_2024_cm_yr; csr_tws_theilsen_2018_2024_cm_yr; cpc_corrected_recent_gws_cm_yr; cpc_corrected_full_gws_cm_yr
Jerusalem,IL,0.2634,1,0.4559,-0.1116,0.21739770331858704,0.2554896733921268,0.2633666700157919,0.2904129854198191,0.3353153022455001,0.3687744224624367,0.24277170500545464,0.2868378048343158,10,9,0.9,available-robust,csr_tws_ols_2014_2024_cm_yr; csr_tws_theilsen_2014_2024_cm_yr; csr_tws_ols_2015_2024_cm_yr; csr_tws_theilsen_2015_2024_cm_yr; csr_tws_ols_2016_2024_cm_yr; csr_tws_theilsen_2016_2024_cm_yr; csr_tws_ols_2018_2024_cm_yr; csr_tws_theilsen_2018_2024_cm_yr; cpc_corrected_recent_gws_cm_yr; cpc_corrected_full_gws_cm_yr
Pyongyang,KP,1.418,1,-0.3421,-0.5259,1.1237642369752645,1.0704653935132866,1.4179709132302862,1.3645209396736746,1.4353375914179058,1.334981002981541,2.1483405053882922,1.8398649954824866,10,8,0.8,available-robust,csr_tws_ols_2014_2024_cm_yr; csr_tws_theilsen_2014_2024_cm_yr; csr_tws_ols_2015_2024_cm_yr; csr_tws_theilsen_2015_2024_cm_yr; csr_tws_ols_2016_2024_cm_yr; csr_tws_theilsen_2016_2024_cm_yr; csr_tws_ols_2018_2024_cm_yr; csr_tws_theilsen_2018_2024_cm_yr; cpc_corrected_recent_gws_cm_yr; cpc_corrected_full_gws_cm_yr
Kyoto,JP,0.664,1,0.9277,0.2142,0.5840690229875195,0.592844478052112,0.6640299516388748,0.6714530760975019,0.8432371306741986,0.8172553589945881,1.0419232904016453,1.0138485760482263,10,10,1.0,available-robust,csr_tws_ols_2014_2024_cm_yr; csr_tws_theilsen_2014_2024_cm_yr; csr_tws_ols_2015_2024_cm_yr; csr_tws_theilsen_2015_2024_cm_yr; csr_tws_ols_2016_2024_cm_yr; csr_tws_theilsen_2016_2024_cm_yr; csr_tws_ols_2018_2024_cm_yr; csr_tws_theilsen_2018_2024_cm_yr; cpc_corrected_recent_gws_cm_yr; cpc_corrected_full_gws_cm_yr
Malang,ID,0.2774,1,0.8793,0.3185,0.15285916415330297,0.1904943394083104,0.2774269824293926,0.2977746758850225,0.31044776426999204,0.33144514608702874,0.11988287675246406,0.18387894629604068,10,10,1.0,available-robust,csr_tws_ols_2014_2024_cm_yr; csr_tws_theilsen_2014_2024_cm_yr; csr_tws_ols_2015_2024_cm_yr; csr_tws_theilsen_2015_2024_cm_yr; csr_tws_ols_2016_2024_cm_yr; csr_tws_theilsen_2016_2024_cm_yr; csr_tws_ols_2018_2024_cm_yr; csr_tws_theilsen_2018_2024_cm_yr; cpc_corrected_recent_gws_cm_yr; cpc_corrected_full_gws_cm_yr
Medellín,CO,0.5965,1,-0.0835,-0.2965,0.46918954424369524,0.4675709828391781,0.5965137817004661,0.5610299447770895,0.4466665554886587,0.36871528239451734,0.20683013241312942,0.18952424353487568,10,8,0.8,available-robust,csr_tws_ols_2014_2024_cm_yr; csr_tws_theilsen_2014_2024_cm_yr; csr_tws_ols_2015_2024_cm_yr; csr_tws_theilsen_2015_2024_cm_yr; csr_tws_ols_2016_2024_cm_yr; csr_tws_theilsen_2016_2024_cm_yr; csr_tws_ols_2018_2024_cm_yr; csr_tws_theilsen_2018_2024_cm_yr; cpc_corrected_recent_gws_cm_yr; cpc_corrected_full_gws_cm_yr
Damascus,SY,0.1822,1,0.6442,-0.0353,0.22141325994426792,0.19129195547764524,0.18215624036528866,0.13767043226045245,0.23832818227373748,0.2034755378114785,-0.017862539316555844,-0.01260068195472972,10,7,0.7,available-probable,csr_tws_ols_2014_2024_cm_yr; csr_tws_theilsen_2014_2024_cm_yr; csr_tws_ols_2015_2024_cm_yr; csr_tws_theilsen_2015_2024_cm_yr; csr_tws_ols_2016_2024_cm_yr; csr_tws_theilsen_2016_2024_cm_yr; csr_tws_ols_2018_2024_cm_yr; csr_tws_theilsen_2018_2024_cm_yr; cpc_corrected_recent_gws_cm_yr; cpc_corrected_full_gws_cm_yr
Gwangju,KR,0.3956,1,0.1464,0.0856,0.3109430891809003,0.3136921871422684,0.39564808540800406,0.36639566819930014,0.4405853276393049,0.39551570912848466,0.2826525804816098,0.23432537178828725,10,10,1.0,available-robust,csr_tws_ols_2014_2024_cm_yr; csr_tws_theilsen_2014_2024_cm_yr; csr_tws_ols_2015_2024_cm_yr; csr_tws_theilsen_2015_2024_cm_yr; csr_tws_ols_2016_2024_cm_yr; csr_tws_theilsen_2016_2024_cm_yr; csr_tws_ols_2018_2024_cm_yr; csr_tws_theilsen_2018_2024_cm_yr; cpc_corrected_recent_gws_cm_yr; cpc_corrected_full_gws_cm_yr
Amman,JO,0.2634,1,0.3532,-0.1142,0.21739770331858704,0.2554896733921268,0.2633666700157919,0.2904129854198191,0.3353153022455001,0.3687744224624367,0.24277170500545464,0.2868378048343158,10,9,0.9,available-robust,csr_tws_ols_2014_2024_cm_yr; csr_tws_theilsen_2014_2024_cm_yr; csr_tws_ols_2015_2024_cm_yr; csr_tws_theilsen_2015_2024_cm_yr; csr_tws_ols_2016_2024_cm_yr; csr_tws_theilsen_2016_2024_cm_yr; csr_tws_ols_2018_2024_cm_yr; csr_tws_theilsen_2018_2024_cm_yr; cpc_corrected_recent_gws_cm_yr; cpc_corrected_full_gws_cm_yr
Puning,CN,0.0714,1,-0.0265,0.3957,0.05496229656124984,0.09855478976906251,0.07135251384929146,0.14904956726978624,-0.3937154999175305,-0.21807644662727377,0.7435438038884605,0.8085409545102282,10,7,0.7,available-probable,csr_tws_ols_2014_2024_cm_yr; csr_tws_theilsen_2014_2024_cm_yr; csr_tws_ols_2015_2024_cm_yr; csr_tws_theilsen_2015_2024_cm_yr; csr_tws_ols_2016_2024_cm_yr; csr_tws_theilsen_2016_2024_cm_yr; csr_tws_ols_2018_2024_cm_yr; csr_tws_theilsen_2018_2024_cm_yr; cpc_corrected_recent_gws_cm_yr; cpc_corrected_full_gws_cm_yr
Qingyang,CN,0.2095,1,-0.443,-0.5282,0.10127918885519765,0.04039490704143302,0.20950560230400123,0.11189617386098374,0.331838036872962,0.19258638023994612,-0.26950222746212565,-0.23498348852101178,10,6,0.6,available-probable,csr_tws_ols_2014_2024_cm_yr; csr_tws_theilsen_2014_2024_cm_yr; csr_tws_ols_2015_2024_cm_yr; csr_tws_theilsen_2015_2024_cm_yr; csr_tws_ols_2016_2024_cm_yr; csr_tws_theilsen_2016_2024_cm_yr; csr_tws_ols_2018_2024_cm_yr; csr_tws_theilsen_2018_2024_cm_yr; cpc_corrected_recent_gws_cm_yr; cpc_corrected_full_gws_cm_yr
Salem,IN,2.2328,1,0.8572,-0.3383,2.0149957237127136,2.113757003295907,2.2327538151439588,2.3748827209171557,2.8366970557149878,2.967880768276104,3.982847366342021,3.9737808245224935,10,9,0.9,available-robust,csr_tws_ols_2014_2024_cm_yr; csr_tws_theilsen_2014_2024_cm_yr; csr_tws_ols_2015_2024_cm_yr; csr_tws_theilsen_2015_2024_cm_yr; csr_tws_ols_2016_2024_cm_yr; csr_tws_theilsen_2016_2024_cm_yr; csr_tws_ols_2018_2024_cm_yr; csr_tws_theilsen_2018_2024_cm_yr; cpc_corrected_recent_gws_cm_yr; cpc_corrected_full_gws_cm_yr
Kunming,CN,0.1242,1,0.4846,0.0657,0.21073023193225437,0.19483908106672476,0.12421759273798834,0.13021308810957002,-0.0027454215714984224,0.009725274591338656,-0.5362377331672625,-0.39391130034028754,10,7,0.7,available-probable,csr_tws_ols_2014_2024_cm_yr; csr_tws_theilsen_2014_2024_cm_yr; csr_tws_ols_2015_2024_cm_yr; csr_tws_theilsen_2015_2024_cm_yr; csr_tws_ols_2016_2024_cm_yr; csr_tws_theilsen_2016_2024_cm_yr; csr_tws_ols_2018_2024_cm_yr; csr_tws_theilsen_2018_2024_cm_yr; cpc_corrected_recent_gws_cm_yr; cpc_corrected_full_gws_cm_yr
Tiruppur,IN,1.306,1,-0.0075,-0.6834,1.2937618561895567,1.4367009365060426,1.3059726521288113,1.4748897881740173,1.9024208854861566,1.978798909112811,2.4426846805792732,2.33530672165236,10,8,0.8,available-robust,csr_tws_ols_2014_2024_cm_yr; csr_tws_theilsen_2014_2024_cm_yr; csr_tws_ols_2015_2024_cm_yr; csr_tws_theilsen_2015_2024_cm_yr; csr_tws_ols_2016_2024_cm_yr; csr_tws_theilsen_2016_2024_cm_yr; csr_tws_ols_2018_2024_cm_yr; csr_tws_theilsen_2018_2024_cm_yr; cpc_corrected_recent_gws_cm_yr; cpc_corrected_full_gws_cm_yr
Fushun,CN,1.9705,1,-0.2652,-0.5891,1.5353663084161062,1.6500663591932563,1.9704876233888176,1.9828688490682336,1.9943242959249419,1.9943733958142984,3.1815881824738677,2.9980509204041965,10,8,0.8,available-robust,csr_tws_ols_2014_2024_cm_yr; csr_tws_theilsen_2014_2024_cm_yr; csr_tws_ols_2015_2024_cm_yr; csr_tws_theilsen_2015_2024_cm_yr; csr_tws_ols_2016_2024_cm_yr; csr_tws_theilsen_2016_2024_cm_yr; csr_tws_ols_2018_2024_cm_yr; csr_tws_theilsen_2018_2024_cm_yr; cpc_corrected_recent_gws_cm_yr; cpc_corrected_full_gws_cm_yr
Meishan,CN,0.7209,1,0.005,0.4035,0.6128502017527719,0.5661056748697959,0.7209277408754486,0.6680982457885366,0.7278246599195528,0.6498134678472484,0.255926401371401,0.17809267964937975,10,10,1.0,available-robust,csr_tws_ols_2014_2024_cm_yr; csr_tws_theilsen_2014_2024_cm_yr; csr_tws_ols_2015_2024_cm_yr; csr_tws_theilsen_2015_2024_cm_yr; csr_tws_ols_2016_2024_cm_yr; csr_tws_theilsen_2016_2024_cm_yr; csr_tws_ols_2018_2024_cm_yr; csr_tws_theilsen_2018_2024_cm_yr; cpc_corrected_recent_gws_cm_yr; cpc_corrected_full_gws_cm_yr
Tangshan,CN,0.9489,1,-0.6359,-0.6676,0.6052734264565959,0.6667105247474691,0.9488699802318361,1.0076853548106133,1.1350874371519033,1.215065313714145,1.9105584572298302,1.856894196438351,10,8,0.8,available-robust,csr_tws_ols_2014_2024_cm_yr; csr_tws_theilsen_2014_2024_cm_yr; csr_tws_ols_2015_2024_cm_yr; csr_tws_theilsen_2015_2024_cm_yr; csr_tws_ols_2016_2024_cm_yr; csr_tws_theilsen_2016_2024_cm_yr; csr_tws_ols_2018_2024_cm_yr; csr_tws_theilsen_2018_2024_cm_yr; cpc_corrected_recent_gws_cm_yr; cpc_corrected_full_gws_cm_yr
Weifang,CN,1.4478,1,-0.3455,-1.1293,1.100071224728919,1.2689846192929761,1.4477711032786476,1.6533670087109251,2.0428458240030065,2.2874552420160668,3.821546415475063,3.8028577384664985,10,8,0.8,available-robust,csr_tws_ols_2014_2024_cm_yr; csr_tws_theilsen_2014_2024_cm_yr; csr_tws_ols_2015_2024_cm_yr; csr_tws_theilsen_2015_2024_cm_yr; csr_tws_ols_2016_2024_cm_yr; csr_tws_theilsen_2016_2024_cm_yr; csr_tws_ols_2018_2024_cm_yr; csr_tws_theilsen_2018_2024_cm_yr; cpc_corrected_recent_gws_cm_yr; cpc_corrected_full_gws_cm_yr
Soweto,ZA,0.8554,1,1.0064,0.0057,0.47972890464400864,0.5369634473703844,0.8554446870319924,0.8997364199538207,1.1066784326058157,1.1398522860765326,1.512449504121391,1.5533463953943656,10,10,1.0,available-robust,csr_tws_ols_2014_2024_cm_yr; csr_tws_theilsen_2014_2024_cm_yr; csr_tws_ols_2015_2024_cm_yr; csr_tws_theilsen_2015_2024_cm_yr; csr_tws_ols_2016_2024_cm_yr; csr_tws_theilsen_2016_2024_cm_yr; csr_tws_ols_2018_2024_cm_yr; csr_tws_theilsen_2018_2024_cm_yr; cpc_corrected_recent_gws_cm_yr; cpc_corrected_full_gws_cm_yr
Lucknow,IN,1.095,1,0.0416,-0.757,0.28742952528986976,0.26417990711241446,1.0950484595684624,1.0964100888889086,1.799764278673021,1.781807649083883,2.8941884525881743,2.3894747317622604,10,9,0.9,available-robust,csr_tws_ols_2014_2024_cm_yr; csr_tws_theilsen_2014_2024_cm_yr; csr_tws_ols_2015_2024_cm_yr; csr_tws_theilsen_2015_2024_cm_yr; csr_tws_ols_2016_2024_cm_yr; csr_tws_theilsen_2016_2024_cm_yr; csr_tws_ols_2018_2024_cm_yr; csr_tws_theilsen_2018_2024_cm_yr; cpc_corrected_recent_gws_cm_yr; cpc_corrected_full_gws_cm_yr
Xining,CN,0.6531,1,-0.6862,0.0173,0.6247612814901986,0.41690854470403066,0.6531007177883795,0.40905626867125877,0.5929893068892825,0.26192090362028153,-0.7371445627212231,-0.7135727613574137,10,7,0.7,available-probable,csr_tws_ols_2014_2024_cm_yr; csr_tws_theilsen_2014_2024_cm_yr; csr_tws_ols_2015_2024_cm_yr; csr_tws_theilsen_2015_2024_cm_yr; csr_tws_ols_2016_2024_cm_yr; csr_tws_theilsen_2016_2024_cm_yr; csr_tws_ols_2018_2024_cm_yr; csr_tws_theilsen_2018_2024_cm_yr; cpc_corrected_recent_gws_cm_yr; cpc_corrected_full_gws_cm_yr
Daejeon,KR,0.59,1,-0.3657,-0.2104,0.48019480468153425,0.399170191924035,0.5899921787325625,0.5038568517077654,0.6711220844696529,0.538202978740745,0.9781563862940055,0.7281150565569894,10,8,0.8,available-robust,csr_tws_ols_2014_2024_cm_yr; csr_tws_theilsen_2014_2024_cm_yr; csr_tws_ols_2015_2024_cm_yr; csr_tws_theilsen_2015_2024_cm_yr; csr_tws_ols_2016_2024_cm_yr; csr_tws_theilsen_2016_2024_cm_yr; csr_tws_ols_2018_2024_cm_yr; csr_tws_theilsen_2018_2024_cm_yr; cpc_corrected_recent_gws_cm_yr; cpc_corrected_full_gws_cm_yr
Dodoma,TZ,2.8545,1,2.9428,0.6851,2.696853220484628,2.507647705770127,2.854459416342687,2.6365303042583257,2.8062099240308847,2.5629832341285983,2.8346857448989606,2.635324982292869,10,10,1.0,available-robust,csr_tws_ols_2014_2024_cm_yr; csr_tws_theilsen_2014_2024_cm_yr; csr_tws_ols_2015_2024_cm_yr; csr_tws_theilsen_2015_2024_cm_yr; csr_tws_ols_2016_2024_cm_yr; csr_tws_theilsen_2016_2024_cm_yr; csr_tws_ols_2018_2024_cm_yr; csr_tws_theilsen_2018_2024_cm_yr; cpc_corrected_recent_gws_cm_yr; cpc_corrected_full_gws_cm_yr
Gwalior,IN,1.1912,1,0.5389,-0.7231,0.39400116145421155,0.3648721274693594,1.1912246945073892,1.1270612068944983,1.973974365450117,1.8171212918289463,2.49802514882266,1.9508029647011222,10,9,0.9,available-robust,csr_tws_ols_2014_2024_cm_yr; csr_tws_theilsen_2014_2024_cm_yr; csr_tws_ols_2015_2024_cm_yr; csr_tws_theilsen_2015_2024_cm_yr; csr_tws_ols_2016_2024_cm_yr; csr_tws_theilsen_2016_2024_cm_yr; csr_tws_ols_2018_2024_cm_yr; csr_tws_theilsen_2018_2024_cm_yr; cpc_corrected_recent_gws_cm_yr; cpc_corrected_full_gws_cm_yr
Johannesburg,ZA,0.8554,1,1.0488,0.0326,0.47972890464400864,0.5369634473703844,0.8554446870319924,0.8997364199538207,1.1066784326058157,1.1398522860765326,1.512449504121391,1.5533463953943656,10,10,1.0,available-robust,csr_tws_ols_2014_2024_cm_yr; csr_tws_theilsen_2014_2024_cm_yr; csr_tws_ols_2015_2024_cm_yr; csr_tws_theilsen_2015_2024_cm_yr; csr_tws_ols_2016_2024_cm_yr; csr_tws_theilsen_2016_2024_cm_yr; csr_tws_ols_2018_2024_cm_yr; csr_tws_theilsen_2018_2024_cm_yr; cpc_corrected_recent_gws_cm_yr; cpc_corrected_full_gws_cm_yr
Zarqa,JO,0.2634,1,0.2769,-0.2184,0.21739770331858704,0.2554896733921268,0.2633666700157919,0.2904129854198191,0.3353153022455001,0.3687744224624367,0.24277170500545464,0.2868378048343158,10,9,0.9,available-robust,csr_tws_ols_2014_2024_cm_yr; csr_tws_theilsen_2014_2024_cm_yr; csr_tws_ols_2015_2024_cm_yr; csr_tws_theilsen_2015_2024_cm_yr; csr_tws_ols_2016_2024_cm_yr; csr_tws_theilsen_2016_2024_cm_yr; csr_tws_ols_2018_2024_cm_yr; csr_tws_theilsen_2018_2024_cm_yr; cpc_corrected_recent_gws_cm_yr; cpc_corrected_full_gws_cm_yr
Sanhe,CN,1.0174,1,-0.5969,-0.945,0.6116597707708281,0.7039393325881469,1.0174182237001426,1.1110166258227943,1.2532770528707018,1.3804039440781337,2.2810225751463773,2.1261887466695564,10,8,0.8,available-robust,csr_tws_ols_2014_2024_cm_yr; csr_tws_theilsen_2014_2024_cm_yr; csr_tws_ols_2015_2024_cm_yr; csr_tws_theilsen_2015_2024_cm_yr; csr_tws_ols_2016_2024_cm_yr; csr_tws_theilsen_2016_2024_cm_yr; csr_tws_ols_2018_2024_cm_yr; csr_tws_theilsen_2018_2024_cm_yr; cpc_corrected_recent_gws_cm_yr; cpc_corrected_full_gws_cm_yr
Rājkot,IN,1.2249,1,0.0009,-0.2018,0.8672250653677035,0.7998587538675082,1.2249095968644275,1.1335196669899155,1.6486228028099705,1.5331694619537386,1.7747525334933212,1.5785005709194222,10,9,0.9,available-robust,csr_tws_ols_2014_2024_cm_yr; csr_tws_theilsen_2014_2024_cm_yr; csr_tws_ols_2015_2024_cm_yr; csr_tws_theilsen_2015_2024_cm_yr; csr_tws_ols_2016_2024_cm_yr; csr_tws_theilsen_2016_2024_cm_yr; csr_tws_ols_2018_2024_cm_yr; csr_tws_theilsen_2018_2024_cm_yr; cpc_corrected_recent_gws_cm_yr; cpc_corrected_full_gws_cm_yr
Bandung,ID,0.1929,1,0.3897,-0.0736,0.19552847702758844,0.1858354184813122,0.192908843352257,0.19336555898189545,0.1639612369337647,0.15269231981701384,0.2750203192659147,0.20132261281310088,10,9,0.9,available-robust,csr_tws_ols_2014_2024_cm_yr; csr_tws_theilsen_2014_2024_cm_yr; csr_tws_ols_2015_2024_cm_yr; csr_tws_theilsen_2015_2024_cm_yr; csr_tws_ols_2016_2024_cm_yr; csr_tws_theilsen_2016_2024_cm_yr; csr_tws_ols_2018_2024_cm_yr; csr_tws_theilsen_2018_2024_cm_yr; cpc_corrected_recent_gws_cm_yr; cpc_corrected_full_gws_cm_yr
Zhaotong,CN,0.3715,1,0.8705,0.004,0.3733415255558015,0.407496802780155,0.371498324865986,0.40649905644673445,0.27095590530472513,0.2793344932075009,-0.07318537300822492,0.026773430981944492,10,9,0.9,available-robust,csr_tws_ols_2014_2024_cm_yr; csr_tws_theilsen_2014_2024_cm_yr; csr_tws_ols_2015_2024_cm_yr; csr_tws_theilsen_2015_2024_cm_yr; csr_tws_ols_2016_2024_cm_yr; csr_tws_theilsen_2016_2024_cm_yr; csr_tws_ols_2018_2024_cm_yr; csr_tws_theilsen_2018_2024_cm_yr; cpc_corrected_recent_gws_cm_yr; cpc_corrected_full_gws_cm_yr
Ashgabat,TM,1.2063,1,1.4772,0.3198,1.0995652761640238,1.0886369267885794,1.2062528723459218,1.2410801420072104,1.2965408485006868,1.301949424021905,1.5537847712566404,1.4755270773642042,10,10,1.0,available-robust,csr_tws_ols_2014_2024_cm_yr; csr_tws_theilsen_2014_2024_cm_yr; csr_tws_ols_2015_2024_cm_yr; csr_tws_theilsen_2015_2024_cm_yr; csr_tws_ols_2016_2024_cm_yr; csr_tws_theilsen_2016_2024_cm_yr; csr_tws_ols_2018_2024_cm_yr; csr_tws_theilsen_2018_2024_cm_yr; cpc_corrected_recent_gws_cm_yr; cpc_corrected_full_gws_cm_yr
Mianyang,CN,0.4989,1,-0.0452,0.4614,0.44747175032204134,0.4174048507845295,0.4988774265741341,0.4620033975167399,0.5015407396987331,0.4165578285987342,-0.2570178996157128,-0.2833609965347226,10,7,0.7,available-probable,csr_tws_ols_2014_2024_cm_yr; csr_tws_theilsen_2014_2024_cm_yr; csr_tws_ols_2015_2024_cm_yr; csr_tws_theilsen_2015_2024_cm_yr; csr_tws_ols_2016_2024_cm_yr; csr_tws_theilsen_2016_2024_cm_yr; csr_tws_ols_2018_2024_cm_yr; csr_tws_theilsen_2018_2024_cm_yr; cpc_corrected_recent_gws_cm_yr; cpc_corrected_full_gws_cm_yr
Dhanbad,IN,0.6117,1,-0.1191,-0.5866,0.36561667193070835,0.42333885583631004,0.6116535587101847,0.6264753253198967,1.0192008835378599,0.9453459212829819,0.2733396942709069,0.30661682171480587,10,8,0.8,available-robust,csr_tws_ols_2014_2024_cm_yr; csr_tws_theilsen_2014_2024_cm_yr; csr_tws_ols_2015_2024_cm_yr; csr_tws_theilsen_2015_2024_cm_yr; csr_tws_ols_2016_2024_cm_yr; csr_tws_theilsen_2016_2024_cm_yr; csr_tws_ols_2018_2024_cm_yr; csr_tws_theilsen_2018_2024_cm_yr; cpc_corrected_recent_gws_cm_yr; cpc_corrected_full_gws_cm_yr
Ahmedabad,IN,1.128,1,0.0384,0.1817,0.690941242850043,0.6372621046573468,1.1279540097529774,1.1100613402592323,1.7622973436712024,1.6462152786210864,1.8846942338280481,1.7639283092229032,10,10,1.0,available-robust,csr_tws_ols_2014_2024_cm_yr; csr_tws_theilsen_2014_2024_cm_yr; csr_tws_ols_2015_2024_cm_yr; csr_tws_theilsen_2015_2024_cm_yr; csr_tws_ols_2016_2024_cm_yr; csr_tws_theilsen_2016_2024_cm_yr; csr_tws_ols_2018_2024_cm_yr; csr_tws_theilsen_2018_2024_cm_yr; cpc_corrected_recent_gws_cm_yr; cpc_corrected_full_gws_cm_yr
Hubballi,IN,2.2387,1,0.98,-0.0502,1.7444036483049845,1.8069200538406398,2.2386894387489273,2.2656576900869356,2.7212804500781496,2.672149658203125,2.386704684095658,2.3330976023659993,10,9,0.9,available-robust,csr_tws_ols_2014_2024_cm_yr; csr_tws_theilsen_2014_2024_cm_yr; csr_tws_ols_2015_2024_cm_yr; csr_tws_theilsen_2015_2024_cm_yr; csr_tws_ols_2016_2024_cm_yr; csr_tws_theilsen_2016_2024_cm_yr; csr_tws_ols_2018_2024_cm_yr; csr_tws_theilsen_2018_2024_cm_yr; cpc_corrected_recent_gws_cm_yr; cpc_corrected_full_gws_cm_yr
Xingtai,CN,2.0652,1,0.7031,-2.3825,0.9284604343879068,1.1277369442115746,2.0652448011176303,2.0846647469367894,2.6061669501173834,2.679075612016778,4.784248844551229,4.36600979051444,10,9,0.9,available-robust,csr_tws_ols_2014_2024_cm_yr; csr_tws_theilsen_2014_2024_cm_yr; csr_tws_ols_2015_2024_cm_yr; csr_tws_theilsen_2015_2024_cm_yr; csr_tws_ols_2016_2024_cm_yr; csr_tws_theilsen_2016_2024_cm_yr; csr_tws_ols_2018_2024_cm_yr; csr_tws_theilsen_2018_2024_cm_yr; cpc_corrected_recent_gws_cm_yr; cpc_corrected_full_gws_cm_yr
Suzhou,CN,0.1665,1,-0.3377,-0.6892,0.31437774227434134,0.3472706512488041,0.16649260939314442,0.2048043162077872,0.45172030986891365,0.43397177168939893,1.65971106873558,1.2385562059037496,10,8,0.8,available-robust,csr_tws_ols_2014_2024_cm_yr; csr_tws_theilsen_2014_2024_cm_yr; csr_tws_ols_2015_2024_cm_yr; csr_tws_theilsen_2015_2024_cm_yr; csr_tws_ols_2016_2024_cm_yr; csr_tws_theilsen_2016_2024_cm_yr; csr_tws_ols_2018_2024_cm_yr; csr_tws_theilsen_2018_2024_cm_yr; cpc_corrected_recent_gws_cm_yr; cpc_corrected_full_gws_cm_yr
Nairobi,KE,1.1129,1,0.67,0.4391,1.1197300449584076,0.9959170825351149,1.1128695888478721,0.9861285345951863,0.9955108682498732,0.8321660909852854,0.5234749767438399,0.39696327573755186,10,10,1.0,available-robust,csr_tws_ols_2014_2024_cm_yr; csr_tws_theilsen_2014_2024_cm_yr; csr_tws_ols_2015_2024_cm_yr; csr_tws_theilsen_2015_2024_cm_yr; csr_tws_ols_2016_2024_cm_yr; csr_tws_theilsen_2016_2024_cm_yr; csr_tws_ols_2018_2024_cm_yr; csr_tws_theilsen_2018_2024_cm_yr; cpc_corrected_recent_gws_cm_yr; cpc_corrected_full_gws_cm_yr
Coimbatore,IN,1.76,1,-0.5332,-1.2381,1.5791407289130073,1.652203921108057,1.7599861228361506,1.8538869421717328,2.35449741182544,2.3807065749148504,2.562866047159465,2.583560001485896,10,8,0.8,available-robust,csr_tws_ols_2014_2024_cm_yr; csr_tws_theilsen_2014_2024_cm_yr; csr_tws_ols_2015_2024_cm_yr; csr_tws_theilsen_2015_2024_cm_yr; csr_tws_ols_2016_2024_cm_yr; csr_tws_theilsen_2016_2024_cm_yr; csr_tws_ols_2018_2024_cm_yr; csr_tws_theilsen_2018_2024_cm_yr; cpc_corrected_recent_gws_cm_yr; cpc_corrected_full_gws_cm_yr
Nanyang,CN,0.1323,1,-0.6995,-0.1157,0.3372718182604263,0.15163411177086564,0.13225560554537977,-0.0395196091099613,0.305829977539632,0.1668545819329473,0.664910134059479,0.49223599133093543,10,7,0.7,available-probable,csr_tws_ols_2014_2024_cm_yr; csr_tws_theilsen_2014_2024_cm_yr; csr_tws_ols_2015_2024_cm_yr; csr_tws_theilsen_2015_2024_cm_yr; csr_tws_ols_2016_2024_cm_yr; csr_tws_theilsen_2016_2024_cm_yr; csr_tws_ols_2018_2024_cm_yr; csr_tws_theilsen_2018_2024_cm_yr; cpc_corrected_recent_gws_cm_yr; cpc_corrected_full_gws_cm_yr
Suqian,CN,0.2545,1,-0.0163,-0.3585,0.3269517958226959,0.3683242780634969,0.2544883511073597,0.2985913115564519,0.4713173458759778,0.48432803821177695,1.1074863334545857,0.8968369002505734,10,8,0.8,available-robust,csr_tws_ols_2014_2024_cm_yr; csr_tws_theilsen_2014_2024_cm_yr; csr_tws_ols_2015_2024_cm_yr; csr_tws_theilsen_2015_2024_cm_yr; csr_tws_ols_2016_2024_cm_yr; csr_tws_theilsen_2016_2024_cm_yr; csr_tws_ols_2018_2024_cm_yr; csr_tws_theilsen_2018_2024_cm_yr; cpc_corrected_recent_gws_cm_yr; cpc_corrected_full_gws_cm_yr
Zaozhuang,CN,0.5173,1,-0.575,-0.7125,0.5709620600031525,0.6220457212806413,0.5172799907949424,0.5697636351638752,0.9144051867294252,0.9019934725276958,2.3413357054585715,1.9455278449439686,10,8,0.8,available-robust,csr_tws_ols_2014_2024_cm_yr; csr_tws_theilsen_2014_2024_cm_yr; csr_tws_ols_2015_2024_cm_yr; csr_tws_theilsen_2015_2024_cm_yr; csr_tws_ols_2016_2024_cm_yr; csr_tws_theilsen_2016_2024_cm_yr; csr_tws_ols_2018_2024_cm_yr; csr_tws_theilsen_2018_2024_cm_yr; cpc_corrected_recent_gws_cm_yr; cpc_corrected_full_gws_cm_yr
Bijie,CN,0.0892,1,0.3542,0.1637,0.1712602622731672,0.16728422664801385,0.08915889360428249,0.08938740047456621,0.036590912286474604,-0.00033293489715809375,-0.4659871895320667,-0.39574780772401186,10,7,0.7,available-probable,csr_tws_ols_2014_2024_cm_yr; csr_tws_theilsen_2014_2024_cm_yr; csr_tws_ols_2015_2024_cm_yr; csr_tws_theilsen_2015_2024_cm_yr; csr_tws_ols_2016_2024_cm_yr; csr_tws_theilsen_2016_2024_cm_yr; csr_tws_ols_2018_2024_cm_yr; csr_tws_theilsen_2018_2024_cm_yr; cpc_corrected_recent_gws_cm_yr; cpc_corrected_full_gws_cm_yr
Madurai,IN,0.863,1,-0.0768,-0.0437,1.0304826359080113,1.1349591944843826,0.8630230387094386,1.0661198258883724,1.36762182612396,1.4978058365990163,2.185645857302986,2.1413940562458222,10,8,0.8,available-robust,csr_tws_ols_2014_2024_cm_yr; csr_tws_theilsen_2014_2024_cm_yr; csr_tws_ols_2015_2024_cm_yr; csr_tws_theilsen_2015_2024_cm_yr; csr_tws_ols_2016_2024_cm_yr; csr_tws_theilsen_2016_2024_cm_yr; csr_tws_ols_2018_2024_cm_yr; csr_tws_theilsen_2018_2024_cm_yr; cpc_corrected_recent_gws_cm_yr; cpc_corrected_full_gws_cm_yr
Baoding,CN,0.7306,1,-1.1708,-1.2519,0.3764063545371606,0.42967609194208267,0.7306432794357681,0.7825180621069923,0.931195202186314,1.0358593561468525,1.8470942597040862,1.8364083994095863,10,8,0.8,available-robust,csr_tws_ols_2014_2024_cm_yr; csr_tws_theilsen_2014_2024_cm_yr; csr_tws_ols_2015_2024_cm_yr; csr_tws_theilsen_2015_2024_cm_yr; csr_tws_ols_2016_2024_cm_yr; csr_tws_theilsen_2016_2024_cm_yr; csr_tws_ols_2018_2024_cm_yr; csr_tws_theilsen_2018_2024_cm_yr; cpc_corrected_recent_gws_cm_yr; cpc_corrected_full_gws_cm_yr
Pekanbaru,ID,0.389,1,-0.0037,0.2015,0.4206944285954605,0.3671314495317943,0.3889609340252393,0.3265009953411137,0.2525045511139182,0.21161019630184075,0.03469858566205267,0.020265670464975058,10,9,0.9,available-robust,csr_tws_ols_2014_2024_cm_yr; csr_tws_theilsen_2014_2024_cm_yr; csr_tws_ols_2015_2024_cm_yr; csr_tws_theilsen_2015_2024_cm_yr; csr_tws_ols_2016_2024_cm_yr; csr_tws_theilsen_2016_2024_cm_yr; csr_tws_ols_2018_2024_cm_yr; csr_tws_theilsen_2018_2024_cm_yr; cpc_corrected_recent_gws_cm_yr; cpc_corrected_full_gws_cm_yr
Shangqiu,CN,0.9261,1,-0.0293,-1.2143,0.9541094323722921,0.9699117483007884,0.9261040446501474,0.9305986216201998,1.4650853397159866,1.541365157159921,3.1089072451884157,3.007514082162916,10,8,0.8,available-robust,csr_tws_ols_2014_2024_cm_yr; csr_tws_theilsen_2014_2024_cm_yr; csr_tws_ols_2015_2024_cm_yr; csr_tws_theilsen_2015_2024_cm_yr; csr_tws_ols_2016_2024_cm_yr; csr_tws_theilsen_2016_2024_cm_yr; csr_tws_ols_2018_2024_cm_yr; csr_tws_theilsen_2018_2024_cm_yr; cpc_corrected_recent_gws_cm_yr; cpc_corrected_full_gws_cm_yr
Kigali,RW,3.3303,1,3.1017,1.9342,3.176283867592883,3.129489290712077,3.3302968054910136,3.3737510895455074,3.5563902929361633,3.6948051784346907,3.816059796785147,4.070846805109399,10,10,1.0,available-robust,csr_tws_ols_2014_2024_cm_yr; csr_tws_theilsen_2014_2024_cm_yr; csr_tws_ols_2015_2024_cm_yr; csr_tws_theilsen_2015_2024_cm_yr; csr_tws_ols_2016_2024_cm_yr; csr_tws_theilsen_2016_2024_cm_yr; csr_tws_ols_2018_2024_cm_yr; csr_tws_theilsen_2018_2024_cm_yr; cpc_corrected_recent_gws_cm_yr; cpc_corrected_full_gws_cm_yr
Nampula,MZ,0.1819,1,0.9422,0.3181,0.21618774148310693,0.2185049192516202,0.181942577585855,0.20632455555705947,0.6869945773153465,0.4878827648252002,0.5919241598349226,0.42330634897180913,10,10,1.0,available-robust,csr_tws_ols_2014_2024_cm_yr; csr_tws_theilsen_2014_2024_cm_yr; csr_tws_ols_2015_2024_cm_yr; csr_tws_theilsen_2015_2024_cm_yr; csr_tws_ols_2016_2024_cm_yr; csr_tws_theilsen_2016_2024_cm_yr; csr_tws_ols_2018_2024_cm_yr; csr_tws_theilsen_2018_2024_cm_yr; cpc_corrected_recent_gws_cm_yr; cpc_corrected_full_gws_cm_yr
Taiz,YE,0.3041,1,-0.0058,0.2152,0.26963754583775523,0.22299700391690253,0.30413080386258373,0.26287851588494626,0.253877019063316,0.203800331923005,0.00807174603945341,0.016153558096888426,10,9,0.9,available-robust,csr_tws_ols_2014_2024_cm_yr; csr_tws_theilsen_2014_2024_cm_yr; csr_tws_ols_2015_2024_cm_yr; csr_tws_theilsen_2015_2024_cm_yr; csr_tws_ols_2016_2024_cm_yr; csr_tws_theilsen_2016_2024_cm_yr; csr_tws_ols_2018_2024_cm_yr; csr_tws_theilsen_2018_2024_cm_yr; cpc_corrected_recent_gws_cm_yr; cpc_corrected_full_gws_cm_yr
Changchun,CN,1.0533,1,-0.182,-0.6245,0.7543763656797129,0.7790444375955867,1.0532543674929267,0.9992958409188859,1.1638532704037123,1.1059219697647726,1.6513267998267682,1.5250554157690264,10,8,0.8,available-robust,csr_tws_ols_2014_2024_cm_yr; csr_tws_theilsen_2014_2024_cm_yr; csr_tws_ols_2015_2024_cm_yr; csr_tws_theilsen_2015_2024_cm_yr; csr_tws_ols_2016_2024_cm_yr; csr_tws_theilsen_2016_2024_cm_yr; csr_tws_ols_2018_2024_cm_yr; csr_tws_theilsen_2018_2024_cm_yr; cpc_corrected_recent_gws_cm_yr; cpc_corrected_full_gws_cm_yr
Teni,IN,0.7001,1,-1.4451,-1.3703,0.8268919879045861,0.9009238956251024,0.7001300179876974,0.8584009823098228,1.1613638413055585,1.1888714389335642,1.6124520315957571,1.4678578425399655,10,8,0.8,available-robust,csr_tws_ols_2014_2024_cm_yr; csr_tws_theilsen_2014_2024_cm_yr; csr_tws_ols_2015_2024_cm_yr; csr_tws_theilsen_2015_2024_cm_yr; csr_tws_ols_2016_2024_cm_yr; csr_tws_theilsen_2016_2024_cm_yr; csr_tws_ols_2018_2024_cm_yr; csr_tws_theilsen_2018_2024_cm_yr; cpc_corrected_recent_gws_cm_yr; cpc_corrected_full_gws_cm_yr
Ulan Bator,MN,0.7594,1,0.1389,-0.198,0.6044623308266008,0.4973843102837983,0.7593571890244092,0.6371502361096195,0.8443015756729876,0.7368138064852889,1.2495938693705877,1.1382594296224287,10,9,0.9,available-robust,csr_tws_ols_2014_2024_cm_yr; csr_tws_theilsen_2014_2024_cm_yr; csr_tws_ols_2015_2024_cm_yr; csr_tws_theilsen_2015_2024_cm_yr; csr_tws_ols_2016_2024_cm_yr; csr_tws_theilsen_2016_2024_cm_yr; csr_tws_ols_2018_2024_cm_yr; csr_tws_theilsen_2018_2024_cm_yr; cpc_corrected_recent_gws_cm_yr; cpc_corrected_full_gws_cm_yr
Hyderabad,IN,2.9418,1,1.5261,0.5096,2.2132306622252593,2.141516306211792,2.9418162538468695,2.8164322392959082,3.337516400420719,3.2804024237002842,3.2429867411893003,3.2534691131344156,10,10,1.0,available-robust,csr_tws_ols_2014_2024_cm_yr; csr_tws_theilsen_2014_2024_cm_yr; csr_tws_ols_2015_2024_cm_yr; csr_tws_theilsen_2015_2024_cm_yr; csr_tws_ols_2016_2024_cm_yr; csr_tws_theilsen_2016_2024_cm_yr; csr_tws_ols_2018_2024_cm_yr; csr_tws_theilsen_2018_2024_cm_yr; cpc_corrected_recent_gws_cm_yr; cpc_corrected_full_gws_cm_yr
Ibb,YE,0.3041,1,-0.0058,0.2152,0.26963754583775523,0.22299700391690253,0.30413080386258373,0.26287851588494626,0.253877019063316,0.203800331923005,0.00807174603945341,0.016153558096888426,10,9,0.9,available-robust,csr_tws_ols_2014_2024_cm_yr; csr_tws_theilsen_2014_2024_cm_yr; csr_tws_ols_2015_2024_cm_yr; csr_tws_theilsen_2015_2024_cm_yr; csr_tws_ols_2016_2024_cm_yr; csr_tws_theilsen_2016_2024_cm_yr; csr_tws_ols_2018_2024_cm_yr; csr_tws_theilsen_2018_2024_cm_yr; cpc_corrected_recent_gws_cm_yr; cpc_corrected_full_gws_cm_yr
Navi Mumbai,IN,1.4173,1,0.6714,0.1536,1.1014989813466678,1.0664354352552745,1.4173226911249044,1.35480666881993,1.7206980840698376,1.6315254081618595,1.418910172904927,1.302340904523763,10,10,1.0,available-robust,csr_tws_ols_2014_2024_cm_yr; csr_tws_theilsen_2014_2024_cm_yr; csr_tws_ols_2015_2024_cm_yr; csr_tws_theilsen_2015_2024_cm_yr; csr_tws_ols_2016_2024_cm_yr; csr_tws_theilsen_2016_2024_cm_yr; csr_tws_ols_2018_2024_cm_yr; csr_tws_theilsen_2018_2024_cm_yr; cpc_corrected_recent_gws_cm_yr; cpc_corrected_full_gws_cm_yr
Sakai,JP,0.3534,1,0.5973,0.0765,0.3280638132853388,0.3109993105115796,0.35342821062730884,0.34376151001577526,0.4710680086202992,0.4542353837721698,0.573318022202765,0.5606061386736563,10,10,1.0,available-robust,csr_tws_ols_2014_2024_cm_yr; csr_tws_theilsen_2014_2024_cm_yr; csr_tws_ols_2015_2024_cm_yr; csr_tws_theilsen_2015_2024_cm_yr; csr_tws_ols_2016_2024_cm_yr; csr_tws_theilsen_2016_2024_cm_yr; csr_tws_ols_2018_2024_cm_yr; csr_tws_theilsen_2018_2024_cm_yr; cpc_corrected_recent_gws_cm_yr; cpc_corrected_full_gws_cm_yr
Pudong,CN,0.6576,1,1.0186,-0.1161,0.5585627842316045,0.49960353767099464,0.6575565085074072,0.538107556576366,0.7262670550941529,0.5754300057888031,0.7146300291699246,0.5109304255931776,10,9,0.9,available-robust,csr_tws_ols_2014_2024_cm_yr; csr_tws_theilsen_2014_2024_cm_yr; csr_tws_ols_2015_2024_cm_yr; csr_tws_theilsen_2015_2024_cm_yr; csr_tws_ols_2016_2024_cm_yr; csr_tws_theilsen_2016_2024_cm_yr; csr_tws_ols_2018_2024_cm_yr; csr_tws_theilsen_2018_2024_cm_yr; cpc_corrected_recent_gws_cm_yr; cpc_corrected_full_gws_cm_yr
Kawasaki,JP,1.5877,1,1.4811,0.6262,1.367627825964611,1.1099294404442066,1.5877425228251374,1.3171582699868254,1.8772027911081646,1.6087534038345754,2.472664831957815,2.1742677213962365,10,10,1.0,available-robust,csr_tws_ols_2014_2024_cm_yr; csr_tws_theilsen_2014_2024_cm_yr; csr_tws_ols_2015_2024_cm_yr; csr_tws_theilsen_2015_2024_cm_yr; csr_tws_ols_2016_2024_cm_yr; csr_tws_theilsen_2016_2024_cm_yr; csr_tws_ols_2018_2024_cm_yr; csr_tws_theilsen_2018_2024_cm_yr; cpc_corrected_recent_gws_cm_yr; cpc_corrected_full_gws_cm_yr
Taguig,PH,0.3367,1,-0.0749,-0.0017,0.36402454825830377,0.3715894440161791,0.3366501381225175,0.3445605442186195,0.22197004593763,0.22656793701220426,-0.5202212924084131,-0.44857753903909175,10,6,0.6,available-probable,csr_tws_ols_2014_2024_cm_yr; csr_tws_theilsen_2014_2024_cm_yr; csr_tws_ols_2015_2024_cm_yr; csr_tws_theilsen_2015_2024_cm_yr; csr_tws_ols_2016_2024_cm_yr; csr_tws_theilsen_2016_2024_cm_yr; csr_tws_ols_2018_2024_cm_yr; csr_tws_theilsen_2018_2024_cm_yr; cpc_corrected_recent_gws_cm_yr; cpc_corrected_full_gws_cm_yr
Shubrā al Khaymah,EG,0.1375,1,0.1046,-0.2127,0.0868917190841956,0.06408537079550916,0.13749749248643098,0.1189349770731693,0.11596490397430742,0.09427363369808277,0.281341378036207,0.22762690397638374,10,9,0.9,available-robust,csr_tws_ols_2014_2024_cm_yr; csr_tws_theilsen_2014_2024_cm_yr; csr_tws_ols_2015_2024_cm_yr; csr_tws_theilsen_2015_2024_cm_yr; csr_tws_ols_2016_2024_cm_yr; csr_tws_theilsen_2016_2024_cm_yr; csr_tws_ols_2018_2024_cm_yr; csr_tws_theilsen_2018_2024_cm_yr; cpc_corrected_recent_gws_cm_yr; cpc_corrected_full_gws_cm_yr
Yangpu,CN,0.6576,1,1.0186,-0.1161,0.5585627842316045,0.49960353767099464,0.6575565085074072,0.538107556576366,0.7262670550941529,0.5754300057888031,0.7146300291699246,0.5109304255931776,10,9,0.9,available-robust,csr_tws_ols_2014_2024_cm_yr; csr_tws_theilsen_2014_2024_cm_yr; csr_tws_ols_2015_2024_cm_yr; csr_tws_theilsen_2015_2024_cm_yr; csr_tws_ols_2016_2024_cm_yr; csr_tws_theilsen_2016_2024_cm_yr; csr_tws_ols_2018_2024_cm_yr; csr_tws_theilsen_2018_2024_cm_yr; cpc_corrected_recent_gws_cm_yr; cpc_corrected_full_gws_cm_yr
Zamboanga,PH,0.2715,1,-0.5749,0.0829,0.27155168102050914,0.28473535579248643,0.2714533380136546,0.28870828931964854,0.22268376653038266,0.24909317900802935,0.3849084128314397,0.40167910233487614,10,9,0.9,available-robust,csr_tws_ols_2014_2024_cm_yr; csr_tws_theilsen_2014_2024_cm_yr; csr_tws_ols_2015_2024_cm_yr; csr_tws_theilsen_2015_2024_cm_yr; csr_tws_ols_2016_2024_cm_yr; csr_tws_theilsen_2016_2024_cm_yr; csr_tws_ols_2018_2024_cm_yr; csr_tws_theilsen_2018_2024_cm_yr; cpc_corrected_recent_gws_cm_yr; cpc_corrected_full_gws_cm_yr
Rui’an,CN,0.2598,1,0.4569,0.27,0.2320330089148661,0.1907315520335729,0.25978495005748486,0.20450601117199385,0.1574726510592674,0.1191379737897532,0.17914905112105006,0.18681110354963687,10,10,1.0,available-robust,csr_tws_ols_2014_2024_cm_yr; csr_tws_theilsen_2014_2024_cm_yr; csr_tws_ols_2015_2024_cm_yr; csr_tws_theilsen_2015_2024_cm_yr; csr_tws_ols_2016_2024_cm_yr; csr_tws_theilsen_2016_2024_cm_yr; csr_tws_ols_2018_2024_cm_yr; csr_tws_theilsen_2018_2024_cm_yr; cpc_corrected_recent_gws_cm_yr; cpc_corrected_full_gws_cm_yr
Semarang,ID,0.2262,1,-0.2368,0.2377,0.1901852890672848,0.26097579581108526,0.22623904179639154,0.28747298449343994,0.17698753873510886,0.2545594951911989,0.6752506812665079,0.6819332351537359,10,9,0.9,available-robust,csr_tws_ols_2014_2024_cm_yr; csr_tws_theilsen_2014_2024_cm_yr; csr_tws_ols_2015_2024_cm_yr; csr_tws_theilsen_2015_2024_cm_yr; csr_tws_ols_2016_2024_cm_yr; csr_tws_theilsen_2016_2024_cm_yr; csr_tws_ols_2018_2024_cm_yr; csr_tws_theilsen_2018_2024_cm_yr; cpc_corrected_recent_gws_cm_yr; cpc_corrected_full_gws_cm_yr
Padang,ID,0.1255,1,-0.0447,-0.0556,0.16867132004542806,0.11950216212410819,0.12546501422383768,0.06819626252591629,-0.01833252341920021,-0.04433723698031541,-0.17414873692893826,-0.22963260175942934,10,4,0.4,available-sensitive,csr_tws_ols_2014_2024_cm_yr; csr_tws_theilsen_2014_2024_cm_yr; csr_tws_ols_2015_2024_cm_yr; csr_tws_theilsen_2015_2024_cm_yr; csr_tws_ols_2016_2024_cm_yr; csr_tws_theilsen_2016_2024_cm_yr; csr_tws_ols_2018_2024_cm_yr; csr_tws_theilsen_2018_2024_cm_yr; cpc_corrected_recent_gws_cm_yr; cpc_corrected_full_gws_cm_yr
Osaka,JP,0.3534,1,0.4623,0.1468,0.3280638132853388,0.3109993105115796,0.35342821062730884,0.34376151001577526,0.4710680086202992,0.4542353837721698,0.573318022202765,0.5606061386736563,10,10,1.0,available-robust,csr_tws_ols_2014_2024_cm_yr; csr_tws_theilsen_2014_2024_cm_yr; csr_tws_ols_2015_2024_cm_yr; csr_tws_theilsen_2015_2024_cm_yr; csr_tws_ols_2016_2024_cm_yr; csr_tws_theilsen_2016_2024_cm_yr; csr_tws_ols_2018_2024_cm_yr; csr_tws_theilsen_2018_2024_cm_yr; cpc_corrected_recent_gws_cm_yr; cpc_corrected_full_gws_cm_yr
Ra’s Bayrūt,LB,0.1491,1,0.5555,0.2434,0.06268057671902856,0.047125299295945625,0.1490685454375774,0.12260991394424217,0.11995885149193372,0.11443380731206661,-0.018301557847542893,-0.029846946597578854,10,8,0.8,available-robust,csr_tws_ols_2014_2024_cm_yr; csr_tws_theilsen_2014_2024_cm_yr; csr_tws_ols_2015_2024_cm_yr; csr_tws_theilsen_2015_2024_cm_yr; csr_tws_ols_2016_2024_cm_yr; csr_tws_theilsen_2016_2024_cm_yr; csr_tws_ols_2018_2024_cm_yr; csr_tws_theilsen_2018_2024_cm_yr; cpc_corrected_recent_gws_cm_yr; cpc_corrected_full_gws_cm_yr
Cairo,EG,0.1375,1,0.1046,-0.2127,0.0868917190841956,0.06408537079550916,0.13749749248643098,0.1189349770731693,0.11596490397430742,0.09427363369808277,0.281341378036207,0.22762690397638374,10,9,0.9,available-robust,csr_tws_ols_2014_2024_cm_yr; csr_tws_theilsen_2014_2024_cm_yr; csr_tws_ols_2015_2024_cm_yr; csr_tws_theilsen_2015_2024_cm_yr; csr_tws_ols_2016_2024_cm_yr; csr_tws_theilsen_2016_2024_cm_yr; csr_tws_ols_2018_2024_cm_yr; csr_tws_theilsen_2018_2024_cm_yr; cpc_corrected_recent_gws_cm_yr; cpc_corrected_full_gws_cm_yr
Huludao,CN,1.2492,1,-0.8614,-0.641,0.9246168700131764,1.011799645443427,1.2491800812601759,1.2934750640590178,1.374404283853282,1.4151493299964466,2.1131111446632125,2.056841060157838,10,8,0.8,available-robust,csr_tws_ols_2014_2024_cm_yr; csr_tws_theilsen_2014_2024_cm_yr; csr_tws_ols_2015_2024_cm_yr; csr_tws_theilsen_2015_2024_cm_yr; csr_tws_ols_2016_2024_cm_yr; csr_tws_theilsen_2016_2024_cm_yr; csr_tws_ols_2018_2024_cm_yr; csr_tws_theilsen_2018_2024_cm_yr; cpc_corrected_recent_gws_cm_yr; cpc_corrected_full_gws_cm_yr
Yichang,CN,0.1956,1,0.7293,0.4068,0.2929105893772949,0.23721247068257967,0.19563068959603258,0.13525434291455013,0.016519386885321313,-0.02602640935587662,-0.5320722002813392,-0.43116987357934977,10,7,0.7,available-probable,csr_tws_ols_2014_2024_cm_yr; csr_tws_theilsen_2014_2024_cm_yr; csr_tws_ols_2015_2024_cm_yr; csr_tws_theilsen_2015_2024_cm_yr; csr_tws_ols_2016_2024_cm_yr; csr_tws_theilsen_2016_2024_cm_yr; csr_tws_ols_2018_2024_cm_yr; csr_tws_theilsen_2018_2024_cm_yr; cpc_corrected_recent_gws_cm_yr; cpc_corrected_full_gws_cm_yr
Wanzhou,CN,0.8416,1,0.5155,0.3894,0.8193107218554403,0.4708993898779884,0.8416154933400392,0.41400896698650486,0.977900629480196,0.5512222196501619,0.7297240157652612,0.3988368749049245,10,10,1.0,available-robust,csr_tws_ols_2014_2024_cm_yr; csr_tws_theilsen_2014_2024_cm_yr; csr_tws_ols_2015_2024_cm_yr; csr_tws_theilsen_2015_2024_cm_yr; csr_tws_ols_2016_2024_cm_yr; csr_tws_theilsen_2016_2024_cm_yr; csr_tws_ols_2018_2024_cm_yr; csr_tws_theilsen_2018_2024_cm_yr; cpc_corrected_recent_gws_cm_yr; cpc_corrected_full_gws_cm_yr
Aden,YE,0.2321,1,0.2662,0.3294,0.16055179468560218,0.17343183620227068,0.23207382919689032,0.22375015653746066,0.28062008251753984,0.2555453204028569,0.21895611762326758,0.19297304971595722,10,10,1.0,available-robust,csr_tws_ols_2014_2024_cm_yr; csr_tws_theilsen_2014_2024_cm_yr; csr_tws_ols_2015_2024_cm_yr; csr_tws_theilsen_2015_2024_cm_yr; csr_tws_ols_2016_2024_cm_yr; csr_tws_theilsen_2016_2024_cm_yr; csr_tws_ols_2018_2024_cm_yr; csr_tws_theilsen_2018_2024_cm_yr; cpc_corrected_recent_gws_cm_yr; cpc_corrected_full_gws_cm_yr
Bhopal,IN,1.675,1,0.7297,0.2639,0.9244772944562042,1.0182269187142574,1.6749534139281215,1.7836067841297178,2.387828580730766,2.4349883531600964,2.9859422397025064,2.6491488200679534,10,10,1.0,available-robust,csr_tws_ols_2014_2024_cm_yr; csr_tws_theilsen_2014_2024_cm_yr; csr_tws_ols_2015_2024_cm_yr; csr_tws_theilsen_2015_2024_cm_yr; csr_tws_ols_2016_2024_cm_yr; csr_tws_theilsen_2016_2024_cm_yr; csr_tws_ols_2018_2024_cm_yr; csr_tws_theilsen_2018_2024_cm_yr; cpc_corrected_recent_gws_cm_yr; cpc_corrected_full_gws_cm_yr
Kakamega,KE,3.8168,1,2.3966,2.0504,3.5288209678585334,3.4167121960355633,3.8167679699787027,3.678540017503649,3.946763384181085,3.86349174578258,3.676796671442509,3.559721859686214,10,10,1.0,available-robust,csr_tws_ols_2014_2024_cm_yr; csr_tws_theilsen_2014_2024_cm_yr; csr_tws_ols_2015_2024_cm_yr; csr_tws_theilsen_2015_2024_cm_yr; csr_tws_ols_2016_2024_cm_yr; csr_tws_theilsen_2016_2024_cm_yr; csr_tws_ols_2018_2024_cm_yr; csr_tws_theilsen_2018_2024_cm_yr; cpc_corrected_recent_gws_cm_yr; cpc_corrected_full_gws_cm_yr
Lilongwe,MW,1.3916,1,0.5994,-0.0077,1.135529220738782,1.0649407687511105,1.3916444657970328,1.2913676026601726,2.2530969631069673,1.9873852729797363,2.067718800275452,1.6346055942880353,10,9,0.9,available-robust,csr_tws_ols_2014_2024_cm_yr; csr_tws_theilsen_2014_2024_cm_yr; csr_tws_ols_2015_2024_cm_yr; csr_tws_theilsen_2015_2024_cm_yr; csr_tws_ols_2016_2024_cm_yr; csr_tws_theilsen_2016_2024_cm_yr; csr_tws_ols_2018_2024_cm_yr; csr_tws_theilsen_2018_2024_cm_yr; cpc_corrected_recent_gws_cm_yr; cpc_corrected_full_gws_cm_yr
Saitama,JP,1.5877,1,1.4811,0.6262,1.367627825964611,1.1099294404442066,1.5877425228251374,1.3171582699868254,1.8772027911081646,1.6087534038345754,2.472664831957815,2.1742677213962365,10,10,1.0,available-robust,csr_tws_ols_2014_2024_cm_yr; csr_tws_theilsen_2014_2024_cm_yr; csr_tws_ols_2015_2024_cm_yr; csr_tws_theilsen_2015_2024_cm_yr; csr_tws_ols_2016_2024_cm_yr; csr_tws_theilsen_2016_2024_cm_yr; csr_tws_ols_2018_2024_cm_yr; csr_tws_theilsen_2018_2024_cm_yr; cpc_corrected_recent_gws_cm_yr; cpc_corrected_full_gws_cm_yr
Shijiazhuang,CN,2.0652,1,0.585,-2.4636,0.9284604343879068,1.1277369442115746,2.0652448011176303,2.0846647469367894,2.6061669501173834,2.679075612016778,4.784248844551229,4.36600979051444,10,9,0.9,available-robust,csr_tws_ols_2014_2024_cm_yr; csr_tws_theilsen_2014_2024_cm_yr; csr_tws_ols_2015_2024_cm_yr; csr_tws_theilsen_2015_2024_cm_yr; csr_tws_ols_2016_2024_cm_yr; csr_tws_theilsen_2016_2024_cm_yr; csr_tws_ols_2018_2024_cm_yr; csr_tws_theilsen_2018_2024_cm_yr; cpc_corrected_recent_gws_cm_yr; cpc_corrected_full_gws_cm_yr
Kampung Baru Subang,MY,0.8591,1,0.5027,0.0217,0.8552808679734959,0.8533463642608812,0.8591375840212514,0.8591886215017955,0.7266940470071507,0.7070653508930033,0.6042301371830671,0.6120044615134684,10,10,1.0,available-robust,csr_tws_ols_2014_2024_cm_yr; csr_tws_theilsen_2014_2024_cm_yr; csr_tws_ols_2015_2024_cm_yr; csr_tws_theilsen_2015_2024_cm_yr; csr_tws_ols_2016_2024_cm_yr; csr_tws_theilsen_2016_2024_cm_yr; csr_tws_ols_2018_2024_cm_yr; csr_tws_theilsen_2018_2024_cm_yr; cpc_corrected_recent_gws_cm_yr; cpc_corrected_full_gws_cm_yr
Jieyang,CN,0.0714,1,0.1527,0.3409,0.05496229656124984,0.09855478976906251,0.07135251384929146,0.14904956726978624,-0.3937154999175305,-0.21807644662727377,0.7435438038884605,0.8085409545102282,10,8,0.8,available-robust,csr_tws_ols_2014_2024_cm_yr; csr_tws_theilsen_2014_2024_cm_yr; csr_tws_ols_2015_2024_cm_yr; csr_tws_theilsen_2015_2024_cm_yr; csr_tws_ols_2016_2024_cm_yr; csr_tws_theilsen_2016_2024_cm_yr; csr_tws_ols_2018_2024_cm_yr; csr_tws_theilsen_2018_2024_cm_yr; cpc_corrected_recent_gws_cm_yr; cpc_corrected_full_gws_cm_yr
Changzhou,CN,0.0957,1,0.5992,-0.2869,0.18658274708968212,0.19431544453585603,0.0957334871430956,0.13360620582465665,0.14749917664063,0.17245992192443216,0.416713000336201,0.39130296715560053,10,9,0.9,available-robust,csr_tws_ols_2014_2024_cm_yr; csr_tws_theilsen_2014_2024_cm_yr; csr_tws_ols_2015_2024_cm_yr; csr_tws_theilsen_2015_2024_cm_yr; csr_tws_ols_2016_2024_cm_yr; csr_tws_theilsen_2016_2024_cm_yr; csr_tws_ols_2018_2024_cm_yr; csr_tws_theilsen_2018_2024_cm_yr; cpc_corrected_recent_gws_cm_yr; cpc_corrected_full_gws_cm_yr
Shiyan,CN,0.5956,1,-0.132,0.0857,0.6001173477209061,0.39828585608307265,0.5955814304111852,0.3441049900672145,0.760560726715301,0.5211434154131959,0.7985228359242577,0.5366598646853437,10,9,0.9,available-robust,csr_tws_ols_2014_2024_cm_yr; csr_tws_theilsen_2014_2024_cm_yr; csr_tws_ols_2015_2024_cm_yr; csr_tws_theilsen_2015_2024_cm_yr; csr_tws_ols_2016_2024_cm_yr; csr_tws_theilsen_2016_2024_cm_yr; csr_tws_ols_2018_2024_cm_yr; csr_tws_theilsen_2018_2024_cm_yr; cpc_corrected_recent_gws_cm_yr; cpc_corrected_full_gws_cm_yr
Cúcuta,CO,1.5072,1,1.5365,0.1647,1.3187246721278683,1.3435718327503081,1.5071976923608192,1.522731756049795,1.4162239416863922,1.4748325605048418,1.3640591777812727,1.6242377229248026,10,10,1.0,available-robust,csr_tws_ols_2014_2024_cm_yr; csr_tws_theilsen_2014_2024_cm_yr; csr_tws_ols_2015_2024_cm_yr; csr_tws_theilsen_2015_2024_cm_yr; csr_tws_ols_2016_2024_cm_yr; csr_tws_theilsen_2016_2024_cm_yr; csr_tws_ols_2018_2024_cm_yr; csr_tws_theilsen_2018_2024_cm_yr; cpc_corrected_recent_gws_cm_yr; cpc_corrected_full_gws_cm_yr
Yancheng,CN,0.2108,1,0.1099,-0.4337,0.23619679441171865,0.2598170215672819,0.21081009808836007,0.23100979573647207,0.311283373233015,0.3115108051750735,0.5483190881316304,0.4765837465538598,10,9,0.9,available-robust,csr_tws_ols_2014_2024_cm_yr; csr_tws_theilsen_2014_2024_cm_yr; csr_tws_ols_2015_2024_cm_yr; csr_tws_theilsen_2015_2024_cm_yr; csr_tws_ols_2016_2024_cm_yr; csr_tws_theilsen_2016_2024_cm_yr; csr_tws_ols_2018_2024_cm_yr; csr_tws_theilsen_2018_2024_cm_yr; cpc_corrected_recent_gws_cm_yr; cpc_corrected_full_gws_cm_yr
Wuwei,CN,0.0388,1,-0.1851,-0.0722,0.07753382013025091,0.01715864506951172,0.03880834968275901,-0.03151429362253298,-0.0232900388699781,-0.15454086187139476,-0.7570666777648832,-0.6565450569581269,10,3,0.3,available-sensitive,csr_tws_ols_2014_2024_cm_yr; csr_tws_theilsen_2014_2024_cm_yr; csr_tws_ols_2015_2024_cm_yr; csr_tws_theilsen_2015_2024_cm_yr; csr_tws_ols_2016_2024_cm_yr; csr_tws_theilsen_2016_2024_cm_yr; csr_tws_ols_2018_2024_cm_yr; csr_tws_theilsen_2018_2024_cm_yr; cpc_corrected_recent_gws_cm_yr; cpc_corrected_full_gws_cm_yr
Bogor,ID,0.2499,1,0.2124,-0.2162,0.22550493282087858,0.2728349325366186,0.24991381135119606,0.2818127829039515,0.15562384105816013,0.22007041119837845,0.5141055899297617,0.5227791864598903,10,9,0.9,available-robust,csr_tws_ols_2014_2024_cm_yr; csr_tws_theilsen_2014_2024_cm_yr; csr_tws_ols_2015_2024_cm_yr; csr_tws_theilsen_2015_2024_cm_yr; csr_tws_ols_2016_2024_cm_yr; csr_tws_theilsen_2016_2024_cm_yr; csr_tws_ols_2018_2024_cm_yr; csr_tws_theilsen_2018_2024_cm_yr; cpc_corrected_recent_gws_cm_yr; cpc_corrected_full_gws_cm_yr
Cheongju-si,KR,0.59,1,-1.0496,-0.2812,0.48019480468153425,0.399170191924035,0.5899921787325625,0.5038568517077654,0.6711220844696529,0.538202978740745,0.9781563862940055,0.7281150565569894,10,8,0.8,available-robust,csr_tws_ols_2014_2024_cm_yr; csr_tws_theilsen_2014_2024_cm_yr; csr_tws_ols_2015_2024_cm_yr; csr_tws_theilsen_2015_2024_cm_yr; csr_tws_ols_2016_2024_cm_yr; csr_tws_theilsen_2016_2024_cm_yr; csr_tws_ols_2018_2024_cm_yr; csr_tws_theilsen_2018_2024_cm_yr; cpc_corrected_recent_gws_cm_yr; cpc_corrected_full_gws_cm_yr
Yixing,CN,0.0957,1,0.656,-0.418,0.18658274708968212,0.19431544453585603,0.0957334871430956,0.13360620582465665,0.14749917664063,0.17245992192443216,0.416713000336201,0.39130296715560053,10,9,0.9,available-robust,csr_tws_ols_2014_2024_cm_yr; csr_tws_theilsen_2014_2024_cm_yr; csr_tws_ols_2015_2024_cm_yr; csr_tws_theilsen_2015_2024_cm_yr; csr_tws_ols_2016_2024_cm_yr; csr_tws_theilsen_2016_2024_cm_yr; csr_tws_ols_2018_2024_cm_yr; csr_tws_theilsen_2018_2024_cm_yr; cpc_corrected_recent_gws_cm_yr; cpc_corrected_full_gws_cm_yr
Tegucigalpa,HN,0.2957,1,-0.9504,-0.3385,0.05723266790815276,0.22203634119002186,0.29573750723158887,0.45499415491153217,0.5079195039077791,0.7094452220462614,0.7317918810367855,0.9282697721289045,10,8,0.8,available-robust,csr_tws_ols_2014_2024_cm_yr; csr_tws_theilsen_2014_2024_cm_yr; csr_tws_ols_2015_2024_cm_yr; csr_tws_theilsen_2015_2024_cm_yr; csr_tws_ols_2016_2024_cm_yr; csr_tws_theilsen_2016_2024_cm_yr; csr_tws_ols_2018_2024_cm_yr; csr_tws_theilsen_2018_2024_cm_yr; cpc_corrected_recent_gws_cm_yr; cpc_corrected_full_gws_cm_yr
Benxi,CN,1.9705,1,0.0017,-0.531,1.5353663084161062,1.6500663591932563,1.9704876233888176,1.9828688490682336,1.9943242959249419,1.9943733958142984,3.1815881824738677,2.9980509204041965,10,9,0.9,available-robust,csr_tws_ols_2014_2024_cm_yr; csr_tws_theilsen_2014_2024_cm_yr; csr_tws_ols_2015_2024_cm_yr; csr_tws_theilsen_2015_2024_cm_yr; csr_tws_ols_2016_2024_cm_yr; csr_tws_theilsen_2016_2024_cm_yr; csr_tws_ols_2018_2024_cm_yr; csr_tws_theilsen_2018_2024_cm_yr; cpc_corrected_recent_gws_cm_yr; cpc_corrected_full_gws_cm_yr
Longyan,CN,-0.5993,-1,-0.1322,-0.1481,-0.5416080449736808,-0.5156055197553475,-0.599288417875958,-0.5563370832313994,-1.002930126760748,-0.8788492629438571,0.5608087192819284,0.6180536827462777,10,8,0.8,available-robust,csr_tws_ols_2014_2024_cm_yr; csr_tws_theilsen_2014_2024_cm_yr; csr_tws_ols_2015_2024_cm_yr; csr_tws_theilsen_2015_2024_cm_yr; csr_tws_ols_2016_2024_cm_yr; csr_tws_theilsen_2016_2024_cm_yr; csr_tws_ols_2018_2024_cm_yr; csr_tws_theilsen_2018_2024_cm_yr; cpc_corrected_recent_gws_cm_yr; cpc_corrected_full_gws_cm_yr
Guang’an,CN,0.8708,1,0.6757,0.3613,0.8165141426682428,0.6316182360447027,0.8707640049304278,0.6577118988502002,1.0639587489764384,0.8123462417802618,0.6714977453022071,0.5359533322855765,10,10,1.0,available-robust,csr_tws_ols_2014_2024_cm_yr; csr_tws_theilsen_2014_2024_cm_yr; csr_tws_ols_2015_2024_cm_yr; csr_tws_theilsen_2015_2024_cm_yr; csr_tws_ols_2016_2024_cm_yr; csr_tws_theilsen_2016_2024_cm_yr; csr_tws_ols_2018_2024_cm_yr; csr_tws_theilsen_2018_2024_cm_yr; cpc_corrected_recent_gws_cm_yr; cpc_corrected_full_gws_cm_yr
Wanxian,CN,0.8416,1,0.5155,0.3894,0.8193107218554403,0.4708993898779884,0.8416154933400392,0.41400896698650486,0.977900629480196,0.5512222196501619,0.7297240157652612,0.3988368749049245,10,10,1.0,available-robust,csr_tws_ols_2014_2024_cm_yr; csr_tws_theilsen_2014_2024_cm_yr; csr_tws_ols_2015_2024_cm_yr; csr_tws_theilsen_2015_2024_cm_yr; csr_tws_ols_2016_2024_cm_yr; csr_tws_theilsen_2016_2024_cm_yr; csr_tws_ols_2018_2024_cm_yr; csr_tws_theilsen_2018_2024_cm_yr; cpc_corrected_recent_gws_cm_yr; cpc_corrected_full_gws_cm_yr
Seongnam-si,KR,0.6391,1,-1.0403,-0.0107,0.4782017335971143,0.47197413037408853,0.6391104410057146,0.6262618776219868,0.6663273585517847,0.6217189164482053,0.7298593715605035,0.6400497954229984,10,8,0.8,available-robust,csr_tws_ols_2014_2024_cm_yr; csr_tws_theilsen_2014_2024_cm_yr; csr_tws_ols_2015_2024_cm_yr; csr_tws_theilsen_2015_2024_cm_yr; csr_tws_ols_2016_2024_cm_yr; csr_tws_theilsen_2016_2024_cm_yr; csr_tws_ols_2018_2024_cm_yr; csr_tws_theilsen_2018_2024_cm_yr; cpc_corrected_recent_gws_cm_yr; cpc_corrected_full_gws_cm_yr
Xiamen,CN,-0.1349,-1,-0.1334,0.3807,-0.12161180428508116,-0.09756584366787438,-0.13488479567098519,-0.10174938924297734,-0.4794901268992423,-0.34306565688558005,0.497430504135098,0.6368554873898378,10,7,0.7,available-probable,csr_tws_ols_2014_2024_cm_yr; csr_tws_theilsen_2014_2024_cm_yr; csr_tws_ols_2015_2024_cm_yr; csr_tws_theilsen_2015_2024_cm_yr; csr_tws_ols_2016_2024_cm_yr; csr_tws_theilsen_2016_2024_cm_yr; csr_tws_ols_2018_2024_cm_yr; csr_tws_theilsen_2018_2024_cm_yr; cpc_corrected_recent_gws_cm_yr; cpc_corrected_full_gws_cm_yr
Weihai,CN,1.0586,1,-0.8343,-0.3533,0.7122439192376909,0.8273350043531422,1.0585513262000845,1.1506822797810656,1.3989523456449604,1.443874124090156,2.170258796946447,2.202271333312643,10,8,0.8,available-robust,csr_tws_ols_2014_2024_cm_yr; csr_tws_theilsen_2014_2024_cm_yr; csr_tws_ols_2015_2024_cm_yr; csr_tws_theilsen_2015_2024_cm_yr; csr_tws_ols_2016_2024_cm_yr; csr_tws_theilsen_2016_2024_cm_yr; csr_tws_ols_2018_2024_cm_yr; csr_tws_theilsen_2018_2024_cm_yr; cpc_corrected_recent_gws_cm_yr; cpc_corrected_full_gws_cm_yr
Kobe,JP,0.3534,1,0.5973,0.0765,0.3280638132853388,0.3109993105115796,0.35342821062730884,0.34376151001577526,0.4710680086202992,0.4542353837721698,0.573318022202765,0.5606061386736563,10,10,1.0,available-robust,csr_tws_ols_2014_2024_cm_yr; csr_tws_theilsen_2014_2024_cm_yr; csr_tws_ols_2015_2024_cm_yr; csr_tws_theilsen_2015_2024_cm_yr; csr_tws_ols_2016_2024_cm_yr; csr_tws_theilsen_2016_2024_cm_yr; csr_tws_ols_2018_2024_cm_yr; csr_tws_theilsen_2018_2024_cm_yr; cpc_corrected_recent_gws_cm_yr; cpc_corrected_full_gws_cm_yr
Bazhong,CN,0.688,1,-0.0161,0.4876,0.6374149608622763,0.48571405055957395,0.688007058698123,0.5107477583765412,0.8459349312852226,0.6504068021673415,0.43837885408292726,0.3337445873044267,10,9,0.9,available-robust,csr_tws_ols_2014_2024_cm_yr; csr_tws_theilsen_2014_2024_cm_yr; csr_tws_ols_2015_2024_cm_yr; csr_tws_theilsen_2015_2024_cm_yr; csr_tws_ols_2016_2024_cm_yr; csr_tws_theilsen_2016_2024_cm_yr; csr_tws_ols_2018_2024_cm_yr; csr_tws_theilsen_2018_2024_cm_yr; cpc_corrected_recent_gws_cm_yr; cpc_corrected_full_gws_cm_yr
Zunyi,CN,-0.5637,-1,-0.4462,0.1433,-0.3211839953264202,-0.2667896739827165,-0.5636787262738674,-0.49837201855064983,-0.6734883482437478,-0.609137986607179,-1.2913892531264628,-1.0641934866568206,10,9,0.9,available-robust,csr_tws_ols_2014_2024_cm_yr; csr_tws_theilsen_2014_2024_cm_yr; csr_tws_ols_2015_2024_cm_yr; csr_tws_theilsen_2015_2024_cm_yr; csr_tws_ols_2016_2024_cm_yr; csr_tws_theilsen_2016_2024_cm_yr; csr_tws_ols_2018_2024_cm_yr; csr_tws_theilsen_2018_2024_cm_yr; cpc_corrected_recent_gws_cm_yr; cpc_corrected_full_gws_cm_yr
Montréal,CA,-0.1184,-1,1.7764,1.1854,0.012340950685632828,-0.032071348616710085,-0.11843547561243642,-0.14172170124088715,-0.22938572520301864,-0.2374522998932641,-0.32417611687065034,-0.3132251144027692,10,7,0.7,available-probable,csr_tws_ols_2014_2024_cm_yr; csr_tws_theilsen_2014_2024_cm_yr; csr_tws_ols_2015_2024_cm_yr; csr_tws_theilsen_2015_2024_cm_yr; csr_tws_ols_2016_2024_cm_yr; csr_tws_theilsen_2016_2024_cm_yr; csr_tws_ols_2018_2024_cm_yr; csr_tws_theilsen_2018_2024_cm_yr; cpc_corrected_recent_gws_cm_yr; cpc_corrected_full_gws_cm_yr
La Paz,BO,-0.9263,-1,-0.6745,-1.0442,-0.8191198433155903,-0.8843609986549815,-0.926338221730505,-1.0094996946762795,-0.9005236135198907,-0.9910004121901166,-1.3382818680272264,-1.3457821513448227,10,10,1.0,available-robust,csr_tws_ols_2014_2024_cm_yr; csr_tws_theilsen_2014_2024_cm_yr; csr_tws_ols_2015_2024_cm_yr; csr_tws_theilsen_2015_2024_cm_yr; csr_tws_ols_2016_2024_cm_yr; csr_tws_theilsen_2016_2024_cm_yr; csr_tws_ols_2018_2024_cm_yr; csr_tws_theilsen_2018_2024_cm_yr; cpc_corrected_recent_gws_cm_yr; cpc_corrected_full_gws_cm_yr
Yantai,CN,1.0586,1,-1.3581,-0.5001,0.7122439192376909,0.8273350043531422,1.0585513262000845,1.1506822797810656,1.3989523456449604,1.443874124090156,2.170258796946447,2.202271333312643,10,8,0.8,available-robust,csr_tws_ols_2014_2024_cm_yr; csr_tws_theilsen_2014_2024_cm_yr; csr_tws_ols_2015_2024_cm_yr; csr_tws_theilsen_2015_2024_cm_yr; csr_tws_ols_2016_2024_cm_yr; csr_tws_theilsen_2016_2024_cm_yr; csr_tws_ols_2018_2024_cm_yr; csr_tws_theilsen_2018_2024_cm_yr; cpc_corrected_recent_gws_cm_yr; cpc_corrected_full_gws_cm_yr
Bukavu,CD,2.157,1,1.5723,0.4295,2.0274627534757794,1.9704184883672617,2.156984235890497,2.1665995134498433,2.2875525252788473,2.3321359342116788,3.0014067090802756,2.9614739196284017,10,10,1.0,available-robust,csr_tws_ols_2014_2024_cm_yr; csr_tws_theilsen_2014_2024_cm_yr; csr_tws_ols_2015_2024_cm_yr; csr_tws_theilsen_2015_2024_cm_yr; csr_tws_ols_2016_2024_cm_yr; csr_tws_theilsen_2016_2024_cm_yr; csr_tws_ols_2018_2024_cm_yr; csr_tws_theilsen_2018_2024_cm_yr; cpc_corrected_recent_gws_cm_yr; cpc_corrected_full_gws_cm_yr
Guiyang,CN,-0.4032,-1,-0.4066,0.1446,-0.20613425952827502,-0.22616801562242542,-0.4031959685608759,-0.4045172703903413,-0.44667308109913556,-0.4793071864562975,-0.9015572633070178,-0.8500662426902295,10,9,0.9,available-robust,csr_tws_ols_2014_2024_cm_yr; csr_tws_theilsen_2014_2024_cm_yr; csr_tws_ols_2015_2024_cm_yr; csr_tws_theilsen_2015_2024_cm_yr; csr_tws_ols_2016_2024_cm_yr; csr_tws_theilsen_2016_2024_cm_yr; csr_tws_ols_2018_2024_cm_yr; csr_tws_theilsen_2018_2024_cm_yr; cpc_corrected_recent_gws_cm_yr; cpc_corrected_full_gws_cm_yr
Isfahan,IR,-0.136,-1,-0.3493,-0.3667,-0.16348403918716495,-0.2296513691232892,-0.1359772546630958,-0.22588795695021557,-0.22176631772738464,-0.32905153687079425,-0.6150049748642761,-0.7556774142891223,10,10,1.0,available-robust,csr_tws_ols_2014_2024_cm_yr; csr_tws_theilsen_2014_2024_cm_yr; csr_tws_ols_2015_2024_cm_yr; csr_tws_theilsen_2015_2024_cm_yr; csr_tws_ols_2016_2024_cm_yr; csr_tws_theilsen_2016_2024_cm_yr; csr_tws_ols_2018_2024_cm_yr; csr_tws_theilsen_2018_2024_cm_yr; cpc_corrected_recent_gws_cm_yr; cpc_corrected_full_gws_cm_yr
Quetta,PK,-0.3758,-1,-2.5765,-1.0518,-0.4906490630856464,-0.41312016301112087,-0.3757979574830094,-0.2747969025569398,-0.3205376254778043,-0.18951406230713702,0.1275066687483704,0.1957624877673093,10,8,0.8,available-robust,csr_tws_ols_2014_2024_cm_yr; csr_tws_theilsen_2014_2024_cm_yr; csr_tws_ols_2015_2024_cm_yr; csr_tws_theilsen_2015_2024_cm_yr; csr_tws_ols_2016_2024_cm_yr; csr_tws_theilsen_2016_2024_cm_yr; csr_tws_ols_2018_2024_cm_yr; csr_tws_theilsen_2018_2024_cm_yr; cpc_corrected_recent_gws_cm_yr; cpc_corrected_full_gws_cm_yr
Ürümqi,CN,-3.8585,-1,-3.3624,-1.698,-3.2512195481960027,-3.4875788068468614,-3.858505224753812,-4.010409445944646,-4.484926102571366,-4.5279053623301975,-4.813641063745964,-4.882611159802503,10,10,1.0,available-robust,csr_tws_ols_2014_2024_cm_yr; csr_tws_theilsen_2014_2024_cm_yr; csr_tws_ols_2015_2024_cm_yr; csr_tws_theilsen_2015_2024_cm_yr; csr_tws_ols_2016_2024_cm_yr; csr_tws_theilsen_2016_2024_cm_yr; csr_tws_ols_2018_2024_cm_yr; csr_tws_theilsen_2018_2024_cm_yr; cpc_corrected_recent_gws_cm_yr; cpc_corrected_full_gws_cm_yr
Qom,IR,-0.769,-1,-0.5727,-0.8083,-0.6576632296561792,-0.7319796328447017,-0.768975790633099,-0.8852542650682649,-1.0731461052647577,-1.2360843492130014,-1.9922927255832723,-2.2046498180316263,10,10,1.0,available-robust,csr_tws_ols_2014_2024_cm_yr; csr_tws_theilsen_2014_2024_cm_yr; csr_tws_ols_2015_2024_cm_yr; csr_tws_theilsen_2015_2024_cm_yr; csr_tws_ols_2016_2024_cm_yr; csr_tws_theilsen_2016_2024_cm_yr; csr_tws_ols_2018_2024_cm_yr; csr_tws_theilsen_2018_2024_cm_yr; cpc_corrected_recent_gws_cm_yr; cpc_corrected_full_gws_cm_yr
Shiraz,IR,-1.3286,-1,-1.3302,-1.1234,-1.2194604510431801,-1.1614988330714309,-1.3285801285730603,-1.3293503550573087,-1.7255192143553315,-1.7864808618156143,-3.0979537028274304,-2.950778194499237,10,10,1.0,available-robust,csr_tws_ols_2014_2024_cm_yr; csr_tws_theilsen_2014_2024_cm_yr; csr_tws_ols_2015_2024_cm_yr; csr_tws_theilsen_2015_2024_cm_yr; csr_tws_ols_2016_2024_cm_yr; csr_tws_theilsen_2016_2024_cm_yr; csr_tws_ols_2018_2024_cm_yr; csr_tws_theilsen_2018_2024_cm_yr; cpc_corrected_recent_gws_cm_yr; cpc_corrected_full_gws_cm_yr
Jodhpur,IN,-2.6459,-1,-3.2883,-2.3457,-2.8017744572915597,-3.2377226996612745,-2.645924960669174,-3.0834204519260244,-2.1733545580451232,-2.7565097281287545,-0.3292029828702982,-1.179062546412868,10,10,1.0,available-robust,csr_tws_ols_2014_2024_cm_yr; csr_tws_theilsen_2014_2024_cm_yr; csr_tws_ols_2015_2024_cm_yr; csr_tws_theilsen_2015_2024_cm_yr; csr_tws_ols_2016_2024_cm_yr; csr_tws_theilsen_2016_2024_cm_yr; csr_tws_ols_2018_2024_cm_yr; csr_tws_theilsen_2018_2024_cm_yr; cpc_corrected_recent_gws_cm_yr; cpc_corrected_full_gws_cm_yr
Sanaa,YE,-0.1163,-1,-1.0002,-0.3703,-0.1257890793093091,-0.0781229063193867,-0.11632278774426334,-0.05393585142151122,-0.21201485282502036,-0.16083134301337718,-0.3901932069226677,-0.35162047793298185,10,10,1.0,available-robust,csr_tws_ols_2014_2024_cm_yr; csr_tws_theilsen_2014_2024_cm_yr; csr_tws_ols_2015_2024_cm_yr; csr_tws_theilsen_2015_2024_cm_yr; csr_tws_ols_2016_2024_cm_yr; csr_tws_theilsen_2016_2024_cm_yr; csr_tws_ols_2018_2024_cm_yr; csr_tws_theilsen_2018_2024_cm_yr; cpc_corrected_recent_gws_cm_yr; cpc_corrected_full_gws_cm_yr
Bishkek,KG,-0.6183,-1,1.2189,0.0568,-0.4338230108488649,-0.46918293003336664,-0.6182888124718144,-0.6281450856734054,-1.0059602444991245,-0.9879016076882107,-0.7759687559285845,-0.8219518692190273,10,8,0.8,available-robust,csr_tws_ols_2014_2024_cm_yr; csr_tws_theilsen_2014_2024_cm_yr; csr_tws_ols_2015_2024_cm_yr; csr_tws_theilsen_2015_2024_cm_yr; csr_tws_ols_2016_2024_cm_yr; csr_tws_theilsen_2016_2024_cm_yr; csr_tws_ols_2018_2024_cm_yr; csr_tws_theilsen_2018_2024_cm_yr; cpc_corrected_recent_gws_cm_yr; cpc_corrected_full_gws_cm_yr
Konya,TR,-3.7459,-1,-3.1697,-0.7965,-3.0852996111981055,-3.2463912557289993,-3.745905906247911,-3.7543731891826924,-4.004985093975943,-3.9874795785565036,-5.510586499534629,-5.363573830390912,10,10,1.0,available-robust,csr_tws_ols_2014_2024_cm_yr; csr_tws_theilsen_2014_2024_cm_yr; csr_tws_ols_2015_2024_cm_yr; csr_tws_theilsen_2015_2024_cm_yr; csr_tws_ols_2016_2024_cm_yr; csr_tws_theilsen_2016_2024_cm_yr; csr_tws_ols_2018_2024_cm_yr; csr_tws_theilsen_2018_2024_cm_yr; cpc_corrected_recent_gws_cm_yr; cpc_corrected_full_gws_cm_yr
Mashhad,IR,-0.0141,-1,0.3233,-0.4277,-0.043053173946204476,-0.07527060441301825,-0.01413094366205047,-0.04447047578721644,-0.1022080030422253,-0.15511024395686643,-0.6290381137351069,-0.5969488182523612,10,9,0.9,available-robust,csr_tws_ols_2014_2024_cm_yr; csr_tws_theilsen_2014_2024_cm_yr; csr_tws_ols_2015_2024_cm_yr; csr_tws_theilsen_2015_2024_cm_yr; csr_tws_ols_2016_2024_cm_yr; csr_tws_theilsen_2016_2024_cm_yr; csr_tws_ols_2018_2024_cm_yr; csr_tws_theilsen_2018_2024_cm_yr; cpc_corrected_recent_gws_cm_yr; cpc_corrected_full_gws_cm_yr
Gorakhpur,IN,-8.4765,-1,-8.6361,-7.5788,-8.399597311995056,-8.374848657832658,-8.47648671582355,-8.400111842387235,-7.649212008280624,-7.654514971487305,-7.4200283599422034,-7.332532740931463,10,10,1.0,available-robust,csr_tws_ols_2014_2024_cm_yr; csr_tws_theilsen_2014_2024_cm_yr; csr_tws_ols_2015_2024_cm_yr; csr_tws_theilsen_2015_2024_cm_yr; csr_tws_ols_2016_2024_cm_yr; csr_tws_theilsen_2016_2024_cm_yr; csr_tws_ols_2018_2024_cm_yr; csr_tws_theilsen_2018_2024_cm_yr; cpc_corrected_recent_gws_cm_yr; cpc_corrected_full_gws_cm_yr
Sulaymaniyah,IQ,-1.2696,-1,-0.3336,-1.5302,-0.8516393587343027,-1.1924489341384867,-1.2696154900362657,-1.6559883056192186,-2.306282618529869,-2.6040745326211887,-4.059969598648322,-4.235121389996886,10,10,1.0,available-robust,csr_tws_ols_2014_2024_cm_yr; csr_tws_theilsen_2014_2024_cm_yr; csr_tws_ols_2015_2024_cm_yr; csr_tws_theilsen_2015_2024_cm_yr; csr_tws_ols_2016_2024_cm_yr; csr_tws_theilsen_2016_2024_cm_yr; csr_tws_ols_2018_2024_cm_yr; csr_tws_theilsen_2018_2024_cm_yr; cpc_corrected_recent_gws_cm_yr; cpc_corrected_full_gws_cm_yr
Shymkent,KZ,-0.7951,-1,-0.3883,-0.1094,-0.605621592392042,-0.57311361451282,-0.7951335404157955,-0.7662336823965645,-1.1357941744873372,-1.070401146291187,-0.7846852662255027,-0.7045756954857065,10,10,1.0,available-robust,csr_tws_ols_2014_2024_cm_yr; csr_tws_theilsen_2014_2024_cm_yr; csr_tws_ols_2015_2024_cm_yr; csr_tws_theilsen_2015_2024_cm_yr; csr_tws_ols_2016_2024_cm_yr; csr_tws_theilsen_2016_2024_cm_yr; csr_tws_ols_2018_2024_cm_yr; csr_tws_theilsen_2018_2024_cm_yr; cpc_corrected_recent_gws_cm_yr; cpc_corrected_full_gws_cm_yr
Tehran,IR,-3.2319,-1,-3.1601,-2.3864,-2.74767994056518,-2.6405159998085637,-3.2319180815344186,-3.269965588270968,-4.080187122525671,-4.2384075520405595,-6.371636706872168,-6.563751916592105,10,10,1.0,available-robust,csr_tws_ols_2014_2024_cm_yr; csr_tws_theilsen_2014_2024_cm_yr; csr_tws_ols_2015_2024_cm_yr; csr_tws_theilsen_2015_2024_cm_yr; csr_tws_ols_2016_2024_cm_yr; csr_tws_theilsen_2016_2024_cm_yr; csr_tws_ols_2018_2024_cm_yr; csr_tws_theilsen_2018_2024_cm_yr; cpc_corrected_recent_gws_cm_yr; cpc_corrected_full_gws_cm_yr
Marrakesh,MA,-1.5947,-1,-0.7928,-0.1462,-1.3482740831646989,-1.2942109952766145,-1.5947431674478154,-1.505413337286381,-1.561188407868182,-1.4526711707124529,-1.933519815672309,-1.762830261987948,10,10,1.0,available-robust,csr_tws_ols_2014_2024_cm_yr; csr_tws_theilsen_2014_2024_cm_yr; csr_tws_ols_2015_2024_cm_yr; csr_tws_theilsen_2015_2024_cm_yr; csr_tws_ols_2016_2024_cm_yr; csr_tws_theilsen_2016_2024_cm_yr; csr_tws_ols_2018_2024_cm_yr; csr_tws_theilsen_2018_2024_cm_yr; cpc_corrected_recent_gws_cm_yr; cpc_corrected_full_gws_cm_yr
Hermosillo,MX,-0.3792,-1,0.2607,-0.3485,-0.3674688541602302,-0.3274323169896436,-0.37921623531848375,-0.3541098641708248,-0.2376286335905083,-0.2057795659418776,-0.0371732873683496,-0.036238293791563535,10,9,0.9,available-robust,csr_tws_ols_2014_2024_cm_yr; csr_tws_theilsen_2014_2024_cm_yr; csr_tws_ols_2015_2024_cm_yr; csr_tws_theilsen_2015_2024_cm_yr; csr_tws_ols_2016_2024_cm_yr; csr_tws_theilsen_2016_2024_cm_yr; csr_tws_ols_2018_2024_cm_yr; csr_tws_theilsen_2018_2024_cm_yr; cpc_corrected_recent_gws_cm_yr; cpc_corrected_full_gws_cm_yr
Karaj,IR,-3.2319,-1,-2.8693,-2.4809,-2.74767994056518,-2.6405159998085637,-3.2319180815344186,-3.269965588270968,-4.080187122525671,-4.2384075520405595,-6.371636706872168,-6.563751916592105,10,10,1.0,available-robust,csr_tws_ols_2014_2024_cm_yr; csr_tws_theilsen_2014_2024_cm_yr; csr_tws_ols_2015_2024_cm_yr; csr_tws_theilsen_2015_2024_cm_yr; csr_tws_ols_2016_2024_cm_yr; csr_tws_theilsen_2016_2024_cm_yr; csr_tws_ols_2018_2024_cm_yr; csr_tws_theilsen_2018_2024_cm_yr; cpc_corrected_recent_gws_cm_yr; cpc_corrected_full_gws_cm_yr
Ordos,CN,-2.8592,-1,-3.7216,-1.708,-2.5513556108931446,-2.688296172170475,-2.8592151294574943,-3.107704210572969,-3.341850719119148,-3.8308037916819253,-4.296290202457545,-4.863963592621916,10,10,1.0,available-robust,csr_tws_ols_2014_2024_cm_yr; csr_tws_theilsen_2014_2024_cm_yr; csr_tws_ols_2015_2024_cm_yr; csr_tws_theilsen_2015_2024_cm_yr; csr_tws_ols_2016_2024_cm_yr; csr_tws_theilsen_2016_2024_cm_yr; csr_tws_ols_2018_2024_cm_yr; csr_tws_theilsen_2018_2024_cm_yr; cpc_corrected_recent_gws_cm_yr; cpc_corrected_full_gws_cm_yr
Quito,EC,-0.2457,-1,-0.2445,0.0249,-0.217717882778738,-0.1506236416206655,-0.24572459333763122,-0.16387378665050206,-0.16869126627195308,-0.05401494761463455,-0.16430319565694906,0.014874369716785161,10,8,0.8,available-robust,csr_tws_ols_2014_2024_cm_yr; csr_tws_theilsen_2014_2024_cm_yr; csr_tws_ols_2015_2024_cm_yr; csr_tws_theilsen_2015_2024_cm_yr; csr_tws_ols_2016_2024_cm_yr; csr_tws_theilsen_2016_2024_cm_yr; csr_tws_ols_2018_2024_cm_yr; csr_tws_theilsen_2018_2024_cm_yr; cpc_corrected_recent_gws_cm_yr; cpc_corrected_full_gws_cm_yr
Kirkuk,IQ,-1.313,-1,-0.7746,-1.1708,-0.859819792625623,-1.2102302223035628,-1.3130160817723886,-1.693635615612088,-2.204513827684731,-2.4870501177522746,-3.9000139918025756,-3.988827341432102,10,10,1.0,available-robust,csr_tws_ols_2014_2024_cm_yr; csr_tws_theilsen_2014_2024_cm_yr; csr_tws_ols_2015_2024_cm_yr; csr_tws_theilsen_2015_2024_cm_yr; csr_tws_ols_2016_2024_cm_yr; csr_tws_theilsen_2016_2024_cm_yr; csr_tws_ols_2018_2024_cm_yr; csr_tws_theilsen_2018_2024_cm_yr; cpc_corrected_recent_gws_cm_yr; cpc_corrected_full_gws_cm_yr
Lu’an,CN,-0.3185,-1,0.3613,-0.0275,-0.17882170235255865,-0.11220262016063332,-0.31847158307988355,-0.19513890729350486,-0.31668431193358304,-0.17680341201015984,0.16018825184358898,0.28496053075113315,10,7,0.7,available-probable,csr_tws_ols_2014_2024_cm_yr; csr_tws_theilsen_2014_2024_cm_yr; csr_tws_ols_2015_2024_cm_yr; csr_tws_theilsen_2015_2024_cm_yr; csr_tws_ols_2016_2024_cm_yr; csr_tws_theilsen_2016_2024_cm_yr; csr_tws_ols_2018_2024_cm_yr; csr_tws_theilsen_2018_2024_cm_yr; cpc_corrected_recent_gws_cm_yr; cpc_corrected_full_gws_cm_yr
Hefei,CN,-0.0756,-1,0.6765,-0.102,0.008882671114310854,0.013510018788357225,-0.07561382144560921,-0.050012566716171,-0.0034279204171637524,0.008250901234438288,0.3781302486357594,0.3334445686170411,10,4,0.4,available-sensitive,csr_tws_ols_2014_2024_cm_yr; csr_tws_theilsen_2014_2024_cm_yr; csr_tws_ols_2015_2024_cm_yr; csr_tws_theilsen_2015_2024_cm_yr; csr_tws_ols_2016_2024_cm_yr; csr_tws_theilsen_2016_2024_cm_yr; csr_tws_ols_2018_2024_cm_yr; csr_tws_theilsen_2018_2024_cm_yr; cpc_corrected_recent_gws_cm_yr; cpc_corrected_full_gws_cm_yr
Aleppo,SY,-1.1913,-1,0.7911,-0.4742,-0.7662801403933599,-0.9294028546764437,-1.191302035430546,-1.3761828656632593,-1.1990946118801975,-1.3987024535016903,-2.3149041062925786,-2.2974626962086737,10,9,0.9,available-robust,csr_tws_ols_2014_2024_cm_yr; csr_tws_theilsen_2014_2024_cm_yr; csr_tws_ols_2015_2024_cm_yr; csr_tws_theilsen_2015_2024_cm_yr; csr_tws_ols_2016_2024_cm_yr; csr_tws_theilsen_2016_2024_cm_yr; csr_tws_ols_2018_2024_cm_yr; csr_tws_theilsen_2018_2024_cm_yr; cpc_corrected_recent_gws_cm_yr; cpc_corrected_full_gws_cm_yr
Kathmandu,NP,-0.9247,-1,-1.4439,-2.1997,-1.220811306932785,-0.9527672029996394,-0.9246703675379826,-0.6507301812513048,-0.6617096641476039,-0.3245558357713946,-1.5742648188337283,-0.7807307921190998,10,10,1.0,available-robust,csr_tws_ols_2014_2024_cm_yr; csr_tws_theilsen_2014_2024_cm_yr; csr_tws_ols_2015_2024_cm_yr; csr_tws_theilsen_2015_2024_cm_yr; csr_tws_ols_2016_2024_cm_yr; csr_tws_theilsen_2016_2024_cm_yr; csr_tws_ols_2018_2024_cm_yr; csr_tws_theilsen_2018_2024_cm_yr; cpc_corrected_recent_gws_cm_yr; cpc_corrected_full_gws_cm_yr
Córdoba,AR,-2.4175,-1,-0.5617,0.1134,-1.825141627190384,-2.215045027593741,-2.417496472811235,-2.719357003027138,-3.1128847897975507,-3.159746498318953,-3.013298150579933,-3.1093265857252366,10,9,0.9,available-robust,csr_tws_ols_2014_2024_cm_yr; csr_tws_theilsen_2014_2024_cm_yr; csr_tws_ols_2015_2024_cm_yr; csr_tws_theilsen_2015_2024_cm_yr; csr_tws_ols_2016_2024_cm_yr; csr_tws_theilsen_2016_2024_cm_yr; csr_tws_ols_2018_2024_cm_yr; csr_tws_theilsen_2018_2024_cm_yr; cpc_corrected_recent_gws_cm_yr; cpc_corrected_full_gws_cm_yr
Arequipa,PE,-0.0667,-1,0.2533,0.0481,-0.05426587619939459,-0.04032424627712741,-0.06671160750401088,-0.046721976361510195,0.04614585148150248,0.016861281319931316,-0.16006238388761276,-0.12330886013048167,10,6,0.6,available-probable,csr_tws_ols_2014_2024_cm_yr; csr_tws_theilsen_2014_2024_cm_yr; csr_tws_ols_2015_2024_cm_yr; csr_tws_theilsen_2015_2024_cm_yr; csr_tws_ols_2016_2024_cm_yr; csr_tws_theilsen_2016_2024_cm_yr; csr_tws_ols_2018_2024_cm_yr; csr_tws_theilsen_2018_2024_cm_yr; cpc_corrected_recent_gws_cm_yr; cpc_corrected_full_gws_cm_yr
Bannu,PK,-1.1579,-1,-1.2112,-0.7,-1.0708398154917824,-1.0440169200472722,-1.1578537222677776,-1.120714190297635,-0.9603422012799003,-0.9125830555200911,-0.5306075834452152,-0.40285255108846146,10,10,1.0,available-robust,csr_tws_ols_2014_2024_cm_yr; csr_tws_theilsen_2014_2024_cm_yr; csr_tws_ols_2015_2024_cm_yr; csr_tws_theilsen_2015_2024_cm_yr; csr_tws_ols_2016_2024_cm_yr; csr_tws_theilsen_2016_2024_cm_yr; csr_tws_ols_2018_2024_cm_yr; csr_tws_theilsen_2018_2024_cm_yr; cpc_corrected_recent_gws_cm_yr; cpc_corrected_full_gws_cm_yr
Jaipur,IN,-4.5934,-1,-6.1472,-4.1687,-5.097744297147618,-5.049525288635307,-4.593361807142077,-4.4139110449393595,-3.393094036524055,-3.63223883325169,-2.4019904608252225,-3.060030694523512,10,10,1.0,available-robust,csr_tws_ols_2014_2024_cm_yr; csr_tws_theilsen_2014_2024_cm_yr; csr_tws_ols_2015_2024_cm_yr; csr_tws_theilsen_2015_2024_cm_yr; csr_tws_ols_2016_2024_cm_yr; csr_tws_theilsen_2016_2024_cm_yr; csr_tws_ols_2018_2024_cm_yr; csr_tws_theilsen_2018_2024_cm_yr; cpc_corrected_recent_gws_cm_yr; cpc_corrected_full_gws_cm_yr
Hohhot,CN,-1.0557,-1,-1.1084,-0.7696,-0.9430510594752228,-0.935715650214604,-1.0556951879635212,-1.1335080916206974,-1.2457868527710227,-1.3991404310078368,-1.5488302522115873,-1.8968987429342166,10,10,1.0,available-robust,csr_tws_ols_2014_2024_cm_yr; csr_tws_theilsen_2014_2024_cm_yr; csr_tws_ols_2015_2024_cm_yr; csr_tws_theilsen_2015_2024_cm_yr; csr_tws_ols_2016_2024_cm_yr; csr_tws_theilsen_2016_2024_cm_yr; csr_tws_ols_2018_2024_cm_yr; csr_tws_theilsen_2018_2024_cm_yr; cpc_corrected_recent_gws_cm_yr; cpc_corrected_full_gws_cm_yr
Eskişehir,TR,-2.8862,-1,-2.3643,-0.8959,-2.378228611221055,-2.4613332476478584,-2.8861844911349124,-2.964729216308867,-2.866663760305427,-2.9810886046074683,-3.004423727189224,-3.1601035904245043,10,10,1.0,available-robust,csr_tws_ols_2014_2024_cm_yr; csr_tws_theilsen_2014_2024_cm_yr; csr_tws_ols_2015_2024_cm_yr; csr_tws_theilsen_2015_2024_cm_yr; csr_tws_ols_2016_2024_cm_yr; csr_tws_theilsen_2016_2024_cm_yr; csr_tws_ols_2018_2024_cm_yr; csr_tws_theilsen_2018_2024_cm_yr; cpc_corrected_recent_gws_cm_yr; cpc_corrected_full_gws_cm_yr
Almaty,KZ,-1.4642,-1,-0.6446,-0.5031,-1.0907313062405426,-1.186115816926554,-1.464224997099735,-1.494203250616721,-2.0628354977028676,-2.057151412428819,-1.946554089706227,-2.090634620179829,10,10,1.0,available-robust,csr_tws_ols_2014_2024_cm_yr; csr_tws_theilsen_2014_2024_cm_yr; csr_tws_ols_2015_2024_cm_yr; csr_tws_theilsen_2015_2024_cm_yr; csr_tws_ols_2016_2024_cm_yr; csr_tws_theilsen_2016_2024_cm_yr; csr_tws_ols_2018_2024_cm_yr; csr_tws_theilsen_2018_2024_cm_yr; cpc_corrected_recent_gws_cm_yr; cpc_corrected_full_gws_cm_yr
Homs,SY,-0.3894,-1,-0.3177,-0.3113,-0.19730105481419055,-0.2587324624583448,-0.38938484539319757,-0.46056344062922294,-0.3570933749561402,-0.4290087160661813,-0.9143241437324391,-0.8563419614369467,10,10,1.0,available-robust,csr_tws_ols_2014_2024_cm_yr; csr_tws_theilsen_2014_2024_cm_yr; csr_tws_ols_2015_2024_cm_yr; csr_tws_theilsen_2015_2024_cm_yr; csr_tws_ols_2016_2024_cm_yr; csr_tws_theilsen_2016_2024_cm_yr; csr_tws_ols_2018_2024_cm_yr; csr_tws_theilsen_2018_2024_cm_yr; cpc_corrected_recent_gws_cm_yr; cpc_corrected_full_gws_cm_yr
Meizhou,CN,-0.4666,-1,-0.2941,-0.0748,-0.45691230597743526,-0.40623498822534976,-0.4665646581850049,-0.40371489596700794,-0.955482909291487,-0.7750378237818671,0.6169483090151912,0.68644936969609,10,8,0.8,available-robust,csr_tws_ols_2014_2024_cm_yr; csr_tws_theilsen_2014_2024_cm_yr; csr_tws_ols_2015_2024_cm_yr; csr_tws_theilsen_2015_2024_cm_yr; csr_tws_ols_2016_2024_cm_yr; csr_tws_theilsen_2016_2024_cm_yr; csr_tws_ols_2018_2024_cm_yr; csr_tws_theilsen_2018_2024_cm_yr; cpc_corrected_recent_gws_cm_yr; cpc_corrected_full_gws_cm_yr
León de los Aldama,MX,-3.2531,-1,-2.1019,-0.8716,-3.005714307655842,-3.0415284827665854,-3.253123966734963,-3.306844136069003,-3.451908531523269,-3.612329182845312,-4.537556115185109,-4.958398351094052,10,10,1.0,available-robust,csr_tws_ols_2014_2024_cm_yr; csr_tws_theilsen_2014_2024_cm_yr; csr_tws_ols_2015_2024_cm_yr; csr_tws_theilsen_2015_2024_cm_yr; csr_tws_ols_2016_2024_cm_yr; csr_tws_theilsen_2016_2024_cm_yr; csr_tws_ols_2018_2024_cm_yr; csr_tws_theilsen_2018_2024_cm_yr; cpc_corrected_recent_gws_cm_yr; cpc_corrected_full_gws_cm_yr
Santiago,CL,-0.5445,-1,0.2333,0.361,-0.37344173688239746,-0.34351669191737755,-0.544546540692454,-0.530797146206436,-0.7855037408936273,-0.8084240122047452,-0.0013400238972886102,-0.1284809976450813,10,8,0.8,available-robust,csr_tws_ols_2014_2024_cm_yr; csr_tws_theilsen_2014_2024_cm_yr; csr_tws_ols_2015_2024_cm_yr; csr_tws_theilsen_2015_2024_cm_yr; csr_tws_ols_2016_2024_cm_yr; csr_tws_theilsen_2016_2024_cm_yr; csr_tws_ols_2018_2024_cm_yr; csr_tws_theilsen_2018_2024_cm_yr; cpc_corrected_recent_gws_cm_yr; cpc_corrected_full_gws_cm_yr
Chuzhou,CN,-0.0253,-1,0.5239,-0.0865,0.06710464068490803,0.09414206568883468,-0.025298525334892186,0.017058465363871386,-0.02176580376471474,0.023791564291413787,0.2062512021477808,0.20579437332496262,10,3,0.3,available-sensitive,csr_tws_ols_2014_2024_cm_yr; csr_tws_theilsen_2014_2024_cm_yr; csr_tws_ols_2015_2024_cm_yr; csr_tws_theilsen_2015_2024_cm_yr; csr_tws_ols_2016_2024_cm_yr; csr_tws_theilsen_2016_2024_cm_yr; csr_tws_ols_2018_2024_cm_yr; csr_tws_theilsen_2018_2024_cm_yr; cpc_corrected_recent_gws_cm_yr; cpc_corrected_full_gws_cm_yr
Mexicali,MX,-0.0592,-1,-0.0933,-0.2515,-0.10452720080792328,-0.09237103221381812,-0.05921638331230133,-0.043048379905781156,0.1232193626168188,0.1385313138155877,0.2627597472265401,0.2784699953803692,10,6,0.6,available-probable,csr_tws_ols_2014_2024_cm_yr; csr_tws_theilsen_2014_2024_cm_yr; csr_tws_ols_2015_2024_cm_yr; csr_tws_theilsen_2015_2024_cm_yr; csr_tws_ols_2016_2024_cm_yr; csr_tws_theilsen_2016_2024_cm_yr; csr_tws_ols_2018_2024_cm_yr; csr_tws_theilsen_2018_2024_cm_yr; cpc_corrected_recent_gws_cm_yr; cpc_corrected_full_gws_cm_yr
Kabul,AF,-1.1962,-1,0.4367,-0.7521,-1.0507117363183023,-1.0437282942131911,-1.1961812880960918,-1.1490779724666353,-1.2057606834663204,-1.172046252506982,-1.102866238318499,-1.046945749416356,10,9,0.9,available-robust,csr_tws_ols_2014_2024_cm_yr; csr_tws_theilsen_2014_2024_cm_yr; csr_tws_ols_2015_2024_cm_yr; csr_tws_theilsen_2015_2024_cm_yr; csr_tws_ols_2016_2024_cm_yr; csr_tws_theilsen_2016_2024_cm_yr; csr_tws_ols_2018_2024_cm_yr; csr_tws_theilsen_2018_2024_cm_yr; cpc_corrected_recent_gws_cm_yr; cpc_corrected_full_gws_cm_yr
Erbil,IQ,-1.313,-1,-0.5425,-1.4236,-0.859819792625623,-1.2102302223035628,-1.3130160817723886,-1.693635615612088,-2.204513827684731,-2.4870501177522746,-3.9000139918025756,-3.988827341432102,10,10,1.0,available-robust,csr_tws_ols_2014_2024_cm_yr; csr_tws_theilsen_2014_2024_cm_yr; csr_tws_ols_2015_2024_cm_yr; csr_tws_theilsen_2015_2024_cm_yr; csr_tws_ols_2016_2024_cm_yr; csr_tws_theilsen_2016_2024_cm_yr; csr_tws_ols_2018_2024_cm_yr; csr_tws_theilsen_2018_2024_cm_yr; cpc_corrected_recent_gws_cm_yr; cpc_corrected_full_gws_cm_yr
Tashkent,UZ,-1.8495,-1,-1.5565,-0.6755,-1.4725913958748829,-1.5061899902140872,-1.8494744536093892,-1.8231034115753568,-2.3636073223369527,-2.3119823932647705,-2.0928879980974653,-2.04228343040404,10,10,1.0,available-robust,csr_tws_ols_2014_2024_cm_yr; csr_tws_theilsen_2014_2024_cm_yr; csr_tws_ols_2015_2024_cm_yr; csr_tws_theilsen_2015_2024_cm_yr; csr_tws_ols_2016_2024_cm_yr; csr_tws_theilsen_2016_2024_cm_yr; csr_tws_ols_2018_2024_cm_yr; csr_tws_theilsen_2018_2024_cm_yr; cpc_corrected_recent_gws_cm_yr; cpc_corrected_full_gws_cm_yr
Santiago de Querétaro,MX,-3.1198,-1,-2.0098,-0.7857,-2.9255035634869695,-3.010159756640686,-3.1197901592291357,-3.237059742945338,-3.310199546945426,-3.5189158686570905,-4.257509364221164,-4.6273512565220685,10,10,1.0,available-robust,csr_tws_ols_2014_2024_cm_yr; csr_tws_theilsen_2014_2024_cm_yr; csr_tws_ols_2015_2024_cm_yr; csr_tws_theilsen_2015_2024_cm_yr; csr_tws_ols_2016_2024_cm_yr; csr_tws_theilsen_2016_2024_cm_yr; csr_tws_ols_2018_2024_cm_yr; csr_tws_theilsen_2018_2024_cm_yr; cpc_corrected_recent_gws_cm_yr; cpc_corrected_full_gws_cm_yr
Ankara,TR,-2.1996,-1,-1.5857,-0.5678,-1.6597247030878686,-1.6657346703852598,-2.199571776417587,-2.1611755371950254,-1.9752538416678844,-1.9707379067751405,-1.4507671223035987,-1.60205553790051,10,10,1.0,available-robust,csr_tws_ols_2014_2024_cm_yr; csr_tws_theilsen_2014_2024_cm_yr; csr_tws_ols_2015_2024_cm_yr; csr_tws_theilsen_2015_2024_cm_yr; csr_tws_ols_2016_2024_cm_yr; csr_tws_theilsen_2016_2024_cm_yr; csr_tws_ols_2018_2024_cm_yr; csr_tws_theilsen_2018_2024_cm_yr; cpc_corrected_recent_gws_cm_yr; cpc_corrected_full_gws_cm_yr
Çankaya,TR,-2.1996,-1,-1.5857,-0.5678,-1.6597247030878686,-1.6657346703852598,-2.199571776417587,-2.1611755371950254,-1.9752538416678844,-1.9707379067751405,-1.4507671223035987,-1.60205553790051,10,10,1.0,available-robust,csr_tws_ols_2014_2024_cm_yr; csr_tws_theilsen_2014_2024_cm_yr; csr_tws_ols_2015_2024_cm_yr; csr_tws_theilsen_2015_2024_cm_yr; csr_tws_ols_2016_2024_cm_yr; csr_tws_theilsen_2016_2024_cm_yr; csr_tws_ols_2018_2024_cm_yr; csr_tws_theilsen_2018_2024_cm_yr; cpc_corrected_recent_gws_cm_yr; cpc_corrected_full_gws_cm_yr
Peshawar,PK,-2.2067,-1,-3.337,-1.4154,-1.9416342330945378,-1.96576459207559,-2.206670985330813,-2.1853057342906332,-2.200293862163672,-2.190333653531806,-2.024030353948415,-1.940374159386804,10,10,1.0,available-robust,csr_tws_ols_2014_2024_cm_yr; csr_tws_theilsen_2014_2024_cm_yr; csr_tws_ols_2015_2024_cm_yr; csr_tws_theilsen_2015_2024_cm_yr; csr_tws_ols_2016_2024_cm_yr; csr_tws_theilsen_2016_2024_cm_yr; csr_tws_ols_2018_2024_cm_yr; csr_tws_theilsen_2018_2024_cm_yr; cpc_corrected_recent_gws_cm_yr; cpc_corrected_full_gws_cm_yr
Ciudad Nezahualcoyotl,MX,-2.4499,-1,-2.8498,-1.2293,-2.3655413137105956,-2.4336679695039534,-2.449861923962913,-2.547955322343687,-2.563087338374387,-2.713155982528892,-3.2895760662827045,-3.521746767085319,10,10,1.0,available-robust,csr_tws_ols_2014_2024_cm_yr; csr_tws_theilsen_2014_2024_cm_yr; csr_tws_ols_2015_2024_cm_yr; csr_tws_theilsen_2015_2024_cm_yr; csr_tws_ols_2016_2024_cm_yr; csr_tws_theilsen_2016_2024_cm_yr; csr_tws_ols_2018_2024_cm_yr; csr_tws_theilsen_2018_2024_cm_yr; cpc_corrected_recent_gws_cm_yr; cpc_corrected_full_gws_cm_yr
Tijuana,MX,-0.0297,-1,-0.2916,-0.3645,-0.09374462694365215,-0.0853365751665498,-0.029712907411650908,-0.015304820052665579,0.2065480361969374,0.21772243049734824,0.41598978325188896,0.4022250396722534,10,6,0.6,available-probable,csr_tws_ols_2014_2024_cm_yr; csr_tws_theilsen_2014_2024_cm_yr; csr_tws_ols_2015_2024_cm_yr; csr_tws_theilsen_2015_2024_cm_yr; csr_tws_ols_2016_2024_cm_yr; csr_tws_theilsen_2016_2024_cm_yr; csr_tws_ols_2018_2024_cm_yr; csr_tws_theilsen_2018_2024_cm_yr; cpc_corrected_recent_gws_cm_yr; cpc_corrected_full_gws_cm_yr
Ecatepec de Morelos,MX,-2.4499,-1,-1.7893,-0.8314,-2.3655413137105956,-2.4336679695039534,-2.449861923962913,-2.547955322343687,-2.563087338374387,-2.713155982528892,-3.2895760662827045,-3.521746767085319,10,10,1.0,available-robust,csr_tws_ols_2014_2024_cm_yr; csr_tws_theilsen_2014_2024_cm_yr; csr_tws_ols_2015_2024_cm_yr; csr_tws_theilsen_2015_2024_cm_yr; csr_tws_ols_2016_2024_cm_yr; csr_tws_theilsen_2016_2024_cm_yr; csr_tws_ols_2018_2024_cm_yr; csr_tws_theilsen_2018_2024_cm_yr; cpc_corrected_recent_gws_cm_yr; cpc_corrected_full_gws_cm_yr
Lusaka,ZM,-1.4279,-1,-1.5846,-0.2302,-1.4317544349782743,-1.3404369791991446,-1.4278901711687393,-1.3126499153340943,-1.2796104411954297,-1.1005200938953714,-2.8021049388669588,-2.3288883796538817,10,10,1.0,available-robust,csr_tws_ols_2014_2024_cm_yr; csr_tws_theilsen_2014_2024_cm_yr; csr_tws_ols_2015_2024_cm_yr; csr_tws_theilsen_2015_2024_cm_yr; csr_tws_ols_2016_2024_cm_yr; csr_tws_theilsen_2016_2024_cm_yr; csr_tws_ols_2018_2024_cm_yr; csr_tws_theilsen_2018_2024_cm_yr; cpc_corrected_recent_gws_cm_yr; cpc_corrected_full_gws_cm_yr
Gustavo Adolfo Madero,MX,-2.4499,-1,-2.8498,-1.2293,-2.3655413137105956,-2.4336679695039534,-2.449861923962913,-2.547955322343687,-2.563087338374387,-2.713155982528892,-3.2895760662827045,-3.521746767085319,10,10,1.0,available-robust,csr_tws_ols_2014_2024_cm_yr; csr_tws_theilsen_2014_2024_cm_yr; csr_tws_ols_2015_2024_cm_yr; csr_tws_theilsen_2015_2024_cm_yr; csr_tws_ols_2016_2024_cm_yr; csr_tws_theilsen_2016_2024_cm_yr; csr_tws_ols_2018_2024_cm_yr; csr_tws_theilsen_2018_2024_cm_yr; cpc_corrected_recent_gws_cm_yr; cpc_corrected_full_gws_cm_yr
Los Angeles,US,-0.0272,-1,-1.4207,-0.9173,-0.07817386954999829,-0.07577443202269207,-0.027242841600973493,-0.014910230100688926,0.18901103231148006,0.16758739032817774,0.12623428732260789,0.09452947313641263,10,6,0.6,available-probable,csr_tws_ols_2014_2024_cm_yr; csr_tws_theilsen_2014_2024_cm_yr; csr_tws_ols_2015_2024_cm_yr; csr_tws_theilsen_2015_2024_cm_yr; csr_tws_ols_2016_2024_cm_yr; csr_tws_theilsen_2016_2024_cm_yr; csr_tws_ols_2018_2024_cm_yr; csr_tws_theilsen_2018_2024_cm_yr; cpc_corrected_recent_gws_cm_yr; cpc_corrected_full_gws_cm_yr
Rawalpindi,PK,-1.9647,-1,-3.425,-1.5925,-1.7892806100520489,-1.8419289950038986,-1.9646959184897452,-2.043318443968155,-1.8466641274556657,-1.9384909810344289,-1.7146498756162887,-1.784370767498022,10,10,1.0,available-robust,csr_tws_ols_2014_2024_cm_yr; csr_tws_theilsen_2014_2024_cm_yr; csr_tws_ols_2015_2024_cm_yr; csr_tws_theilsen_2015_2024_cm_yr; csr_tws_ols_2016_2024_cm_yr; csr_tws_theilsen_2016_2024_cm_yr; csr_tws_ols_2018_2024_cm_yr; csr_tws_theilsen_2018_2024_cm_yr; cpc_corrected_recent_gws_cm_yr; cpc_corrected_full_gws_cm_yr
Gaziantep,TR,-2.1107,-1,-1.5005,-0.78,-1.4442472039008525,-1.6002647326656274,-2.1106745112405134,-2.254850296088396,-2.247883995821316,-2.4177690324057886,-3.6709388386681816,-3.796573990237139,10,10,1.0,available-robust,csr_tws_ols_2014_2024_cm_yr; csr_tws_theilsen_2014_2024_cm_yr; csr_tws_ols_2015_2024_cm_yr; csr_tws_theilsen_2015_2024_cm_yr; csr_tws_ols_2016_2024_cm_yr; csr_tws_theilsen_2016_2024_cm_yr; csr_tws_ols_2018_2024_cm_yr; csr_tws_theilsen_2018_2024_cm_yr; cpc_corrected_recent_gws_cm_yr; cpc_corrected_full_gws_cm_yr
Chaozhou,CN,-0.022,-1,0.017,0.3496,-0.03067240993330512,0.03996057099277188,-0.022010407472429945,0.06789085523414695,-0.4519537729288379,-0.2418747028404346,0.7681535466626862,0.8809196630283258,10,4,0.4,available-sensitive,csr_tws_ols_2014_2024_cm_yr; csr_tws_theilsen_2014_2024_cm_yr; csr_tws_ols_2015_2024_cm_yr; csr_tws_theilsen_2015_2024_cm_yr; csr_tws_ols_2016_2024_cm_yr; csr_tws_theilsen_2016_2024_cm_yr; csr_tws_ols_2018_2024_cm_yr; csr_tws_theilsen_2018_2024_cm_yr; cpc_corrected_recent_gws_cm_yr; cpc_corrected_full_gws_cm_yr
Culiacán,MX,-0.5729,-1,-0.0183,0.1865,-0.4933617743499448,-0.5418799444417934,-0.5729351016498171,-0.6236991521987698,-0.41795138081388455,-0.5145644924549138,-0.570676044236654,-0.622113031038251,10,9,0.9,available-robust,csr_tws_ols_2014_2024_cm_yr; csr_tws_theilsen_2014_2024_cm_yr; csr_tws_ols_2015_2024_cm_yr; csr_tws_theilsen_2015_2024_cm_yr; csr_tws_ols_2016_2024_cm_yr; csr_tws_theilsen_2016_2024_cm_yr; csr_tws_ols_2018_2024_cm_yr; csr_tws_theilsen_2018_2024_cm_yr; cpc_corrected_recent_gws_cm_yr; cpc_corrected_full_gws_cm_yr
Iztapalapa,MX,-2.4499,-1,-2.8498,-1.2293,-2.3655413137105956,-2.4336679695039534,-2.449861923962913,-2.547955322343687,-2.563087338374387,-2.713155982528892,-3.2895760662827045,-3.521746767085319,10,10,1.0,available-robust,csr_tws_ols_2014_2024_cm_yr; csr_tws_theilsen_2014_2024_cm_yr; csr_tws_ols_2015_2024_cm_yr; csr_tws_theilsen_2015_2024_cm_yr; csr_tws_ols_2016_2024_cm_yr; csr_tws_theilsen_2016_2024_cm_yr; csr_tws_ols_2018_2024_cm_yr; csr_tws_theilsen_2018_2024_cm_yr; cpc_corrected_recent_gws_cm_yr; cpc_corrected_full_gws_cm_yr
Alīgarh,IN,-0.726,-1,-1.4393,-4.7454,-2.748645156383618,-2.5153062074393864,-0.7259885005862291,-0.8611809933395723,1.0388664928053712,0.8387593736154499,1.9284495418824128,1.6763764852787726,10,6,0.6,available-probable,csr_tws_ols_2014_2024_cm_yr; csr_tws_theilsen_2014_2024_cm_yr; csr_tws_ols_2015_2024_cm_yr; csr_tws_theilsen_2015_2024_cm_yr; csr_tws_ols_2016_2024_cm_yr; csr_tws_theilsen_2016_2024_cm_yr; csr_tws_ols_2018_2024_cm_yr; csr_tws_theilsen_2018_2024_cm_yr; cpc_corrected_recent_gws_cm_yr; cpc_corrected_full_gws_cm_yr
Ahvaz,IR,-0.1475,-1,-0.2421,-0.4201,-0.140988168762241,-0.23369001283312166,-0.14752156963571478,-0.25280851052485925,-0.3025813842802112,-0.3706244240405108,-0.9045104144726926,-0.8042345767756742,10,10,1.0,available-robust,csr_tws_ols_2014_2024_cm_yr; csr_tws_theilsen_2014_2024_cm_yr; csr_tws_ols_2015_2024_cm_yr; csr_tws_theilsen_2015_2024_cm_yr; csr_tws_ols_2016_2024_cm_yr; csr_tws_theilsen_2016_2024_cm_yr; csr_tws_ols_2018_2024_cm_yr; csr_tws_theilsen_2018_2024_cm_yr; cpc_corrected_recent_gws_cm_yr; cpc_corrected_full_gws_cm_yr
Santa Cruz de la Sierra,BO,-0.9932,-1,-0.7232,0.6729,-0.9993029933948485,-1.041863146944991,-0.9932146214804347,-1.0482193274656304,-0.9051376887383482,-0.9856119724930335,-1.249845401678219,-1.3247619872523513,10,9,0.9,available-robust,csr_tws_ols_2014_2024_cm_yr; csr_tws_theilsen_2014_2024_cm_yr; csr_tws_ols_2015_2024_cm_yr; csr_tws_theilsen_2015_2024_cm_yr; csr_tws_ols_2016_2024_cm_yr; csr_tws_theilsen_2016_2024_cm_yr; csr_tws_ols_2018_2024_cm_yr; csr_tws_theilsen_2018_2024_cm_yr; cpc_corrected_recent_gws_cm_yr; cpc_corrected_full_gws_cm_yr
Maoming,CN,-0.0184,-1,-0.5476,-0.1689,-0.08695281474037939,-0.21134356427060677,-0.01844876558570209,-0.17438431757524697,-0.26454302630338766,-0.4638810229836284,0.007284370647626232,-0.19106608262213542,10,9,0.9,available-robust,csr_tws_ols_2014_2024_cm_yr; csr_tws_theilsen_2014_2024_cm_yr; csr_tws_ols_2015_2024_cm_yr; csr_tws_theilsen_2015_2024_cm_yr; csr_tws_ols_2016_2024_cm_yr; csr_tws_theilsen_2016_2024_cm_yr; csr_tws_ols_2018_2024_cm_yr; csr_tws_theilsen_2018_2024_cm_yr; cpc_corrected_recent_gws_cm_yr; cpc_corrected_full_gws_cm_yr
San Pedro Sula,HN,-0.041,-1,0.5551,0.0889,-0.09933685132702831,-0.07695787505039911,-0.04100864666218377,-0.01863631704612789,0.02000504474144708,0.04431590086750232,-0.010132821857505084,0.0009042693697778872,10,5,0.5,available-sensitive,csr_tws_ols_2014_2024_cm_yr; csr_tws_theilsen_2014_2024_cm_yr; csr_tws_ols_2015_2024_cm_yr; csr_tws_theilsen_2015_2024_cm_yr; csr_tws_ols_2016_2024_cm_yr; csr_tws_theilsen_2016_2024_cm_yr; csr_tws_ols_2018_2024_cm_yr; csr_tws_theilsen_2018_2024_cm_yr; cpc_corrected_recent_gws_cm_yr; cpc_corrected_full_gws_cm_yr
Mexico City,MX,-2.4499,-1,-2.8498,-1.2293,-2.3655413137105956,-2.4336679695039534,-2.449861923962913,-2.547955322343687,-2.563087338374387,-2.713155982528892,-3.2895760662827045,-3.521746767085319,10,10,1.0,available-robust,csr_tws_ols_2014_2024_cm_yr; csr_tws_theilsen_2014_2024_cm_yr; csr_tws_ols_2015_2024_cm_yr; csr_tws_theilsen_2015_2024_cm_yr; csr_tws_ols_2016_2024_cm_yr; csr_tws_theilsen_2016_2024_cm_yr; csr_tws_ols_2018_2024_cm_yr; csr_tws_theilsen_2018_2024_cm_yr; cpc_corrected_recent_gws_cm_yr; cpc_corrected_full_gws_cm_yr
Yerevan,AM,-0.2119,-1,-0.881,-0.5169,-0.004226191527958403,-0.006128428814850153,-0.21186901619180248,-0.18104351031372676,-0.24190795496684447,-0.19354509604369458,0.6671113145720565,0.6181940761655915,10,8,0.8,available-robust,csr_tws_ols_2014_2024_cm_yr; csr_tws_theilsen_2014_2024_cm_yr; csr_tws_ols_2015_2024_cm_yr; csr_tws_theilsen_2015_2024_cm_yr; csr_tws_ols_2016_2024_cm_yr; csr_tws_theilsen_2016_2024_cm_yr; csr_tws_ols_2018_2024_cm_yr; csr_tws_theilsen_2018_2024_cm_yr; cpc_corrected_recent_gws_cm_yr; cpc_corrected_full_gws_cm_yr
Guatemala City,GT,-0.2942,-1,-2.223,-0.8584,-0.8750709636012078,-0.7221731049704092,-0.294175530138351,-0.20978157127385286,0.13725933269916163,0.28008828848285566,0.8320171964027879,0.9336876490249069,10,6,0.6,available-probable,csr_tws_ols_2014_2024_cm_yr; csr_tws_theilsen_2014_2024_cm_yr; csr_tws_ols_2015_2024_cm_yr; csr_tws_theilsen_2015_2024_cm_yr; csr_tws_ols_2016_2024_cm_yr; csr_tws_theilsen_2016_2024_cm_yr; csr_tws_ols_2018_2024_cm_yr; csr_tws_theilsen_2018_2024_cm_yr; cpc_corrected_recent_gws_cm_yr; cpc_corrected_full_gws_cm_yr
Sargodha,PK,-1.1823,-1,-2.3993,-0.9528,-1.2136396201383532,-1.126021329143858,-1.1823025471552078,-1.0529897921891602,-0.7586263531739746,-0.6229387502971855,0.25866071636522414,0.36159095886801906,10,8,0.8,available-robust,csr_tws_ols_2014_2024_cm_yr; csr_tws_theilsen_2014_2024_cm_yr; csr_tws_ols_2015_2024_cm_yr; csr_tws_theilsen_2015_2024_cm_yr; csr_tws_ols_2016_2024_cm_yr; csr_tws_theilsen_2016_2024_cm_yr; csr_tws_ols_2018_2024_cm_yr; csr_tws_theilsen_2018_2024_cm_yr; cpc_corrected_recent_gws_cm_yr; cpc_corrected_full_gws_cm_yr
Faisalabad,PK,-2.1694,-1,-3.3433,-1.5407,-2.2700735764861664,-2.168656841265297,-2.1694069565498544,-1.996726228546504,-1.5602759545195297,-1.3185795682570693,0.25284993490810553,0.3001264926173565,10,8,0.8,available-robust,csr_tws_ols_2014_2024_cm_yr; csr_tws_theilsen_2014_2024_cm_yr; csr_tws_ols_2015_2024_cm_yr; csr_tws_theilsen_2015_2024_cm_yr; csr_tws_ols_2016_2024_cm_yr; csr_tws_theilsen_2016_2024_cm_yr; csr_tws_ols_2018_2024_cm_yr; csr_tws_theilsen_2018_2024_cm_yr; cpc_corrected_recent_gws_cm_yr; cpc_corrected_full_gws_cm_yr
Lüliang,CN,-1.9793,-1,-2.779,-1.9607,-2.055574667919025,-2.133941629562812,-1.9793312526353408,-2.038121857706153,-2.0595741218679438,-2.149864161480216,-1.9922463409150792,-2.1551129669537676,10,10,1.0,available-robust,csr_tws_ols_2014_2024_cm_yr; csr_tws_theilsen_2014_2024_cm_yr; csr_tws_ols_2015_2024_cm_yr; csr_tws_theilsen_2015_2024_cm_yr; csr_tws_ols_2016_2024_cm_yr; csr_tws_theilsen_2016_2024_cm_yr; csr_tws_ols_2018_2024_cm_yr; csr_tws_theilsen_2018_2024_cm_yr; cpc_corrected_recent_gws_cm_yr; cpc_corrected_full_gws_cm_yr
Naucalpan de Juárez,MX,-2.4499,-1,-2.8498,-1.2293,-2.3655413137105956,-2.4336679695039534,-2.449861923962913,-2.547955322343687,-2.563087338374387,-2.713155982528892,-3.2895760662827045,-3.521746767085319,10,10,1.0,available-robust,csr_tws_ols_2014_2024_cm_yr; csr_tws_theilsen_2014_2024_cm_yr; csr_tws_ols_2015_2024_cm_yr; csr_tws_theilsen_2015_2024_cm_yr; csr_tws_ols_2016_2024_cm_yr; csr_tws_theilsen_2016_2024_cm_yr; csr_tws_ols_2018_2024_cm_yr; csr_tws_theilsen_2018_2024_cm_yr; cpc_corrected_recent_gws_cm_yr; cpc_corrected_full_gws_cm_yr
Meerut,IN,-2.3689,-1,-3.382,-8.3471,-4.711225832384534,-3.9671673332183843,-2.3688648153475795,-1.7922796975945035,0.9779731952962207,0.8709729546083497,2.6477857309990696,2.2866559021616224,10,6,0.6,available-probable,csr_tws_ols_2014_2024_cm_yr; csr_tws_theilsen_2014_2024_cm_yr; csr_tws_ols_2015_2024_cm_yr; csr_tws_theilsen_2015_2024_cm_yr; csr_tws_ols_2016_2024_cm_yr; csr_tws_theilsen_2016_2024_cm_yr; csr_tws_ols_2018_2024_cm_yr; csr_tws_theilsen_2018_2024_cm_yr; cpc_corrected_recent_gws_cm_yr; cpc_corrected_full_gws_cm_yr
Chandigarh,IN,-5.6908,-1,-6.3043,-6.981,-6.29125303691459,-6.052926186547719,-5.6908063435192515,-5.070081758713098,-3.1074426952309886,-3.308795768084741,-3.3095669509586862,-3.3462190828122944,10,10,1.0,available-robust,csr_tws_ols_2014_2024_cm_yr; csr_tws_theilsen_2014_2024_cm_yr; csr_tws_ols_2015_2024_cm_yr; csr_tws_theilsen_2015_2024_cm_yr; csr_tws_ols_2016_2024_cm_yr; csr_tws_theilsen_2016_2024_cm_yr; csr_tws_ols_2018_2024_cm_yr; csr_tws_theilsen_2018_2024_cm_yr; cpc_corrected_recent_gws_cm_yr; cpc_corrected_full_gws_cm_yr
Bucharest,RO,-2.1168,-1,-0.5628,-0.2983,-1.7847427214369962,-1.7743714251076295,-2.1168372732925116,-2.075509790984661,-2.117535710430383,-2.065099588479317,-1.585829967705446,-1.5430012672548703,10,10,1.0,available-robust,csr_tws_ols_2014_2024_cm_yr; csr_tws_theilsen_2014_2024_cm_yr; csr_tws_ols_2015_2024_cm_yr; csr_tws_theilsen_2015_2024_cm_yr; csr_tws_ols_2016_2024_cm_yr; csr_tws_theilsen_2016_2024_cm_yr; csr_tws_ols_2018_2024_cm_yr; csr_tws_theilsen_2018_2024_cm_yr; cpc_corrected_recent_gws_cm_yr; cpc_corrected_full_gws_cm_yr
Anshun,CN,-0.2598,-1,-0.0422,0.1177,-0.1295091474178568,-0.1641523564846816,-0.25981847429416954,-0.2740212825341256,-0.3228789505736382,-0.3751541244472075,-0.6777187748780975,-0.6886838095072696,10,9,0.9,available-robust,csr_tws_ols_2014_2024_cm_yr; csr_tws_theilsen_2014_2024_cm_yr; csr_tws_ols_2015_2024_cm_yr; csr_tws_theilsen_2015_2024_cm_yr; csr_tws_ols_2016_2024_cm_yr; csr_tws_theilsen_2016_2024_cm_yr; csr_tws_ols_2018_2024_cm_yr; csr_tws_theilsen_2018_2024_cm_yr; cpc_corrected_recent_gws_cm_yr; cpc_corrected_full_gws_cm_yr
Datong,CN,-0.7504,-1,-1.2106,-0.9816,-0.7155571816874681,-0.7584250162269599,-0.7503627354126108,-0.8169925732749548,-0.8555968648455191,-0.9933953389541218,-0.9572631308734909,-1.2654825999642525,10,10,1.0,available-robust,csr_tws_ols_2014_2024_cm_yr; csr_tws_theilsen_2014_2024_cm_yr; csr_tws_ols_2015_2024_cm_yr; csr_tws_theilsen_2015_2024_cm_yr; csr_tws_ols_2016_2024_cm_yr; csr_tws_theilsen_2016_2024_cm_yr; csr_tws_ols_2018_2024_cm_yr; csr_tws_theilsen_2018_2024_cm_yr; cpc_corrected_recent_gws_cm_yr; cpc_corrected_full_gws_cm_yr
Gujranwala,PK,-3.8148,-1,-5.6125,-2.0629,-3.5786394206851644,-3.676578759168777,-3.814767584007073,-4.002306106790281,-3.710972691436286,-3.986764396329333,-3.914142293791386,-4.428042450194814,10,10,1.0,available-robust,csr_tws_ols_2014_2024_cm_yr; csr_tws_theilsen_2014_2024_cm_yr; csr_tws_ols_2015_2024_cm_yr; csr_tws_theilsen_2015_2024_cm_yr; csr_tws_ols_2016_2024_cm_yr; csr_tws_theilsen_2016_2024_cm_yr; csr_tws_ols_2018_2024_cm_yr; csr_tws_theilsen_2018_2024_cm_yr; cpc_corrected_recent_gws_cm_yr; cpc_corrected_full_gws_cm_yr
Amritsar,IN,-6.1073,-1,-7.112,-3.0498,-5.727626762878014,-5.835767902118986,-6.107329557170777,-6.262892228655268,-5.877441070298414,-6.125886077913005,-6.1719025958559515,-6.5705888634520555,10,10,1.0,available-robust,csr_tws_ols_2014_2024_cm_yr; csr_tws_theilsen_2014_2024_cm_yr; csr_tws_ols_2015_2024_cm_yr; csr_tws_theilsen_2015_2024_cm_yr; csr_tws_ols_2016_2024_cm_yr; csr_tws_theilsen_2016_2024_cm_yr; csr_tws_ols_2018_2024_cm_yr; csr_tws_theilsen_2018_2024_cm_yr; cpc_corrected_recent_gws_cm_yr; cpc_corrected_full_gws_cm_yr
Nanjing,CN,-0.0253,-1,0.431,-0.1281,0.06710464068490803,0.09414206568883468,-0.025298525334892186,0.017058465363871386,-0.02176580376471474,0.023791564291413787,0.2062512021477808,0.20579437332496262,10,3,0.3,available-sensitive,csr_tws_ols_2014_2024_cm_yr; csr_tws_theilsen_2014_2024_cm_yr; csr_tws_ols_2015_2024_cm_yr; csr_tws_theilsen_2015_2024_cm_yr; csr_tws_ols_2016_2024_cm_yr; csr_tws_theilsen_2016_2024_cm_yr; csr_tws_ols_2018_2024_cm_yr; csr_tws_theilsen_2018_2024_cm_yr; cpc_corrected_recent_gws_cm_yr; cpc_corrected_full_gws_cm_yr
Qujing,CN,-0.1679,-1,0.7393,0.1475,-0.061190540834035224,-0.07220644985333668,-0.16788939115636684,-0.1499571159780918,-0.3129111752277085,-0.30298845148474757,-0.8662427345195844,-0.664477247288604,10,8,0.8,available-robust,csr_tws_ols_2014_2024_cm_yr; csr_tws_theilsen_2014_2024_cm_yr; csr_tws_ols_2015_2024_cm_yr; csr_tws_theilsen_2015_2024_cm_yr; csr_tws_ols_2016_2024_cm_yr; csr_tws_theilsen_2016_2024_cm_yr; csr_tws_ols_2018_2024_cm_yr; csr_tws_theilsen_2018_2024_cm_yr; cpc_corrected_recent_gws_cm_yr; cpc_corrected_full_gws_cm_yr
Cochabamba,BO,-1.3577,-1,-1.8078,-0.503,-1.177215993066974,-1.2975768328935726,-1.357659503634401,-1.4786113681267201,-1.332458642806404,-1.4297618703456179,-1.7962650698750595,-1.7272618499269043,10,10,1.0,available-robust,csr_tws_ols_2014_2024_cm_yr; csr_tws_theilsen_2014_2024_cm_yr; csr_tws_ols_2015_2024_cm_yr; csr_tws_theilsen_2015_2024_cm_yr; csr_tws_ols_2016_2024_cm_yr; csr_tws_theilsen_2016_2024_cm_yr; csr_tws_ols_2018_2024_cm_yr; csr_tws_theilsen_2018_2024_cm_yr; cpc_corrected_recent_gws_cm_yr; cpc_corrected_full_gws_cm_yr
San Diego,US,-0.0297,-1,-0.2916,-0.3645,-0.09374462694365215,-0.0853365751665498,-0.029712907411650908,-0.015304820052665579,0.2065480361969374,0.21772243049734824,0.41598978325188896,0.4022250396722534,10,6,0.6,available-probable,csr_tws_ols_2014_2024_cm_yr; csr_tws_theilsen_2014_2024_cm_yr; csr_tws_ols_2015_2024_cm_yr; csr_tws_theilsen_2015_2024_cm_yr; csr_tws_ols_2016_2024_cm_yr; csr_tws_theilsen_2016_2024_cm_yr; csr_tws_ols_2018_2024_cm_yr; csr_tws_theilsen_2018_2024_cm_yr; cpc_corrected_recent_gws_cm_yr; cpc_corrected_full_gws_cm_yr
Putian,CN,-0.1389,-1,-0.1201,0.0938,-0.11659520123076292,-0.0915455767545193,-0.13894913817938365,-0.1037509230751152,-0.30969821864583585,-0.24026917583545687,0.2599104018059303,0.39223008320603864,10,7,0.7,available-probable,csr_tws_ols_2014_2024_cm_yr; csr_tws_theilsen_2014_2024_cm_yr; csr_tws_ols_2015_2024_cm_yr; csr_tws_theilsen_2015_2024_cm_yr; csr_tws_ols_2016_2024_cm_yr; csr_tws_theilsen_2016_2024_cm_yr; csr_tws_ols_2018_2024_cm_yr; csr_tws_theilsen_2018_2024_cm_yr; cpc_corrected_recent_gws_cm_yr; cpc_corrected_full_gws_cm_yr
Milan,IT,-1.7761,-1,-2.0358,-0.8406,-1.8222920799545868,-1.8211437967467567,-1.7761345049649175,-1.809941064930899,-1.8641505522636648,-1.81484783236458,-1.7781211166591036,-1.7439798499758594,10,10,1.0,available-robust,csr_tws_ols_2014_2024_cm_yr; csr_tws_theilsen_2014_2024_cm_yr; csr_tws_ols_2015_2024_cm_yr; csr_tws_theilsen_2015_2024_cm_yr; csr_tws_ols_2016_2024_cm_yr; csr_tws_theilsen_2016_2024_cm_yr; csr_tws_ols_2018_2024_cm_yr; csr_tws_theilsen_2018_2024_cm_yr; cpc_corrected_recent_gws_cm_yr; cpc_corrected_full_gws_cm_yr
Karbala,IQ,-0.5238,-1,-0.4228,-0.1755,-0.4709381387969644,-0.5265519315077172,-0.5238483941698299,-0.5931460011101339,-0.9297598459157782,-1.0398635471218607,-1.9692614708592706,-2.0089102745608423,10,10,1.0,available-robust,csr_tws_ols_2014_2024_cm_yr; csr_tws_theilsen_2014_2024_cm_yr; csr_tws_ols_2015_2024_cm_yr; csr_tws_theilsen_2015_2024_cm_yr; csr_tws_ols_2016_2024_cm_yr; csr_tws_theilsen_2016_2024_cm_yr; csr_tws_ols_2018_2024_cm_yr; csr_tws_theilsen_2018_2024_cm_yr; cpc_corrected_recent_gws_cm_yr; cpc_corrected_full_gws_cm_yr
Gurugram,IN,-2.3689,-1,-3.413,-8.4864,-4.711225832384534,-3.9671673332183843,-2.3688648153475795,-1.7922796975945035,0.9779731952962207,0.8709729546083497,2.6477857309990696,2.2866559021616224,10,6,0.6,available-probable,csr_tws_ols_2014_2024_cm_yr; csr_tws_theilsen_2014_2024_cm_yr; csr_tws_ols_2015_2024_cm_yr; csr_tws_theilsen_2015_2024_cm_yr; csr_tws_ols_2016_2024_cm_yr; csr_tws_theilsen_2016_2024_cm_yr; csr_tws_ols_2018_2024_cm_yr; csr_tws_theilsen_2018_2024_cm_yr; cpc_corrected_recent_gws_cm_yr; cpc_corrected_full_gws_cm_yr
Abū Ghurayb,IQ,-0.8459,-1,-0.8945,-0.3192,-0.6626108414141276,-0.8684432125351373,-0.8459213489552366,-1.0914586790665177,-1.5810423444645552,-1.8262643750212526,-3.1525663265262556,-3.3888307447025525,10,10,1.0,available-robust,csr_tws_ols_2014_2024_cm_yr; csr_tws_theilsen_2014_2024_cm_yr; csr_tws_ols_2015_2024_cm_yr; csr_tws_theilsen_2015_2024_cm_yr; csr_tws_ols_2016_2024_cm_yr; csr_tws_theilsen_2016_2024_cm_yr; csr_tws_ols_2018_2024_cm_yr; csr_tws_theilsen_2018_2024_cm_yr; cpc_corrected_recent_gws_cm_yr; cpc_corrected_full_gws_cm_yr
Xinyang,CN,-0.1653,-1,-0.4183,-0.1459,0.08659990887344367,-0.0724705579622166,-0.16531065236193496,-0.31103801592701685,-0.08657961262029516,-0.18904705793294077,0.2667720870811661,0.22840752629709737,10,7,0.7,available-probable,csr_tws_ols_2014_2024_cm_yr; csr_tws_theilsen_2014_2024_cm_yr; csr_tws_ols_2015_2024_cm_yr; csr_tws_theilsen_2015_2024_cm_yr; csr_tws_ols_2016_2024_cm_yr; csr_tws_theilsen_2016_2024_cm_yr; csr_tws_ols_2018_2024_cm_yr; csr_tws_theilsen_2018_2024_cm_yr; cpc_corrected_recent_gws_cm_yr; cpc_corrected_full_gws_cm_yr
Jalandhar,IN,-6.1073,-1,-6.651,-2.9958,-5.727626762878014,-5.835767902118986,-6.107329557170777,-6.262892228655268,-5.877441070298414,-6.125886077913005,-6.1719025958559515,-6.5705888634520555,10,10,1.0,available-robust,csr_tws_ols_2014_2024_cm_yr; csr_tws_theilsen_2014_2024_cm_yr; csr_tws_ols_2015_2024_cm_yr; csr_tws_theilsen_2015_2024_cm_yr; csr_tws_ols_2016_2024_cm_yr; csr_tws_theilsen_2016_2024_cm_yr; csr_tws_ols_2018_2024_cm_yr; csr_tws_theilsen_2018_2024_cm_yr; cpc_corrected_recent_gws_cm_yr; cpc_corrected_full_gws_cm_yr
Bursa,TR,-1.8334,-1,-1.0709,-0.6349,-1.4831428039998256,-1.5273750250970224,-1.833426689645704,-1.9120184799890803,-1.72917878490129,-1.8054137723810841,-1.212181398219686,-1.3141771947485434,10,10,1.0,available-robust,csr_tws_ols_2014_2024_cm_yr; csr_tws_theilsen_2014_2024_cm_yr; csr_tws_ols_2015_2024_cm_yr; csr_tws_theilsen_2015_2024_cm_yr; csr_tws_ols_2016_2024_cm_yr; csr_tws_theilsen_2016_2024_cm_yr; csr_tws_ols_2018_2024_cm_yr; csr_tws_theilsen_2018_2024_cm_yr; cpc_corrected_recent_gws_cm_yr; cpc_corrected_full_gws_cm_yr
Jinjiang,CN,-0.1389,-1,-0.0315,0.22,-0.11659520123076292,-0.0915455767545193,-0.13894913817938365,-0.1037509230751152,-0.30969821864583585,-0.24026917583545687,0.2599104018059303,0.39223008320603864,10,7,0.7,available-probable,csr_tws_ols_2014_2024_cm_yr; csr_tws_theilsen_2014_2024_cm_yr; csr_tws_ols_2015_2024_cm_yr; csr_tws_theilsen_2015_2024_cm_yr; csr_tws_ols_2016_2024_cm_yr; csr_tws_theilsen_2016_2024_cm_yr; csr_tws_ols_2018_2024_cm_yr; csr_tws_theilsen_2018_2024_cm_yr; cpc_corrected_recent_gws_cm_yr; cpc_corrected_full_gws_cm_yr
Huainan,CN,-0.1504,-1,0.3828,-0.1598,-0.01065288122871607,0.006733658372073558,-0.1504443680360321,-0.11733386411745292,-0.043959491839095956,-0.02943282557819551,0.6456959504859937,0.5378013679718505,10,6,0.6,available-probable,csr_tws_ols_2014_2024_cm_yr; csr_tws_theilsen_2014_2024_cm_yr; csr_tws_ols_2015_2024_cm_yr; csr_tws_theilsen_2015_2024_cm_yr; csr_tws_ols_2016_2024_cm_yr; csr_tws_theilsen_2016_2024_cm_yr; csr_tws_ols_2018_2024_cm_yr; csr_tws_theilsen_2018_2024_cm_yr; cpc_corrected_recent_gws_cm_yr; cpc_corrected_full_gws_cm_yr
İzmir,TR,-1.1472,-1,-0.1793,0.0404,-0.795914318137794,-0.776281044545875,-1.1472471238694428,-1.1131318152732947,-0.8037253736788101,-0.8139464603005824,-0.8814378419692289,-0.8533158425126739,10,9,0.9,available-robust,csr_tws_ols_2014_2024_cm_yr; csr_tws_theilsen_2014_2024_cm_yr; csr_tws_ols_2015_2024_cm_yr; csr_tws_theilsen_2015_2024_cm_yr; csr_tws_ols_2016_2024_cm_yr; csr_tws_theilsen_2016_2024_cm_yr; csr_tws_ols_2018_2024_cm_yr; csr_tws_theilsen_2018_2024_cm_yr; cpc_corrected_recent_gws_cm_yr; cpc_corrected_full_gws_cm_yr
Bahawalpur,PK,-0.1318,-1,-0.6973,-0.7503,-0.39014031400242083,-0.22921972749726838,-0.13183100962725305,0.17451485884604767,0.38243994465788805,0.8582591779105297,2.683006615840814,2.7955886936517853,10,5,0.5,available-sensitive,csr_tws_ols_2014_2024_cm_yr; csr_tws_theilsen_2014_2024_cm_yr; csr_tws_ols_2015_2024_cm_yr; csr_tws_theilsen_2015_2024_cm_yr; csr_tws_ols_2016_2024_cm_yr; csr_tws_theilsen_2016_2024_cm_yr; csr_tws_ols_2018_2024_cm_yr; csr_tws_theilsen_2018_2024_cm_yr; cpc_corrected_recent_gws_cm_yr; cpc_corrected_full_gws_cm_yr
Trujillo,PE,-0.166,-1,-0.1112,0.1305,-0.18078126828687222,-0.196067014133193,-0.16595618815421465,-0.18711207259120394,-0.05550606344019158,-0.11550226013871978,-0.1312070773049001,-0.21705850889176273,10,9,0.9,available-robust,csr_tws_ols_2014_2024_cm_yr; csr_tws_theilsen_2014_2024_cm_yr; csr_tws_ols_2015_2024_cm_yr; csr_tws_theilsen_2015_2024_cm_yr; csr_tws_ols_2016_2024_cm_yr; csr_tws_theilsen_2016_2024_cm_yr; csr_tws_ols_2018_2024_cm_yr; csr_tws_theilsen_2018_2024_cm_yr; cpc_corrected_recent_gws_cm_yr; cpc_corrected_full_gws_cm_yr
Algiers,DZ,-0.3448,-1,1.2048,0.3976,-0.36965577367483493,-0.40060424390638777,-0.34479429668619016,-0.38196257190592253,-0.32033729301125724,-0.36736088790643123,-0.38903005808485036,-0.4453743212461502,10,8,0.8,available-robust,csr_tws_ols_2014_2024_cm_yr; csr_tws_theilsen_2014_2024_cm_yr; csr_tws_ols_2015_2024_cm_yr; csr_tws_theilsen_2015_2024_cm_yr; csr_tws_ols_2016_2024_cm_yr; csr_tws_theilsen_2016_2024_cm_yr; csr_tws_ols_2018_2024_cm_yr; csr_tws_theilsen_2018_2024_cm_yr; cpc_corrected_recent_gws_cm_yr; cpc_corrected_full_gws_cm_yr
Malatya,TR,-1.8667,-1,-1.9058,-0.9771,-1.208992128666582,-1.2833024848049244,-1.866716312272168,-1.9323067872525668,-1.8975223396635408,-2.006718738916498,-1.761493239642826,-1.8872481323214378,10,10,1.0,available-robust,csr_tws_ols_2014_2024_cm_yr; csr_tws_theilsen_2014_2024_cm_yr; csr_tws_ols_2015_2024_cm_yr; csr_tws_theilsen_2015_2024_cm_yr; csr_tws_ols_2016_2024_cm_yr; csr_tws_theilsen_2016_2024_cm_yr; csr_tws_ols_2018_2024_cm_yr; csr_tws_theilsen_2018_2024_cm_yr; cpc_corrected_recent_gws_cm_yr; cpc_corrected_full_gws_cm_yr
Sofia,BG,-2.487,-1,-2.0065,-0.6184,-2.0993331353669,-2.0928690460754638,-2.4869678012995196,-2.5459117241624196,-2.462731322988068,-2.5189965926089877,-2.2058984960197305,-2.3211407039984833,10,10,1.0,available-robust,csr_tws_ols_2014_2024_cm_yr; csr_tws_theilsen_2014_2024_cm_yr; csr_tws_ols_2015_2024_cm_yr; csr_tws_theilsen_2015_2024_cm_yr; csr_tws_ols_2016_2024_cm_yr; csr_tws_theilsen_2016_2024_cm_yr; csr_tws_ols_2018_2024_cm_yr; csr_tws_theilsen_2018_2024_cm_yr; cpc_corrected_recent_gws_cm_yr; cpc_corrected_full_gws_cm_yr
Bengbu,CN,-0.0756,-1,0.6272,-0.0279,0.008882671114310854,0.013510018788357225,-0.07561382144560921,-0.050012566716171,-0.0034279204171637524,0.008250901234438288,0.3781302486357594,0.3334445686170411,10,4,0.4,available-sensitive,csr_tws_ols_2014_2024_cm_yr; csr_tws_theilsen_2014_2024_cm_yr; csr_tws_ols_2015_2024_cm_yr; csr_tws_theilsen_2015_2024_cm_yr; csr_tws_ols_2016_2024_cm_yr; csr_tws_theilsen_2016_2024_cm_yr; csr_tws_ols_2018_2024_cm_yr; csr_tws_theilsen_2018_2024_cm_yr; cpc_corrected_recent_gws_cm_yr; cpc_corrected_full_gws_cm_yr
Kayseri,TR,-3.4303,-1,-3.2454,-1.0388,-2.7607489891433032,-2.862542772171347,-3.4302898938639936,-3.517657614475172,-3.6718174213106476,-3.7561882466394745,-4.668301181094595,-4.631851515936026,10,10,1.0,available-robust,csr_tws_ols_2014_2024_cm_yr; csr_tws_theilsen_2014_2024_cm_yr; csr_tws_ols_2015_2024_cm_yr; csr_tws_theilsen_2015_2024_cm_yr; csr_tws_ols_2016_2024_cm_yr; csr_tws_theilsen_2016_2024_cm_yr; csr_tws_ols_2018_2024_cm_yr; csr_tws_theilsen_2018_2024_cm_yr; cpc_corrected_recent_gws_cm_yr; cpc_corrected_full_gws_cm_yr
Huizhou,CN,-0.0666,-1,-0.3129,-0.0336,-0.06629563424338611,-0.09314297675151686,-0.06663872634168955,-0.09859168145798007,-0.4873513846350625,-0.3930710675720775,0.5062584085599576,0.4179862488296401,10,8,0.8,available-robust,csr_tws_ols_2014_2024_cm_yr; csr_tws_theilsen_2014_2024_cm_yr; csr_tws_ols_2015_2024_cm_yr; csr_tws_theilsen_2015_2024_cm_yr; csr_tws_ols_2016_2024_cm_yr; csr_tws_theilsen_2016_2024_cm_yr; csr_tws_ols_2018_2024_cm_yr; csr_tws_theilsen_2018_2024_cm_yr; cpc_corrected_recent_gws_cm_yr; cpc_corrected_full_gws_cm_yr
Lima,PE,-0.2668,-1,-0.2731,0.0834,-0.21603555105721192,-0.18226336800099938,-0.2668138293788234,-0.2197067735103247,-0.09630840245005867,-0.1173645671622565,-0.13106538036306575,-0.16311551133067348,10,9,0.9,available-robust,csr_tws_ols_2014_2024_cm_yr; csr_tws_theilsen_2014_2024_cm_yr; csr_tws_ols_2015_2024_cm_yr; csr_tws_theilsen_2015_2024_cm_yr; csr_tws_ols_2016_2024_cm_yr; csr_tws_theilsen_2016_2024_cm_yr; csr_tws_ols_2018_2024_cm_yr; csr_tws_theilsen_2018_2024_cm_yr; cpc_corrected_recent_gws_cm_yr; cpc_corrected_full_gws_cm_yr
Tbilisi,GE,-0.59,-1,-0.16,-0.4009,-0.4024919023542649,-0.3164933991335719,-0.5900141216061653,-0.507962302877037,-0.4689895643834132,-0.25710547995848915,1.1957464179310404,1.1226412334659834,10,8,0.8,available-robust,csr_tws_ols_2014_2024_cm_yr; csr_tws_theilsen_2014_2024_cm_yr; csr_tws_ols_2015_2024_cm_yr; csr_tws_theilsen_2015_2024_cm_yr; csr_tws_ols_2016_2024_cm_yr; csr_tws_theilsen_2016_2024_cm_yr; csr_tws_ols_2018_2024_cm_yr; csr_tws_theilsen_2018_2024_cm_yr; cpc_corrected_recent_gws_cm_yr; cpc_corrected_full_gws_cm_yr
Adana,TR,-3.1756,-1,-2.3949,-0.81,-2.51648875646124,-2.6931003028718545,-3.1755508653950035,-3.3205431735293134,-3.4715942839006457,-3.5631004186776223,-4.96410637036797,-4.733106971596461,10,10,1.0,available-robust,csr_tws_ols_2014_2024_cm_yr; csr_tws_theilsen_2014_2024_cm_yr; csr_tws_ols_2015_2024_cm_yr; csr_tws_theilsen_2015_2024_cm_yr; csr_tws_ols_2016_2024_cm_yr; csr_tws_theilsen_2016_2024_cm_yr; csr_tws_ols_2018_2024_cm_yr; csr_tws_theilsen_2018_2024_cm_yr; cpc_corrected_recent_gws_cm_yr; cpc_corrected_full_gws_cm_yr
Budapest,HU,-0.5819,-1,0.5409,-0.4416,-0.6359902333171005,-0.6407526421692133,-0.5818955583117666,-0.5966559823504923,-0.5425031383271518,-0.5236713237026684,-0.056300794101009764,-0.05486263255587343,10,9,0.9,available-robust,csr_tws_ols_2014_2024_cm_yr; csr_tws_theilsen_2014_2024_cm_yr; csr_tws_ols_2015_2024_cm_yr; csr_tws_theilsen_2015_2024_cm_yr; csr_tws_ols_2016_2024_cm_yr; csr_tws_theilsen_2016_2024_cm_yr; csr_tws_ols_2018_2024_cm_yr; csr_tws_theilsen_2018_2024_cm_yr; cpc_corrected_recent_gws_cm_yr; cpc_corrected_full_gws_cm_yr
Quanzhou,CN,-0.1389,-1,-0.0315,0.22,-0.11659520123076292,-0.0915455767545193,-0.13894913817938365,-0.1037509230751152,-0.30969821864583585,-0.24026917583545687,0.2599104018059303,0.39223008320603864,10,7,0.7,available-probable,csr_tws_ols_2014_2024_cm_yr; csr_tws_theilsen_2014_2024_cm_yr; csr_tws_ols_2015_2024_cm_yr; csr_tws_theilsen_2015_2024_cm_yr; csr_tws_ols_2016_2024_cm_yr; csr_tws_theilsen_2016_2024_cm_yr; csr_tws_ols_2018_2024_cm_yr; csr_tws_theilsen_2018_2024_cm_yr; cpc_corrected_recent_gws_cm_yr; cpc_corrected_full_gws_cm_yr
Guayaquil,EC,-0.2419,-1,-0.1361,-0.0113,-0.19507884826126198,-0.15307479775608263,-0.24188108410774642,-0.18994223662226103,-0.18674504670513056,-0.10910788748955114,-0.1276697863461002,-0.008925826875755657,10,10,1.0,available-robust,csr_tws_ols_2014_2024_cm_yr; csr_tws_theilsen_2014_2024_cm_yr; csr_tws_ols_2015_2024_cm_yr; csr_tws_theilsen_2015_2024_cm_yr; csr_tws_ols_2016_2024_cm_yr; csr_tws_theilsen_2016_2024_cm_yr; csr_tws_ols_2018_2024_cm_yr; csr_tws_theilsen_2018_2024_cm_yr; cpc_corrected_recent_gws_cm_yr; cpc_corrected_full_gws_cm_yr
Yinchuan,CN,-1.7919,-1,-1.8391,-0.9696,-1.5855254496934101,-1.6170788996187024,-1.7918605217143724,-1.8621533013246925,-2.0551102105024905,-2.190580189047416,-2.758532732754004,-2.9124151843105475,10,10,1.0,available-robust,csr_tws_ols_2014_2024_cm_yr; csr_tws_theilsen_2014_2024_cm_yr; csr_tws_ols_2015_2024_cm_yr; csr_tws_theilsen_2015_2024_cm_yr; csr_tws_ols_2016_2024_cm_yr; csr_tws_theilsen_2016_2024_cm_yr; csr_tws_ols_2018_2024_cm_yr; csr_tws_theilsen_2018_2024_cm_yr; cpc_corrected_recent_gws_cm_yr; cpc_corrected_full_gws_cm_yr
Najafgarh,IN,-6.5892,-1,-7.5738,-7.9604,-7.415497464091649,-7.0389886694610535,-6.589244024308339,-6.180122173180793,-4.592860310890962,-4.609945756571079,-3.9516951709956825,-4.183122057726482,10,10,1.0,available-robust,csr_tws_ols_2014_2024_cm_yr; csr_tws_theilsen_2014_2024_cm_yr; csr_tws_ols_2015_2024_cm_yr; csr_tws_theilsen_2015_2024_cm_yr; csr_tws_ols_2016_2024_cm_yr; csr_tws_theilsen_2016_2024_cm_yr; csr_tws_ols_2018_2024_cm_yr; csr_tws_theilsen_2018_2024_cm_yr; cpc_corrected_recent_gws_cm_yr; cpc_corrected_full_gws_cm_yr
Baotou,CN,-1.46,-1,-1.8722,-0.9869,-1.2731337333201476,-1.3770967996414156,-1.4600093766993218,-1.6649403585040763,-1.7442253556484126,-2.0394205343971157,-2.2329923691079347,-2.555367199528164,10,10,1.0,available-robust,csr_tws_ols_2014_2024_cm_yr; csr_tws_theilsen_2014_2024_cm_yr; csr_tws_ols_2015_2024_cm_yr; csr_tws_theilsen_2015_2024_cm_yr; csr_tws_ols_2016_2024_cm_yr; csr_tws_theilsen_2016_2024_cm_yr; csr_tws_ols_2018_2024_cm_yr; csr_tws_theilsen_2018_2024_cm_yr; cpc_corrected_recent_gws_cm_yr; cpc_corrected_full_gws_cm_yr
Sialkot,PK,-3.8148,-1,-5.2287,-2.0478,-3.5786394206851644,-3.676578759168777,-3.814767584007073,-4.002306106790281,-3.710972691436286,-3.986764396329333,-3.914142293791386,-4.428042450194814,10,10,1.0,available-robust,csr_tws_ols_2014_2024_cm_yr; csr_tws_theilsen_2014_2024_cm_yr; csr_tws_ols_2015_2024_cm_yr; csr_tws_theilsen_2015_2024_cm_yr; csr_tws_ols_2016_2024_cm_yr; csr_tws_theilsen_2016_2024_cm_yr; csr_tws_ols_2018_2024_cm_yr; csr_tws_theilsen_2018_2024_cm_yr; cpc_corrected_recent_gws_cm_yr; cpc_corrected_full_gws_cm_yr
Erzurum,TR,-0.781,-1,-0.8199,0.008,-0.4331149236095928,-0.41199746810834526,-0.7810350780432086,-0.762581560050017,-0.7357998881710661,-0.7124978010040117,0.3863620728303541,0.40112556219100953,10,7,0.7,available-probable,csr_tws_ols_2014_2024_cm_yr; csr_tws_theilsen_2014_2024_cm_yr; csr_tws_ols_2015_2024_cm_yr; csr_tws_theilsen_2015_2024_cm_yr; csr_tws_ols_2016_2024_cm_yr; csr_tws_theilsen_2016_2024_cm_yr; csr_tws_ols_2018_2024_cm_yr; csr_tws_theilsen_2018_2024_cm_yr; cpc_corrected_recent_gws_cm_yr; cpc_corrected_full_gws_cm_yr
Wuhu,CN,-0.3578,-1,0.1081,-0.4312,-0.1752881357832546,-0.08176605677127691,-0.35784830899354425,-0.19113655776505356,-0.43882239571512516,-0.25193180133691107,-0.09703283244367014,0.06757857176627083,10,8,0.8,available-robust,csr_tws_ols_2014_2024_cm_yr; csr_tws_theilsen_2014_2024_cm_yr; csr_tws_ols_2015_2024_cm_yr; csr_tws_theilsen_2015_2024_cm_yr; csr_tws_ols_2016_2024_cm_yr; csr_tws_theilsen_2016_2024_cm_yr; csr_tws_ols_2018_2024_cm_yr; csr_tws_theilsen_2018_2024_cm_yr; cpc_corrected_recent_gws_cm_yr; cpc_corrected_full_gws_cm_yr
Köln,DE,-0.2829,-1,-0.345,-0.2154,-0.344949155810603,-0.291169143681274,-0.28287890554106787,-0.23108409314926143,-0.1383213077285467,-0.047375914164646496,0.7961306488861628,0.8283937080659414,10,8,0.8,available-robust,csr_tws_ols_2014_2024_cm_yr; csr_tws_theilsen_2014_2024_cm_yr; csr_tws_ols_2015_2024_cm_yr; csr_tws_theilsen_2015_2024_cm_yr; csr_tws_ols_2016_2024_cm_yr; csr_tws_theilsen_2016_2024_cm_yr; csr_tws_ols_2018_2024_cm_yr; csr_tws_theilsen_2018_2024_cm_yr; cpc_corrected_recent_gws_cm_yr; cpc_corrected_full_gws_cm_yr
Vienna,AT,-0.538,-1,-0.3626,-0.4601,-0.6786638772452036,-0.6881419025235079,-0.5379574368551028,-0.5428846442782763,-0.45263001133731223,-0.4547838598667545,0.35998287280357427,0.2332875170197212,10,8,0.8,available-robust,csr_tws_ols_2014_2024_cm_yr; csr_tws_theilsen_2014_2024_cm_yr; csr_tws_ols_2015_2024_cm_yr; csr_tws_theilsen_2015_2024_cm_yr; csr_tws_ols_2016_2024_cm_yr; csr_tws_theilsen_2016_2024_cm_yr; csr_tws_ols_2018_2024_cm_yr; csr_tws_theilsen_2018_2024_cm_yr; cpc_corrected_recent_gws_cm_yr; cpc_corrected_full_gws_cm_yr
Fes,MA,-1.5972,-1,-0.3389,0.1624,-1.4251299208562576,-1.4274906914069985,-1.5972460842529494,-1.5888065895881092,-1.580005454975258,-1.5645591228664384,-1.9652669658163349,-1.8711048896588123,10,9,0.9,available-robust,csr_tws_ols_2014_2024_cm_yr; csr_tws_theilsen_2014_2024_cm_yr; csr_tws_ols_2015_2024_cm_yr; csr_tws_theilsen_2015_2024_cm_yr; csr_tws_ols_2016_2024_cm_yr; csr_tws_theilsen_2016_2024_cm_yr; csr_tws_ols_2018_2024_cm_yr; csr_tws_theilsen_2018_2024_cm_yr; cpc_corrected_recent_gws_cm_yr; cpc_corrected_full_gws_cm_yr
Oran,DZ,-0.9452,-1,-0.1689,0.1854,-0.9422929346718157,-0.9641113253969544,-0.9452373833594849,-0.9757668036680223,-0.9330063335912842,-0.9720778358266859,-1.1387036708668137,-1.1316940037098213,10,9,0.9,available-robust,csr_tws_ols_2014_2024_cm_yr; csr_tws_theilsen_2014_2024_cm_yr; csr_tws_ols_2015_2024_cm_yr; csr_tws_theilsen_2015_2024_cm_yr; csr_tws_ols_2016_2024_cm_yr; csr_tws_theilsen_2016_2024_cm_yr; csr_tws_ols_2018_2024_cm_yr; csr_tws_theilsen_2018_2024_cm_yr; cpc_corrected_recent_gws_cm_yr; cpc_corrected_full_gws_cm_yr
Sadr City,IQ,-0.8459,-1,-0.8945,-0.3192,-0.6626108414141276,-0.8684432125351373,-0.8459213489552366,-1.0914586790665177,-1.5810423444645552,-1.8262643750212526,-3.1525663265262556,-3.3888307447025525,10,10,1.0,available-robust,csr_tws_ols_2014_2024_cm_yr; csr_tws_theilsen_2014_2024_cm_yr; csr_tws_ols_2015_2024_cm_yr; csr_tws_theilsen_2015_2024_cm_yr; csr_tws_ols_2016_2024_cm_yr; csr_tws_theilsen_2016_2024_cm_yr; csr_tws_ols_2018_2024_cm_yr; csr_tws_theilsen_2018_2024_cm_yr; cpc_corrected_recent_gws_cm_yr; cpc_corrected_full_gws_cm_yr
Rome,IT,-0.4269,-1,1.0733,0.8242,-0.5466974482514222,-0.5641277850095658,-0.426866279144417,-0.44133910169433876,-0.3651295419661786,-0.4022192170680794,-0.3800021806365355,-0.4167315022068607,10,8,0.8,available-robust,csr_tws_ols_2014_2024_cm_yr; csr_tws_theilsen_2014_2024_cm_yr; csr_tws_ols_2015_2024_cm_yr; csr_tws_theilsen_2015_2024_cm_yr; csr_tws_ols_2016_2024_cm_yr; csr_tws_theilsen_2016_2024_cm_yr; csr_tws_ols_2018_2024_cm_yr; csr_tws_theilsen_2018_2024_cm_yr; cpc_corrected_recent_gws_cm_yr; cpc_corrected_full_gws_cm_yr
Rabat,MA,-1.5122,-1,-0.4886,0.1801,-1.3274241353180385,-1.2994281614642118,-1.5122204554158127,-1.4825642290391234,-1.454111684728557,-1.4247801473384731,-1.763857326565414,-1.6649328148326963,10,9,0.9,available-robust,csr_tws_ols_2014_2024_cm_yr; csr_tws_theilsen_2014_2024_cm_yr; csr_tws_ols_2015_2024_cm_yr; csr_tws_theilsen_2015_2024_cm_yr; csr_tws_ols_2016_2024_cm_yr; csr_tws_theilsen_2016_2024_cm_yr; csr_tws_ols_2018_2024_cm_yr; csr_tws_theilsen_2018_2024_cm_yr; cpc_corrected_recent_gws_cm_yr; cpc_corrected_full_gws_cm_yr
Ghāziābād,IN,-2.3689,-1,-3.5531,-8.4999,-4.711225832384534,-3.9671673332183843,-2.3688648153475795,-1.7922796975945035,0.9779731952962207,0.8709729546083497,2.6477857309990696,2.2866559021616224,10,6,0.6,available-probable,csr_tws_ols_2014_2024_cm_yr; csr_tws_theilsen_2014_2024_cm_yr; csr_tws_ols_2015_2024_cm_yr; csr_tws_theilsen_2015_2024_cm_yr; csr_tws_ols_2016_2024_cm_yr; csr_tws_theilsen_2016_2024_cm_yr; csr_tws_ols_2018_2024_cm_yr; csr_tws_theilsen_2018_2024_cm_yr; cpc_corrected_recent_gws_cm_yr; cpc_corrected_full_gws_cm_yr
Zapopan,MX,-1.65,-1,-0.948,-0.2477,-1.560666783698487,-1.6770645023262363,-1.6499993806848494,-1.7600671467385745,-1.590929374208674,-1.7315565567232711,-2.197241200329955,-2.340006560842018,10,10,1.0,available-robust,csr_tws_ols_2014_2024_cm_yr; csr_tws_theilsen_2014_2024_cm_yr; csr_tws_ols_2015_2024_cm_yr; csr_tws_theilsen_2015_2024_cm_yr; csr_tws_ols_2016_2024_cm_yr; csr_tws_theilsen_2016_2024_cm_yr; csr_tws_ols_2018_2024_cm_yr; csr_tws_theilsen_2018_2024_cm_yr; cpc_corrected_recent_gws_cm_yr; cpc_corrected_full_gws_cm_yr
Callao,PE,-0.2668,-1,-0.2731,0.0834,-0.21603555105721192,-0.18226336800099938,-0.2668138293788234,-0.2197067735103247,-0.09630840245005867,-0.1173645671622565,-0.13106538036306575,-0.16311551133067348,10,9,0.9,available-robust,csr_tws_ols_2014_2024_cm_yr; csr_tws_theilsen_2014_2024_cm_yr; csr_tws_ols_2015_2024_cm_yr; csr_tws_theilsen_2015_2024_cm_yr; csr_tws_ols_2016_2024_cm_yr; csr_tws_theilsen_2016_2024_cm_yr; csr_tws_ols_2018_2024_cm_yr; csr_tws_theilsen_2018_2024_cm_yr; cpc_corrected_recent_gws_cm_yr; cpc_corrected_full_gws_cm_yr
Belgrade,RS,-1.5542,-1,-1.4568,-0.5002,-1.457432445445606,-1.4500194875015766,-1.5541624711445845,-1.5896701641908213,-1.5009178328587567,-1.4806703361467,-1.073748668484887,-1.157368563770277,10,10,1.0,available-robust,csr_tws_ols_2014_2024_cm_yr; csr_tws_theilsen_2014_2024_cm_yr; csr_tws_ols_2015_2024_cm_yr; csr_tws_theilsen_2015_2024_cm_yr; csr_tws_ols_2016_2024_cm_yr; csr_tws_theilsen_2016_2024_cm_yr; csr_tws_ols_2018_2024_cm_yr; csr_tws_theilsen_2018_2024_cm_yr; cpc_corrected_recent_gws_cm_yr; cpc_corrected_full_gws_cm_yr
Valencia,ES,-0.483,-1,-0.9002,-0.2519,-0.4898656475272183,-0.5065781371352999,-0.48303664010974884,-0.5104378223404982,-0.4427724983834589,-0.481729086492988,-0.6496737764957551,-0.6833211699003087,10,10,1.0,available-robust,csr_tws_ols_2014_2024_cm_yr; csr_tws_theilsen_2014_2024_cm_yr; csr_tws_ols_2015_2024_cm_yr; csr_tws_theilsen_2015_2024_cm_yr; csr_tws_ols_2016_2024_cm_yr; csr_tws_theilsen_2016_2024_cm_yr; csr_tws_ols_2018_2024_cm_yr; csr_tws_theilsen_2018_2024_cm_yr; cpc_corrected_recent_gws_cm_yr; cpc_corrected_full_gws_cm_yr
Naples,IT,-0.3455,-1,-0.758,0.0659,-0.4129356927838097,-0.4351518464013908,-0.3454704227986191,-0.3615097079150672,-0.3373872819104541,-0.3481648763020833,-0.3710743630889523,-0.374501498412922,10,9,0.9,available-robust,csr_tws_ols_2014_2024_cm_yr; csr_tws_theilsen_2014_2024_cm_yr; csr_tws_ols_2015_2024_cm_yr; csr_tws_theilsen_2015_2024_cm_yr; csr_tws_ols_2016_2024_cm_yr; csr_tws_theilsen_2016_2024_cm_yr; csr_tws_ols_2018_2024_cm_yr; csr_tws_theilsen_2018_2024_cm_yr; cpc_corrected_recent_gws_cm_yr; cpc_corrected_full_gws_cm_yr
Al Mawşil al Jadīdah,IQ,-1.2638,-1,-0.5771,-1.3774,-0.8250481677466567,-1.1325100049042092,-1.2637687151212433,-1.5738266156906426,-1.9429759171620578,-2.2376008728993892,-3.5037995994186963,-3.87945786262886,10,10,1.0,available-robust,csr_tws_ols_2014_2024_cm_yr; csr_tws_theilsen_2014_2024_cm_yr; csr_tws_ols_2015_2024_cm_yr; csr_tws_theilsen_2015_2024_cm_yr; csr_tws_ols_2016_2024_cm_yr; csr_tws_theilsen_2016_2024_cm_yr; csr_tws_ols_2018_2024_cm_yr; csr_tws_theilsen_2018_2024_cm_yr; cpc_corrected_recent_gws_cm_yr; cpc_corrected_full_gws_cm_yr
Istanbul,TR,-0.273,-1,0.9787,-0.0485,-0.22922296064987657,-0.19684009639717504,-0.2729598982740982,-0.23422153855507438,-0.28529170690788597,-0.2135558391579126,0.12261922308009839,0.17005549974736411,10,7,0.7,available-probable,csr_tws_ols_2014_2024_cm_yr; csr_tws_theilsen_2014_2024_cm_yr; csr_tws_ols_2015_2024_cm_yr; csr_tws_theilsen_2015_2024_cm_yr; csr_tws_ols_2016_2024_cm_yr; csr_tws_theilsen_2016_2024_cm_yr; csr_tws_ols_2018_2024_cm_yr; csr_tws_theilsen_2018_2024_cm_yr; cpc_corrected_recent_gws_cm_yr; cpc_corrected_full_gws_cm_yr
Fuzhou,CN,-0.3311,-1,-0.2448,-0.0379,-0.232704170252242,-0.21210556601253075,-0.3310727452430217,-0.28982045023194114,-0.5084096691372065,-0.4639662194045931,0.21125555662991227,0.28049142355092566,10,8,0.8,available-robust,csr_tws_ols_2014_2024_cm_yr; csr_tws_theilsen_2014_2024_cm_yr; csr_tws_ols_2015_2024_cm_yr; csr_tws_theilsen_2015_2024_cm_yr; csr_tws_ols_2016_2024_cm_yr; csr_tws_theilsen_2016_2024_cm_yr; csr_tws_ols_2018_2024_cm_yr; csr_tws_theilsen_2018_2024_cm_yr; cpc_corrected_recent_gws_cm_yr; cpc_corrected_full_gws_cm_yr
Fuyang,CN,-0.3122,-1,0.0742,-0.2159,-0.12177086095624085,-0.19296387294237258,-0.3122309744230238,-0.37039468855337043,-0.2549197645546208,-0.2953904393655741,0.29711203200882835,0.25247737049676056,10,7,0.7,available-probable,csr_tws_ols_2014_2024_cm_yr; csr_tws_theilsen_2014_2024_cm_yr; csr_tws_ols_2015_2024_cm_yr; csr_tws_theilsen_2015_2024_cm_yr; csr_tws_ols_2016_2024_cm_yr; csr_tws_theilsen_2016_2024_cm_yr; csr_tws_ols_2018_2024_cm_yr; csr_tws_theilsen_2018_2024_cm_yr; cpc_corrected_recent_gws_cm_yr; cpc_corrected_full_gws_cm_yr
Rajshahi,BD,-0.5335,-1,-1.0145,-1.3677,-0.34604131469801774,-0.38513171222707604,-0.5335379004820463,-0.5081360695115008,-0.535925819683584,-0.6355631801401304,-1.7675724751624082,-1.8365638346325044,10,10,1.0,available-robust,csr_tws_ols_2014_2024_cm_yr; csr_tws_theilsen_2014_2024_cm_yr; csr_tws_ols_2015_2024_cm_yr; csr_tws_theilsen_2015_2024_cm_yr; csr_tws_ols_2016_2024_cm_yr; csr_tws_theilsen_2016_2024_cm_yr; csr_tws_ols_2018_2024_cm_yr; csr_tws_theilsen_2018_2024_cm_yr; cpc_corrected_recent_gws_cm_yr; cpc_corrected_full_gws_cm_yr
Antalya,TR,-0.3999,-1,0.3471,0.4465,-0.25623783625913227,-0.18907063255628279,-0.39992150258228293,-0.3230447109077953,-0.1813232234703503,-0.13097024130716067,-0.2690163647083601,-0.1219534219662441,10,8,0.8,available-robust,csr_tws_ols_2014_2024_cm_yr; csr_tws_theilsen_2014_2024_cm_yr; csr_tws_ols_2015_2024_cm_yr; csr_tws_theilsen_2015_2024_cm_yr; csr_tws_ols_2016_2024_cm_yr; csr_tws_theilsen_2016_2024_cm_yr; csr_tws_ols_2018_2024_cm_yr; csr_tws_theilsen_2018_2024_cm_yr; cpc_corrected_recent_gws_cm_yr; cpc_corrected_full_gws_cm_yr
Jiujiang,CN,-0.9236,-1,0.0132,0.2093,-0.5783469430392405,-0.5114409651725089,-0.9236423198375677,-0.7207290908148051,-1.250398346761109,-0.9487567746901401,-0.795637325793824,-0.6184265287983538,10,8,0.8,available-robust,csr_tws_ols_2014_2024_cm_yr; csr_tws_theilsen_2014_2024_cm_yr; csr_tws_ols_2015_2024_cm_yr; csr_tws_theilsen_2015_2024_cm_yr; csr_tws_ols_2016_2024_cm_yr; csr_tws_theilsen_2016_2024_cm_yr; csr_tws_ols_2018_2024_cm_yr; csr_tws_theilsen_2018_2024_cm_yr; cpc_corrected_recent_gws_cm_yr; cpc_corrected_full_gws_cm_yr
Baghdad,IQ,-0.8459,-1,-0.8945,-0.3192,-0.6626108414141276,-0.8684432125351373,-0.8459213489552366,-1.0914586790665177,-1.5810423444645552,-1.8262643750212526,-3.1525663265262556,-3.3888307447025525,10,10,1.0,available-robust,csr_tws_ols_2014_2024_cm_yr; csr_tws_theilsen_2014_2024_cm_yr; csr_tws_ols_2015_2024_cm_yr; csr_tws_theilsen_2015_2024_cm_yr; csr_tws_ols_2016_2024_cm_yr; csr_tws_theilsen_2016_2024_cm_yr; csr_tws_ols_2018_2024_cm_yr; csr_tws_theilsen_2018_2024_cm_yr; cpc_corrected_recent_gws_cm_yr; cpc_corrected_full_gws_cm_yr
Tangier,MA,-0.385,-1,-0.7302,0.105,-0.40759284434711485,-0.40823472548507334,-0.38500194778276275,-0.3897797315509349,-0.34874495651754606,-0.34537877714223564,-0.38486340122614976,-0.37861563823550726,10,9,0.9,available-robust,csr_tws_ols_2014_2024_cm_yr; csr_tws_theilsen_2014_2024_cm_yr; csr_tws_ols_2015_2024_cm_yr; csr_tws_theilsen_2015_2024_cm_yr; csr_tws_ols_2016_2024_cm_yr; csr_tws_theilsen_2016_2024_cm_yr; csr_tws_ols_2018_2024_cm_yr; csr_tws_theilsen_2018_2024_cm_yr; cpc_corrected_recent_gws_cm_yr; cpc_corrected_full_gws_cm_yr
Salé,MA,-1.5122,-1,-0.4886,0.1801,-1.3274241353180385,-1.2994281614642118,-1.5122204554158127,-1.4825642290391234,-1.454111684728557,-1.4247801473384731,-1.763857326565414,-1.6649328148326963,10,9,0.9,available-robust,csr_tws_ols_2014_2024_cm_yr; csr_tws_theilsen_2014_2024_cm_yr; csr_tws_ols_2015_2024_cm_yr; csr_tws_theilsen_2015_2024_cm_yr; csr_tws_ols_2016_2024_cm_yr; csr_tws_theilsen_2016_2024_cm_yr; csr_tws_ols_2018_2024_cm_yr; csr_tws_theilsen_2018_2024_cm_yr; cpc_corrected_recent_gws_cm_yr; cpc_corrected_full_gws_cm_yr
Dera Ismail Khan,PK,-0.7912,-1,-1.8161,-0.5372,-0.7637524203165902,-0.7234495831092783,-0.7912266954324727,-0.7330695370180007,-0.5478012439111009,-0.45238509730609466,-0.18898723057160224,-0.12905780029408448,10,10,1.0,available-robust,csr_tws_ols_2014_2024_cm_yr; csr_tws_theilsen_2014_2024_cm_yr; csr_tws_ols_2015_2024_cm_yr; csr_tws_theilsen_2015_2024_cm_yr; csr_tws_ols_2016_2024_cm_yr; csr_tws_theilsen_2016_2024_cm_yr; csr_tws_ols_2018_2024_cm_yr; csr_tws_theilsen_2018_2024_cm_yr; cpc_corrected_recent_gws_cm_yr; cpc_corrected_full_gws_cm_yr
Wuzhong,CN,-0.7714,-1,-0.7949,-0.5958,-0.6814627043772411,-0.7182332463305281,-0.7714090822138108,-0.850980302686658,-0.8922095600980009,-1.0368301037162582,-1.7398507723780041,-1.7554575964394998,10,10,1.0,available-robust,csr_tws_ols_2014_2024_cm_yr; csr_tws_theilsen_2014_2024_cm_yr; csr_tws_ols_2015_2024_cm_yr; csr_tws_theilsen_2015_2024_cm_yr; csr_tws_ols_2016_2024_cm_yr; csr_tws_theilsen_2016_2024_cm_yr; csr_tws_ols_2018_2024_cm_yr; csr_tws_theilsen_2018_2024_cm_yr; cpc_corrected_recent_gws_cm_yr; cpc_corrected_full_gws_cm_yr
Narela,IN,-2.3689,-1,-3.5531,-8.4999,-4.711225832384534,-3.9671673332183843,-2.3688648153475795,-1.7922796975945035,0.9779731952962207,0.8709729546083497,2.6477857309990696,2.2866559021616224,10,6,0.6,available-probable,csr_tws_ols_2014_2024_cm_yr; csr_tws_theilsen_2014_2024_cm_yr; csr_tws_ols_2015_2024_cm_yr; csr_tws_theilsen_2015_2024_cm_yr; csr_tws_ols_2016_2024_cm_yr; csr_tws_theilsen_2016_2024_cm_yr; csr_tws_ols_2018_2024_cm_yr; csr_tws_theilsen_2018_2024_cm_yr; cpc_corrected_recent_gws_cm_yr; cpc_corrected_full_gws_cm_yr
Zhongwei,CN,-0.7714,-1,-0.8772,-0.5921,-0.6814627043772411,-0.7182332463305281,-0.7714090822138108,-0.850980302686658,-0.8922095600980009,-1.0368301037162582,-1.7398507723780041,-1.7554575964394998,10,10,1.0,available-robust,csr_tws_ols_2014_2024_cm_yr; csr_tws_theilsen_2014_2024_cm_yr; csr_tws_ols_2015_2024_cm_yr; csr_tws_theilsen_2015_2024_cm_yr; csr_tws_ols_2016_2024_cm_yr; csr_tws_theilsen_2016_2024_cm_yr; csr_tws_ols_2018_2024_cm_yr; csr_tws_theilsen_2018_2024_cm_yr; cpc_corrected_recent_gws_cm_yr; cpc_corrected_full_gws_cm_yr
Rohini,IN,-2.3689,-1,-3.5531,-8.4999,-4.711225832384534,-3.9671673332183843,-2.3688648153475795,-1.7922796975945035,0.9779731952962207,0.8709729546083497,2.6477857309990696,2.2866559021616224,10,6,0.6,available-probable,csr_tws_ols_2014_2024_cm_yr; csr_tws_theilsen_2014_2024_cm_yr; csr_tws_ols_2015_2024_cm_yr; csr_tws_theilsen_2015_2024_cm_yr; csr_tws_ols_2016_2024_cm_yr; csr_tws_theilsen_2016_2024_cm_yr; csr_tws_ols_2018_2024_cm_yr; csr_tws_theilsen_2018_2024_cm_yr; cpc_corrected_recent_gws_cm_yr; cpc_corrected_full_gws_cm_yr
Anqing,CN,-0.6228,-1,0.1789,-0.0196,-0.3617221424417954,-0.2239229833229062,-0.6227711942324665,-0.3408768510052478,-0.8108582484281884,-0.4625008836919047,-0.4090878943025626,-0.09213263086533918,10,9,0.9,available-robust,csr_tws_ols_2014_2024_cm_yr; csr_tws_theilsen_2014_2024_cm_yr; csr_tws_ols_2015_2024_cm_yr; csr_tws_theilsen_2015_2024_cm_yr; csr_tws_ols_2016_2024_cm_yr; csr_tws_theilsen_2016_2024_cm_yr; csr_tws_ols_2018_2024_cm_yr; csr_tws_theilsen_2018_2024_cm_yr; cpc_corrected_recent_gws_cm_yr; cpc_corrected_full_gws_cm_yr
Niigata,JP,-0.4162,-1,-0.6525,-0.2627,-0.2987480532912242,-0.32386110369549415,-0.41616988043199776,-0.4235933540103941,-0.4790193478911785,-0.4834536238809486,-0.6255343814757112,-0.606337325489567,10,10,1.0,available-robust,csr_tws_ols_2014_2024_cm_yr; csr_tws_theilsen_2014_2024_cm_yr; csr_tws_ols_2015_2024_cm_yr; csr_tws_theilsen_2015_2024_cm_yr; csr_tws_ols_2016_2024_cm_yr; csr_tws_theilsen_2016_2024_cm_yr; csr_tws_ols_2018_2024_cm_yr; csr_tws_theilsen_2018_2024_cm_yr; cpc_corrected_recent_gws_cm_yr; cpc_corrected_full_gws_cm_yr
San Francisco,US,-0.6298,-1,-0.7848,-0.1985,-0.355733865601409,-0.3872103458470214,-0.6298124928203611,-0.6837656829940377,-0.8626144192386537,-0.8974282009298661,-0.7019115885550887,-0.7716019378080949,10,10,1.0,available-robust,csr_tws_ols_2014_2024_cm_yr; csr_tws_theilsen_2014_2024_cm_yr; csr_tws_ols_2015_2024_cm_yr; csr_tws_theilsen_2015_2024_cm_yr; csr_tws_ols_2016_2024_cm_yr; csr_tws_theilsen_2016_2024_cm_yr; csr_tws_ols_2018_2024_cm_yr; csr_tws_theilsen_2018_2024_cm_yr; cpc_corrected_recent_gws_cm_yr; cpc_corrected_full_gws_cm_yr
Guadalajara,MX,-1.65,-1,-0.948,-0.2477,-1.560666783698487,-1.6770645023262363,-1.6499993806848494,-1.7600671467385745,-1.590929374208674,-1.7315565567232711,-2.197241200329955,-2.340006560842018,10,10,1.0,available-robust,csr_tws_ols_2014_2024_cm_yr; csr_tws_theilsen_2014_2024_cm_yr; csr_tws_ols_2015_2024_cm_yr; csr_tws_theilsen_2015_2024_cm_yr; csr_tws_ols_2016_2024_cm_yr; csr_tws_theilsen_2016_2024_cm_yr; csr_tws_ols_2018_2024_cm_yr; csr_tws_theilsen_2018_2024_cm_yr; cpc_corrected_recent_gws_cm_yr; cpc_corrected_full_gws_cm_yr
Mosul,IQ,-1.2638,-1,-0.5771,-1.3774,-0.8250481677466567,-1.1325100049042092,-1.2637687151212433,-1.5738266156906426,-1.9429759171620578,-2.2376008728993892,-3.5037995994186963,-3.87945786262886,10,10,1.0,available-robust,csr_tws_ols_2014_2024_cm_yr; csr_tws_theilsen_2014_2024_cm_yr; csr_tws_ols_2015_2024_cm_yr; csr_tws_theilsen_2015_2024_cm_yr; csr_tws_ols_2016_2024_cm_yr; csr_tws_theilsen_2016_2024_cm_yr; csr_tws_ols_2018_2024_cm_yr; csr_tws_theilsen_2018_2024_cm_yr; cpc_corrected_recent_gws_cm_yr; cpc_corrected_full_gws_cm_yr
Pest,HU,-0.5819,-1,0.1096,-0.4398,-0.6359902333171005,-0.6407526421692133,-0.5818955583117666,-0.5966559823504923,-0.5425031383271518,-0.5236713237026684,-0.056300794101009764,-0.05486263255587343,10,9,0.9,available-robust,csr_tws_ols_2014_2024_cm_yr; csr_tws_theilsen_2014_2024_cm_yr; csr_tws_ols_2015_2024_cm_yr; csr_tws_theilsen_2015_2024_cm_yr; csr_tws_ols_2016_2024_cm_yr; csr_tws_theilsen_2016_2024_cm_yr; csr_tws_ols_2018_2024_cm_yr; csr_tws_theilsen_2018_2024_cm_yr; cpc_corrected_recent_gws_cm_yr; cpc_corrected_full_gws_cm_yr
Bayan Nur,CN,-1.1558,-1,-1.2793,-0.7329,-1.0109300553320422,-1.045955036200764,-1.1557852903762422,-1.2545481280498907,-1.406943234113852,-1.4993985182207696,-1.6264434202038214,-1.8493090966780161,10,10,1.0,available-robust,csr_tws_ols_2014_2024_cm_yr; csr_tws_theilsen_2014_2024_cm_yr; csr_tws_ols_2015_2024_cm_yr; csr_tws_theilsen_2015_2024_cm_yr; csr_tws_ols_2016_2024_cm_yr; csr_tws_theilsen_2016_2024_cm_yr; csr_tws_ols_2018_2024_cm_yr; csr_tws_theilsen_2018_2024_cm_yr; cpc_corrected_recent_gws_cm_yr; cpc_corrected_full_gws_cm_yr
Rangpur,BD,-1.0354,-1,-1.6266,-1.881,-0.8320146632642003,-0.8605043905738945,-1.0354263427855224,-0.9896114042229863,-1.175212081354409,-1.265655731417348,-2.1622902110477957,-2.380374180217274,10,10,1.0,available-robust,csr_tws_ols_2014_2024_cm_yr; csr_tws_theilsen_2014_2024_cm_yr; csr_tws_ols_2015_2024_cm_yr; csr_tws_theilsen_2015_2024_cm_yr; csr_tws_ols_2016_2024_cm_yr; csr_tws_theilsen_2016_2024_cm_yr; csr_tws_ols_2018_2024_cm_yr; csr_tws_theilsen_2018_2024_cm_yr; cpc_corrected_recent_gws_cm_yr; cpc_corrected_full_gws_cm_yr
Diyarbakır,TR,-1.6686,-1,-0.9039,-0.7203,-0.972206739989078,-1.037724311914135,-1.6686419012944638,-1.7297072724923241,-1.752520383735359,-1.8230980730636313,-1.7815570384474555,-1.8309592366218568,10,10,1.0,available-robust,csr_tws_ols_2014_2024_cm_yr; csr_tws_theilsen_2014_2024_cm_yr; csr_tws_ols_2015_2024_cm_yr; csr_tws_theilsen_2015_2024_cm_yr; csr_tws_ols_2016_2024_cm_yr; csr_tws_theilsen_2016_2024_cm_yr; csr_tws_ols_2018_2024_cm_yr; csr_tws_theilsen_2018_2024_cm_yr; cpc_corrected_recent_gws_cm_yr; cpc_corrected_full_gws_cm_yr
Turin,IT,-1.5459,-1,-1.0445,-0.2752,-1.634407093230482,-1.5889532555437227,-1.5459397817468359,-1.5243680624879534,-1.6502996048277745,-1.5446472895455257,-1.7816400674586894,-1.6921395997270143,10,10,1.0,available-robust,csr_tws_ols_2014_2024_cm_yr; csr_tws_theilsen_2014_2024_cm_yr; csr_tws_ols_2015_2024_cm_yr; csr_tws_theilsen_2015_2024_cm_yr; csr_tws_ols_2016_2024_cm_yr; csr_tws_theilsen_2016_2024_cm_yr; csr_tws_ols_2018_2024_cm_yr; csr_tws_theilsen_2018_2024_cm_yr; cpc_corrected_recent_gws_cm_yr; cpc_corrected_full_gws_cm_yr
Puebla,MX,-1.7035,-1,-1.4862,-0.958,-1.7558876859629868,-1.7538699747657254,-1.7034800000310657,-1.7132616613681322,-1.712186837948597,-1.6832572908543588,-2.2586240381830853,-2.219484408075753,10,10,1.0,available-robust,csr_tws_ols_2014_2024_cm_yr; csr_tws_theilsen_2014_2024_cm_yr; csr_tws_ols_2015_2024_cm_yr; csr_tws_theilsen_2015_2024_cm_yr; csr_tws_ols_2016_2024_cm_yr; csr_tws_theilsen_2016_2024_cm_yr; csr_tws_ols_2018_2024_cm_yr; csr_tws_theilsen_2018_2024_cm_yr; cpc_corrected_recent_gws_cm_yr; cpc_corrected_full_gws_cm_yr
Seattle,US,-1.0623,-1,-0.8458,0.0463,-0.861583189869332,-0.8761655234155212,-1.0623263644354837,-1.055520087480545,-1.3559068095617444,-1.2744792757063084,-0.995723361743768,-0.958212848213973,10,9,0.9,available-robust,csr_tws_ols_2014_2024_cm_yr; csr_tws_theilsen_2014_2024_cm_yr; csr_tws_ols_2015_2024_cm_yr; csr_tws_theilsen_2015_2024_cm_yr; csr_tws_ols_2016_2024_cm_yr; csr_tws_theilsen_2016_2024_cm_yr; csr_tws_ols_2018_2024_cm_yr; csr_tws_theilsen_2018_2024_cm_yr; cpc_corrected_recent_gws_cm_yr; cpc_corrected_full_gws_cm_yr
Srinagar,IN,-2.9142,-1,-2.9146,-1.7036,-2.6500781206431885,-2.572719009883096,-2.9142097370429,-2.9370115491710393,-3.0809627013430108,-3.1989536814102273,-3.765683175703954,-3.936632145422213,10,10,1.0,available-robust,csr_tws_ols_2014_2024_cm_yr; csr_tws_theilsen_2014_2024_cm_yr; csr_tws_ols_2015_2024_cm_yr; csr_tws_theilsen_2015_2024_cm_yr; csr_tws_ols_2016_2024_cm_yr; csr_tws_theilsen_2016_2024_cm_yr; csr_tws_ols_2018_2024_cm_yr; csr_tws_theilsen_2018_2024_cm_yr; cpc_corrected_recent_gws_cm_yr; cpc_corrected_full_gws_cm_yr
Faridabad,IN,-2.3689,-1,-3.413,-8.4864,-4.711225832384534,-3.9671673332183843,-2.3688648153475795,-1.7922796975945035,0.9779731952962207,0.8709729546083497,2.6477857309990696,2.2866559021616224,10,6,0.6,available-probable,csr_tws_ols_2014_2024_cm_yr; csr_tws_theilsen_2014_2024_cm_yr; csr_tws_ols_2015_2024_cm_yr; csr_tws_theilsen_2015_2024_cm_yr; csr_tws_ols_2016_2024_cm_yr; csr_tws_theilsen_2016_2024_cm_yr; csr_tws_ols_2018_2024_cm_yr; csr_tws_theilsen_2018_2024_cm_yr; cpc_corrected_recent_gws_cm_yr; cpc_corrected_full_gws_cm_yr
Delhi,IN,-2.3689,-1,-3.5531,-8.4999,-4.711225832384534,-3.9671673332183843,-2.3688648153475795,-1.7922796975945035,0.9779731952962207,0.8709729546083497,2.6477857309990696,2.2866559021616224,10,6,0.6,available-probable,csr_tws_ols_2014_2024_cm_yr; csr_tws_theilsen_2014_2024_cm_yr; csr_tws_ols_2015_2024_cm_yr; csr_tws_theilsen_2015_2024_cm_yr; csr_tws_ols_2016_2024_cm_yr; csr_tws_theilsen_2016_2024_cm_yr; csr_tws_ols_2018_2024_cm_yr; csr_tws_theilsen_2018_2024_cm_yr; cpc_corrected_recent_gws_cm_yr; cpc_corrected_full_gws_cm_yr
Lahore,PK,-4.3053,-1,-6.2512,-2.5878,-4.2056723504753855,-4.184147504129705,-4.305305553753311,-4.302078596979232,-3.772408391147846,-3.8453099656193586,-2.5293379720989244,-2.6972956176882152,10,10,1.0,available-robust,csr_tws_ols_2014_2024_cm_yr; csr_tws_theilsen_2014_2024_cm_yr; csr_tws_ols_2015_2024_cm_yr; csr_tws_theilsen_2015_2024_cm_yr; csr_tws_ols_2016_2024_cm_yr; csr_tws_theilsen_2016_2024_cm_yr; csr_tws_ols_2018_2024_cm_yr; csr_tws_theilsen_2018_2024_cm_yr; cpc_corrected_recent_gws_cm_yr; cpc_corrected_full_gws_cm_yr
Ludhiana,IN,-7.7419,-1,-8.4874,-4.7527,-7.433760949199435,-7.352197078667265,-7.741894032171254,-7.785410491789644,-6.775655117761431,-6.928097933021981,-7.543526361887589,-7.672396811534872,10,10,1.0,available-robust,csr_tws_ols_2014_2024_cm_yr; csr_tws_theilsen_2014_2024_cm_yr; csr_tws_ols_2015_2024_cm_yr; csr_tws_theilsen_2015_2024_cm_yr; csr_tws_ols_2016_2024_cm_yr; csr_tws_theilsen_2016_2024_cm_yr; csr_tws_ols_2018_2024_cm_yr; csr_tws_theilsen_2018_2024_cm_yr; cpc_corrected_recent_gws_cm_yr; cpc_corrected_full_gws_cm_yr
