event_key,event_title,sample_role,label,control_design,source_feature_count,static_p,lon,lat,csr_pre_event_anomaly_cm,csr_pre_event_mean_cm,csr_recent_baseline_cm,csr_pre_month_count,csr_baseline_month_count,dynamic_p_sy010,delta_p_dynamic_minus_static
tohoku_2011,"2011 Tohoku, Japan M9.1",observed_liquefaction,1,observed_inventory,166,0.14429064095020294,140.12640828000008,36.78733347000005,3.240011711915334,2.0151045521100364,-1.2249071598052979,3,20,0.14562791674997683,0.0013372757997738849
tohoku_2011,"2011 Tohoku, Japan M9.1",observed_liquefaction,1,observed_inventory,166,0.34570974111557007,140.4859082800001,36.51933347000005,0.057553038001060486,0.5237058252096176,0.46615278720855713,3,20,0.3457530929419972,4.335182642711821e-05
tohoku_2011,"2011 Tohoku, Japan M9.1",observed_liquefaction,1,observed_inventory,166,0.016711480915546417,140.45590828000002,36.50733347000005,0.057553038001060486,0.5237058252096176,0.46615278720855713,3,20,0.016714630466354186,3.149550807768353e-06
tohoku_2011,"2011 Tohoku, Japan M9.1",observed_liquefaction,1,observed_inventory,166,0.24871674180030823,140.49640828000008,36.49733347000006,0.057553038001060486,0.5237058252096176,0.46615278720855713,3,20,0.24875255491816195,3.581311785372243e-05
tohoku_2011,"2011 Tohoku, Japan M9.1",observed_liquefaction,1,observed_inventory,166,0.012666662223637104,140.55590828000004,36.43833347000006,-0.0464496115843455,0.03667669494946798,0.08312630653381348,3,20,0.012664727942597502,-1.9342810396016236e-06
tohoku_2011,"2011 Tohoku, Japan M9.1",observed_liquefaction,1,observed_inventory,166,0.22245244681835175,140.73890828000003,36.775833470000066,0.057553038001060486,0.5237058252096176,0.46615278720855713,3,20,0.22248559805497886,3.315123662711583e-05
tohoku_2011,"2011 Tohoku, Japan M9.1",observed_liquefaction,1,observed_inventory,166,0.37092724442481995,140.61240828000007,36.487833470000055,-0.0464496115843455,0.03667669494946798,0.08312630653381348,3,20,0.37089115273145434,-3.609169336560303e-05
tohoku_2011,"2011 Tohoku, Japan M9.1",observed_liquefaction,1,observed_inventory,166,0.10541635751724243,140.55890828000008,36.49133347000003,-0.0464496115843455,0.03667669494946798,0.08312630653381348,3,20,0.10540177176700688,-1.4585750235551753e-05
tohoku_2011,"2011 Tohoku, Japan M9.1",observed_liquefaction,1,observed_inventory,166,0.024490533396601677,140.60390828000004,36.42233347000007,-0.0464496115843455,0.03667669494946798,0.08312630653381348,3,20,0.024486838314348745,-3.6950822529316363e-06
tohoku_2011,"2011 Tohoku, Japan M9.1",observed_liquefaction,1,observed_inventory,166,0.0365167036652565,139.66840828000005,36.26633347000006,0.6980777531862259,0.31979580223560333,-0.37828195095062256,3,20,0.036598578749383624,8.187508412712402e-05
tohoku_2011,"2011 Tohoku, Japan M9.1",observed_liquefaction,1,observed_inventory,166,0.08508028090000153,139.65590828000006,36.25433347000006,0.6980777531862259,0.31979580223560333,-0.37828195095062256,3,20,0.0852614060788609,0.00018112517885937596
tohoku_2011,"2011 Tohoku, Japan M9.1",observed_liquefaction,1,observed_inventory,166,0.17350226640701294,139.6499082800001,36.245833470000065,0.6980777531862259,0.31979580223560333,-0.37828195095062256,3,20,0.17383586514513738,0.00033359873812444096
tohoku_2011,"2011 Tohoku, Japan M9.1",observed_liquefaction,1,observed_inventory,166,0.08886170387268066,139.49640828000008,36.22633347000007,0.6980777531862259,0.31979580223560333,-0.37828195095062256,3,20,0.08905009569204012,0.00018839181935945137
tohoku_2011,"2011 Tohoku, Japan M9.1",observed_liquefaction,1,observed_inventory,166,0.15919698774814606,139.6499082800001,36.20533347000003,0.6980777531862259,0.31979580223560333,-0.37828195095062256,3,20,0.1595083895621403,0.0003114018139942498
tohoku_2011,"2011 Tohoku, Japan M9.1",observed_liquefaction,1,observed_inventory,166,0.08732248842716217,139.4144082800001,36.18733347000003,0.6980777531862259,0.31979580223560333,-0.37828195095062256,3,20,0.08750793043093812,0.00018544200377594577
tohoku_2011,"2011 Tohoku, Japan M9.1",observed_liquefaction,1,observed_inventory,166,0.30988234281539917,139.66790828000006,36.183333470000036,0.6980777531862259,0.31979580223560333,-0.37828195095062256,3,20,0.31037969013695654,0.0004973473215573732
tohoku_2011,"2011 Tohoku, Japan M9.1",observed_liquefaction,1,observed_inventory,166,0.11412818729877472,139.54990828000007,36.17233347000004,0.6980777531862259,0.31979580223560333,-0.37828195095062256,3,20,0.11436342199232476,0.00023523469355003768
tohoku_2011,"2011 Tohoku, Japan M9.1",observed_liquefaction,1,observed_inventory,166,0.03652745857834816,139.56640828000008,36.15383347000005,0.6980777531862259,0.31979580223560333,-0.37828195095062256,3,20,0.036609356860103234,8.189828175507452e-05
tohoku_2011,"2011 Tohoku, Japan M9.1",observed_liquefaction,1,observed_inventory,166,0.033342406153678894,139.54690828000003,36.151333470000054,0.6980777531862259,0.31979580223560333,-0.37828195095062256,3,20,0.033417410911794475,7.500475811558077e-05
tohoku_2011,"2011 Tohoku, Japan M9.1",observed_liquefaction,1,observed_inventory,166,0.0651867464184761,139.65140828000006,36.14133347000006,0.6980777531862259,0.31979580223560333,-0.37828195095062256,3,20,0.0653285447739724,0.0001417983554962976
tohoku_2011,"2011 Tohoku, Japan M9.1",observed_liquefaction,1,observed_inventory,166,0.29497188329696655,139.99390828000003,36.38783347000006,0.6980777531862259,0.31979580223560333,-0.37828195095062256,3,20,0.29545554525692613,0.0004836619599595804
tohoku_2011,"2011 Tohoku, Japan M9.1",observed_liquefaction,1,observed_inventory,166,0.09938180446624756,140.02090828000007,36.38533347000006,0.057553038001060486,0.5237058252096176,0.46615278720855713,3,20,0.09939895957305665,1.7155106809094156e-05
tohoku_2011,"2011 Tohoku, Japan M9.1",observed_liquefaction,1,observed_inventory,166,0.22283171117305756,139.91940828000008,36.376833470000065,0.6980777531862259,0.31979580223560333,-0.37828195095062256,3,20,0.22323453932216608,0.00040282814910852505
tohoku_2011,"2011 Tohoku, Japan M9.1",observed_liquefaction,1,observed_inventory,166,0.30393362045288086,140.0104082800001,36.35833347000005,0.057553038001060486,0.5237058252096176,0.46615278720855713,3,20,0.30397416740423205,4.054695135119468e-05
tohoku_2011,"2011 Tohoku, Japan M9.1",observed_liquefaction,1,observed_inventory,166,0.23859582841396332,139.98290828000006,36.34583347000003,0.6980777531862259,0.31979580223560333,-0.37828195095062256,3,20,0.23901838990599977,0.0004225614920364551
tohoku_2011,"2011 Tohoku, Japan M9.1",observed_liquefaction,1,observed_inventory,166,0.3235062062740326,139.99790828000005,36.33183347000005,0.6980777531862259,0.31979580223560333,-0.37828195095062256,3,20,0.32401515318976115,0.0005089469157285587
tohoku_2011,"2011 Tohoku, Japan M9.1",observed_liquefaction,1,observed_inventory,166,0.1947423666715622,139.9719082800001,36.30933347000004,0.6980777531862259,0.31979580223560333,-0.37828195095062256,3,20,0.19510716380334425,0.0003647971317820575
tohoku_2011,"2011 Tohoku, Japan M9.1",observed_liquefaction,1,observed_inventory,166,0.312964528799057,139.90790828000002,36.27133347000006,0.6980777531862259,0.31979580223560333,-0.37828195095062256,3,20,0.3134645759739903,0.0005000471749332935
tohoku_2011,"2011 Tohoku, Japan M9.1",observed_liquefaction,1,observed_inventory,166,0.13850751519203186,139.8734082800001,36.269833470000066,0.6980777531862259,0.31979580223560333,-0.37828195095062256,3,20,0.1387851268941848,0.0002776117021529301
tohoku_2011,"2011 Tohoku, Japan M9.1",observed_liquefaction,1,observed_inventory,166,0.2517845928668976,139.8899082800001,36.26233347000007,0.6980777531862259,0.31979580223560333,-0.37828195095062256,3,20,0.2522227746261614,0.00043818175926380043
tohoku_2011,"2011 Tohoku, Japan M9.1",observed_liquefaction,1,observed_inventory,166,0.12888453900814056,140.06140828000008,36.25733347000005,0.057553038001060486,0.5237058252096176,0.46615278720855713,3,20,0.12890605790084356,2.151889270299301e-05
tohoku_2011,"2011 Tohoku, Japan M9.1",observed_liquefaction,1,observed_inventory,166,0.2997930943965912,139.90490828000003,36.247833470000074,0.6980777531862259,0.31979580223560333,-0.37828195095062256,3,20,0.3002812946697949,0.0004882002732037316
tohoku_2011,"2011 Tohoku, Japan M9.1",observed_liquefaction,1,observed_inventory,166,0.055478133261203766,139.98990828000007,36.24633347000005,0.6980777531862259,0.31979580223560333,-0.37828195095062256,3,20,0.05560006891058878,0.00012193564938501461
tohoku_2011,"2011 Tohoku, Japan M9.1",observed_liquefaction,1,observed_inventory,166,0.02331910841166973,140.04040828000007,36.236333470000034,0.057553038001060486,0.5237058252096176,0.46615278720855713,3,20,0.023323473738808897,4.365327139165681e-06
tohoku_2011,"2011 Tohoku, Japan M9.1",observed_liquefaction,1,observed_inventory,166,0.30964431166648865,139.91690828000003,36.236333470000034,0.6980777531862259,0.31979580223560333,-0.37828195095062256,3,20,0.31014144864410287,0.0004971369776142209
tohoku_2011,"2011 Tohoku, Japan M9.1",observed_liquefaction,1,observed_inventory,166,0.17657192051410675,139.90340828000006,36.197333470000046,0.6980777531862259,0.31979580223560333,-0.37828195095062256,3,20,0.17691015804243146,0.00033823752832470855
tohoku_2011,"2011 Tohoku, Japan M9.1",observed_liquefaction,1,observed_inventory,166,0.18767723441123962,139.8564082800001,36.17883347000006,0.6980777531862259,0.31979580223560333,-0.37828195095062256,3,20,0.18803188728117828,0.00035465286993865974
tohoku_2011,"2011 Tohoku, Japan M9.1",observed_liquefaction,1,observed_inventory,166,0.19298183917999268,139.99890828000002,36.175333470000055,0.6980777531862259,0.31979580223560333,-0.37828195095062256,3,20,0.1933441302661749,0.00036229108618221484
tohoku_2011,"2011 Tohoku, Japan M9.1",observed_liquefaction,1,observed_inventory,166,0.26137644052505493,139.70440828000005,36.163333470000055,0.6980777531862259,0.31979580223560333,-0.37828195095062256,3,20,0.2618254736736842,0.00044903314862926313
tohoku_2011,"2011 Tohoku, Japan M9.1",observed_liquefaction,1,observed_inventory,166,0.2977158725261688,139.95840828000001,36.15633347000005,0.6980777531862259,0.31979580223560333,-0.37828195095062256,3,20,0.2982021307328509,0.00048625820668207753
tohoku_2011,"2011 Tohoku, Japan M9.1",observed_liquefaction,1,observed_inventory,166,0.33331674337387085,139.96140828000006,36.139333470000054,0.6980777531862259,0.31979580223560333,-0.37828195095062256,3,20,0.3338335080545809,0.0005167646807100468
tohoku_2011,"2011 Tohoku, Japan M9.1",observed_liquefaction,1,observed_inventory,166,0.21675382554531097,140.0049082800001,36.14033347000003,0.057553038001060486,0.5237058252096176,0.46615278720855713,3,20,0.21678636431404064,3.253876872966188e-05
tohoku_2011,"2011 Tohoku, Japan M9.1",observed_liquefaction,1,observed_inventory,166,0.17242971062660217,139.7289082800001,36.122833470000074,0.6980777531862259,0.31979580223560333,-0.37828195095062256,3,20,0.1727616781921705,0.00033196756556833074
tohoku_2011,"2011 Tohoku, Japan M9.1",observed_liquefaction,1,observed_inventory,166,0.1927710473537445,139.9549082800001,36.117333470000034,0.6980777531862259,0.31979580223560333,-0.37828195095062256,3,20,0.19313303741755364,0.0003619900638091311
tohoku_2011,"2011 Tohoku, Japan M9.1",observed_liquefaction,1,observed_inventory,166,0.26370325684547424,139.78590828000006,36.092833470000045,0.6980777531862259,0.31979580223560333,-0.37828195095062256,3,20,0.2641548577780432,0.00045160093256896294
tohoku_2011,"2011 Tohoku, Japan M9.1",observed_liquefaction,1,observed_inventory,166,0.1068948432803154,139.73790828000006,36.10433347000003,0.6980777531862259,0.31979580223560333,-0.37828195095062256,3,20,0.10711697175393559,0.00022212847362018673
tohoku_2011,"2011 Tohoku, Japan M9.1",observed_liquefaction,1,observed_inventory,166,0.11651898175477982,139.92290828000006,36.10233347000005,0.6980777531862259,0.31979580223560333,-0.37828195095062256,3,20,0.11675849473757728,0.0002395129827974657
tohoku_2011,"2011 Tohoku, Japan M9.1",observed_liquefaction,1,observed_inventory,166,0.06616572290658951,139.7149082800001,36.096833470000036,0.6980777531862259,0.31979580223560333,-0.37828195095062256,3,20,0.06630949973901015,0.00014377683242064454
tohoku_2011,"2011 Tohoku, Japan M9.1",observed_liquefaction,1,observed_inventory,166,0.20544826984405518,140.00790828000004,36.09333347000006,0.057553038001060486,0.5237058252096176,0.46615278720855713,3,20,0.20547955668170484,3.1286837649663335e-05
tohoku_2011,"2011 Tohoku, Japan M9.1",observed_liquefaction,1,observed_inventory,166,0.05023013427853584,139.74690828000007,36.08933347000004,0.6980777531862259,0.31979580223560333,-0.37828195095062256,3,20,0.05034115009781858,0.0001110158192827379
tohoku_2011,"2011 Tohoku, Japan M9.1",observed_liquefaction,1,observed_inventory,166,0.2852171063423157,140.00640828000002,36.07783347000006,0.057553038001060486,0.5237058252096176,0.46615278720855713,3,20,0.2852561796414931,3.907329917740565e-05
tohoku_2011,"2011 Tohoku, Japan M9.1",observed_liquefaction,1,observed_inventory,166,0.2642822861671448,140.00940828000006,36.05683347000004,0.057553038001060486,0.5237058252096176,0.46615278720855713,3,20,0.2643195520464545,3.7265879309744676e-05
tohoku_2011,"2011 Tohoku, Japan M9.1",observed_liquefaction,1,observed_inventory,166,0.22597086429595947,139.96090828000007,36.03933347000003,0.6980777531862259,0.31979580223560333,-0.37828195095062256,3,20,0.2263777143031722,0.0004068500072127168
tohoku_2011,"2011 Tohoku, Japan M9.1",observed_liquefaction,1,observed_inventory,166,0.2534831762313843,139.89690828000005,35.99433347000004,0.6980777531862259,0.31979580223560333,-0.37828195095062256,3,20,0.25392331084129083,0.0004401346099065506
tohoku_2011,"2011 Tohoku, Japan M9.1",observed_liquefaction,1,observed_inventory,166,0.07615011185407639,140.10940828000008,35.98883347000006,0.6980777531862259,0.31979580223560333,-0.37828195095062256,3,20,0.07631381156209051,0.0001636997080141228
tohoku_2011,"2011 Tohoku, Japan M9.1",observed_liquefaction,1,observed_inventory,166,0.29474201798439026,140.03790828000007,35.96033347000005,0.6980777531862259,0.31979580223560333,-0.37828195095062256,3,20,0.2952254608641735,0.00048344287978324685
tohoku_2011,"2011 Tohoku, Japan M9.1",observed_liquefaction,1,observed_inventory,166,0.24421434104442596,139.94090828000003,35.95833347000007,0.6980777531862259,0.31979580223560333,-0.37828195095062256,3,20,0.24464365593693077,0.00042931489250480626
tohoku_2011,"2011 Tohoku, Japan M9.1",observed_liquefaction,1,observed_inventory,166,0.2655003070831299,140.06690828000006,35.93833347000003,0.6980777531862259,0.31979580223560333,-0.37828195095062256,3,20,0.2659538739148696,0.0004535668317396935
tohoku_2011,"2011 Tohoku, Japan M9.1",observed_liquefaction,1,observed_inventory,166,0.12950097024440765,139.77390828000006,35.92583347000004,0.6980777531862259,0.31979580223560333,-0.37828195095062256,3,20,0.12976324914321508,0.00026227889880742206
tohoku_2011,"2011 Tohoku, Japan M9.1",observed_liquefaction,1,observed_inventory,166,0.26332348585128784,139.98140828000004,35.92283347000003,0.6980777531862259,0.31979580223560333,-0.37828195095062256,3,20,0.26377466940509164,0.00045118355380380226
tohoku_2011,"2011 Tohoku, Japan M9.1",observed_liquefaction,1,observed_inventory,166,0.24002587795257568,140.12290828000005,35.917333470000045,0.6980777531862259,0.31979580223560333,-0.37828195095062256,3,20,0.2404501722998275,0.00042429434725183013
tohoku_2011,"2011 Tohoku, Japan M9.1",observed_liquefaction,1,observed_inventory,166,0.09476503729820251,140.05440828000008,35.898833470000056,0.6980777531862259,0.31979580223560333,-0.37828195095062256,3,20,0.09496464008236404,0.00019960278416152055
tohoku_2011,"2011 Tohoku, Japan M9.1",observed_liquefaction,1,observed_inventory,166,0.12170398235321045,140.47840828000005,36.37683347000004,0.057553038001060486,0.5237058252096176,0.46615278720855713,3,20,0.12172446988669026,2.0487533479815467e-05
tohoku_2011,"2011 Tohoku, Japan M9.1",observed_liquefaction,1,observed_inventory,166,0.017593758180737495,140.4504082800001,36.37433347000004,0.057553038001060486,0.5237058252096176,0.46615278720855713,3,20,0.017597071035306184,3.312854568688489e-06
tohoku_2011,"2011 Tohoku, Japan M9.1",observed_liquefaction,1,observed_inventory,166,0.3347497582435608,140.51740828000004,36.373333470000034,-0.0464496115843455,0.03667669494946798,0.08312630653381348,3,20,0.3347153136922482,-3.444455131257351e-05
tohoku_2011,"2011 Tohoku, Japan M9.1",observed_liquefaction,1,observed_inventory,166,0.3665958642959595,140.55540828000005,36.35333347000005,-0.0464496115843455,0.03667669494946798,0.08312630653381348,3,20,0.3665599484736796,-3.5915822279852794e-05
tohoku_2011,"2011 Tohoku, Japan M9.1",observed_liquefaction,1,observed_inventory,166,0.34802740812301636,140.5339082800001,36.29933347000005,-0.0464496115843455,0.03667669494946798,0.08312630653381348,3,20,0.3479923120199515,-3.509610306484667e-05
tohoku_2011,"2011 Tohoku, Japan M9.1",observed_liquefaction,1,observed_inventory,166,0.11783427000045776,140.5339082800001,36.284333470000036,-0.0464496115843455,0.03667669494946798,0.08312630653381348,3,20,0.11781819235504891,-1.607764540885459e-05
tohoku_2011,"2011 Tohoku, Japan M9.1",observed_liquefaction,1,observed_inventory,166,0.0395418219268322,140.49940828000007,36.26733347000004,0.057553038001060486,0.5237058252096176,0.46615278720855713,3,20,0.039549101165304384,7.2792384721853676e-06
tohoku_2011,"2011 Tohoku, Japan M9.1",observed_liquefaction,1,observed_inventory,166,0.15001003444194794,140.51390828000007,36.15033347000005,0.057553038001060486,0.5237058252096176,0.46615278720855713,3,20,0.15003447300838982,2.4438566441881138e-05
tohoku_2011,"2011 Tohoku, Japan M9.1",observed_liquefaction,1,observed_inventory,166,0.13395845890045166,140.3344082800001,36.13833347000005,0.057553038001060486,0.5237058252096176,0.46615278720855713,3,20,0.13398069465237697,2.2235751925309133e-05
tohoku_2011,"2011 Tohoku, Japan M9.1",observed_liquefaction,1,observed_inventory,166,0.07680558413267136,140.24040828000005,36.128833470000046,0.057553038001060486,0.5237058252096176,0.46615278720855713,3,20,0.07681917457763285,1.3590444961492087e-05
tohoku_2011,"2011 Tohoku, Japan M9.1",observed_liquefaction,1,observed_inventory,166,0.1514606475830078,140.54290828000006,36.08533347000005,0.057553038001060486,0.5237058252096176,0.46615278720855713,3,20,0.1514852803554071,2.463277239928008e-05
tohoku_2011,"2011 Tohoku, Japan M9.1",observed_liquefaction,1,observed_inventory,166,0.16548775136470795,140.2149082800001,36.082333470000066,0.057553038001060486,0.5237058252096176,0.46615278720855713,3,20,0.16551422044791614,2.6469083208191524e-05
tohoku_2011,"2011 Tohoku, Japan M9.1",observed_liquefaction,1,observed_inventory,166,0.3496684730052948,140.37140828000003,36.06183347000004,0.057553038001060486,0.5237058252096176,0.46615278720855713,3,20,0.3497120559212349,4.358291594008801e-05
tohoku_2011,"2011 Tohoku, Japan M9.1",observed_liquefaction,1,observed_inventory,166,0.002873371820896864,140.23590828000005,36.040333470000036,0.057553038001060486,0.5237058252096176,0.46615278720855713,3,20,0.0028739209772438742,5.491563470102871e-07
tohoku_2011,"2011 Tohoku, Japan M9.1",observed_liquefaction,1,observed_inventory,166,0.25538957118988037,140.4594082800001,36.02133347000006,0.057553038001060486,0.5237058252096176,0.46615278720855713,3,20,0.25542601846953805,3.644727965768091e-05
tohoku_2011,"2011 Tohoku, Japan M9.1",observed_liquefaction,1,observed_inventory,166,0.2035692036151886,140.3784082800001,36.00283347000007,0.057553038001060486,0.5237058252096176,0.46615278720855713,3,20,0.2036002776237942,3.107400860560827e-05
tohoku_2011,"2011 Tohoku, Japan M9.1",observed_liquefaction,1,observed_inventory,166,0.2748166024684906,140.36290828000006,35.995833470000065,0.057553038001060486,0.5237058252096176,0.46615278720855713,3,20,0.2748547988346124,3.819636612178989e-05
tohoku_2011,"2011 Tohoku, Japan M9.1",observed_liquefaction,1,observed_inventory,166,0.2986641228199005,140.48040828000006,35.985833470000074,0.057553038001060486,0.5237058252096176,0.46615278720855713,3,20,0.2987042684571015,4.014563720100561e-05
tohoku_2011,"2011 Tohoku, Japan M9.1",observed_liquefaction,1,observed_inventory,166,0.08955968171358109,140.40290828000008,35.985833470000074,0.057553038001060486,0.5237058252096176,0.46615278720855713,3,20,0.08957530997519067,1.562826160958486e-05
tohoku_2011,"2011 Tohoku, Japan M9.1",observed_liquefaction,1,observed_inventory,166,0.19438473880290985,140.44940828000006,35.96833347000003,0.057553038001060486,0.5237058252096176,0.46615278720855713,3,20,0.19441475307212155,3.001426921170336e-05
tohoku_2011,"2011 Tohoku, Japan M9.1",observed_liquefaction,1,observed_inventory,166,0.23755761981010437,140.45840828000007,35.94633347000004,0.057553038001060486,0.5237058252096176,0.46615278720855713,3,20,0.23759233426288376,3.471445277938856e-05
tohoku_2011,"2011 Tohoku, Japan M9.1",observed_liquefaction,1,observed_inventory,166,0.2944798469543457,140.5104082800001,35.95333347000005,0.057553038001060486,0.5237058252096176,0.46615278720855713,3,20,0.29451966634358767,3.9819389241968484e-05
tohoku_2011,"2011 Tohoku, Japan M9.1",observed_liquefaction,1,observed_inventory,166,0.17143923044204712,140.14240828000004,35.91233347000005,0.6980777531862259,0.31979580223560333,-0.37828195095062256,3,20,0.1717696868969653,0.0003304564549181932
tohoku_2011,"2011 Tohoku, Japan M9.1",observed_liquefaction,1,observed_inventory,166,0.20082715153694153,140.49040828000005,35.909333470000064,0.057553038001060486,0.5237058252096176,0.46615278720855713,3,20,0.20085791254307025,3.0761006128726676e-05
tohoku_2011,"2011 Tohoku, Japan M9.1",observed_liquefaction,1,observed_inventory,166,0.3847966492176056,140.56640828000008,35.931333470000055,0.057553038001060486,0.5237058252096176,0.46615278720855713,3,20,0.38484201955909997,4.537034149437735e-05
tohoku_2011,"2011 Tohoku, Japan M9.1",observed_liquefaction,1,observed_inventory,166,0.25583264231681824,140.41490828000008,35.935333470000046,0.057553038001060486,0.5237058252096176,0.46615278720855713,3,20,0.2558691311000343,3.648878321604876e-05
tohoku_2011,"2011 Tohoku, Japan M9.1",observed_liquefaction,1,observed_inventory,166,0.2548952102661133,140.18240828000006,35.91233347000005,0.6980777531862259,0.31979580223560333,-0.37828195095062256,3,20,0.2553369580548031,0.000441747788689828
tohoku_2011,"2011 Tohoku, Japan M9.1",observed_liquefaction,1,observed_inventory,166,0.2948452830314636,140.3949082800001,35.90533347000007,0.057553038001060486,0.5237058252096176,0.46615278720855713,3,20,0.2948851311812431,3.9848149779475595e-05
tohoku_2011,"2011 Tohoku, Japan M9.1",observed_liquefaction,1,observed_inventory,166,0.01846354268491268,140.61140828000003,36.39633347000006,-0.0464496115843455,0.03667669494946798,0.08312630653381348,3,20,0.0184607397343159,-2.8029505967815116e-06
tohoku_2011,"2011 Tohoku, Japan M9.1",observed_liquefaction,1,observed_inventory,166,0.16138608753681183,140.59040828000008,36.34183347000007,-0.0464496115843455,0.03667669494946798,0.08312630653381348,3,20,0.16136515452446515,-2.093301234667999e-05
tohoku_2011,"2011 Tohoku, Japan M9.1",observed_liquefaction,1,observed_inventory,166,0.1869097352027893,140.56640828000008,36.316333470000075,-0.0464496115843455,0.03667669494946798,0.08312630653381348,3,20,0.18688622935219673,-2.3505850592575595e-05
tohoku_2011,"2011 Tohoku, Japan M9.1",observed_liquefaction,1,observed_inventory,166,0.09970129281282425,140.58790828000008,36.02133347000006,0.057553038001060486,0.5237058252096176,0.46615278720855713,3,20,0.0997184969628541,1.7204150029856424e-05
tohoku_2011,"2011 Tohoku, Japan M9.1",observed_liquefaction,1,observed_inventory,166,0.23417150974273682,140.68640828000008,35.96283347000005,0.057553038001060486,0.5237058252096176,0.46615278720855713,3,20,0.23420588137736648,3.437163462965964e-05
tohoku_2011,"2011 Tohoku, Japan M9.1",observed_liquefaction,1,observed_inventory,166,0.01833285763859749,140.65790828000007,35.957833470000054,0.057553038001060486,0.5237058252096176,0.46615278720855713,3,20,0.018336307065918742,3.4494273212538895e-06
tohoku_2011,"2011 Tohoku, Japan M9.1",observed_liquefaction,1,observed_inventory,166,0.19779354333877563,140.64390828000006,35.921333470000064,0.057553038001060486,0.5237058252096176,0.46615278720855713,3,20,0.19782395470306766,3.041136429202118e-05
tohoku_2011,"2011 Tohoku, Japan M9.1",observed_liquefaction,1,observed_inventory,166,0.26053139567375183,140.69840828000008,35.937333470000056,0.057553038001060486,0.5237058252096176,0.46615278720855713,3,20,0.26056831996972984,3.692429597801361e-05
tohoku_2011,"2011 Tohoku, Japan M9.1",observed_liquefaction,1,observed_inventory,166,0.09432445466518402,139.62190828000007,35.814333470000065,0.6980777531862259,0.31979580223560333,-0.37828195095062256,3,20,0.09452322635376709,0.00019877168858306593
tohoku_2011,"2011 Tohoku, Japan M9.1",observed_liquefaction,1,observed_inventory,166,0.34876781702041626,139.68240828000006,35.79933347000005,0.6980777531862259,0.31979580223560333,-0.37828195095062256,3,20,0.3492959858876654,0.0005281688672491569
tohoku_2011,"2011 Tohoku, Japan M9.1",observed_liquefaction,1,observed_inventory,166,0.015109335072338581,139.59840828000006,35.50933347000006,0.6980777531862259,0.31979580223560333,-0.37828195095062256,3,20,0.015143966549135572,3.463147679699102e-05
tohoku_2011,"2011 Tohoku, Japan M9.1",observed_liquefaction,1,observed_inventory,166,0.011855022981762886,139.99240828000006,35.88583347000005,0.6980777531862259,0.31979580223560333,-0.37828195095062256,3,20,0.011882285376066865,2.7262394303978477e-05
tohoku_2011,"2011 Tohoku, Japan M9.1",observed_liquefaction,1,observed_inventory,166,0.08118060976266861,140.08390828000006,35.88433347000006,0.6980777531862259,0.31979580223560333,-0.37828195095062256,3,20,0.0813541712350864,0.00017356147241778808
tohoku_2011,"2011 Tohoku, Japan M9.1",observed_liquefaction,1,observed_inventory,166,0.07752801477909088,140.06940828000006,35.87833347000006,0.6980777531862259,0.31979580223560333,-0.37828195095062256,3,20,0.07769442745548608,0.00016641267639519453
tohoku_2011,"2011 Tohoku, Japan M9.1",observed_liquefaction,1,observed_inventory,166,0.10845348238945007,140.04390828000004,35.87583347000006,0.6980777531862259,0.31979580223560333,-0.37828195095062256,3,20,0.10867845560463262,0.00022497321518254176
tohoku_2011,"2011 Tohoku, Japan M9.1",observed_liquefaction,1,observed_inventory,166,0.08229072391986847,140.02440828000005,35.87333347000006,0.6980777531862259,0.31979580223560333,-0.37828195095062256,3,20,0.08246644576208069,0.00017572184221222031
tohoku_2011,"2011 Tohoku, Japan M9.1",observed_liquefaction,1,observed_inventory,166,0.06071903556585312,140.01090828000008,35.86733347000006,0.6980777531862259,0.31979580223560333,-0.37828195095062256,3,20,0.0608517480958818,0.00013271253002868078
tohoku_2011,"2011 Tohoku, Japan M9.1",observed_liquefaction,1,observed_inventory,166,0.0034908552188426256,139.98890828000003,35.86633347000006,0.6980777531862259,0.31979580223560333,-0.37828195095062256,3,20,0.003498951069843168,8.095851000542234e-06
tohoku_2011,"2011 Tohoku, Japan M9.1",observed_liquefaction,1,observed_inventory,166,0.13298702239990234,140.10940828000008,35.864333470000076,0.6980777531862259,0.31979580223560333,-0.37828195095062256,3,20,0.13325528082827012,0.00026825842836777913
tohoku_2011,"2011 Tohoku, Japan M9.1",observed_liquefaction,1,observed_inventory,166,0.01703914813697338,140.02440828000005,35.86033347000006,0.6980777531862259,0.31979580223560333,-0.37828195095062256,3,20,0.0170781261582148,3.897802124142036e-05
tohoku_2011,"2011 Tohoku, Japan M9.1",observed_liquefaction,1,observed_inventory,166,0.05340977758169174,140.08940828000004,35.84883347000007,0.6980777531862259,0.31979580223560333,-0.37828195095062256,3,20,0.05352742481359856,0.00011764723190681864
tohoku_2011,"2011 Tohoku, Japan M9.1",observed_liquefaction,1,observed_inventory,166,0.2128717303276062,139.73990828000007,35.78083347000003,0.6980777531862259,0.31979580223560333,-0.37828195095062256,3,20,0.21326149395319977,0.00038976362559356437
tohoku_2011,"2011 Tohoku, Japan M9.1",observed_liquefaction,1,observed_inventory,166,0.3540502190589905,139.78690828000003,35.76033347000006,0.6980777531862259,0.31979580223560333,-0.37828195095062256,3,20,0.3545820319111197,0.0005318128521292209
tohoku_2011,"2011 Tohoku, Japan M9.1",observed_liquefaction,1,observed_inventory,166,0.2899424731731415,139.81290828000004,35.74933347000007,0.6980777531862259,0.31979580223560333,-0.37828195095062256,3,20,0.2904212855056385,0.00047881233249702504
tohoku_2011,"2011 Tohoku, Japan M9.1",observed_liquefaction,1,observed_inventory,166,0.25113892555236816,139.83540828000008,35.725333470000066,0.6980777531862259,0.31979580223560333,-0.37828195095062256,3,20,0.2515763614673597,0.000437435914991513
tohoku_2011,"2011 Tohoku, Japan M9.1",observed_liquefaction,1,observed_inventory,166,0.044071972370147705,140.11540828000005,35.72683347000006,-0.9301147510608037,-0.2902662952740987,0.639848455786705,3,20,0.04394166911947071,-0.00013030325067699827
tohoku_2011,"2011 Tohoku, Japan M9.1",observed_liquefaction,1,observed_inventory,166,0.23350323736667633,139.84590828000006,35.711333470000056,0.6980777531862259,0.31979580223560333,-0.37828195095062256,3,20,0.23391955057956862,0.0004163132128922886
tohoku_2011,"2011 Tohoku, Japan M9.1",observed_liquefaction,1,observed_inventory,166,0.3172929584980011,139.91290828000007,35.64983347000006,0.6980777531862259,0.31979580223560333,-0.37828195095062256,3,20,0.31779672251698105,0.0005037640189799464
tohoku_2011,"2011 Tohoku, Japan M9.1",observed_liquefaction,1,observed_inventory,166,0.28468894958496094,139.8294082800001,35.64033347000006,0.6980777531862259,0.31979580223560333,-0.37828195095062256,3,20,0.2851625704251393,0.00047362084017837924
tohoku_2011,"2011 Tohoku, Japan M9.1",observed_liquefaction,1,observed_inventory,166,0.3408416509628296,139.85490828000002,35.65233347000006,0.6980777531862259,0.31979580223560333,-0.37828195095062256,3,20,0.34136410845685816,0.000522457494028572
tohoku_2011,"2011 Tohoku, Japan M9.1",observed_liquefaction,1,observed_inventory,166,0.3011535704135895,139.77440828000005,35.58533347000005,0.6980777531862259,0.31979580223560333,-0.37828195095062256,3,20,0.301643031755722,0.0004894613421325134
tohoku_2011,"2011 Tohoku, Japan M9.1",observed_liquefaction,1,observed_inventory,166,0.26148462295532227,139.74190828000002,35.489333470000076,0.6980777531862259,0.31979580223560333,-0.37828195095062256,3,20,0.2619337760487406,0.00044915309341830856
tohoku_2011,"2011 Tohoku, Japan M9.1",observed_liquefaction,1,observed_inventory,166,0.06447660177946091,139.9759082800001,35.44683347000006,-0.9301147510608037,-0.2902662952740987,0.639848455786705,3,20,0.06429002750088225,-0.00018657427857865505
tohoku_2011,"2011 Tohoku, Japan M9.1",observed_liquefaction,1,observed_inventory,166,0.33087751269340515,140.53590828000006,35.90833347000006,0.057553038001060486,0.5237058252096176,0.46615278720855713,3,20,0.3309199452735529,4.2432580147744314e-05
tohoku_2011,"2011 Tohoku, Japan M9.1",observed_liquefaction,1,observed_inventory,166,0.3015286922454834,140.5849082800001,35.89433347000005,0.057553038001060486,0.5237058252096176,0.46615278720855713,3,20,0.3015690573628813,4.0365117397911376e-05
tohoku_2011,"2011 Tohoku, Japan M9.1",observed_liquefaction,1,observed_inventory,166,0.3581855595111847,140.12890828000002,35.90033347000005,0.6980777531862259,0.31979580223560333,-0.37828195095062256,3,20,0.3587201344400457,0.000534574928860998
tohoku_2011,"2011 Tohoku, Japan M9.1",observed_liquefaction,1,observed_inventory,166,0.28065183758735657,140.20340828000008,35.90033347000005,0.6980777531862259,0.31979580223560333,-0.37828195095062256,3,20,0.2811213816638014,0.00046954407644483886
tohoku_2011,"2011 Tohoku, Japan M9.1",observed_liquefaction,1,observed_inventory,166,0.22855818271636963,140.1854082800001,35.89783347000005,0.6980777531862259,0.31979580223560333,-0.37828195095062256,3,20,0.22896831306781903,0.0004101303514494059
tohoku_2011,"2011 Tohoku, Japan M9.1",observed_liquefaction,1,observed_inventory,166,0.34490498900413513,140.22290828000007,35.892833470000056,0.6980777531862259,0.31979580223560333,-0.37828195095062256,3,20,0.3454304109520204,0.0005254219478852407
tohoku_2011,"2011 Tohoku, Japan M9.1",observed_liquefaction,1,observed_inventory,166,0.10897606611251831,140.3659082800001,35.88733347000007,0.057553038001060486,0.5237058252096176,0.46615278720855713,3,20,0.10899467693339128,1.8610820872969058e-05
tohoku_2011,"2011 Tohoku, Japan M9.1",observed_liquefaction,1,observed_inventory,166,0.316468745470047,140.24940828000007,35.87033347000005,0.6980777531862259,0.31979580223560333,-0.37828195095062256,3,20,0.31697180845579853,0.0005030629857515345
tohoku_2011,"2011 Tohoku, Japan M9.1",observed_liquefaction,1,observed_inventory,166,0.34585040807724,140.27190828000005,35.882833470000065,0.057553038001060486,0.5237058252096176,0.46615278720855713,3,20,0.3458937682179895,4.336014074951544e-05
tohoku_2011,"2011 Tohoku, Japan M9.1",observed_liquefaction,1,observed_inventory,166,0.3630377948284149,140.28840828000006,35.88133347000007,0.057553038001060486,0.5237058252096176,0.46615278720855713,3,20,0.3630821137709822,4.431894256728963e-05
tohoku_2011,"2011 Tohoku, Japan M9.1",observed_liquefaction,1,observed_inventory,166,0.35012054443359375,140.2259082800001,35.872833470000074,0.6980777531862259,0.31979580223560333,-0.37828195095062256,3,20,0.3506496588292015,0.000529114395607766
tohoku_2011,"2011 Tohoku, Japan M9.1",observed_liquefaction,1,observed_inventory,166,0.34244388341903687,140.32990828000004,35.86533347000005,0.057553038001060486,0.5237058252096176,0.46615278720855713,3,20,0.34248704007990527,4.3156660868404195e-05
tohoku_2011,"2011 Tohoku, Japan M9.1",observed_liquefaction,1,observed_inventory,166,0.2521926462650299,140.23190828000008,35.84933347000003,0.6980777531862259,0.31979580223560333,-0.37828195095062256,3,20,0.2526312983869857,0.00043865212195581815
tohoku_2011,"2011 Tohoku, Japan M9.1",observed_liquefaction,1,observed_inventory,166,0.3258552551269531,140.18190828000007,35.84883347000007,0.6980777531862259,0.31979580223560333,-0.37828195095062256,3,20,0.3263661147325047,0.0005108596055515835
tohoku_2011,"2011 Tohoku, Japan M9.1",observed_liquefaction,1,observed_inventory,166,0.14104203879833221,140.30640828000008,35.85333347000005,0.057553038001060486,0.5237058252096176,0.46615278720855713,3,20,0.1410652588322709,2.3220033938675666e-05
tohoku_2011,"2011 Tohoku, Japan M9.1",observed_liquefaction,1,observed_inventory,166,0.23224353790283203,140.32140828000007,35.84333347000003,0.057553038001060486,0.5237058252096176,0.46615278720855713,3,20,0.23227771238098177,3.417447814973995e-05
tohoku_2011,"2011 Tohoku, Japan M9.1",observed_liquefaction,1,observed_inventory,166,0.014539651572704315,140.19440828000006,35.82733347000004,0.6980777531862259,0.31979580223560333,-0.37828195095062256,3,20,0.014572996622289235,3.33450495849201e-05
tohoku_2011,"2011 Tohoku, Japan M9.1",observed_liquefaction,1,observed_inventory,166,0.009593557566404343,140.2839082800001,35.822333470000046,0.057553038001060486,0.5237058252096176,0.46615278720855713,3,20,0.009595378719465189,1.8211530608460563e-06
tohoku_2011,"2011 Tohoku, Japan M9.1",observed_liquefaction,1,observed_inventory,166,0.26671114563941956,140.23940828000008,35.81733347000005,0.6980777531862259,0.31979580223560333,-0.37828195095062256,3,20,0.2671660285986177,0.00045488295919815513
tohoku_2011,"2011 Tohoku, Japan M9.1",observed_liquefaction,1,observed_inventory,166,0.005417701322585344,140.20490828000004,35.80683347000004,0.6980777531862259,0.31979580223560333,-0.37828195095062256,3,20,0.0054302414866303815,1.2540164045037223e-05
tohoku_2011,"2011 Tohoku, Japan M9.1",observed_liquefaction,1,observed_inventory,166,0.04094654321670532,140.46440828000004,35.637333470000044,-0.9301147510608037,-0.2902662952740987,0.639848455786705,3,20,0.04082508597098039,-0.00012145724572493188
tohoku_2011,"2011 Tohoku, Japan M9.1",observed_liquefaction,1,observed_inventory,166,0.25730931758880615,140.49440828000007,35.57483347000007,-0.9301147510608037,-0.2902662952740987,0.639848455786705,3,20,0.25671786821193143,-0.0005914493768747198
tohoku_2011,"2011 Tohoku, Japan M9.1",observed_liquefaction,1,observed_inventory,166,0.01059660967439413,140.34990828000002,35.55783347000005,-0.9301147510608037,-0.2902662952740987,0.639848455786705,3,20,0.010564185947210585,-3.242372718354619e-05
tohoku_2011,"2011 Tohoku, Japan M9.1",observed_liquefaction,1,observed_inventory,166,0.25834769010543823,140.4454082800001,35.54533347000003,-0.9301147510608037,-0.2902662952740987,0.639848455786705,3,20,0.2577546822827704,-0.000593007822667857
tohoku_2011,"2011 Tohoku, Japan M9.1",observed_liquefaction,1,observed_inventory,166,0.2744675576686859,140.62540828000004,35.90383347000005,0.057553038001060486,0.5237058252096176,0.46615278720855713,3,20,0.2745057238854236,3.8166216737689496e-05
tohoku_2011,"2011 Tohoku, Japan M9.1",observed_liquefaction,1,observed_inventory,166,0.06828825175762177,140.70440828000005,35.87683347000004,0.057553038001060486,0.5237058252096176,0.46615278720855713,3,20,0.06830044659423266,1.2194836610898707e-05
tohoku_2011,"2011 Tohoku, Japan M9.1",observed_liquefaction,1,observed_inventory,166,0.3385961055755615,140.61790828000005,35.86233347000004,0.057553038001060486,0.5237058252096176,0.46615278720855713,3,20,0.33863902704939264,4.2921473831114554e-05
tohoku_2011,"2011 Tohoku, Japan M9.1",observed_liquefaction,1,observed_inventory,166,0.20787747204303741,140.7029082800001,35.85933347000005,0.057553038001060486,0.5237058252096176,0.46615278720855713,3,20,0.2079090320137895,3.1559970752076394e-05
tohoku_2011,"2011 Tohoku, Japan M9.1",observed_liquefaction,1,observed_inventory,166,0.27726954221725464,140.71540828000008,35.83983347000006,0.057553038001060486,0.5237058252096176,0.46615278720855713,3,20,0.27730794914313084,3.840692587619987e-05
tohoku_2011,"2011 Tohoku, Japan M9.1",observed_liquefaction,1,observed_inventory,166,0.265904039144516,140.73140828000004,35.81133347000005,0.057553038001060486,0.5237058252096176,0.46615278720855713,3,20,0.26594145104232414,3.741189780814835e-05
tohoku_2011,"2011 Tohoku, Japan M9.1",observed_liquefaction,1,observed_inventory,166,0.0014447442954406142,140.61040828000006,35.798333470000046,0.057553038001060486,0.5237058252096176,0.46615278720855713,3,20,0.0014450208094083411,2.765139677268942e-07
tohoku_2011,"2011 Tohoku, Japan M9.1",observed_liquefaction,1,observed_inventory,166,0.23114679753780365,140.74090828000004,35.79083347000005,0.057553038001060486,0.5237058252096176,0.46615278720855713,3,20,0.23118085922623238,3.4061688428732584e-05
tohoku_2011,"2011 Tohoku, Japan M9.1",observed_liquefaction,1,observed_inventory,166,0.024611985310912132,140.7549082800001,35.77733347000003,-0.0464496115843455,0.03667669494946798,0.08312630653381348,3,20,0.024608272366492625,-3.7129444195073413e-06
tohoku_2011,"2011 Tohoku, Japan M9.1",observed_liquefaction,1,observed_inventory,166,0.3040752410888672,140.85040828000007,35.75083347000006,-0.0464496115843455,0.03667669494946798,0.08312630653381348,3,20,0.3040425102975137,-3.273079135346357e-05
tohoku_2011,"2011 Tohoku, Japan M9.1",observed_liquefaction,1,observed_inventory,166,0.19850726425647736,140.82740828000004,35.73883347000006,-0.4793348840127388,-0.16097617956499258,0.3183587044477463,3,20,0.1982534300052189,-0.0002538342512584668
tohoku_2011,"2011 Tohoku, Japan M9.1",observed_liquefaction,1,observed_inventory,166,0.20365987718105316,140.69390828000007,35.70983347000006,-0.4793348840127388,-0.16097617956499258,0.3183587044477463,3,20,0.20340112627794085,-0.0002587509031123092
tohoku_2011,"2011 Tohoku, Japan M9.1",observed_liquefaction,1,observed_inventory,166,0.00570643087849021,140.72390828000005,35.721833470000064,-0.4793348840127388,-0.16097617956499258,0.3183587044477463,3,20,0.005697381477080281,-9.049401409928423e-06
tohoku_2011,"2011 Tohoku, Japan M9.1",observed_liquefaction,1,observed_inventory,166,0.02174447476863861,140.7119082800001,35.71683347000007,-0.4793348840127388,-0.16097617956499258,0.3183587044477463,3,20,0.021710547179367556,-3.392758927105513e-05
tohoku_2011,"2011 Tohoku, Japan M9.1",observed_liquefaction,1,observed_inventory,166,0.1806950718164444,140.63740828000005,35.679833470000034,-0.4793348840127388,-0.16097617956499258,0.3183587044477463,3,20,0.1804588860278116,-0.00023618578863279782
tohoku_2011,"2011 Tohoku, Japan M9.1",observed_liquefaction,1,observed_inventory,166,0.2622165381908417,140.60540828000006,35.67433347000005,-0.4793348840127388,-0.16097617956499258,0.3183587044477463,3,20,0.26190785898850616,-0.0003086792023355156
tohoku_2011,"2011 Tohoku, Japan M9.1",observed_liquefaction,1,observed_inventory,166,0.0002609420334920287,139.6404082800001,35.34433347000004,0.6980777531862259,0.31979580223560333,-0.37828195095062256,3,20,0.0002615491658049831,6.071323129543918e-07
tohoku_2011,"2011 Tohoku, Japan M9.1",observed_liquefaction,1,observed_inventory,166,0.23006097972393036,139.89240828000004,35.36333347000004,-0.9301147510608037,-0.2902662952740987,0.639848455786705,3,20,0.22951280783355174,-0.0005481718903786181
tohoku_2011,"2011 Tohoku, Japan M9.1",observed_liquefaction,1,observed_inventory,166,0.0002609420334920287,139.90790828000002,35.02483347000006,-0.9301147510608037,-0.2902662952740987,0.639848455786705,3,20,0.00026013528265370376,-8.067508383249509e-07
tohoku_2011,"2011 Tohoku, Japan M9.1",pseudo_control,0,pseudo-controls outside buffered inventory; hard cells from upper static-probability background,166,0.06781547516584396,141.01118014241726,38.29633138712,6.130160917838415,2.8432928224404654,-3.286868095397949,3,20,0.06911738257960784,0.0013019074137638753
tohoku_2011,"2011 Tohoku, Japan M9.1",pseudo_control,0,pseudo-controls outside buffered inventory; hard cells from upper static-probability background,166,0.10091028362512589,139.3695514781735,36.28395118591754,0.6980777531862259,0.31979580223560333,-0.37828195095062256,3,20,0.10112138418491302,0.00021110055978713904
tohoku_2011,"2011 Tohoku, Japan M9.1",pseudo_control,0,pseudo-controls outside buffered inventory; hard cells from upper static-probability background,166,0.011852119117975235,141.27367406588772,40.546197450576166,4.602387944857279,3.3600899974505105,-1.2422979474067688,3,20,0.012032960642270841,0.00018084152429560622
tohoku_2011,"2011 Tohoku, Japan M9.1",pseudo_control,0,pseudo-controls outside buffered inventory; hard cells from upper static-probability background,166,0.07578855007886887,139.98620386981835,36.846417701781576,3.240011711915334,2.0151045521100364,-1.2249071598052979,3,20,0.07654774591561239,0.0007591958367435259
tohoku_2011,"2011 Tohoku, Japan M9.1",pseudo_control,0,pseudo-controls outside buffered inventory; hard cells from upper static-probability background,166,0.3150723874568939,140.93201530835475,38.533817249373705,6.130160917838415,2.8432928224404654,-3.286868095397949,3,20,0.31949418197287666,0.004421794515982735
tohoku_2011,"2011 Tohoku, Japan M9.1",pseudo_control,0,pseudo-controls outside buffered inventory; hard cells from upper static-probability background,166,0.00920750293880701,139.32788577603532,35.78814736822997,0.6980777531862259,0.31979580223560333,-0.37828195095062256,3,20,0.009228733827742924,2.123088893591328e-05
tohoku_2011,"2011 Tohoku, Japan M9.1",pseudo_control,0,pseudo-controls outside buffered inventory; hard cells from upper static-probability background,166,0.008580051362514496,141.0945115466936,38.50048590028547,6.130160917838415,2.8432928224404654,-3.286868095397949,3,20,0.008755450345290253,0.00017539898277575683
tohoku_2011,"2011 Tohoku, Japan M9.1",pseudo_control,0,pseudo-controls outside buffered inventory; hard cells from upper static-probability background,166,0.030647076666355133,140.85701704450605,36.93391249313821,1.1961596111456552,0.9495373467604319,-0.2466222643852234,3,20,0.030765630733850132,0.00011855406749499905
tohoku_2011,"2011 Tohoku, Japan M9.1",pseudo_control,0,pseudo-controls outside buffered inventory; hard cells from upper static-probability background,166,0.030034856870770454,140.99034729134817,37.40471779900959,3.676163077354431,2.6730347275733948,-1.0031283497810364,3,20,0.030393548310285946,0.00035869143951549123
tohoku_2011,"2011 Tohoku, Japan M9.1",pseudo_control,0,pseudo-controls outside buffered inventory; hard cells from upper static-probability background,166,0.005253644660115242,141.1695098105423,39.2421084174988,6.130160917838415,2.8432928224404654,-3.286868095397949,3,20,0.005361410810697848,0.00010776615058260587
tohoku_2011,"2011 Tohoku, Japan M9.1",pseudo_control,0,pseudo-controls outside buffered inventory; hard cells from upper static-probability background,166,0.005296059884130955,141.42367059358511,40.504533264215866,4.602387944857279,3.3600899974505105,-1.2422979474067688,3,20,0.005377412383537442,8.135249940648733e-05
tohoku_2011,"2011 Tohoku, Japan M9.1",pseudo_control,0,pseudo-controls outside buffered inventory; hard cells from upper static-probability background,166,0.11137065291404724,141.16534324032847,39.112949439781865,6.130160917838415,2.8432928224404654,-3.286868095397949,3,20,0.11340699827211116,0.0020363453580639207
tohoku_2011,"2011 Tohoku, Japan M9.1",pseudo_control,0,pseudo-controls outside buffered inventory; hard cells from upper static-probability background,166,0.019970759749412537,139.91537217618347,36.658928863160234,3.240011711915334,2.0151045521100364,-1.2249071598052979,3,20,0.020183023249210903,0.00021226349979836662
tohoku_2011,"2011 Tohoku, Japan M9.1",pseudo_control,0,pseudo-controls outside buffered inventory; hard cells from upper static-probability background,166,0.22309836745262146,139.90287246554203,36.5714340718036,3.240011711915334,2.0151045521100364,-1.2249071598052979,3,20,0.22497400291954048,0.0018756354669190178
tohoku_2011,"2011 Tohoku, Japan M9.1",pseudo_control,0,pseudo-controls outside buffered inventory; hard cells from upper static-probability background,166,0.339324951171875,141.45283658508183,38.3379955734803,1.8018820509314537,0.5445263013243675,-1.2573557496070862,3,20,0.3406714063210256,0.001346455149150605
tohoku_2011,"2011 Tohoku, Japan M9.1",pseudo_control,0,pseudo-controls outside buffered inventory; hard cells from upper static-probability background,166,0.08685664087533951,140.17786609965393,35.52982941279612,-0.9301147510608037,-0.2902662952740987,0.639848455786705,3,20,0.08661130162389867,-0.00024533925144083757
tohoku_2011,"2011 Tohoku, Japan M9.1",pseudo_control,0,pseudo-controls outside buffered inventory; hard cells from upper static-probability background,166,0.009596271440386772,141.67783137662792,40.287879495142306,4.602387944857279,3.3600899974505105,-1.2422979474067688,3,20,0.009743032259276394,0.00014676081888962203
tohoku_2011,"2011 Tohoku, Japan M9.1",pseudo_control,0,pseudo-controls outside buffered inventory; hard cells from upper static-probability background,166,0.1507747322320938,139.54038085693998,35.87980857822264,0.6980777531862259,0.31979580223560333,-0.37828195095062256,3,20,0.15107261955147006,0.00029788731937624435
tohoku_2011,"2011 Tohoku, Japan M9.1",pseudo_control,0,pseudo-controls outside buffered inventory; hard cells from upper static-probability background,166,0.13823063671588898,139.80704135062425,36.375612395910196,0.6980777531862259,0.31979580223560333,-0.37828195095062256,3,20,0.13850778269122932,0.0002771459753403427
tohoku_2011,"2011 Tohoku, Japan M9.1",pseudo_control,0,pseudo-controls outside buffered inventory; hard cells from upper static-probability background,166,0.05822068080306053,139.97787072939073,36.72975797997274,3.240011711915334,2.0151045521100364,-1.2249071598052979,3,20,0.058815093403446206,0.0005944126003856742
tohoku_2011,"2011 Tohoku, Japan M9.1",pseudo_control,0,pseudo-controls outside buffered inventory; hard cells from upper static-probability background,166,0.01528093684464693,140.65285510402902,36.58809974634772,0.057553038001060486,0.5237058252096176,0.46615278720855713,3,20,0.01528382097681453,2.884132167599654e-06
tohoku_2011,"2011 Tohoku, Japan M9.1",pseudo_control,0,pseudo-controls outside buffered inventory; hard cells from upper static-probability background,166,0.00564962811768055,140.81535134236788,38.77546953026344,6.130160917838415,2.8432928224404654,-3.286868095397949,3,20,0.005765469858226534,0.00011584174054598412
tohoku_2011,"2011 Tohoku, Japan M9.1",pseudo_control,0,pseudo-controls outside buffered inventory; hard cells from upper static-probability background,166,0.009819568134844303,141.06117898498306,39.25877409204291,5.425112207730612,3.2169023354848227,-2.2082098722457886,3,20,0.009996787328669451,0.00017721919382514793
tohoku_2011,"2011 Tohoku, Japan M9.1",pseudo_control,0,pseudo-controls outside buffered inventory; hard cells from upper static-probability background,166,0.011574313044548035,140.7736856402297,36.95057816768233,1.1961596111456552,0.9495373467604319,-0.2466222643852234,3,20,0.011619971139191314,4.565809464327983e-05
tohoku_2011,"2011 Tohoku, Japan M9.1",pseudo_control,0,pseudo-controls outside buffered inventory; hard cells from upper static-probability background,166,0.007012049667537212,141.17367638075612,39.383766651123814,5.425112207730612,3.2169023354848227,-2.2082098722457886,3,20,0.007138965328334245,0.00012691566079703256
tohoku_2011,"2011 Tohoku, Japan M9.1",pseudo_control,0,pseudo-controls outside buffered inventory; hard cells from upper static-probability background,166,0.012594891712069511,139.6195456910025,35.58815927370054,0.6980777531862259,0.31979580223560333,-0.37828195095062256,3,20,0.012623833808556474,2.8942096486963068e-05
tohoku_2011,"2011 Tohoku, Japan M9.1",pseudo_control,0,pseudo-controls outside buffered inventory; hard cells from upper static-probability background,166,0.1282675415277481,141.45283658508183,40.583695218300434,4.602387944857279,3.3600899974505105,-1.2422979474067688,3,20,0.1299909975773797,0.0017234560496315887
tohoku_2011,"2011 Tohoku, Japan M9.1",pseudo_control,0,pseudo-controls outside buffered inventory; hard cells from upper static-probability background,166,0.024578377604484558,141.00284700198964,37.37138644992135,1.1961596111456552,0.9495373467604319,-0.2466222643852234,3,20,0.024674053291242157,9.567568675759863e-05
tohoku_2011,"2011 Tohoku, Japan M9.1",pseudo_control,0,pseudo-controls outside buffered inventory; hard cells from upper static-probability background,166,0.06420177221298218,139.76537564848607,36.75059007315289,3.240011711915334,2.0151045521100364,-1.2249071598052979,3,20,0.06485304458362799,0.000651272370645814
tohoku_2011,"2011 Tohoku, Japan M9.1",pseudo_control,0,pseudo-controls outside buffered inventory; hard cells from upper static-probability background,166,0.009455191902816296,140.58202341039416,39.112949439781865,-10.328973571459453,-6.339321891466777,3.989651679992676,3,20,0.009138426853255836,-0.00031676504956046
tohoku_2011,"2011 Tohoku, Japan M9.1",pseudo_control,0,pseudo-controls outside buffered inventory; hard cells from upper static-probability background,166,0.015569999814033508,139.698710525065,35.66732122778511,0.6980777531862259,0.31979580223560333,-0.37828195095062256,3,20,0.015605670430922671,3.5670616889162815e-05
tohoku_2011,"2011 Tohoku, Japan M9.1",pseudo_control,0,pseudo-controls outside buffered inventory; hard cells from upper static-probability background,166,0.047006722539663315,141.07367869562452,38.383826178476625,6.130160917838415,2.8432928224404654,-3.286868095397949,3,20,0.047929687821978394,0.0009229652823150788
tohoku_2011,"2011 Tohoku, Japan M9.1",pseudo_control,0,pseudo-controls outside buffered inventory; hard cells from upper static-probability background,166,0.07560104876756668,140.3445289082066,37.37971928719341,3.676163077354431,2.6730347275733948,-1.0031283497810364,3,20,0.07646101817185162,0.000859969404284941
tohoku_2011,"2011 Tohoku, Japan M9.1",pseudo_control,0,pseudo-controls outside buffered inventory; hard cells from upper static-probability background,166,0.06475690752267838,139.99453701024598,36.671428119068324,3.240011711915334,2.0151045521100364,-1.2249071598052979,3,20,0.06541341762895793,0.0006565101062795536
tohoku_2011,"2011 Tohoku, Japan M9.1",pseudo_control,0,pseudo-controls outside buffered inventory; hard cells from upper static-probability background,166,0.37028878927230835,140.91534902749947,38.07134478077438,6.130160917838415,2.8432928224404654,-3.286868095397949,3,20,0.37506116302916653,0.004772373756858184
tohoku_2011,"2011 Tohoku, Japan M9.1",pseudo_control,0,pseudo-controls outside buffered inventory; hard cells from upper static-probability background,166,0.009732323698699474,139.5487139973676,35.76314885641379,0.6980777531862259,0.31979580223560333,-0.37828195095062256,3,20,0.009754752818012604,2.2429119313129714e-05
tohoku_2011,"2011 Tohoku, Japan M9.1",pseudo_control,0,pseudo-controls outside buffered inventory; hard cells from upper static-probability background,166,0.028349192813038826,139.40705061009783,36.04646532366383,0.6980777531862259,0.31979580223560333,-0.37828195095062256,3,20,0.028413295342997618,6.410252995879204e-05
tohoku_2011,"2011 Tohoku, Japan M9.1",pseudo_control,0,pseudo-controls outside buffered inventory; hard cells from upper static-probability background,166,0.011149370111525059,140.59035655082178,39.46292860520838,-10.328973571459453,-6.339321891466777,3.989651679992676,3,20,0.0107764646909715,-0.00037290542055355876
tohoku_2011,"2011 Tohoku, Japan M9.1",pseudo_control,0,pseudo-controls outside buffered inventory; hard cells from upper static-probability background,166,0.009655896574258804,140.00703672088744,37.533876776726515,8.326877117156982,-10.506536960601807,-18.83341407775879,3,20,0.00992469226654255,0.00026879569228374645
tohoku_2011,"2011 Tohoku, Japan M9.1",pseudo_control,0,pseudo-controls outside buffered inventory; hard cells from upper static-probability background,166,0.28864145278930664,140.90701588707185,38.437989620745014,6.130160917838415,2.8432928224404654,-3.286868095397949,3,20,0.2928509096112847,0.0042094568219780415
tohoku_2011,"2011 Tohoku, Japan M9.1",pseudo_control,0,pseudo-controls outside buffered inventory; hard cells from upper static-probability background,166,0.020314102992415428,140.5236914274007,38.737971762539175,6.130160917838415,2.8432928224404654,-3.286868095397949,3,20,0.020724362798494572,0.00041025980607914403
tohoku_2011,"2011 Tohoku, Japan M9.1",pseudo_control,0,pseudo-controls outside buffered inventory; hard cells from upper static-probability background,166,0.06524714082479477,139.84037391233477,36.33811462818593,0.6980777531862259,0.31979580223560333,-0.37828195095062256,3,20,0.06538906136460787,0.0001419205398131007
tohoku_2011,"2011 Tohoku, Japan M9.1",pseudo_control,0,pseudo-controls outside buffered inventory; hard cells from upper static-probability background,166,0.008047336712479591,139.3945508994564,35.538162250068176,0.6980777531862259,0.31979580223560333,-0.37828195095062256,3,20,0.00806591423929054,1.857752681094782e-05
tohoku_2011,"2011 Tohoku, Japan M9.1",pseudo_control,0,pseudo-controls outside buffered inventory; hard cells from upper static-probability background,166,0.0055923983454704285,141.3153397680259,40.721187033289425,4.602387944857279,3.3600899974505105,-1.2422979474067688,3,20,0.005678276899150066,8.58785536796379e-05
tohoku_2011,"2011 Tohoku, Japan M9.1",pseudo_control,0,pseudo-controls outside buffered inventory; hard cells from upper static-probability background,166,0.007772043813019991,140.24036465286116,36.375612395910196,0.057553038001060486,0.5237058252096176,0.46615278720855713,3,20,0.00777352190056167,1.4780875416788367e-06
tohoku_2011,"2011 Tohoku, Japan M9.1",pseudo_control,0,pseudo-controls outside buffered inventory; hard cells from upper static-probability background,166,0.033452123403549194,139.89453932511438,37.64637007989933,8.326877117156982,-10.506536960601807,-18.83341407775879,3,20,0.03436036260747625,0.000908239203927054
tohoku_2011,"2011 Tohoku, Japan M9.1",pseudo_control,0,pseudo-controls outside buffered inventory; hard cells from upper static-probability background,166,0.2474348098039627,139.90287246554203,36.471440024538886,0.6980777531862259,0.31979580223560333,-0.37828195095062256,3,20,0.24786792938059757,0.00043311957663486056
tohoku_2011,"2011 Tohoku, Japan M9.1",pseudo_control,0,pseudo-controls outside buffered inventory; hard cells from upper static-probability background,166,0.004925158340483904,140.06953527409468,37.04223937767499,3.240011711915334,2.0151045521100364,-1.2249071598052979,3,20,0.004978318774118401,5.3160433634497246e-05
tohoku_2011,"2011 Tohoku, Japan M9.1",pseudo_control,0,pseudo-controls outside buffered inventory; hard cells from upper static-probability background,166,0.007307848893105984,139.6028794101472,35.42150252825934,0.6980777531862259,0.31979580223560333,-0.37828195095062256,3,20,0.0073247318950283484,1.68830019223647e-05
tohoku_2011,"2011 Tohoku, Japan M9.1",pseudo_control,0,pseudo-controls outside buffered inventory; hard cells from upper static-probability background,166,0.03998271003365517,140.8695167551475,38.66297622709063,6.130160917838415,2.8432928224404654,-3.286868095397949,3,20,0.04077366124024409,0.0007909512065889246
tohoku_2011,"2011 Tohoku, Japan M9.1",pseudo_control,0,pseudo-controls outside buffered inventory; hard cells from upper static-probability background,166,0.07414484769105911,140.99868043177582,37.56720812581476,3.676163077354431,2.6730347275733948,-1.0031283497810364,3,20,0.07498959641295935,0.0008447487219002403
tohoku_2011,"2011 Tohoku, Japan M9.1",pseudo_control,0,pseudo-controls outside buffered inventory; hard cells from upper static-probability background,166,0.0265672504901886,140.3236960571375,36.25895267410136,0.057553038001060486,0.5237058252096176,0.46615278720855713,3,20,0.02657220732511746,4.9568349288625635e-06
tohoku_2011,"2011 Tohoku, Japan M9.1",pseudo_control,0,pseudo-controls outside buffered inventory; hard cells from upper static-probability background,166,0.2597265839576721,140.7986850615126,36.900581144049966,1.1961596111456552,0.9495373467604319,-0.2466222643852234,3,20,0.2604931634468974,0.0007665794892252609
tohoku_2011,"2011 Tohoku, Japan M9.1",pseudo_control,0,pseudo-controls outside buffered inventory; hard cells from upper static-probability background,166,0.02318383939564228,141.13201067861795,40.76701763828575,4.602387944857279,3.3600899974505105,-1.2422979474067688,3,20,0.023533464347299828,0.00034962495165754767
tohoku_2011,"2011 Tohoku, Japan M9.1",pseudo_control,0,pseudo-controls outside buffered inventory; hard cells from upper static-probability background,166,0.009013022296130657,139.3445520568906,35.77564811232189,0.6980777531862259,0.31979580223560333,-0.37828195095062256,3,20,0.009033808835523988,2.0786539393330417e-05
tohoku_2011,"2011 Tohoku, Japan M9.1",pseudo_control,0,pseudo-controls outside buffered inventory; hard cells from upper static-probability background,166,0.10704159736633301,139.89037275490057,36.72975797997274,3.240011711915334,2.0151045521100364,-1.2249071598052979,3,20,0.10807725353115066,0.0010356561648176554
tohoku_2011,"2011 Tohoku, Japan M9.1",pseudo_control,0,pseudo-controls outside buffered inventory; hard cells from upper static-probability background,166,0.07664941251277924,140.41119403162767,36.24645341819327,0.057553038001060486,0.5237058252096176,0.46615278720855713,3,20,0.07666297761853966,1.3565105760421359e-05
tohoku_2011,"2011 Tohoku, Japan M9.1",pseudo_control,0,pseudo-controls outside buffered inventory; hard cells from upper static-probability background,166,0.006470617838203907,140.28203035499934,36.375612395910196,0.057553038001060486,0.5237058252096176,0.46615278720855713,3,20,0.006471850034875607,1.2321966717000754e-06
tohoku_2011,"2011 Tohoku, Japan M9.1",pseudo_control,0,pseudo-controls outside buffered inventory; hard cells from upper static-probability background,166,0.005282513797283173,141.42783716379893,40.56286312512029,4.602387944857279,3.3600899974505105,-1.2422979474067688,3,20,0.00536365933797318,8.1145540690007e-05
tohoku_2011,"2011 Tohoku, Japan M9.1",pseudo_control,0,pseudo-controls outside buffered inventory; hard cells from upper static-probability background,166,0.014184349216520786,140.58618998060797,39.48376069838853,-10.328973571459453,-6.339321891466777,3.989651679992676,3,20,0.013711342424219385,-0.00047300679230140134
tohoku_2011,"2011 Tohoku, Japan M9.1",pseudo_control,0,pseudo-controls outside buffered inventory; hard cells from upper static-probability background,166,0.005186650436371565,139.63621197185776,35.69231973960129,0.6980777531862259,0.31979580223560333,-0.37828195095062256,3,20,0.005198658590414939,1.2008154043374394e-05
tohoku_2011,"2011 Tohoku, Japan M9.1",pseudo_control,0,pseudo-controls outside buffered inventory; hard cells from upper static-probability background,166,0.15711422264575958,139.18205581855173,36.28395118591754,0.6980777531862259,0.31979580223560333,-0.37828195095062256,3,20,0.15742231318640065,0.00030809054064107055
tohoku_2011,"2011 Tohoku, Japan M9.1",pseudo_control,0,pseudo-controls outside buffered inventory; hard cells from upper static-probability background,166,0.04411737620830536,140.95284815942384,37.775529057616254,3.676163077354431,2.6730347275733948,-1.0031283497810364,3,20,0.044636508764325795,0.0005191325560204366
tohoku_2011,"2011 Tohoku, Japan M9.1",pseudo_control,0,pseudo-controls outside buffered inventory; hard cells from upper static-probability background,166,0.02804437465965748,140.76118592958827,38.28383213121191,6.130160917838415,2.8432928224404654,-3.286868095397949,3,20,0.028606195002236438,0.0005618203425789593
tohoku_2011,"2011 Tohoku, Japan M9.1",pseudo_control,0,pseudo-controls outside buffered inventory; hard cells from upper static-probability background,166,0.36584293842315674,140.12786725708813,38.02551417577805,8.326877117156982,-10.506536960601807,-18.83341407775879,3,20,0.37229960777062143,0.006456669347464694
tohoku_2011,"2011 Tohoku, Japan M9.1",pseudo_control,0,pseudo-controls outside buffered inventory; hard cells from upper static-probability background,166,0.29893943667411804,139.28622007389714,36.22145490637709,0.6980777531862259,0.31979580223560333,-0.37828195095062256,3,20,0.2994268412646726,0.0004874045905545743
tohoku_2011,"2011 Tohoku, Japan M9.1",pseudo_control,0,pseudo-controls outside buffered inventory; hard cells from upper static-probability background,166,0.2987656593322754,139.85704019319004,36.467273605902854,0.6980777531862259,0.31979580223560333,-0.37828195095062256,3,20,0.2992529015317278,0.0004872421994523979
tohoku_2011,"2011 Tohoku, Japan M9.1",pseudo_control,0,pseudo-controls outside buffered inventory; hard cells from upper static-probability background,166,0.013958473689854145,140.98618072113436,37.63387082399124,3.676163077354431,2.6730347275733948,-1.0031283497810364,3,20,0.014127969289130408,0.0001694955992762627
tohoku_2011,"2011 Tohoku, Japan M9.1",pseudo_control,0,pseudo-controls outside buffered inventory; hard cells from upper static-probability background,166,0.005285235121846199,140.07786841452233,37.033906540402924,3.240011711915334,2.0151045521100364,-1.2249071598052979,3,20,0.005342261232415646,5.702611056944678e-05
tohoku_2011,"2011 Tohoku, Japan M9.1",pseudo_control,0,pseudo-controls outside buffered inventory; hard cells from upper static-probability background,166,0.2869521677494049,140.96951444027908,37.08390356403528,3.676163077354431,2.6730347275733948,-1.0031283497810364,3,20,0.28946345204237095,0.002511284292966043
tohoku_2011,"2011 Tohoku, Japan M9.1",pseudo_control,0,pseudo-controls outside buffered inventory; hard cells from upper static-probability background,166,0.043668393045663834,140.4445265933382,35.77148169368586,0.057553038001060486,0.5237058252096176,0.46615278720855713,3,20,0.04367639739785306,8.004352189228126e-06
tohoku_2011,"2011 Tohoku, Japan M9.1",pseudo_control,0,pseudo-controls outside buffered inventory; hard cells from upper static-probability background,166,0.1254892349243164,139.2195549504761,36.22978774364915,0.6980777531862259,0.31979580223560333,-0.37828195095062256,3,20,0.12574456250079485,0.00025532757647844795
tohoku_2011,"2011 Tohoku, Japan M9.1",pseudo_control,0,pseudo-controls outside buffered inventory; hard cells from upper static-probability background,166,0.16067098081111908,140.41119403162767,37.092236401307346,3.240011711915334,2.0151045521100364,-1.2249071598052979,3,20,0.16213130467693246,0.0014603238658133788
tohoku_2011,"2011 Tohoku, Japan M9.1",pseudo_control,0,pseudo-controls outside buffered inventory; hard cells from upper static-probability background,166,0.012857458554208279,140.60285626146322,39.57542190838119,-10.328973571459453,-6.339321891466777,3.989651679992676,3,20,0.012428141874119353,-0.0004293166800889252
tohoku_2011,"2011 Tohoku, Japan M9.1",pseudo_control,0,pseudo-controls outside buffered inventory; hard cells from upper static-probability background,166,0.07644601911306381,139.4987151548018,35.46316671461964,0.6980777531862259,0.31979580223560333,-0.37828195095062256,3,20,0.07661030218263618,0.00016428306957236294
tohoku_2011,"2011 Tohoku, Japan M9.1",pseudo_control,0,pseudo-controls outside buffered inventory; hard cells from upper static-probability background,166,0.029435638338327408,139.1737226781241,36.19645639456091,0.6980777531862259,0.31979580223560333,-0.37828195095062256,3,20,0.02950212292259224,6.648458426483303e-05
tohoku_2011,"2011 Tohoku, Japan M9.1",pseudo_control,0,pseudo-controls outside buffered inventory; hard cells from upper static-probability background,166,0.016738828271627426,140.85285047429224,36.93391249313821,1.1961596111456552,0.9495373467604319,-0.2466222643852234,3,20,0.016804512866932603,6.568459530517656e-05
tohoku_2011,"2011 Tohoku, Japan M9.1",pseudo_control,0,pseudo-controls outside buffered inventory; hard cells from upper static-probability background,166,0.011971170082688332,141.06117898498306,39.112949439781865,6.130160917838415,2.8432928224404654,-3.286868095397949,3,20,0.012215038399916058,0.00024386831722772624
tohoku_2011,"2011 Tohoku, Japan M9.1",pseudo_control,0,pseudo-controls outside buffered inventory; hard cells from upper static-probability background,166,0.025809600949287415,139.3487186271044,36.308949697733716,0.6980777531862259,0.31979580223560333,-0.37828195095062256,3,20,0.025868113894481612,5.851294519419736e-05
tohoku_2011,"2011 Tohoku, Japan M9.1",pseudo_control,0,pseudo-controls outside buffered inventory; hard cells from upper static-probability background,166,0.0071013611741364,139.53621428672616,35.579826436428476,0.6980777531862259,0.31979580223560333,-0.37828195095062256,3,20,0.007117770557016128,1.6409382879728138e-05
tohoku_2011,"2011 Tohoku, Japan M9.1",pseudo_control,0,pseudo-controls outside buffered inventory; hard cells from upper static-probability background,166,0.20320260524749756,140.55702398911126,37.442215566733864,3.676163077354431,2.6730347275733948,-1.0031283497810364,3,20,0.20519186512816232,0.0019892598806647566
tohoku_2011,"2011 Tohoku, Japan M9.1",pseudo_control,0,pseudo-controls outside buffered inventory; hard cells from upper static-probability background,166,0.03800787031650543,139.79037506976897,36.538102722715365,3.240011711915334,2.0151045521100364,-1.2249071598052979,3,20,0.03840433253519941,0.0003964622186939798
tohoku_2011,"2011 Tohoku, Japan M9.1",pseudo_control,0,pseudo-controls outside buffered inventory; hard cells from upper static-probability background,166,0.15954218804836273,140.2986966358546,38.23800152621558,8.326877117156982,-10.506536960601807,-18.83341407775879,3,20,0.16329545230632003,0.0037532642579573006
tohoku_2011,"2011 Tohoku, Japan M9.1",pseudo_control,0,pseudo-controls outside buffered inventory; hard cells from upper static-probability background,166,0.050840310752391815,140.6486885338152,37.26305956538457,3.676163077354431,2.6730347275733948,-1.0031283497810364,3,20,0.0514342958697329,0.0005939851173410865
tohoku_2011,"2011 Tohoku, Japan M9.1",pseudo_control,0,pseudo-controls outside buffered inventory; hard cells from upper static-probability background,166,0.04155052825808525,139.78620849955516,36.74642365451686,3.240011711915334,2.0151045521100364,-1.2249071598052979,3,20,0.04198233144362163,0.00043180318553637936
tohoku_2011,"2011 Tohoku, Japan M9.1",pseudo_control,0,pseudo-controls outside buffered inventory; hard cells from upper static-probability background,166,0.014248681254684925,139.35288519731822,35.754816019141735,0.6980777531862259,0.31979580223560333,-0.37828195095062256,3,20,0.014281368667365188,3.268741268026322e-05
tohoku_2011,"2011 Tohoku, Japan M9.1",pseudo_control,0,pseudo-controls outside buffered inventory; hard cells from upper static-probability background,166,0.06732868403196335,140.448693163552,35.77564811232189,0.057553038001060486,0.5237058252096176,0.46615278720855713,3,20,0.06734071989525063,1.2035863287282456e-05
tohoku_2011,"2011 Tohoku, Japan M9.1",pseudo_control,0,pseudo-controls outside buffered inventory; hard cells from upper static-probability background,166,0.014173825271427631,141.00284700198964,37.52137752081843,1.1961596111456552,0.9495373467604319,-0.2466222643852234,3,20,0.014229590238549594,5.576496712196219e-05
tohoku_2011,"2011 Tohoku, Japan M9.1",pseudo_control,0,pseudo-controls outside buffered inventory; hard cells from upper static-probability background,166,0.005750374868512154,140.94868158921003,37.52554393945446,3.676163077354431,2.6730347275733948,-1.0031283497810364,3,20,0.005820789155097351,7.041428658519696e-05
tohoku_2011,"2011 Tohoku, Japan M9.1",pseudo_control,0,pseudo-controls outside buffered inventory; hard cells from upper static-probability background,166,0.1091541275382042,141.19867580203902,38.82963297253183,6.130160917838415,2.8432928224404654,-3.286868095397949,3,20,0.11115501452481052,0.0020008869866063317
tohoku_2011,"2011 Tohoku, Japan M9.1",pseudo_control,0,pseudo-controls outside buffered inventory; hard cells from upper static-probability background,166,0.005437782499939203,141.01118014241726,38.708806832086964,6.130160917838415,2.8432928224404654,-3.286868095397949,3,20,0.005549304733475398,0.0001115222335361949
tohoku_2011,"2011 Tohoku, Japan M9.1",pseudo_control,0,pseudo-controls outside buffered inventory; hard cells from upper static-probability background,166,0.03935123234987259,141.15284352968703,39.5212584661128,5.425112207730612,3.2169023354848227,-2.2082098722457886,3,20,0.04003987401650956,0.0006886416666369716
tohoku_2011,"2011 Tohoku, Japan M9.1",pseudo_control,0,pseudo-controls outside buffered inventory; hard cells from upper static-probability background,166,0.019717304036021233,140.86535018493367,37.11306849448749,3.676163077354431,2.6730347275733948,-1.0031283497810364,3,20,0.019955313025540582,0.00023800898951934976
tohoku_2011,"2011 Tohoku, Japan M9.1",pseudo_control,0,pseudo-controls outside buffered inventory; hard cells from upper static-probability background,166,0.1444215327501297,141.03617956370016,37.31722300765296,1.1961596111456552,0.9495373467604319,-0.2466222643852234,3,20,0.14491441154621723,0.0004928787960875314
tohoku_2011,"2011 Tohoku, Japan M9.1",pseudo_control,0,pseudo-controls outside buffered inventory; hard cells from upper static-probability background,166,0.017736203968524933,139.5695468484367,36.02979964911971,0.6980777531862259,0.31979580223560333,-0.37828195095062256,3,20,0.017776747707293705,4.0543738768772375e-05
tohoku_2011,"2011 Tohoku, Japan M9.1",pseudo_control,0,pseudo-controls outside buffered inventory; hard cells from upper static-probability background,166,0.16697916388511658,139.24038780154518,36.267285511373416,0.6980777531862259,0.31979580223560333,-0.37828195095062256,3,20,0.1673027592684587,0.0003235953833421179
tohoku_2011,"2011 Tohoku, Japan M9.1",pseudo_control,0,pseudo-controls outside buffered inventory; hard cells from upper static-probability background,166,0.12258639186620712,139.5778799888643,36.30478327909769,0.6980777531862259,0.31979580223560333,-0.37828195095062256,3,20,0.12283664276902308,0.0002502509028159544
tohoku_2011,"2011 Tohoku, Japan M9.1",pseudo_control,0,pseudo-controls outside buffered inventory; hard cells from upper static-probability background,166,0.007642165292054415,140.00703672088744,36.99224235404263,3.240011711915334,2.0151045521100364,-1.2249071598052979,3,20,0.007724424495898078,8.225920384366363e-05
tohoku_2011,"2011 Tohoku, Japan M9.1",pseudo_control,0,pseudo-controls outside buffered inventory; hard cells from upper static-probability background,166,0.015939099714159966,141.20284237225283,39.58792116428928,5.425112207730612,3.2169023354848227,-2.2082098722457886,3,20,0.01622495179339571,0.00028585207923574607
tohoku_2011,"2011 Tohoku, Japan M9.1",pseudo_control,0,pseudo-controls outside buffered inventory; hard cells from upper static-probability background,166,0.022091466933488846,139.91537217618347,37.61303873081109,8.326877117156982,-10.506536960601807,-18.83341407775879,3,20,0.022698503131016623,0.0006070361975277772
tohoku_2011,"2011 Tohoku, Japan M9.1",pseudo_control,0,pseudo-controls outside buffered inventory; hard cells from upper static-probability background,166,0.01858079619705677,140.06120213366705,37.00474160995071,3.240011711915334,2.0151045521100364,-1.2249071598052979,3,20,0.01877856925033867,0.00019777305328189804
tohoku_2011,"2011 Tohoku, Japan M9.1",pseudo_control,0,pseudo-controls outside buffered inventory; hard cells from upper static-probability background,166,0.33134132623672485,140.05703556345324,35.646489134604955,-0.9301147510608037,-0.2902662952740987,0.639848455786705,3,20,0.3306554690426687,-0.000685857194056172
tohoku_2011,"2011 Tohoku, Japan M9.1",pseudo_control,0,pseudo-controls outside buffered inventory; hard cells from upper static-probability background,166,0.006856721360236406,140.8945161764304,38.508818737557526,6.130160917838415,2.8432928224404654,-3.286868095397949,3,20,0.006997139550365052,0.00014041819012864526
tohoku_2011,"2011 Tohoku, Japan M9.1",pseudo_control,0,pseudo-controls outside buffered inventory; hard cells from upper static-probability background,166,0.22417069971561432,141.46116972550948,38.56714859846194,1.8018820509314537,0.5445263013243675,-1.2573557496070862,3,20,0.2252159822325266,0.0010452825169122715
tohoku_2011,"2011 Tohoku, Japan M9.1",pseudo_control,0,pseudo-controls outside buffered inventory; hard cells from upper static-probability background,166,0.02770329639315605,140.40702746141383,37.74219770852802,3.676163077354431,2.6730347275733948,-1.0031283497810364,3,20,0.028034947955046286,0.0003316515618902345
tohoku_2011,"2011 Tohoku, Japan M9.1",pseudo_control,0,pseudo-controls outside buffered inventory; hard cells from upper static-probability background,166,0.3279257118701935,140.38202804013093,37.36722003128532,3.676163077354431,2.6730347275733948,-1.0031283497810364,3,20,0.3306293098335799,0.002703597963386428
tohoku_2011,"2011 Tohoku, Japan M9.1",pseudo_control,0,pseudo-controls outside buffered inventory; hard cells from upper static-probability background,166,0.034133054316043854,141.19034266161137,39.13794795159804,6.130160917838415,2.8432928224404654,-3.286868095397949,3,20,0.03481248196934704,0.0006794276533031857
tohoku_2011,"2011 Tohoku, Japan M9.1",pseudo_control,0,pseudo-controls outside buffered inventory; hard cells from upper static-probability background,166,0.06393421441316605,140.3195294869237,36.35061388409402,0.057553038001060486,0.5237058252096176,0.46615278720855713,3,20,0.06394568507527222,1.1470662106174978e-05
tohoku_2011,"2011 Tohoku, Japan M9.1",pseudo_control,0,pseudo-controls outside buffered inventory; hard cells from upper static-probability background,166,0.02654753439128399,141.07367869562452,38.617145622094306,6.130160917838415,2.8432928224404654,-3.286868095397949,3,20,0.027080203612033945,0.000532669220749956
tohoku_2011,"2011 Tohoku, Japan M9.1",pseudo_control,0,pseudo-controls outside buffered inventory; hard cells from upper static-probability background,166,0.12944649159908295,140.36119518906185,35.4298353655314,-0.9301147510608037,-0.2902662952740987,0.639848455786705,3,20,0.12909785898256604,-0.00034863261651690847
tohoku_2011,"2011 Tohoku, Japan M9.1",pseudo_control,0,pseudo-controls outside buffered inventory; hard cells from upper static-probability background,166,0.013271082192659378,140.13620039751575,35.51733015688803,-0.9301147510608037,-0.2902662952740987,0.639848455786705,3,20,0.013230584489561782,-4.049770309759622e-05
tohoku_2011,"2011 Tohoku, Japan M9.1",pseudo_control,0,pseudo-controls outside buffered inventory; hard cells from upper static-probability background,166,0.3769829273223877,140.40702746141383,37.3922185431015,3.676163077354431,2.6730347275733948,-1.0031283497810364,3,20,0.37986237844136717,0.0028794511189794703
tohoku_2011,"2011 Tohoku, Japan M9.1",pseudo_control,0,pseudo-controls outside buffered inventory; hard cells from upper static-probability background,166,0.0058574676513671875,141.1945092318252,39.91706823653564,5.425112207730612,3.2169023354848227,-2.2082098722457886,3,20,0.005963611283945209,0.0001061436325780216
tohoku_2011,"2011 Tohoku, Japan M9.1",pseudo_control,0,pseudo-controls outside buffered inventory; hard cells from upper static-probability background,166,0.012187175452709198,141.06534555519687,39.2004442311385,6.130160917838415,2.8432928224404654,-3.286868095397949,3,20,0.012435388697928016,0.0002482132452188181
tohoku_2011,"2011 Tohoku, Japan M9.1",pseudo_control,0,pseudo-controls outside buffered inventory; hard cells from upper static-probability background,166,0.01445016823709011,140.77785221044354,38.033847013050114,6.130160917838415,2.8432928224404654,-3.286868095397949,3,20,0.014743783385007907,0.0002936151479177966
tohoku_2011,"2011 Tohoku, Japan M9.1",pseudo_control,0,pseudo-controls outside buffered inventory; hard cells from upper static-probability background,166,0.05475887283682823,139.98620386981835,36.5714340718036,3.240011711915334,2.0151045521100364,-1.2249071598052979,3,20,0.055320017693094144,0.0005611448562659119
tohoku_2011,"2011 Tohoku, Japan M9.1",pseudo_control,0,pseudo-controls outside buffered inventory; hard cells from upper static-probability background,166,0.07714246213436127,140.00703672088744,36.91724681859409,3.240011711915334,2.0151045521100364,-1.2249071598052979,3,20,0.07791407713397365,0.0007716149996123828
tohoku_2011,"2011 Tohoku, Japan M9.1",pseudo_control,0,pseudo-controls outside buffered inventory; hard cells from upper static-probability background,166,0.16034017503261566,140.38202804013093,36.20478923183297,0.057553038001060486,0.5237058252096176,0.46615278720855713,3,20,0.16036597900003116,2.580396741549973e-05
tohoku_2011,"2011 Tohoku, Japan M9.1",pseudo_control,0,pseudo-controls outside buffered inventory; hard cells from upper static-probability background,166,0.014201303943991661,140.09036812516376,36.89641472541394,3.240011711915334,2.0151045521100364,-1.2249071598052979,3,20,0.014353143644043935,0.00015183970005227393
tohoku_2011,"2011 Tohoku, Japan M9.1",pseudo_control,0,pseudo-controls outside buffered inventory; hard cells from upper static-probability background,166,0.06554640829563141,140.31119634649605,37.24639389084045,3.240011711915334,2.0151045521100364,-1.2249071598052979,3,20,0.06621035577387337,0.000663947478241958
tohoku_2011,"2011 Tohoku, Japan M9.1",pseudo_control,0,pseudo-controls outside buffered inventory; hard cells from upper static-probability background,166,0.3473753333091736,141.27784063610153,38.492153063013404,1.8018820509314537,0.5445263013243675,-1.2573557496070862,3,20,0.3487368709542883,0.0013615376451147077
tohoku_2011,"2011 Tohoku, Japan M9.1",pseudo_control,0,pseudo-controls outside buffered inventory; hard cells from upper static-probability background,166,0.2104329913854599,140.39036118055859,38.562982179825916,8.326877117156982,-10.506536960601807,-18.83341407775879,3,20,0.21507709925613,0.0046441078706701
tohoku_2011,"2011 Tohoku, Japan M9.1",pseudo_control,0,pseudo-controls outside buffered inventory; hard cells from upper static-probability background,166,0.04822411388158798,139.66537796335447,35.7089854141454,0.6980777531862259,0.31979580223560333,-0.37828195095062256,3,20,0.048330921719542404,0.00010680783795442156
tohoku_2011,"2011 Tohoku, Japan M9.1",pseudo_control,0,pseudo-controls outside buffered inventory; hard cells from upper static-probability background,166,0.03604815900325775,141.14867695947322,39.14628078887011,6.130160917838415,2.8432928224404654,-3.286868095397949,3,20,0.03676425632641364,0.0007160973231558898
tohoku_2011,"2011 Tohoku, Japan M9.1",pseudo_control,0,pseudo-controls outside buffered inventory; hard cells from upper static-probability background,166,0.07871419936418533,141.00284700198964,38.62131204073033,6.130160917838415,2.8432928224404654,-3.286868095397949,3,20,0.08020733545997515,0.0014931360957898127
tohoku_2011,"2011 Tohoku, Japan M9.1",pseudo_control,0,pseudo-controls outside buffered inventory; hard cells from upper static-probability background,166,0.33776357769966125,141.1195109679765,38.629644878002395,6.130160917838415,2.8432928224404654,-3.286868095397949,3,20,0.3423446541680005,0.004581076468339218
tohoku_2011,"2011 Tohoku, Japan M9.1",pseudo_control,0,pseudo-controls outside buffered inventory; hard cells from upper static-probability background,166,0.18165142834186554,139.91120560596966,36.60059900225581,3.240011711915334,2.0151045521100364,-1.2249071598052979,3,20,0.18326080607324652,0.0016093777313809787
tohoku_2011,"2011 Tohoku, Japan M9.1",pseudo_control,0,pseudo-controls outside buffered inventory; hard cells from upper static-probability background,166,0.27065256237983704,139.90287246554203,36.50477137362712,3.240011711915334,2.0151045521100364,-1.2249071598052979,3,20,0.27278761794223044,0.0021350555623934064
tohoku_2011,"2011 Tohoku, Japan M9.1",pseudo_control,0,pseudo-controls outside buffered inventory; hard cells from upper static-probability background,166,0.13862279057502747,140.08620155494995,36.48810569908301,0.057553038001060486,0.5237058252096176,0.46615278720855713,3,20,0.13864567661115854,2.2886036131070098e-05
tohoku_2011,"2011 Tohoku, Japan M9.1",pseudo_control,0,pseudo-controls outside buffered inventory; hard cells from upper static-probability background,166,0.018800055608153343,140.13203382730194,35.525662994160086,-0.9301147510608037,-0.2902662952740987,0.639848455786705,3,20,0.01874300631447056,-5.704929368278294e-05
tohoku_2011,"2011 Tohoku, Japan M9.1",pseudo_control,0,pseudo-controls outside buffered inventory; hard cells from upper static-probability background,166,0.011739530600607395,139.12789040577212,36.213122069105026,0.6980777531862259,0.31979580223560333,-0.37828195095062256,3,20,0.011766530565536141,2.6999964928746054e-05
tohoku_2011,"2011 Tohoku, Japan M9.1",pseudo_control,0,pseudo-controls outside buffered inventory; hard cells from upper static-probability background,166,0.011537937447428703,140.97784758070674,39.68374879291797,5.425112207730612,3.2169023354848227,-2.2082098722457886,3,20,0.01174580112809283,0.0002078636806641266
tohoku_2011,"2011 Tohoku, Japan M9.1",pseudo_control,0,pseudo-controls outside buffered inventory; hard cells from upper static-probability background,166,0.061258990317583084,141.28617377652915,40.596194474208524,4.602387944857279,3.3600899974505105,-1.2422979474067688,3,20,0.06214627837486355,0.0008872880572804651
tohoku_2011,"2011 Tohoku, Japan M9.1",pseudo_control,0,pseudo-controls outside buffered inventory; hard cells from upper static-probability background,166,0.010119985789060593,140.80285163172644,37.65886933580742,3.676163077354431,2.6730347275733948,-1.0031283497810364,3,20,0.010243355423354776,0.00012336963429418306
tohoku_2011,"2011 Tohoku, Japan M9.1",pseudo_control,0,pseudo-controls outside buffered inventory; hard cells from upper static-probability background,166,0.10399696975946426,139.48621544416036,35.88397499685866,0.6980777531862259,0.31979580223560333,-0.37828195095062256,3,20,0.10421377909191774,0.00021680933245347978
tohoku_2011,"2011 Tohoku, Japan M9.1",pseudo_control,0,pseudo-controls outside buffered inventory; hard cells from upper static-probability background,166,0.011978057213127613,140.30286320606842,35.671487646421134,-0.9301147510608037,-0.2902662952740987,0.639848455786705,3,20,0.011941457520898998,-3.6599692228614714e-05
tohoku_2011,"2011 Tohoku, Japan M9.1",pseudo_control,0,pseudo-controls outside buffered inventory; hard cells from upper static-probability background,166,0.008310725912451744,140.94451501899619,38.521317993465615,6.130160917838415,2.8432928224404654,-3.286868095397949,3,20,0.008480666265759591,0.0001699403533078469
tohoku_2011,"2011 Tohoku, Japan M9.1",pseudo_control,0,pseudo-controls outside buffered inventory; hard cells from upper static-probability background,166,0.012481894344091415,140.93618187856856,38.658809808454606,6.130160917838415,2.8432928224404654,-3.286868095397949,3,20,0.012736032666651553,0.00025413832256013756
tohoku_2011,"2011 Tohoku, Japan M9.1",pseudo_control,0,pseudo-controls outside buffered inventory; hard cells from upper static-probability background,166,0.20943748950958252,139.8987058953282,37.52971035809049,8.326877117156982,-10.506536960601807,-18.83341407775879,3,20,0.21406558381763582,0.004628094308053304
tohoku_2011,"2011 Tohoku, Japan M9.1",pseudo_control,0,pseudo-controls outside buffered inventory; hard cells from upper static-probability background,166,0.07730205357074738,140.31119634649605,37.196396867208094,3.240011711915334,2.0151045521100364,-1.2249071598052979,3,20,0.07807512982851018,0.0007730762577628086
tohoku_2011,"2011 Tohoku, Japan M9.1",pseudo_control,0,pseudo-controls outside buffered inventory; hard cells from upper static-probability background,166,0.013229798525571823,139.41538375052548,35.45066745871155,0.6980777531862259,0.31979580223560333,-0.37828195095062256,3,20,0.013260179996348456,3.038147077663242e-05
tohoku_2011,"2011 Tohoku, Japan M9.1",pseudo_control,0,pseudo-controls outside buffered inventory; hard cells from upper static-probability background,166,0.02932955138385296,141.04451270412778,39.358768139307635,5.425112207730612,3.2169023354848227,-2.2082098722457886,3,20,0.029848264046618545,0.0005187126627655865
tohoku_2011,"2011 Tohoku, Japan M9.1",pseudo_control,0,pseudo-controls outside buffered inventory; hard cells from upper static-probability background,166,0.09839474409818649,140.3236960571375,37.200563285844126,3.240011711915334,2.0151045521100364,-1.2249071598052979,3,20,0.09935604823445034,0.0009613041362638436
tohoku_2011,"2011 Tohoku, Japan M9.1",pseudo_control,0,pseudo-controls outside buffered inventory; hard cells from upper static-probability background,166,0.030609507113695145,139.94870473789402,35.792313786866,0.6980777531862259,0.31979580223560333,-0.37828195095062256,3,20,0.030678559241391967,6.905212769682187e-05
tohoku_2011,"2011 Tohoku, Japan M9.1",pseudo_control,0,pseudo-controls outside buffered inventory; hard cells from upper static-probability background,166,0.3210359215736389,141.08201183605215,38.562982179825916,6.130160917838415,2.8432928224404654,-3.286868095397949,3,20,0.325501635520935,0.004465713947296057
tohoku_2011,"2011 Tohoku, Japan M9.1",pseudo_control,0,pseudo-controls outside buffered inventory; hard cells from upper static-probability background,166,0.23733986914157867,139.41121718031167,36.10896160320428,0.6980777531862259,0.31979580223560333,-0.37828195095062256,3,20,0.23776090087501803,0.0004210317334393532
tohoku_2011,"2011 Tohoku, Japan M9.1",pseudo_control,0,pseudo-controls outside buffered inventory; hard cells from upper static-probability background,166,0.12200712412595749,139.7737087889137,36.76308932906098,3.240011711915334,2.0151045521100364,-1.2249071598052979,3,20,0.12316760383466888,0.0011604797087113872
tohoku_2011,"2011 Tohoku, Japan M9.1",pseudo_control,0,pseudo-controls outside buffered inventory; hard cells from upper static-probability background,166,0.3475685119628906,139.48204887394652,35.99230188139544,0.6980777531862259,0.31979580223560333,-0.37828195095062256,3,20,0.34809583541850725,0.000527323455616624
tohoku_2011,"2011 Tohoku, Japan M9.1",pseudo_control,0,pseudo-controls outside buffered inventory; hard cells from upper static-probability background,166,0.2767278254032135,140.3695283294895,35.46316671461964,-0.9301147510608037,-0.2902662952740987,0.639848455786705,3,20,0.27610833471958546,-0.0006194906836280434
tohoku_2011,"2011 Tohoku, Japan M9.1",pseudo_control,0,pseudo-controls outside buffered inventory; hard cells from upper static-probability background,166,0.005061548203229904,141.11534439776267,39.66291669973782,5.425112207730612,3.2169023354848227,-2.2082098722457886,3,20,0.005153343680997942,9.179547776803822e-05
tohoku_2011,"2011 Tohoku, Japan M9.1",pseudo_control,0,pseudo-controls outside buffered inventory; hard cells from upper static-probability background,166,0.016597572714090347,140.45285973376582,38.41715752756487,8.326877117156982,-10.506536960601807,-18.83341407775879,3,20,0.017056279011472577,0.00045870629738222965
tohoku_2011,"2011 Tohoku, Japan M9.1",pseudo_control,0,pseudo-controls outside buffered inventory; hard cells from upper static-probability background,166,0.11330816149711609,140.64035539338758,37.27555882129266,3.676163077354431,2.6730347275733948,-1.0031283497810364,3,20,0.11454390453840138,0.0012357430412852921
tohoku_2011,"2011 Tohoku, Japan M9.1",pseudo_control,0,pseudo-controls outside buffered inventory; hard cells from upper static-probability background,166,0.16566306352615356,140.40286089120002,36.27145193000945,0.057553038001060486,0.5237058252096176,0.46615278720855713,3,20,0.1656895550824819,2.649155632833411e-05
tohoku_2011,"2011 Tohoku, Japan M9.1",pseudo_control,0,pseudo-controls outside buffered inventory; hard cells from upper static-probability background,166,0.07361946254968643,139.71954337613408,36.75059007315289,3.240011711915334,2.0151045521100364,-1.2249071598052979,3,20,0.07435867819489106,0.0007392156452046272
tohoku_2011,"2011 Tohoku, Japan M9.1",pseudo_control,0,pseudo-controls outside buffered inventory; hard cells from upper static-probability background,166,0.006569968070834875,139.2737203632557,36.33811462818593,0.6980777531862259,0.31979580223560333,-0.37828195095062256,3,20,0.006585157687458862,1.5189616623986768e-05
tohoku_2011,"2011 Tohoku, Japan M9.1",pseudo_control,0,pseudo-controls outside buffered inventory; hard cells from upper static-probability background,166,0.0165790393948555,139.86120676340386,37.44638198536989,3.240011711915334,2.0151045521100364,-1.2249071598052979,3,20,0.016755869619867057,0.00017683022501155735
tohoku_2011,"2011 Tohoku, Japan M9.1",pseudo_control,0,pseudo-controls outside buffered inventory; hard cells from upper static-probability background,166,0.010561498813331127,139.448716312236,35.65065555324099,0.6980777531862259,0.31979580223560333,-0.37828195095062256,3,20,0.01058581842270265,2.431960937152207e-05
tohoku_2011,"2011 Tohoku, Japan M9.1",pseudo_control,0,pseudo-controls outside buffered inventory; hard cells from upper static-probability background,166,0.2668522000312805,140.04453585281178,36.55476839725948,3.240011711915334,2.0151045521100364,-1.2249071598052979,3,20,0.26896833201855364,0.0021161319872731177
tohoku_2011,"2011 Tohoku, Japan M9.1",pseudo_control,0,pseudo-controls outside buffered inventory; hard cells from upper static-probability background,166,0.006567755248397589,140.99034729134817,39.237941998862766,-10.328973571459453,-6.339321891466777,3.989651679992676,3,20,0.006347104407907741,-0.00022065084048984804
tohoku_2011,"2011 Tohoku, Japan M9.1",pseudo_control,0,pseudo-controls outside buffered inventory; hard cells from upper static-probability background,166,0.22364741563796997,139.75704250805845,36.47560644317491,0.6980777531862259,0.31979580223560333,-0.37828195095062256,3,20,0.22405129327534312,0.0004038776373731512
tohoku_2011,"2011 Tohoku, Japan M9.1",pseudo_control,0,pseudo-controls outside buffered inventory; hard cells from upper static-probability background,166,0.267144113779068,140.96951444027908,37.792194732160375,3.676163077354431,2.6730347275733948,-1.0031283497810364,3,20,0.2695475770631556,0.0024034632840875814
tohoku_2011,"2011 Tohoku, Japan M9.1",pseudo_control,0,pseudo-controls outside buffered inventory; hard cells from upper static-probability background,166,0.09136900305747986,139.27788693346952,36.13396011502046,0.6980777531862259,0.31979580223560333,-0.37828195095062256,3,20,0.09156217631516456,0.00019317325768469784
tohoku_2011,"2011 Tohoku, Japan M9.1",pseudo_control,0,pseudo-controls outside buffered inventory; hard cells from upper static-probability background,166,0.008459125645458698,141.8194947638977,40.10872349379302,5.425112207730612,3.2169023354848227,-2.2082098722457886,3,20,0.008612005723499124,0.0001528800780404259
tohoku_2011,"2011 Tohoku, Japan M9.1",pseudo_control,0,pseudo-controls outside buffered inventory; hard cells from upper static-probability background,166,0.0048169828951358795,140.03203614217034,37.02557370313087,3.240011711915334,2.0151045521100364,-1.2249071598052979,3,20,0.004868981434111152,5.199853897527255e-05
tohoku_2011,"2011 Tohoku, Japan M9.1",pseudo_control,0,pseudo-controls outside buffered inventory; hard cells from upper static-probability background,166,0.14160552620887756,139.48204887394652,35.888141415494694,0.6980777531862259,0.31979580223560333,-0.37828195095062256,3,20,0.14188832459230194,0.00028279838342437635
tohoku_2011,"2011 Tohoku, Japan M9.1",pseudo_control,0,pseudo-controls outside buffered inventory; hard cells from upper static-probability background,166,0.015633070841431618,140.12370068687432,36.07146383548001,0.057553038001060486,0.5237058252096176,0.46615278720855713,3,20,0.015636020380230597,2.949538798979745e-06
wenchuan_2008,"2008 Wenchuan, China M7.9",observed_liquefaction,1,observed_inventory,116,0.0012113852426409721,103.53478658100005,30.629890361000037,-3.222099522749583,-3.5858046213785806,-0.3637050986289978,3,21,0.0011984725491381778,-1.2912693502794377e-05
wenchuan_2008,"2008 Wenchuan, China M7.9",observed_liquefaction,1,observed_inventory,116,0.012193029746413231,103.70230063600007,30.682238503000065,-3.222099522749583,-3.5858046213785806,-0.3637050986289978,3,21,0.012064472783805529,-0.00012855696260770204
wenchuan_2008,"2008 Wenchuan, China M7.9",observed_liquefaction,1,observed_inventory,116,0.18033190071582794,103.63853108100005,30.74600805800003,-3.222099522749583,-3.5858046213785806,-0.3637050986289978,3,21,0.17875137129744995,-0.001580529418377996
wenchuan_2008,"2008 Wenchuan, China M7.9",observed_liquefaction,1,observed_inventory,116,0.007599571254104376,103.76797376000007,30.795500847000028,-3.222099522749583,-3.5858046213785806,-0.3637050986289978,3,21,0.007519076676578502,-8.049457752587388e-05
wenchuan_2008,"2008 Wenchuan, China M7.9",observed_liquefaction,1,observed_inventory,116,0.14238467812538147,103.63282830600008,30.830804116000024,-3.222099522749583,-3.5858046213785806,-0.3637050986289978,3,21,0.14107949456491653,-0.0013051835604649398
wenchuan_2008,"2008 Wenchuan, China M7.9",observed_liquefaction,1,observed_inventory,116,0.032501913607120514,103.65721778100004,30.856978188000028,-3.222099522749583,-3.5858046213785806,-0.3637050986289978,3,21,0.03216620298607985,-0.0003357106210406663
wenchuan_2008,"2008 Wenchuan, China M7.9",observed_liquefaction,1,observed_inventory,116,0.08731283247470856,103.65781264700007,30.886126585000056,-3.222099522749583,-3.5858046213785806,-0.3637050986289978,3,21,0.08646157632584489,-0.0008512561488636661
wenchuan_2008,"2008 Wenchuan, China M7.9",observed_liquefaction,1,observed_inventory,116,0.09229371696710587,103.67922779600008,30.91765444300006,-3.222099522749583,-3.5858046213785806,-0.3637050986289978,3,21,0.09139876273352829,-0.0008949542335775773
wenchuan_2008,"2008 Wenchuan, China M7.9",observed_liquefaction,1,observed_inventory,116,0.09291169792413712,103.62509505800006,30.887316315000078,-3.222099522749583,-3.5858046213785806,-0.3637050986289978,3,21,0.0920113586844427,-0.0009003392396944171
wenchuan_2008,"2008 Wenchuan, China M7.9",observed_liquefaction,1,observed_inventory,116,0.030312761664390564,103.61022342700005,30.89921362000007,-3.222099522749583,-3.5858046213785806,-0.3637050986289978,3,21,0.029998961569764192,-0.0003138000946263722
wenchuan_2008,"2008 Wenchuan, China M7.9",observed_liquefaction,1,observed_inventory,116,0.006557810585945845,103.59594666100008,30.915869847000067,-3.222099522749583,-3.5858046213785806,-0.3637050986289978,3,21,0.0064882781843144674,-6.953240163137722e-05
wenchuan_2008,"2008 Wenchuan, China M7.9",observed_liquefaction,1,observed_inventory,116,0.06225437670946121,103.61498234900006,30.920628769000075,-3.222099522749583,-3.5858046213785806,-0.3637050986289978,3,21,0.06163093057062229,-0.0006234461388389193
wenchuan_2008,"2008 Wenchuan, China M7.9",observed_liquefaction,1,observed_inventory,116,0.21445295214653015,103.61141315700007,30.968217990000028,-3.222099522749583,-3.5858046213785806,-0.3637050986289978,3,21,0.21265095249907368,-0.001801999647456476
wenchuan_2008,"2008 Wenchuan, China M7.9",observed_liquefaction,1,observed_inventory,116,0.009962942451238632,103.68160725700005,30.971787181000025,-3.222099522749583,-3.5858046213785806,-0.3637050986289978,3,21,0.009857663725861473,-0.0001052787253771597
wenchuan_2008,"2008 Wenchuan, China M7.9",observed_liquefaction,1,observed_inventory,116,0.006667159032076597,103.69885834900003,30.96940772000005,-3.222099522749583,-3.5858046213785806,-0.3637050986289978,3,21,0.006596474908512325,-7.068412356427221e-05
wenchuan_2008,"2008 Wenchuan, China M7.9",observed_liquefaction,1,observed_inventory,116,0.014328931458294392,103.77194746000004,30.952275601000053,-3.222099522749583,-3.5858046213785806,-0.3637050986289978,3,21,0.014178177890590468,-0.0001507535677039238
wenchuan_2008,"2008 Wenchuan, China M7.9",observed_liquefaction,1,observed_inventory,116,0.1646767556667328,103.75624301700009,31.02580094600006,-3.222099522749583,-3.5858046213785806,-0.3637050986289978,3,21,0.16320611637314025,-0.001470639293592535
wenchuan_2008,"2008 Wenchuan, China M7.9",observed_liquefaction,1,observed_inventory,116,0.00608029356226325,103.65773333100009,31.037222359000054,-3.222099522749583,-3.5858046213785806,-0.3637050986289978,3,21,0.006015793609297747,-6.449995296550336e-05
wenchuan_2008,"2008 Wenchuan, China M7.9",observed_liquefaction,1,observed_inventory,116,0.017318228259682655,103.66058868500005,31.013665695000043,-3.222099522749583,-3.5858046213785806,-0.3637050986289978,3,21,0.01713657131670696,-0.00018165694297569632
wenchuan_2008,"2008 Wenchuan, China M7.9",observed_liquefaction,1,observed_inventory,116,0.07149822264909744,103.85142145700007,30.95394122400006,-3.222099522749583,-3.5858046213785806,-0.3637050986289978,3,21,0.07078919223531711,-0.0007090304137803288
wenchuan_2008,"2008 Wenchuan, China M7.9",observed_liquefaction,1,observed_inventory,116,0.07586624473333359,103.83619290700005,30.960603714000058,-3.222099522749583,-3.5858046213785806,-0.3637050986289978,3,21,0.07511740209988116,-0.000748842633452429
wenchuan_2008,"2008 Wenchuan, China M7.9",observed_liquefaction,1,observed_inventory,116,0.09757322818040848,104.03770351100007,30.841392718000066,-3.222099522749583,-3.5858046213785806,-0.3637050986289978,3,21,0.09663252960189805,-0.0009406985785104238
wenchuan_2008,"2008 Wenchuan, China M7.9",observed_liquefaction,1,observed_inventory,116,0.15252600610256195,104.06054633600007,30.931336344000044,-3.222099522749583,-3.5858046213785806,-0.3637050986289978,3,21,0.15114424436554788,-0.00138176173701407
wenchuan_2008,"2008 Wenchuan, China M7.9",observed_liquefaction,1,observed_inventory,116,0.10687081515789032,104.04198654100009,30.93347785900005,-3.222099522749583,-3.5858046213785806,-0.3637050986289978,3,21,0.10585099313405068,-0.0010198220238396422
wenchuan_2008,"2008 Wenchuan, China M7.9",observed_liquefaction,1,observed_inventory,116,0.004283397924154997,104.36834746300008,30.75761189600007,-1.364692211151123,-3.095809578895569,-1.7311173677444458,3,21,0.004264059320363958,-1.933860379103869e-05
wenchuan_2008,"2008 Wenchuan, China M7.9",observed_liquefaction,1,observed_inventory,116,0.08526349812746048,104.23819094600009,31.020423364000067,-3.222099522749583,-3.5858046213785806,-0.3637050986289978,3,21,0.08443037365945606,-0.0008331244680044175
wenchuan_2008,"2008 Wenchuan, China M7.9",observed_liquefaction,1,observed_inventory,116,0.1699058711528778,104.22986283300008,31.01090552000005,-3.222099522749583,-3.5858046213785806,-0.3637050986289978,3,21,0.16839794766857097,-0.001507923484306839
wenchuan_2008,"2008 Wenchuan, China M7.9",observed_liquefaction,1,observed_inventory,116,0.12309525161981583,104.25960609500004,31.054925549000075,-3.222099522749583,-3.5858046213785806,-0.3637050986289978,3,21,0.12194174525109386,-0.0011535063687219682
wenchuan_2008,"2008 Wenchuan, China M7.9",observed_liquefaction,1,observed_inventory,116,0.14905549585819244,104.24057040700006,31.081099620000032,-3.222099522749583,-3.5858046213785806,-0.3637050986289978,3,21,0.14769969468990823,-0.0013558011682842097
wenchuan_2008,"2008 Wenchuan, China M7.9",observed_liquefaction,1,observed_inventory,116,0.10399802774190903,104.23759608100005,31.102514769000038,-3.222099522749583,-3.5858046213785806,-0.3637050986289978,3,21,0.10300245792280528,-0.0009955698191037449
wenchuan_2008,"2008 Wenchuan, China M7.9",observed_liquefaction,1,observed_inventory,116,0.020380306988954544,104.24889852100006,31.125714514000038,-3.222099522749583,-3.5858046213785806,-0.3637050986289978,3,21,0.020167190002970188,-0.00021311698598435597
wenchuan_2008,"2008 Wenchuan, China M7.9",observed_liquefaction,1,observed_inventory,116,0.07524160295724869,104.27388286200005,31.166165351000075,-3.222099522749583,-3.5858046213785806,-0.3637050986289978,3,21,0.07449842885743667,-0.000743174099812019
wenchuan_2008,"2008 Wenchuan, China M7.9",observed_liquefaction,1,observed_inventory,116,0.03131364285945892,104.19655037900009,31.173303734000058,-3.222099522749583,-3.5858046213785806,-0.3637050986289978,3,21,0.030989812693036536,-0.00032383016642238693
wenchuan_2008,"2008 Wenchuan, China M7.9",observed_liquefaction,1,observed_inventory,116,0.02836456522345543,104.13706385400008,31.09299692500008,-3.222099522749583,-3.5858046213785806,-0.3637050986289978,3,21,0.02807034919511637,-0.0002942160283390602
wenchuan_2008,"2008 Wenchuan, China M7.9",observed_liquefaction,1,observed_inventory,116,0.0660579651594162,104.11981276100005,31.08704827200006,-3.222099522749583,-3.5858046213785806,-0.3637050986289978,3,21,0.06539908449956015,-0.0006588806598560454
wenchuan_2008,"2008 Wenchuan, China M7.9",observed_liquefaction,1,observed_inventory,116,0.11370972543954849,104.09899247800007,31.09240205900005,-3.222099522749583,-3.5858046213785806,-0.3637050986289978,3,21,0.11263287271004818,-0.0010768527295003105
wenchuan_2008,"2008 Wenchuan, China M7.9",observed_liquefaction,1,observed_inventory,116,0.16179490089416504,104.04717574800009,31.126515599000072,-3.222099522749583,-3.5858046213785806,-0.3637050986289978,3,21,0.16034505766364585,-0.0014498432305191933
wenchuan_2008,"2008 Wenchuan, China M7.9",observed_liquefaction,1,observed_inventory,116,0.01859300769865513,104.03860968900005,31.161136756000076,-3.222099522749583,-3.5858046213785806,-0.3637050986289978,3,21,0.018398229498544746,-0.00019477820011038274
wenchuan_2008,"2008 Wenchuan, China M7.9",observed_liquefaction,1,observed_inventory,116,0.014535976573824883,103.99792090600005,31.166133625000043,-3.222099522749583,-3.5858046213785806,-0.3637050986289978,3,21,0.01438307648684277,-0.0001529000869821117
wenchuan_2008,"2008 Wenchuan, China M7.9",observed_liquefaction,1,observed_inventory,116,0.010488327592611313,104.01255459100008,31.192188723000072,-3.222099522749583,-3.5858046213785806,-0.3637050986289978,3,21,0.010377555299454123,-0.0001107722931571898
wenchuan_2008,"2008 Wenchuan, China M7.9",observed_liquefaction,1,observed_inventory,116,0.010639610700309277,103.99577939100004,31.18469342000003,-3.222099522749583,-3.5858046213785806,-0.3637050986289978,3,21,0.010527257631651488,-0.00011235306865778859
wenchuan_2008,"2008 Wenchuan, China M7.9",observed_liquefaction,1,observed_inventory,116,0.07861510664224625,104.41539733900004,31.222586337000052,-3.222099522749583,-3.5858046213785806,-0.3637050986289978,3,21,0.07784141663616313,-0.0007736900060831137
wenchuan_2008,"2008 Wenchuan, China M7.9",observed_liquefaction,1,observed_inventory,116,0.04033304750919342,104.39826522000004,31.20830957100003,-3.222099522749583,-3.5858046213785806,-0.3637050986289978,3,21,0.0399197869840913,-0.00041326052510212014
wenchuan_2008,"2008 Wenchuan, China M7.9",observed_liquefaction,1,observed_inventory,116,0.13363458216190338,104.23455830300009,31.232104181000068,-3.222099522749583,-3.5858046213785806,-0.3637050986289978,3,21,0.13239722476529533,-0.0012373573966080464
wenchuan_2008,"2008 Wenchuan, China M7.9",observed_liquefaction,1,observed_inventory,116,0.046157173812389374,104.21171547700004,31.22734525900006,-3.222099522749583,-3.5858046213785806,-0.3637050986289978,3,21,0.04568707908579091,-0.0004700947265984662
wenchuan_2008,"2008 Wenchuan, China M7.9",observed_liquefaction,1,observed_inventory,116,0.05688167363405228,104.18030659200008,31.217827415000045,-3.222099522749583,-3.5858046213785806,-0.3637050986289978,3,21,0.05630880158010678,-0.000572872053945496
wenchuan_2008,"2008 Wenchuan, China M7.9",observed_liquefaction,1,observed_inventory,116,0.045586924999952316,104.19934228000005,31.236863103000076,-3.222099522749583,-3.5858046213785806,-0.3637050986289978,3,21,0.04512236331640904,-0.0004645616835432728
wenchuan_2008,"2008 Wenchuan, China M7.9",observed_liquefaction,1,observed_inventory,116,0.0563867911696434,104.23551008700008,31.246380947000034,-3.222099522749583,-3.5858046213785806,-0.3637050986289978,3,21,0.055818608237302295,-0.0005681829323411075
wenchuan_2008,"2008 Wenchuan, China M7.9",observed_liquefaction,1,observed_inventory,116,0.023023802787065506,104.17269231600005,31.265416635000065,-3.222099522749583,-3.5858046213785806,-0.3637050986289978,3,21,0.022783685663846573,-0.00024011712321893308
wenchuan_2008,"2008 Wenchuan, China M7.9",observed_liquefaction,1,observed_inventory,116,0.14375613629817963,104.16507804100007,31.295873736000033,-3.222099522749583,-3.5858046213785806,-0.3637050986289978,3,21,0.14244046913371447,-0.0013156671644651563
wenchuan_2008,"2008 Wenchuan, China M7.9",observed_liquefaction,1,observed_inventory,116,0.13853120803833008,104.14889770600007,31.304439795000064,-3.222099522749583,-3.5858046213785806,-0.3637050986289978,3,21,0.13725569445165248,-0.0012755135866776013
wenchuan_2008,"2008 Wenchuan, China M7.9",observed_liquefaction,1,observed_inventory,116,0.13225635886192322,104.12700666500007,31.31395763900008,-3.222099522749583,-3.5858046213785806,-0.3637050986289978,3,21,0.13102983275973704,-0.0012265261021861817
wenchuan_2008,"2008 Wenchuan, China M7.9",observed_liquefaction,1,observed_inventory,116,0.01613842323422432,104.12891023400005,31.340607603000024,-3.222099522749583,-3.5858046213785806,-0.3637050986289978,3,21,0.01596894057350405,-0.00016948266072026874
wenchuan_2008,"2008 Wenchuan, China M7.9",observed_liquefaction,1,observed_inventory,116,0.09732768684625626,104.40100160000009,31.323475484000028,-1.3994556268056235,-2.6732022364934287,-1.2737466096878052,3,21,0.09691903364711767,-0.00040865319913858944
wenchuan_2008,"2008 Wenchuan, China M7.9",observed_liquefaction,1,observed_inventory,116,0.03365815430879593,104.38137104700007,31.33775225000005,-1.3994556268056235,-2.6732022364934287,-1.2737466096878052,3,21,0.03350690936559801,-0.00015124494319791737
wenchuan_2008,"2008 Wenchuan, China M7.9",observed_liquefaction,1,observed_inventory,116,0.024001924321055412,104.34389453600005,31.311578178000048,-1.3994556268056235,-2.6732022364934287,-1.2737466096878052,3,21,0.02389299738122575,-0.00010892693982966078
wenchuan_2008,"2008 Wenchuan, China M7.9",observed_liquefaction,1,observed_inventory,116,0.01234888844192028,104.36947374200008,31.275886263000075,-1.3994556268056235,-2.6732022364934287,-1.2737466096878052,3,21,0.012292179940353897,-5.670850156638298e-05
wenchuan_2008,"2008 Wenchuan, China M7.9",observed_liquefaction,1,observed_inventory,116,0.0036363655235618353,104.29273612400004,31.316931966000027,-1.3994556268056235,-2.6732022364934287,-1.2737466096878052,3,21,0.003619519998404086,-1.684552515774946e-05
wenchuan_2008,"2008 Wenchuan, China M7.9",observed_liquefaction,1,observed_inventory,116,0.0032053051982074976,104.27726962800006,31.321096023000052,-1.3994556268056235,-2.6732022364934287,-1.2737466096878052,3,21,0.0031904501730975533,-1.4855025109944322e-05
wenchuan_2008,"2008 Wenchuan, China M7.9",observed_liquefaction,1,observed_inventory,116,0.00413351459428668,104.25406988300006,31.356787938000025,-1.3994556268056235,-2.6732022364934287,-1.2737466096878052,3,21,0.004114375527801622,-1.9139066485058392e-05
wenchuan_2008,"2008 Wenchuan, China M7.9",observed_liquefaction,1,observed_inventory,116,0.10973773896694183,104.22908554200006,31.437689612000042,-3.222099522749583,-3.5858046213785806,-0.3637050986289978,3,21,0.10869388857581287,-0.0010438503911289615
wenchuan_2008,"2008 Wenchuan, China M7.9",observed_liquefaction,1,observed_inventory,116,0.07483941316604614,104.20648066300004,31.42460257600004,-3.222099522749583,-3.5858046213785806,-0.3637050986289978,3,21,0.07409989325125954,-0.0007395199147866016
wenchuan_2008,"2008 Wenchuan, China M7.9",observed_liquefaction,1,observed_inventory,116,0.0023569785989820957,104.16602982600006,31.40199769700007,-3.222099522749583,-3.5858046213785806,-0.3637050986289978,3,21,0.0023318830269893746,-2.5095571992721135e-05
wenchuan_2008,"2008 Wenchuan, China M7.9",observed_liquefaction,1,observed_inventory,116,0.0015244483947753906,104.68773854800008,31.106504332000043,-1.364692211151123,-3.095809578895569,-1.7311173677444458,3,21,0.0015175468600860992,-6.901534689291453e-06
wenchuan_2008,"2008 Wenchuan, China M7.9",observed_liquefaction,1,observed_inventory,116,0.0027315206825733185,104.63705602900006,30.99157636500007,-1.364692211151123,-3.095809578895569,-1.7311173677444458,3,21,0.002719169331243108,-1.2351351330210439e-05
wenchuan_2008,"2008 Wenchuan, China M7.9",observed_liquefaction,1,observed_inventory,116,0.0074292137287557125,104.76340540800004,31.045114238000053,-1.364692211151123,-3.095809578895569,-1.7311173677444458,3,21,0.007395777947026671,-3.3435781729041804e-05
wenchuan_2008,"2008 Wenchuan, China M7.9",observed_liquefaction,1,observed_inventory,116,0.0,104.41603384500007,31.80984921000004,-1.3994556268056235,-2.6732022364934287,-1.2737466096878052,3,21,9.953506592148271e-07,9.953506592148271e-07
wenchuan_2008,"2008 Wenchuan, China M7.9",observed_liquefaction,1,observed_inventory,116,0.09262283891439438,104.76545769400008,31.795929364000074,-1.3994556268056235,-2.6732022364934287,-1.2737466096878052,3,21,0.09223192168944078,-0.00039091722495360193
wenchuan_2008,"2008 Wenchuan, China M7.9",observed_liquefaction,1,observed_inventory,116,0.05476544797420502,104.76545769400008,31.775228053000035,-1.3994556268056235,-2.6732022364934287,-1.2737466096878052,3,21,0.05452470776095249,-0.00024074021325252992
wenchuan_2008,"2008 Wenchuan, China M7.9",observed_liquefaction,1,observed_inventory,116,0.004943902604281902,104.75225168500003,31.509581060000073,-1.3994556268056235,-2.6732022364934287,-1.2737466096878052,3,21,0.004921029807739524,-2.2872796542378233e-05
wenchuan_2008,"2008 Wenchuan, China M7.9",observed_liquefaction,1,observed_inventory,116,0.003998402040451765,104.75986596000007,31.498635540000066,-1.3994556268056235,-2.6732022364934287,-1.2737466096878052,3,21,0.003979886074157877,-1.8515966293887985e-05
wenchuan_2008,"2008 Wenchuan, China M7.9",observed_liquefaction,1,observed_inventory,116,0.01976141333580017,104.84505066400004,31.563356879000025,-1.3994556268056235,-2.6732022364934287,-1.2737466096878052,3,21,0.019671343055860584,-9.007027993958652e-05
wenchuan_2008,"2008 Wenchuan, China M7.9",observed_liquefaction,1,observed_inventory,116,0.0,104.83029800600008,31.558122065000077,-1.3994556268056235,-2.6732022364934287,-1.2737466096878052,3,21,9.953506592148271e-07,9.953506592148271e-07
wenchuan_2008,"2008 Wenchuan, China M7.9",observed_liquefaction,1,observed_inventory,116,0.0034673612099140882,104.84885780200005,31.633313033000036,-1.3994556268056235,-2.6732022364934287,-1.2737466096878052,3,21,0.0034512958881806437,-1.6065321733444576e-05
wenchuan_2008,"2008 Wenchuan, China M7.9",observed_liquefaction,1,observed_inventory,116,0.0030690967105329037,104.85647207700003,31.65330050500006,-1.3994556268056235,-2.6732022364934287,-1.2737466096878052,3,21,0.0030548710106625774,-1.4225699870326278e-05
wenchuan_2008,"2008 Wenchuan, China M7.9",observed_liquefaction,1,observed_inventory,116,0.002215766115114093,105.05654509000004,31.412681477000035,-1.3239487409591675,-2.6058655977249146,-1.281916856765747,3,21,0.0022060403630164444,-9.725752097648407e-06
wenchuan_2008,"2008 Wenchuan, China M7.9",observed_liquefaction,1,observed_inventory,116,0.0004373262927401811,104.94649501800006,31.47633205900007,-1.3994556268056235,-2.6732022364934287,-1.2737466096878052,3,21,0.00043529389682189513,-2.032395918285959e-06
wenchuan_2008,"2008 Wenchuan, China M7.9",observed_liquefaction,1,observed_inventory,116,0.0004187219019513577,104.91377743000004,31.501911264000057,-1.3994556268056235,-2.6732022364934287,-1.2737466096878052,3,21,0.0004167759305694325,-1.9459713819251962e-06
wenchuan_2008,"2008 Wenchuan, China M7.9",observed_liquefaction,1,observed_inventory,116,0.003904784331098199,104.98040233800003,31.52570587400004,-1.3994556268056235,-2.6732022364934287,-1.2737466096878052,3,21,0.0038867002018216695,-1.8084129276529394e-05
wenchuan_2008,"2008 Wenchuan, China M7.9",observed_liquefaction,1,observed_inventory,116,0.0,105.03096588400007,31.52094695200003,-1.3994556268056235,-2.6732022364934287,-1.2737466096878052,3,21,9.953506592148271e-07,9.953506592148271e-07
wenchuan_2008,"2008 Wenchuan, China M7.9",observed_liquefaction,1,observed_inventory,116,0.01130237989127636,105.02144804000005,31.488229364000063,-1.3239487409591675,-2.6058655977249146,-1.281916856765747,3,21,0.0112532197195539,-4.9160171722460386e-05
wenchuan_2008,"2008 Wenchuan, China M7.9",observed_liquefaction,1,observed_inventory,116,0.000843854621052742,104.95216606700006,31.646304890000067,-1.3994556268056235,-2.6732022364934287,-1.2737466096878052,3,21,0.0008399345448165433,-3.920076236198699e-06
wenchuan_2008,"2008 Wenchuan, China M7.9",observed_liquefaction,1,observed_inventory,116,0.002814619103446603,104.94966763300005,31.622748226000056,-1.3994556268056235,-2.6732022364934287,-1.2737466096878052,3,21,0.0028015696287512735,-1.3049474695329272e-05
wenchuan_2008,"2008 Wenchuan, China M7.9",observed_liquefaction,1,observed_inventory,116,0.07796147465705872,103.97872381100007,30.675905270000044,-3.222099522749583,-3.5858046213785806,-0.3637050986289978,3,21,0.07719367843227008,-0.0007677962247886333
wenchuan_2008,"2008 Wenchuan, China M7.9",observed_liquefaction,1,observed_inventory,116,0.0019479449838399887,104.03513686500008,31.001053659000036,-3.222099522749583,-3.5858046213785806,-0.3637050986289978,3,21,0.0019271961221930076,-2.07488616469811e-05
wenchuan_2008,"2008 Wenchuan, China M7.9",observed_liquefaction,1,observed_inventory,116,0.003589266212657094,103.92413501000004,31.12883071500005,-3.222099522749583,-3.5858046213785806,-0.3637050986289978,3,21,0.0035510967478614903,-3.8169464795603705e-05
wenchuan_2008,"2008 Wenchuan, China M7.9",observed_liquefaction,1,observed_inventory,116,0.0006932644755579531,103.76318826700003,31.185033584000053,-3.222099522749583,-3.5858046213785806,-0.3637050986289978,3,21,0.0006858708689288927,-7.393606629060422e-06
wenchuan_2008,"2008 Wenchuan, China M7.9",observed_liquefaction,1,observed_inventory,116,0.014435435645282269,104.09468684300003,31.293552869000052,-3.222099522749583,-3.5858046213785806,-0.3637050986289978,3,21,0.014283577793088822,-0.00015185785219344605
wenchuan_2008,"2008 Wenchuan, China M7.9",observed_liquefaction,1,observed_inventory,116,0.040027886629104614,104.45316751500008,31.623108218000027,-1.3994556268056235,-2.6732022364934287,-1.2737466096878052,3,21,0.03984919923231459,-0.00017868739679002127
wenchuan_2008,"2008 Wenchuan, China M7.9",observed_liquefaction,1,observed_inventory,116,0.013528765179216862,104.66969846700005,31.63738498400005,-1.3994556268056235,-2.6732022364934287,-1.2737466096878052,3,21,0.013466712331778994,-6.205284743786808e-05
wenchuan_2008,"2008 Wenchuan, China M7.9",observed_liquefaction,1,observed_inventory,116,0.00494259363040328,104.77032983800007,31.88641540800006,-1.3994556268056235,-2.6732022364934287,-1.2737466096878052,3,21,0.004919726859842329,-2.2866770560950843e-05
wenchuan_2008,"2008 Wenchuan, China M7.9",observed_liquefaction,1,observed_inventory,116,0.0035893162712454796,104.91841162800006,31.563284603000056,-1.3994556268056235,-2.6732022364934287,-1.2737466096878052,3,21,0.0035726879210172327,-1.662835022824688e-05
wenchuan_2008,"2008 Wenchuan, China M7.9",observed_liquefaction,1,observed_inventory,116,0.05321508273482323,104.32118277900008,30.794560067000077,-1.364692211151123,-3.095809578895569,-1.7311173677444458,3,21,0.052986584218828264,-0.00022849851599496263
wenchuan_2008,"2008 Wenchuan, China M7.9",observed_liquefaction,1,observed_inventory,116,0.06668106466531754,104.27763864200006,30.766720374000045,-1.364692211151123,-3.095809578895569,-1.7311173677444458,3,21,0.06639880005070564,-0.00028226461461189345
wenchuan_2008,"2008 Wenchuan, China M7.9",observed_liquefaction,1,observed_inventory,116,0.010221312753856182,103.51607628400006,30.010416624000072,-3.5049751500288644,-3.8509179751078286,-0.34594282507896423,3,21,0.010103905891761557,-0.00011740686209462531
wenchuan_2008,"2008 Wenchuan, China M7.9",observed_liquefaction,1,observed_inventory,116,0.009652651846408844,103.54998360400003,29.57497526000003,-3.9519331008195877,-4.165102243423462,-0.2131691426038742,3,21,0.0095276580950511,-0.0001249937513577437
wenchuan_2008,"2008 Wenchuan, China M7.9",observed_liquefaction,1,observed_inventory,116,0.1672017127275467,103.35034682500009,29.914881265000076,-3.9258609016736346,-4.210424979527791,-0.2845640778541565,3,21,0.16538925395401935,-0.0018124587735273423
wenchuan_2008,"2008 Wenchuan, China M7.9",observed_liquefaction,1,observed_inventory,116,0.00046731490874662995,103.06240824900004,30.148449157000073,-3.9258609016736346,-4.210424979527791,-0.2845640778541565,3,21,0.0004612482060070163,-6.066702739613672e-06
wenchuan_2008,"2008 Wenchuan, China M7.9",observed_liquefaction,1,observed_inventory,116,0.0002609420334920287,105.53098800100008,30.295182586000067,-0.5577397545178733,-2.3791312177975974,-1.8213914632797241,3,21,0.0002604579686868534,-4.84064805175309e-07
wenchuan_2008,"2008 Wenchuan, China M7.9",observed_liquefaction,1,observed_inventory,116,0.019018016755580902,104.68132609900005,31.04097704900005,-1.364692211151123,-3.095809578895569,-1.7311173677444458,3,21,0.018933419510901394,-8.459724467950805e-05
wenchuan_2008,"2008 Wenchuan, China M7.9",observed_liquefaction,1,observed_inventory,116,0.06183025240898132,104.18028795300006,31.051524010000037,-3.222099522749583,-3.5858046213785806,-0.3637050986289978,3,21,0.06121077641494505,-0.0006194759940362712
wenchuan_2008,"2008 Wenchuan, China M7.9",observed_liquefaction,1,observed_inventory,116,0.021564152091741562,104.13448332800004,31.025944804000062,-3.222099522749583,-3.5858046213785806,-0.3637050986289978,3,21,0.021338925291245047,-0.0002252268004965148
wenchuan_2008,"2008 Wenchuan, China M7.9",observed_liquefaction,1,observed_inventory,116,0.0,105.02493712300009,31.421351737000066,-1.3239487409591675,-2.6058655977249146,-1.281916856765747,3,21,9.9560095934106e-07,9.9560095934106e-07
wenchuan_2008,"2008 Wenchuan, China M7.9",observed_liquefaction,1,observed_inventory,116,0.006991637405008078,105.03921388900005,31.38803928300007,-1.3239487409591675,-2.6058655977249146,-1.281916856765747,3,21,0.00696109497628108,-3.05424287269972e-05
wenchuan_2008,"2008 Wenchuan, China M7.9",observed_liquefaction,1,observed_inventory,116,0.0002609420334920287,104.83331119700006,32.20538017200005,-1.3994556268056235,-2.6732022364934287,-1.2737466096878052,3,21,0.00025972913895147586,-1.2128945405528524e-06
wenchuan_2008,"2008 Wenchuan, China M7.9",observed_liquefaction,1,observed_inventory,116,0.0,103.61048635700007,31.06147412300004,-3.222099522749583,-3.5858046213785806,-0.3637050986289978,3,21,9.893277758920695e-07,9.893277758920695e-07
wenchuan_2008,"2008 Wenchuan, China M7.9",observed_liquefaction,1,observed_inventory,116,0.08202797919511795,103.66165964000004,30.946337953000068,-3.222099522749583,-3.5858046213785806,-0.3637050986289978,3,21,0.08122366232012514,-0.0008043168749928137
wenchuan_2008,"2008 Wenchuan, China M7.9",observed_liquefaction,1,observed_inventory,116,0.11750929802656174,104.08076203900004,31.11337611600004,-3.222099522749583,-3.5858046213785806,-0.3637050986289978,3,21,0.11640118841691827,-0.0011081096096434706
wenchuan_2008,"2008 Wenchuan, China M7.9",observed_liquefaction,1,observed_inventory,116,0.07912107557058334,104.08361739200006,31.085774368000045,-3.222099522749583,-3.5858046213785806,-0.3637050986289978,3,21,0.07834282946726989,-0.0007782461033134513
wenchuan_2008,"2008 Wenchuan, China M7.9",observed_liquefaction,1,observed_inventory,116,0.0228528194129467,104.16712061000004,31.23633079800004,-3.222099522749583,-3.5858046213785806,-0.3637050986289978,3,21,0.022614444212919645,-0.00023837520002705642
wenchuan_2008,"2008 Wenchuan, China M7.9",observed_liquefaction,1,observed_inventory,116,0.02604391612112522,104.23207989600007,31.268453521000026,-3.222099522749583,-3.5858046213785806,-0.3637050986289978,3,21,0.02577313289606621,-0.00027078322505900976
wenchuan_2008,"2008 Wenchuan, China M7.9",observed_liquefaction,1,observed_inventory,116,0.036284446716308594,104.33870949200008,31.329397466000046,-1.3994556268056235,-2.6732022364934287,-1.2737466096878052,3,21,0.03612184150627208,-0.00016260521003651218
wenchuan_2008,"2008 Wenchuan, China M7.9",observed_liquefaction,1,observed_inventory,116,0.0035800698678940535,104.35869696400005,31.26158282800003,-1.3994556268056235,-2.6732022364934287,-1.2737466096878052,3,21,0.0035634842006041965,-1.6585667289857e-05
wenchuan_2008,"2008 Wenchuan, China M7.9",observed_liquefaction,1,observed_inventory,116,0.0,104.98285486800006,31.655535315000066,-1.3994556268056235,-2.6732022364934287,-1.2737466096878052,3,21,9.953506592148271e-07,9.953506592148271e-07
wenchuan_2008,"2008 Wenchuan, China M7.9",observed_liquefaction,1,observed_inventory,116,0.0278379675000906,103.75239592400004,30.978452745000027,-3.222099522749583,-3.5858046213785806,-0.3637050986289978,3,21,0.027549058819694685,-0.00028890868039591414
wenchuan_2008,"2008 Wenchuan, China M7.9",observed_liquefaction,1,observed_inventory,116,0.05993381142616272,103.70528259600007,30.999154056000066,-3.222099522749583,-3.5858046213785806,-0.3637050986289978,3,21,0.059332134202714014,-0.0006016772234487058
wenchuan_2008,"2008 Wenchuan, China M7.9",pseudo_control,0,pseudo-controls outside buffered inventory; hard cells from upper static-probability background,116,0.0002609420334920287,114.87845176135893,27.001170464842836,-4.661319335301717,-1.824989636739095,2.836329698562622,3,21,0.00025692394686286794,-4.018086629160769e-06
wenchuan_2008,"2008 Wenchuan, China M7.9",pseudo_control,0,pseudo-controls outside buffered inventory; hard cells from upper static-probability background,116,0.0002609420334920287,105.86616038887341,40.304545169686435,-0.05891165385643643,-0.45726165423790616,-0.3983500003814697,3,21,0.00026089086135260795,-5.1172139420763065e-08
wenchuan_2008,"2008 Wenchuan, China M7.9",pseudo_control,0,pseudo-controls outside buffered inventory; hard cells from upper static-probability background,116,0.0002609420334920287,96.88720157809843,34.06325005291358,-0.6541125575701395,-0.9976628224054972,-0.34355026483535767,3,21,0.000260374417313231,-5.676161787976928e-07
wenchuan_2008,"2008 Wenchuan, China M7.9",pseudo_control,0,pseudo-controls outside buffered inventory; hard cells from upper static-probability background,116,0.0002609420334920287,114.6451238293852,40.292045913778345,-0.767947365840276,-1.0777557690938313,-0.3098084032535553,3,21,0.0002602757615950274,-6.662718970013026e-07
wenchuan_2008,"2008 Wenchuan, China M7.9",pseudo_control,0,pseudo-controls outside buffered inventory; hard cells from upper static-probability background,116,0.0002609420334920287,95.81639303314753,39.3546017206716,1.1137786408265433,0.7582200368245443,-0.3555586040019989,3,21,0.00026191137993744384,9.693464454151317e-07
wenchuan_2008,"2008 Wenchuan, China M7.9",pseudo_control,0,pseudo-controls outside buffered inventory; hard cells from upper static-probability background,116,0.0002609420334920287,97.0538643866511,37.913020872605244,0.7817149311304092,0.4987891763448715,-0.2829257547855377,3,21,0.0002616220014191946,6.799679271658927e-07
wenchuan_2008,"2008 Wenchuan, China M7.9",pseudo_control,0,pseudo-controls outside buffered inventory; hard cells from upper static-probability background,116,0.0002609420334920287,117.63672124290558,39.11294943978187,-0.252568503220876,-1.7573510607083638,-1.5047825574874878,3,21,0.0002607227168429404,-2.193166490883306e-07
wenchuan_2008,"2008 Wenchuan, China M7.9",pseudo_control,0,pseudo-controls outside buffered inventory; hard cells from upper static-probability background,116,0.0002609420334920287,96.43304542479241,39.74207865382239,1.1137786408265433,0.7582200368245443,-0.3555586040019989,3,21,0.00026191137993744384,9.693464454151317e-07
wenchuan_2008,"2008 Wenchuan, China M7.9",pseudo_control,0,pseudo-controls outside buffered inventory; hard cells from upper static-probability background,116,0.0002609420334920287,96.37054687158516,27.526139212982606,-2.025524914264679,-3.43713241815567,-1.4116075038909912,3,21,0.0002591883571130665,-1.7536763789622331e-06
wenchuan_2008,"2008 Wenchuan, China M7.9",pseudo_control,0,pseudo-controls outside buffered inventory; hard cells from upper static-probability background,116,0.0002609420334920287,112.72016839060188,30.95926816907128,2.7018273274103803,-1.4258620341618855,-4.127689361572266,3,21,0.0002632997232576278,2.3576897655991076e-06
wenchuan_2008,"2008 Wenchuan, China M7.9",pseudo_control,0,pseudo-controls outside buffered inventory; hard cells from upper static-probability background,116,0.0002609420334920287,106.59947674650515,22.909747364261435,-3.7591405908266706,-4.374535957972209,-0.6153953671455383,3,21,0.00025769677336675916,-3.2452601252695506e-06
wenchuan_2008,"2008 Wenchuan, China M7.9",pseudo_control,0,pseudo-controls outside buffered inventory; hard cells from upper static-probability background,116,0.0002609420334920287,116.67007695330011,23.68053481192697,-0.15392820040384914,2.0895946820576987,2.243522882461548,3,21,0.0002608083487369255,-1.3368475510323972e-07
wenchuan_2008,"2008 Wenchuan, China M7.9",pseudo_control,0,pseudo-controls outside buffered inventory; hard cells from upper static-probability background,116,0.0002609420334920287,104.17453288206383,24.080511000985847,-3.797372490167618,-4.2230377197265625,-0.4256652295589447,3,21,0.00025766397595844285,-3.2780575335858647e-06
wenchuan_2008,"2008 Wenchuan, China M7.9",pseudo_control,0,pseudo-controls outside buffered inventory; hard cells from upper static-probability background,116,0.0002609420334920287,108.3827687980187,22.643096571555517,-3.8142607609430947,-3.1636857191721597,0.6505750417709351,3,21,0.0002576494896076024,-3.2925438844263284e-06
wenchuan_2008,"2008 Wenchuan, China M7.9",pseudo_control,0,pseudo-controls outside buffered inventory; hard cells from upper static-probability background,116,0.0002609420334920287,105.10784460995878,27.334483955725233,-2.8262891372044883,-3.419474204381307,-0.5931850671768188,3,21,0.00025849831880679126,-2.4437146852374536e-06
wenchuan_2008,"2008 Wenchuan, China M7.9",pseudo_control,0,pseudo-controls outside buffered inventory; hard cells from upper static-probability background,116,0.0002609420334920287,102.90372896684974,41.004503500539464,0.14812720318635303,-0.11575072507063548,-0.2638779282569885,3,21,0.00026107074483381384,1.287113417851272e-07
wenchuan_2008,"2008 Wenchuan, China M7.9",pseudo_control,0,pseudo-controls outside buffered inventory; hard cells from upper static-probability background,116,0.0002609420334920287,114.8701186209313,24.159672955070416,-4.944126923878987,-1.5758949120839436,3.368232011795044,3,21,0.00025668216489662673,-4.259868595401985e-06
wenchuan_2008,"2008 Wenchuan, China M7.9",pseudo_control,0,pseudo-controls outside buffered inventory; hard cells from upper static-probability background,116,0.0002609420334920287,110.84521179438437,21.69731954117672,-3.6750924785931907,-3.8370196421941123,-0.16192716360092163,3,21,0.0002577688890947983,-3.1731443972304245e-06
wenchuan_2008,"2008 Wenchuan, China M7.9",pseudo_control,0,pseudo-controls outside buffered inventory; hard cells from upper static-probability background,116,0.0002609420334920287,112.7743338033815,26.884510743034,-4.341325879096985,-2.4227590560913086,1.9185668230056763,3,21,0.00025719779488568963,-3.7442386063390835e-06
wenchuan_2008,"2008 Wenchuan, China M7.9",pseudo_control,0,pseudo-controls outside buffered inventory; hard cells from upper static-probability background,116,0.0002609420334920287,97.58301880380581,40.91700870918283,1.1190572877724967,0.8116310437520345,-0.30742624402046204,3,21,0.00026191598262263467,9.739491306059566e-07
wenchuan_2008,"2008 Wenchuan, China M7.9",pseudo_control,0,pseudo-controls outside buffered inventory; hard cells from upper static-probability background,116,0.0002609420334920287,111.603527573299,34.363232194707734,-0.30326151847839355,0.0964629054069519,0.39972442388534546,3,21,0.00026067872001673533,-2.633134752933787e-07
wenchuan_2008,"2008 Wenchuan, China M7.9",pseudo_control,0,pseudo-controls outside buffered inventory; hard cells from upper static-probability background,116,0.0002609420334920287,95.09557638615725,25.33043659179483,-18.366950631141663,-16.368342399597168,1.9986082315444946,3,21,0.0002454643750108415,-1.5477658481187235e-05
wenchuan_2008,"2008 Wenchuan, China M7.9",pseudo_control,0,pseudo-controls outside buffered inventory; hard cells from upper static-probability background,116,0.0002609420334920287,104.02870292458024,37.10890207585147,1.110484634836515,0.6179904093345007,-0.49249422550201416,3,21,0.00026190850778924803,9.664742972193149e-07
wenchuan_2008,"2008 Wenchuan, China M7.9",pseudo_control,0,pseudo-controls outside buffered inventory; hard cells from upper static-probability background,116,0.0002609420334920287,95.49973369689747,39.46292860520838,1.1137786408265433,0.7582200368245443,-0.3555586040019989,3,21,0.00026191137993744384,9.693464454151317e-07
wenchuan_2008,"2008 Wenchuan, China M7.9",pseudo_control,0,pseudo-controls outside buffered inventory; hard cells from upper static-probability background,116,0.0002609420334920287,111.64935984565099,40.42120489149527,-0.49085669716199243,-0.6616884370644888,-0.17083173990249634,3,21,0.00026051596938333663,-4.260641086920817e-07
wenchuan_2008,"2008 Wenchuan, China M7.9",pseudo_control,0,pseudo-controls outside buffered inventory; hard cells from upper static-probability background,116,0.0002609420334920287,114.47429445061871,37.10056923857941,4.736669639746348,0.41813669602076214,-4.318532943725586,3,21,0.0002650894324951757,4.1473990031470095e-06
wenchuan_2008,"2008 Wenchuan, China M7.9",pseudo_control,0,pseudo-controls outside buffered inventory; hard cells from upper static-probability background,116,0.0002609420334920287,98.0038423954013,37.34222151946914,0.685375193754832,0.3273305396238963,-0.35804465413093567,3,21,0.0002615381055274788,5.960720354500934e-07
wenchuan_2008,"2008 Wenchuan, China M7.9",pseudo_control,0,pseudo-controls outside buffered inventory; hard cells from upper static-probability background,116,0.0002609420334920287,109.99939804097957,34.70071210422616,0.5005250175793966,-0.1168163816134135,-0.6173413991928101,3,21,0.0002613772070672423,4.351735752135743e-07
wenchuan_2008,"2008 Wenchuan, China M7.9",pseudo_control,0,pseudo-controls outside buffered inventory; hard cells from upper static-probability background,116,0.0002609420334920287,98.78715759559884,40.637858660568824,0.7680522501468658,0.4771336019039154,-0.29091864824295044,3,21,0.0002616101018588707,6.680683668419739e-07
wenchuan_2008,"2008 Wenchuan, China M7.9",pseudo_control,0,pseudo-controls outside buffered inventory; hard cells from upper static-probability background,116,0.0002609420334920287,107.82028181915345,30.380135978663116,-0.40136051177978516,-1.7426241636276245,-1.3412636518478394,3,21,0.00026059360028594225,-3.4843320608645865e-07
wenchuan_2008,"2008 Wenchuan, China M7.9",pseudo_control,0,pseudo-controls outside buffered inventory; hard cells from upper static-probability background,116,0.0002609420334920287,105.5911667547615,21.239013491213427,-5.4865425030390425,-7.019998232523601,-1.533455729484558,3,21,0.00025621907145428663,-4.722962037742085e-06
wenchuan_2008,"2008 Wenchuan, China M7.9",pseudo_control,0,pseudo-controls outside buffered inventory; hard cells from upper static-probability background,116,0.0002609420334920287,115.05344771033923,34.01325302928122,0.35583043098449707,-1.012158751487732,-1.367989182472229,3,21,0.0002612513301406882,3.0929664865950775e-07
wenchuan_2008,"2008 Wenchuan, China M7.9",pseudo_control,0,pseudo-controls outside buffered inventory; hard cells from upper static-probability background,116,0.0002609420334920287,107.6369527297455,23.33472206513649,-2.52923376361529,-3.0067317883173623,-0.47749802470207214,3,21,0.00025875408420988666,-2.187949282142054e-06
wenchuan_2008,"2008 Wenchuan, China M7.9",pseudo_control,0,pseudo-controls outside buffered inventory; hard cells from upper static-probability background,116,0.0002609420334920287,116.68674323415537,23.613872113750496,-0.15392820040384914,2.0895946820576987,2.243522882461548,3,21,0.0002608083487369255,-1.3368475510323972e-07
wenchuan_2008,"2008 Wenchuan, China M7.9",pseudo_control,0,pseudo-controls outside buffered inventory; hard cells from upper static-probability background,116,0.0002609420334920287,109.15358428757479,30.017657557328512,0.02161629994710279,-1.1401149431864421,-1.161731243133545,3,21,0.0002609608124684292,1.8778976400486182e-08
wenchuan_2008,"2008 Wenchuan, China M7.9",pseudo_control,0,pseudo-controls outside buffered inventory; hard cells from upper static-probability background,116,0.0002609420334920287,113.52848301208232,30.67595170182124,1.8939183553059895,-1.3159820238749187,-3.209900379180908,3,21,0.0002625924960799864,1.6504625879576983e-06
wenchuan_2008,"2008 Wenchuan, China M7.9",pseudo_control,0,pseudo-controls outside buffered inventory; hard cells from upper static-probability background,116,0.0002609420334920287,100.374620847063,38.65047697118255,0.8528527542948723,0.5629586800932884,-0.28989407420158386,3,21,0.0002616839679020446,7.419344100159002e-07
wenchuan_2008,"2008 Wenchuan, China M7.9",pseudo_control,0,pseudo-controls outside buffered inventory; hard cells from upper static-probability background,116,0.0002609420334920287,115.28260907209915,34.86320243103133,-1.9737253189086914,-1.0088589191436768,0.9648663997650146,3,21,0.0002592330574656073,-1.7089760264214185e-06
wenchuan_2008,"2008 Wenchuan, China M7.9",pseudo_control,0,pseudo-controls outside buffered inventory; hard cells from upper static-probability background,116,0.0002609420334920287,93.62061053046614,26.938674185302386,-7.497493108113607,-9.20283587773641,-1.7053427696228027,3,21,0.000254509476466267,-6.432557025761734e-06
wenchuan_2008,"2008 Wenchuan, China M7.9",pseudo_control,0,pseudo-controls outside buffered inventory; hard cells from upper static-probability background,116,0.0002609420334920287,109.71190469622623,23.434716112401208,-2.8866681729753814,-2.769855876763662,0.11681229621171951,3,21,0.00025844636322480826,-2.4956702672204517e-06
wenchuan_2008,"2008 Wenchuan, China M7.9",pseudo_control,0,pseudo-controls outside buffered inventory; hard cells from upper static-probability background,116,0.0002609420334920287,116.97423657890873,29.088546201493834,-0.07983279228210449,-1.6957554817199707,-1.6159226894378662,3,21,0.00026087269114142994,-6.934235059877268e-08
wenchuan_2008,"2008 Wenchuan, China M7.9",pseudo_control,0,pseudo-controls outside buffered inventory; hard cells from upper static-probability background,116,0.0002609420334920287,96.56637567163455,37.23389463493237,0.19978865484396616,0.012022713820139566,-0.1877659410238266,3,21,0.000261115649656744,1.7361616471529232e-07
wenchuan_2008,"2008 Wenchuan, China M7.9",pseudo_control,0,pseudo-controls outside buffered inventory; hard cells from upper static-probability background,116,0.0002609420334920287,114.78678721665497,33.48411786250542,0.5552104860544205,-1.277199849486351,-1.8324103355407715,3,21,0.0002614247964286322,4.827629366034873e-07
wenchuan_2008,"2008 Wenchuan, China M7.9",pseudo_control,0,pseudo-controls outside buffered inventory; hard cells from upper static-probability background,116,0.0002609420334920287,113.89514119089819,32.08836761943539,0.7196669777234395,-1.4140450755755107,-2.13371205329895,3,21,0.00026156796488579576,6.259313937670452e-07
wenchuan_2008,"2008 Wenchuan, China M7.9",pseudo_control,0,pseudo-controls outside buffered inventory; hard cells from upper static-probability background,116,0.0002609420334920287,114.1701348250101,34.55905387060115,-0.5699926614761353,1.0146441459655762,1.5846368074417114,3,21,0.0002604473444184759,-4.94689073552801e-07
wenchuan_2008,"2008 Wenchuan, China M7.9",pseudo_control,0,pseudo-controls outside buffered inventory; hard cells from upper static-probability background,116,0.0002609420334920287,111.8035229435622,21.563994144823763,-3.469534069299698,-3.01205837726593,0.4574756920337677,3,21,0.00025794534922314214,-2.9966842688865713e-06
wenchuan_2008,"2008 Wenchuan, China M7.9",pseudo_control,0,pseudo-controls outside buffered inventory; hard cells from upper static-probability background,116,0.0002609420334920287,104.75785271199817,38.27133287530382,1.3037932912508645,0.5941017071406046,-0.70969158411026,3,21,0.0002620771130408007,1.1350795487720107e-06
wenchuan_2008,"2008 Wenchuan, China M7.9",pseudo_control,0,pseudo-controls outside buffered inventory; hard cells from upper static-probability background,116,0.0002609420334920287,117.24923021302064,39.304604697039245,-0.252568503220876,-1.7573510607083638,-1.5047825574874878,3,21,0.0002607227168429404,-2.193166490883306e-07
wenchuan_2008,"2008 Wenchuan, China M7.9",pseudo_control,0,pseudo-controls outside buffered inventory; hard cells from upper static-probability background,116,0.0002609420334920287,95.71222877780212,25.40126570860734,-18.366950631141663,-16.368342399597168,1.9986082315444946,3,21,0.0002454643750108415,-1.5477658481187235e-05
wenchuan_2008,"2008 Wenchuan, China M7.9",pseudo_control,0,pseudo-controls outside buffered inventory; hard cells from upper static-probability background,116,0.0002609420334920287,114.8951180422142,34.7340434533144,-1.9737253189086914,-1.0088589191436768,0.9648663997650146,3,21,0.0002592330574656073,-1.7089760264214185e-06
wenchuan_2008,"2008 Wenchuan, China M7.9",pseudo_control,0,pseudo-controls outside buffered inventory; hard cells from upper static-probability background,116,0.0002609420334920287,108.35360280652198,34.596551638325415,0.4495320549855629,-0.641945339118441,-1.091477394104004,3,21,0.00026133283886742254,3.908053753938316e-07
wenchuan_2008,"2008 Wenchuan, China M7.9",pseudo_control,0,pseudo-controls outside buffered inventory; hard cells from upper static-probability background,116,0.0002609420334920287,114.02430486752651,32.05086985171112,0.7196669777234395,-1.4140450755755107,-2.13371205329895,3,21,0.00026156796488579576,6.259313937670452e-07
wenchuan_2008,"2008 Wenchuan, China M7.9",pseudo_control,0,pseudo-controls outside buffered inventory; hard cells from upper static-probability background,116,0.0002609420334920287,102.56207020931677,33.759101492483396,-1.0443948010603588,-1.344732681910197,-0.30033788084983826,3,21,0.0002600363320757309,-9.057014162978114e-07
wenchuan_2008,"2008 Wenchuan, China M7.9",pseudo_control,0,pseudo-controls outside buffered inventory; hard cells from upper static-probability background,116,0.0002609420334920287,96.39554629286806,26.50536664715527,-7.3140203555425005,-6.406417926152547,0.9076024293899536,3,21,0.00025466498056121197,-6.277052930816747e-06
wenchuan_2008,"2008 Wenchuan, China M7.9",pseudo_control,0,pseudo-controls outside buffered inventory; hard cells from upper static-probability background,116,0.0002609420334920287,113.28682193968095,40.558696706484255,-0.8229875254134337,-0.7742783824602762,0.048709142953157425,3,21,0.0002602280740665636,-7.13959425465132e-07
wenchuan_2008,"2008 Wenchuan, China M7.9",pseudo_control,0,pseudo-controls outside buffered inventory; hard cells from upper static-probability background,116,0.0002609420334920287,105.34950568236015,34.59238521968938,0.0616587872306506,-0.42392061402400333,-0.48557940125465393,3,21,0.0002609956026076727,5.356911564400983e-08
wenchuan_2008,"2008 Wenchuan, China M7.9",pseudo_control,0,pseudo-controls outside buffered inventory; hard cells from upper static-probability background,116,0.0002609420334920287,101.24126745153687,34.24240605426287,-1.0230616703629494,-1.1212422847747803,-0.0981806144118309,3,21,0.0002600548007333458,-8.872327586829129e-07
wenchuan_2008,"2008 Wenchuan, China M7.9",pseudo_control,0,pseudo-controls outside buffered inventory; hard cells from upper static-probability background,116,0.0002609420334920287,104.77868556306726,39.82957344517902,0.4969371110200882,-0.1537858098745346,-0.6507229208946228,3,21,0.00026137408503813315,4.320515461044331e-07
wenchuan_2008,"2008 Wenchuan, China M7.9",pseudo_control,0,pseudo-controls outside buffered inventory; hard cells from upper static-probability background,116,0.0002609420334920287,94.94141328824603,21.83064493752968,-22.51071262359619,-17.876282691955566,4.634429931640625,3,21,0.00024210135508440387,-1.884067840762484e-05
wenchuan_2008,"2008 Wenchuan, China M7.9",pseudo_control,0,pseudo-controls outside buffered inventory; hard cells from upper static-probability background,116,0.0002609420334920287,109.77023667921966,22.080630055691476,-3.310248538851738,-3.1038324534893036,0.2064160853624344,3,21,0.00025808216977819446,-2.8598637138342532e-06
wenchuan_2008,"2008 Wenchuan, China M7.9",pseudo_control,0,pseudo-controls outside buffered inventory; hard cells from upper static-probability background,116,0.0002609420334920287,107.45362364033757,26.892843580306057,0.6497937639554342,-0.8161717454592387,-1.4659655094146729,3,21,0.00026150712682040136,5.650933283726507e-07
wenchuan_2008,"2008 Wenchuan, China M7.9",pseudo_control,0,pseudo-controls outside buffered inventory; hard cells from upper static-probability background,116,0.0002609420334920287,112.19518054366098,33.04664390572228,-0.6622031678756077,-1.433107649286588,-0.7709044814109802,3,21,0.0002603674042963106,-5.746291957181354e-07
wenchuan_2008,"2008 Wenchuan, China M7.9",pseudo_control,0,pseudo-controls outside buffered inventory; hard cells from upper static-probability background,116,0.0002609420334920287,96.0080552629831,36.32144895364181,0.19978865484396616,0.012022713820139566,-0.1877659410238266,3,21,0.000261115649656744,1.7361616471529232e-07
wenchuan_2008,"2008 Wenchuan, China M7.9",pseudo_control,0,pseudo-controls outside buffered inventory; hard cells from upper static-probability background,116,0.0063693406991660595,104.34536226083031,31.588397383111797,-1.3994556268056235,-2.6732022364934287,-1.2737466096878052,3,21,0.006339915179791248,-2.9425519374811845e-05
wenchuan_2008,"2008 Wenchuan, China M7.9",pseudo_control,0,pseudo-controls outside buffered inventory; hard cells from upper static-probability background,116,0.0002609420334920287,110.13689485803553,40.77951689419385,-0.4402974620461464,-0.5916639640927315,-0.15136650204658508,3,21,0.000260559822701957,-3.822107900717012e-07
wenchuan_2008,"2008 Wenchuan, China M7.9",pseudo_control,0,pseudo-controls outside buffered inventory; hard cells from upper static-probability background,116,0.0002609420334920287,114.39512961655619,33.38829023387673,0.5552104860544205,-1.277199849486351,-1.8324103355407715,3,21,0.0002614247964286322,4.827629366034873e-07
wenchuan_2008,"2008 Wenchuan, China M7.9",pseudo_control,0,pseudo-controls outside buffered inventory; hard cells from upper static-probability background,116,0.0002609420334920287,112.49517359905578,39.82540702654299,0.3205303431799015,-0.5031104801843563,-0.8236408233642578,3,21,0.00026122063005817815,2.785965661494393e-07
wenchuan_2008,"2008 Wenchuan, China M7.9",pseudo_control,0,pseudo-controls outside buffered inventory; hard cells from upper static-probability background,116,0.0002609420334920287,111.43269819453252,29.60934853099758,1.609378973642985,-1.8312261899312336,-3.4406051635742188,3,21,0.0002623438685333122,1.4018350412835115e-06
wenchuan_2008,"2008 Wenchuan, China M7.9",pseudo_control,0,pseudo-controls outside buffered inventory; hard cells from upper static-probability background,116,0.0002609420334920287,112.96599603321707,35.53816225006818,3.341057342477143,3.355599619448185,0.014542276971042156,3,21,0.0002638606414119237,2.918607919895008e-06
wenchuan_2008,"2008 Wenchuan, China M7.9",pseudo_control,0,pseudo-controls outside buffered inventory; hard cells from upper static-probability background,116,0.0002609420334920287,111.69519211800298,28.06360721703047,-0.024405916531880623,-1.807885964711507,-1.7834800481796265,3,21,0.00026092083268375576,-2.120080827295581e-08
wenchuan_2008,"2008 Wenchuan, China M7.9",pseudo_control,0,pseudo-controls outside buffered inventory; hard cells from upper static-probability background,116,0.0002609420334920287,97.03719810579582,34.042417959733434,-0.6541125575701395,-0.9976628224054972,-0.34355026483535767,3,21,0.000260374417313231,-5.676161787976928e-07
wenchuan_2008,"2008 Wenchuan, China M7.9",pseudo_control,0,pseudo-controls outside buffered inventory; hard cells from upper static-probability background,116,0.0002609420334920287,106.9119695125414,39.09211734660172,0.7321737371385098,0.07802795991301537,-0.6541457772254944,3,21,0.0002615788559171696,6.368224251408869e-07
wenchuan_2008,"2008 Wenchuan, China M7.9",pseudo_control,0,pseudo-controls outside buffered inventory; hard cells from upper static-probability background,116,0.0002609420334920287,115.0951134124774,36.43810867545065,-0.02043803532918298,0.5925448338190714,0.6129828691482544,3,21,0.00026092427936552285,-1.7754126505867447e-08
wenchuan_2008,"2008 Wenchuan, China M7.9",pseudo_control,0,pseudo-controls outside buffered inventory; hard cells from upper static-probability background,116,0.0002609420334920287,109.25358197270639,22.188956940228255,-3.310248538851738,-3.1038324534893036,0.2064160853624344,3,21,0.00025808216977819446,-2.8598637138342532e-06
wenchuan_2008,"2008 Wenchuan, China M7.9",pseudo_control,0,pseudo-controls outside buffered inventory; hard cells from upper static-probability background,116,0.0002609420334920287,113.19099082476316,37.90468803533319,3.5323431226424873,0.01808402268216014,-3.514259099960327,3,21,0.0002640287249490347,3.086691457005982e-06
wenchuan_2008,"2008 Wenchuan, China M7.9",pseudo_control,0,pseudo-controls outside buffered inventory; hard cells from upper static-probability background,116,0.0002609420334920287,110.20772655167042,38.47132096983326,1.221788118282954,0.1307786206404368,-1.091009497642517,3,21,0.00026200557426905613,1.0635407770274194e-06
wenchuan_2008,"2008 Wenchuan, China M7.9",pseudo_control,0,pseudo-controls outside buffered inventory; hard cells from upper static-probability background,116,0.0002609420334920287,106.84947095933416,30.600956166372704,-0.9047897855440774,-2.2242424289385476,-1.3194526433944702,3,21,0.0002601572156350701,-7.848178569586279e-07
wenchuan_2008,"2008 Wenchuan, China M7.9",pseudo_control,0,pseudo-controls outside buffered inventory; hard cells from upper static-probability background,116,0.0002609420334920287,111.27436852640749,35.47566597052773,2.4420016407966614,1.9064425230026245,-0.5355591177940369,3,21,0.0002630720696235094,2.1300361314807096e-06
wenchuan_2008,"2008 Wenchuan, China M7.9",pseudo_control,0,pseudo-controls outside buffered inventory; hard cells from upper static-probability background,116,0.0002609420334920287,97.40385628461169,21.988968845698817,-19.129331747690834,-14.391435305277506,4.73789644241333,3,21,0.00024484215019654894,-1.6099883295479778e-05
wenchuan_2008,"2008 Wenchuan, China M7.9",pseudo_control,0,pseudo-controls outside buffered inventory; hard cells from upper static-probability background,116,0.0002609420334920287,114.695122671951,40.31287800695849,-0.767947365840276,-1.0777557690938313,-0.3098084032535553,3,21,0.0002602757615950274,-6.662718970013026e-07
wenchuan_2008,"2008 Wenchuan, China M7.9",pseudo_control,0,pseudo-controls outside buffered inventory; hard cells from upper static-probability background,116,0.0002609420334920287,114.80345349751023,30.963434587707308,1.4026265740394592,-1.3606423735618591,-2.7632689476013184,3,21,0.000262163358084733,1.221324592704312e-06
wenchuan_2008,"2008 Wenchuan, China M7.9",pseudo_control,0,pseudo-controls outside buffered inventory; hard cells from upper static-probability background,116,0.0002609420334920287,115.00344886777343,31.755054128552995,1.0818197329839072,-0.9953413407007853,-2.0771610736846924,3,21,0.0002618835152822774,9.414817902486639e-07
wenchuan_2008,"2008 Wenchuan, China M7.9",pseudo_control,0,pseudo-controls outside buffered inventory; hard cells from upper static-probability background,116,0.0002609420334920287,107.54528818504154,21.351506794386236,-5.253101269404094,-4.680172840754191,0.5729284286499023,3,21,0.0002564182720776429,-4.523761414385789e-06
wenchuan_2008,"2008 Wenchuan, China M7.9",pseudo_control,0,pseudo-controls outside buffered inventory; hard cells from upper static-probability background,116,0.0002609420334920287,104.05786891607697,36.69226021224847,0.928336684902509,0.43503696223100025,-0.4932997226715088,3,21,0.0002617497362221258,8.077027300970618e-07
wenchuan_2008,"2008 Wenchuan, China M7.9",pseudo_control,0,pseudo-controls outside buffered inventory; hard cells from upper static-probability background,116,0.0002609420334920287,108.64109615127533,23.05973843515851,-3.8142607609430947,-3.1636857191721597,0.6505750417709351,3,21,0.0002576494896076024,-3.2925438844263284e-06
wenchuan_2008,"2008 Wenchuan, China M7.9",pseudo_control,0,pseudo-controls outside buffered inventory; hard cells from upper static-probability background,116,0.0002609420334920287,116.27841935320134,39.17544571932232,0.4778086543083191,-1.2116102576255798,-1.689418911933899,3,21,0.00026135744097559755,4.1540748356883473e-07
wenchuan_2008,"2008 Wenchuan, China M7.9",pseudo_control,0,pseudo-controls outside buffered inventory; hard cells from upper static-probability background,116,0.0002609420334920287,93.97893556885437,38.70464041345093,1.0932022333145142,0.9422106742858887,-0.1509915590286255,3,21,0.0002618934392317383,9.514057397095829e-07
wenchuan_2008,"2008 Wenchuan, China M7.9",pseudo_control,0,pseudo-controls outside buffered inventory; hard cells from upper static-probability background,116,0.0002609420334920287,113.5701487142205,33.61327684022235,0.8491039276123047,-1.5336740016937256,-2.3827779293060303,3,21,0.00026168070202116524,7.38668529136528e-07
wenchuan_2008,"2008 Wenchuan, China M7.9",pseudo_control,0,pseudo-controls outside buffered inventory; hard cells from upper static-probability background,116,0.0002609420334920287,113.32015450139149,26.455369623522913,-5.507499059041342,-2.055589040120443,3.4519100189208984,3,21,0.0002562011963261323,-4.740837165896432e-06
wenchuan_2008,"2008 Wenchuan, China M7.9",pseudo_control,0,pseudo-controls outside buffered inventory; hard cells from upper static-probability background,116,0.0002609420334920287,113.12849227155591,39.82540702654299,-0.41550278663635254,-0.6796974241733551,-0.26419463753700256,3,21,0.0002605813314363303,-3.6070205569843725e-07
wenchuan_2008,"2008 Wenchuan, China M7.9",pseudo_control,0,pseudo-controls outside buffered inventory; hard cells from upper static-probability background,116,0.0002609420334920287,112.34934364157219,32.99248046345389,0.43140768011411024,-1.5644561151663463,-1.9958637952804565,3,21,0.0002613170709387425,3.750374467138026e-07
wenchuan_2008,"2008 Wenchuan, China M7.9",pseudo_control,0,pseudo-controls outside buffered inventory; hard cells from upper static-probability background,116,0.0002609420334920287,106.77030612527163,21.301509770753878,-5.253101269404094,-4.680172840754191,0.5729284286499023,3,21,0.0002564182720776429,-4.523761414385789e-06
wenchuan_2008,"2008 Wenchuan, China M7.9",pseudo_control,0,pseudo-controls outside buffered inventory; hard cells from upper static-probability background,116,0.0002609420334920287,99.42464283831279,38.129674641678804,1.0307310124238334,0.5067543288071951,-0.5239766836166382,3,21,0.000261838977688472,8.969441964432664e-07
wenchuan_2008,"2008 Wenchuan, China M7.9",pseudo_control,0,pseudo-controls outside buffered inventory; hard cells from upper static-probability background,116,0.0002609420334920287,117.4658918641391,33.00081330072595,-1.2564874043067296,-1.0170708497365315,0.23941655457019806,3,21,0.0002598527891859202,-1.0892443061085084e-06
wenchuan_2008,"2008 Wenchuan, China M7.9",pseudo_control,0,pseudo-controls outside buffered inventory; hard cells from upper static-probability background,116,0.0002609420334920287,104.8911829588403,40.44203698467542,0.4969371110200882,-0.1537858098745346,-0.6507229208946228,3,21,0.00026137408503813315,4.320515461044331e-07
wenchuan_2008,"2008 Wenchuan, China M7.9",pseudo_control,0,pseudo-controls outside buffered inventory; hard cells from upper static-probability background,116,0.0002609420334920287,100.15795919594453,36.363113140002106,0.5464882124215364,0.13380094058811665,-0.4126872718334198,3,21,0.0002614172053958808,4.7517190385209943e-07
wenchuan_2008,"2008 Wenchuan, China M7.9",pseudo_control,0,pseudo-controls outside buffered inventory; hard cells from upper static-probability background,116,0.0002609420334920287,102.94956123920173,37.942185803057455,1.117524484793345,0.6431051890055338,-0.4744192957878113,3,21,0.0002619146460957513,9.726126037225952e-07
wenchuan_2008,"2008 Wenchuan, China M7.9",pseudo_control,0,pseudo-controls outside buffered inventory; hard cells from upper static-probability background,116,0.0002609420334920287,111.14520484977916,21.563994144823763,-3.469534069299698,-3.01205837726593,0.4574756920337677,3,21,0.00025794534922314214,-2.9966842688865713e-06
wenchuan_2008,"2008 Wenchuan, China M7.9",pseudo_control,0,pseudo-controls outside buffered inventory; hard cells from upper static-probability background,116,0.0002609420334920287,93.49561342405164,39.52959130338486,0.8854760987063249,0.9371453126271566,0.05166921392083168,3,21,0.00026171239023652283,7.70356744494115e-07
wenchuan_2008,"2008 Wenchuan, China M7.9",pseudo_control,0,pseudo-controls outside buffered inventory; hard cells from upper static-probability background,116,0.0002609420334920287,112.76183409274005,37.1547326808478,6.4935143391291295,2.66663388411204,-3.82688045501709,3,21,0.00026664441389395244,5.702380401923727e-06
wenchuan_2008,"2008 Wenchuan, China M7.9",pseudo_control,0,pseudo-controls outside buffered inventory; hard cells from upper static-probability background,116,0.0002609420334920287,100.02879551931622,40.39203996104306,0.6236979067325592,0.2969658672809601,-0.3267320394515991,3,21,0.00026148440898836177,5.423754963330518e-07
wenchuan_2008,"2008 Wenchuan, China M7.9",pseudo_control,0,pseudo-controls outside buffered inventory; hard cells from upper static-probability background,116,0.0002609420334920287,106.60364331671897,37.400551380373564,0.995184600353241,0.41603928804397583,-0.5791453123092651,3,21,0.0002618079938741567,8.659603821280031e-07
wenchuan_2008,"2008 Wenchuan, China M7.9",pseudo_control,0,pseudo-controls outside buffered inventory; hard cells from upper static-probability background,116,0.0002609420334920287,96.29971517795028,27.78862358705249,-2.025524914264679,-3.43713241815567,-1.4116075038909912,3,21,0.0002591883571130665,-1.7536763789622331e-06
wenchuan_2008,"2008 Wenchuan, China M7.9",pseudo_control,0,pseudo-controls outside buffered inventory; hard cells from upper static-probability background,116,0.0002609420334920287,110.59105101134155,40.20455112242171,0.05806443840265274,-0.4647597298026085,-0.5228241682052612,3,21,0.00026099247953791506,5.04460458863442e-08
wenchuan_2008,"2008 Wenchuan, China M7.9",pseudo_control,0,pseudo-controls outside buffered inventory; hard cells from upper static-probability background,116,0.0002609420334920287,95.49140055646983,27.4136459098098,-6.72419132788976,-5.8933907349904375,0.8308005928993225,3,21,0.00025516553964628996,-5.776493845738751e-06
wenchuan_2008,"2008 Wenchuan, China M7.9",pseudo_control,0,pseudo-controls outside buffered inventory; hard cells from upper static-probability background,116,0.0002609420334920287,97.26635946755574,25.042953705908765,-12.345621585845947,-11.54768705368042,0.7979345321655273,3,21,0.00025043461762668277,-1.0507415865345943e-05
wenchuan_2008,"2008 Wenchuan, China M7.9",pseudo_control,0,pseudo-controls outside buffered inventory; hard cells from upper static-probability background,116,0.0002609420334920287,104.53285792045207,21.605658331184063,-8.317083656787872,-7.7062859535217285,0.6107977032661438,3,21,0.000253815982995717,-7.1260504963117075e-06
wenchuan_2008,"2008 Wenchuan, China M7.9",pseudo_control,0,pseudo-controls outside buffered inventory; hard cells from upper static-probability background,116,0.0002609420334920287,117.14923252788903,35.10068829328504,-2.414223810036977,-1.3069524963696797,1.1072713136672974,3,21,0.00025885317598502595,-2.088857507002767e-06
wenchuan_2008,"2008 Wenchuan, China M7.9",pseudo_control,0,pseudo-controls outside buffered inventory; hard cells from upper static-probability background,116,0.0002609420334920287,117.02840199168836,36.11729444047634,-1.7299699783325195,-0.9877322316169739,0.7422377467155457,3,21,0.00025944350911665247,-1.498524375376242e-06
wenchuan_2008,"2008 Wenchuan, China M7.9",pseudo_control,0,pseudo-controls outside buffered inventory; hard cells from upper static-probability background,116,0.0002609420334920287,113.13265884176974,33.71327088748707,0.8491039276123047,-1.5336740016937256,-2.3827779293060303,3,21,0.00026168070202116524,7.38668529136528e-07
wenchuan_2008,"2008 Wenchuan, China M7.9",pseudo_control,0,pseudo-controls outside buffered inventory; hard cells from upper static-probability background,116,0.0002609420334920287,100.66628076203017,37.1130684944875,1.0778929268320403,0.5449067031343778,-0.5329862236976624,3,21,0.0002618800917433477,9.380582513189941e-07
wenchuan_2008,"2008 Wenchuan, China M7.9",pseudo_control,0,pseudo-controls outside buffered inventory; hard cells from upper static-probability background,116,0.0002609420334920287,109.44524420254196,28.438584894273163,1.5348881085713706,-0.7914220492045084,-2.326310157775879,3,21,0.00026227881807132434,1.3367845792956311e-06
wenchuan_2008,"2008 Wenchuan, China M7.9",pseudo_control,0,pseudo-controls outside buffered inventory; hard cells from upper static-probability background,116,0.0002609420334920287,117.32839504708315,40.9545064769071,-1.1560756365458171,-1.7233530680338542,-0.5672774314880371,3,21,0.0002599396684100857,-1.0023650819430312e-06
wenchuan_2008,"2008 Wenchuan, China M7.9",pseudo_control,0,pseudo-controls outside buffered inventory; hard cells from upper static-probability background,116,0.0002609420334920287,111.76602381163787,32.29252213260086,-0.1949135263760884,-1.6830493410428364,-1.488135814666748,3,21,0.0002607727650279688,-1.6926846405990658e-07
wenchuan_2008,"2008 Wenchuan, China M7.9",pseudo_control,0,pseudo-controls outside buffered inventory; hard cells from upper static-probability background,116,0.0002609420334920287,97.88301185920062,40.78368331282987,1.1190572877724967,0.8116310437520345,-0.30742624402046204,3,21,0.00026191598262263467,9.739491306059566e-07
wenchuan_2008,"2008 Wenchuan, China M7.9",pseudo_control,0,pseudo-controls outside buffered inventory; hard cells from upper static-probability background,116,0.0002609420334920287,106.05782261870898,31.050929379063938,-1.3239487409591675,-2.6058655977249146,-1.281916856765747,3,21,0.00025979443595115526,-1.1475975408734517e-06
nepal_2015,"2015 Gorkha, Nepal M7.8",observed_liquefaction,1,observed_inventory,12,0.0,85.26323900000006,27.71055000000007,-13.455553531646729,-25.444835662841797,-11.989282131195068,3,16,9.561820554954872e-07,9.561820554954872e-07
nepal_2015,"2015 Gorkha, Nepal M7.8",observed_liquefaction,1,observed_inventory,12,0.18061834573745728,85.32006000000007,27.698793000000023,-13.455553531646729,-25.444835662841797,-11.989282131195068,3,16,0.17408175435689058,-0.0065365913805666975
nepal_2015,"2015 Gorkha, Nepal M7.8",observed_liquefaction,1,observed_inventory,12,0.0018998285522684455,85.30222300000008,27.74552300000005,-13.455553531646729,-25.444835662841797,-11.989282131195068,3,16,0.0018167331275661086,-8.309542470233693e-05
nepal_2015,"2015 Gorkha, Nepal M7.8",observed_liquefaction,1,observed_inventory,12,0.0070018470287323,85.35755300000005,27.709253000000047,-13.455553531646729,-25.444835662841797,-11.989282131195068,3,16,0.006697094905346028,-0.00030475212338627183
nepal_2015,"2015 Gorkha, Nepal M7.8",observed_liquefaction,1,observed_inventory,12,0.22282163798809052,85.36264600000004,27.674816000000078,-13.455553531646729,-25.444835662841797,-11.989282131195068,3,16,0.21515876564131187,-0.007662872346778649
nepal_2015,"2015 Gorkha, Nepal M7.8",observed_liquefaction,1,observed_inventory,12,0.007406536024063826,85.27408000000008,27.697230000000047,-13.455553531646729,-25.444835662841797,-11.989282131195068,3,16,0.007084295663007304,-0.00032224036105652203
nepal_2015,"2015 Gorkha, Nepal M7.8",observed_liquefaction,1,observed_inventory,12,0.0,85.29665000000006,27.628630000000044,-13.455553531646729,-25.444835662841797,-11.989282131195068,3,16,9.561820554954872e-07,9.561820554954872e-07
nepal_2015,"2015 Gorkha, Nepal M7.8",observed_liquefaction,1,observed_inventory,12,0.0007942350930534303,85.41397000000006,27.709430000000054,-13.455553531646729,-25.444835662841797,-11.989282131195068,3,16,0.0007594597410983713,-3.4775351955058974e-05
nepal_2015,"2015 Gorkha, Nepal M7.8",observed_liquefaction,1,observed_inventory,12,0.005149108357727528,85.39961700000003,27.704575000000034,-13.455553531646729,-25.444835662841797,-11.989282131195068,3,16,0.004924595902582817,-0.0002245124551447106
nepal_2015,"2015 Gorkha, Nepal M7.8",observed_liquefaction,1,observed_inventory,12,0.04168137162923813,85.33834600000006,27.66678200000007,-13.455553531646729,-25.444835662841797,-11.989282131195068,3,16,0.03992790192548819,-0.0017534697037499408
nepal_2015,"2015 Gorkha, Nepal M7.8",observed_liquefaction,1,observed_inventory,12,0.014507775194942951,85.33399500000007,27.65523200000007,-13.455553531646729,-25.444835662841797,-11.989282131195068,3,16,0.013880897806224953,-0.0006268773887179984
nepal_2015,"2015 Gorkha, Nepal M7.8",observed_liquefaction,1,observed_inventory,12,0.026292860507965088,85.35001900000003,27.65991900000006,-13.455553531646729,-25.444835662841797,-11.989282131195068,3,16,0.025169758387523066,-0.0011231021204420218
nepal_2015,"2015 Gorkha, Nepal M7.8",pseudo_control,0,pseudo-controls outside buffered inventory; hard cells from upper static-probability background,40,0.0002609420334920287,85.06664188150044,26.26788078490156,-19.04012982050578,-21.760182062784832,-2.7200522422790527,3,16,0.0002449148716886123,-1.6027161803416424e-05
nepal_2015,"2015 Gorkha, Nepal M7.8",pseudo_control,0,pseudo-controls outside buffered inventory; hard cells from upper static-probability background,40,0.0002609420334920287,85.59996286886899,25.63458515222501,-19.164766867955525,-23.22397740681966,-4.059210538864136,3,16,0.0002448132678567969,-1.6128765635231828e-05
nepal_2015,"2015 Gorkha, Nepal M7.8",pseudo_control,0,pseudo-controls outside buffered inventory; hard cells from upper static-probability background,40,0.0002609420334920287,86.77076909895148,25.72207994358164,-19.241506417592365,-28.512460072835285,-9.27095365524292,3,16,0.00024475073091569674,-1.6191302576331972e-05
nepal_2015,"2015 Gorkha, Nepal M7.8",pseudo_control,0,pseudo-controls outside buffered inventory; hard cells from upper static-probability background,40,0.0002609420334920287,88.96238503141905,31.30091449722573,-4.279228826363881,-5.173032124837239,-0.8938032984733582,3,16,0.00025725097088112505,-3.6910626109036603e-06
nepal_2015,"2015 Gorkha, Nepal M7.8",pseudo_control,0,pseudo-controls outside buffered inventory; hard cells from upper static-probability background,40,0.0007984868134371936,85.81662451998744,29.226038016482818,-2.98367182413737,-7.183542887369792,-4.199871063232422,3,16,0.0007905988690718835,-7.887944365310168e-06
nepal_2015,"2015 Gorkha, Nepal M7.8",pseudo_control,0,pseudo-controls outside buffered inventory; hard cells from upper static-probability background,40,0.0002609420334920287,82.62919830641768,25.209610451349956,-13.34301253159841,-10.921557744344076,2.4214547872543335,3,16,0.0002496044331913705,-1.1337600300658239e-05
nepal_2015,"2015 Gorkha, Nepal M7.8",pseudo_control,0,pseudo-controls outside buffered inventory; hard cells from upper static-probability background,40,0.10254447907209396,84.04583217911535,29.567684344637275,-0.3621267080307007,-5.631308674812317,-5.269181966781616,3,16,0.10243355600908334,-0.00011092306301062338
nepal_2015,"2015 Gorkha, Nepal M7.8",pseudo_control,0,pseudo-controls outside buffered inventory; hard cells from upper static-probability background,40,0.0002609420334920287,85.62496229015188,25.205444032713928,-19.164766867955525,-23.22397740681966,-4.059210538864136,3,16,0.0002448132678567969,-1.6128765635231828e-05
nepal_2015,"2015 Gorkha, Nepal M7.8",pseudo_control,0,pseudo-controls outside buffered inventory; hard cells from upper static-probability background,40,0.0002609420334920287,87.1749264096917,31.45507198675884,-2.242424786090851,-2.978042721748352,-0.7356179356575012,3,16,0.00025900126749454796,-1.9407659974807483e-06
nepal_2015,"2015 Gorkha, Nepal M7.8",pseudo_control,0,pseudo-controls outside buffered inventory; hard cells from upper static-probability background,40,0.0002609420334920287,88.43739718447816,26.447036786250848,-19.47279453277588,-39.488914489746094,-20.016119956970215,3,16,0.0002445623451480961,-1.6379688343932594e-05
nepal_2015,"2015 Gorkha, Nepal M7.8",pseudo_control,0,pseudo-controls outside buffered inventory; hard cells from upper static-probability background,40,0.0002609420334920287,85.34580208582616,31.37591003267427,-2.191048324108124,-3.379226803779602,-1.1881784796714783,3,16,0.00025904557067969275,-1.8964628123359644e-06
nepal_2015,"2015 Gorkha, Nepal M7.8",pseudo_control,0,pseudo-controls outside buffered inventory; hard cells from upper static-probability background,40,0.0002609420334920287,85.66662799229005,24.91379472819183,-13.876856366793316,-18.1331688563029,-4.2563124895095825,3,16,0.00024916121602622964,-1.1780817465799071e-05
nepal_2015,"2015 Gorkha, Nepal M7.8",pseudo_control,0,pseudo-controls outside buffered inventory; hard cells from upper static-probability background,40,0.0002609420334920287,83.27085011934545,24.19717072279468,-13.225727518399557,-12.973604043324789,0.25212347507476807,3,16,0.000249701913164989,-1.1240120327039708e-05
nepal_2015,"2015 Gorkha, Nepal M7.8",pseudo_control,0,pseudo-controls outside buffered inventory; hard cells from upper static-probability background,40,0.0002609420334920287,83.34168181298034,26.063726271736094,-14.269551565249762,-14.757355054219564,-0.48780348896980286,3,16,0.00024883568809523074,-1.2106345396797977e-05
nepal_2015,"2015 Gorkha, Nepal M7.8",pseudo_control,0,pseudo-controls outside buffered inventory; hard cells from upper static-probability background,40,0.0002609420334920287,88.39156491212617,26.184552412180963,-16.357997576395668,-33.05701510111491,-16.69901752471924,3,16,0.00024711158377486834,-1.383044971716037e-05
nepal_2015,"2015 Gorkha, Nepal M7.8",pseudo_control,0,pseudo-controls outside buffered inventory; hard cells from upper static-probability background,40,0.0002609420334920287,87.87491020561289,25.830406828118416,-16.357997576395668,-33.05701510111491,-16.69901752471924,3,16,0.00024711158377486834,-1.383044971716037e-05
nepal_2015,"2015 Gorkha, Nepal M7.8",pseudo_control,0,pseudo-controls outside buffered inventory; hard cells from upper static-probability background,40,0.0002609420334920287,81.82088368493724,26.513699484427327,-8.776613573233286,-10.42119280497233,-1.6445792317390442,3,16,0.00025342798036514385,-7.514053126884859e-06
nepal_2015,"2015 Gorkha, Nepal M7.8",pseudo_control,0,pseudo-controls outside buffered inventory; hard cells from upper static-probability background,40,0.0002609420334920287,88.49156259725777,25.147114171809505,-15.576707522074383,-27.496653238932293,-11.91994571685791,3,16,0.00024775517052589213,-1.3186862966136585e-05
nepal_2015,"2015 Gorkha, Nepal M7.8",pseudo_control,0,pseudo-controls outside buffered inventory; hard cells from upper static-probability background,40,0.0002609420334920287,87.52908487786611,25.476261244055873,-15.576707522074383,-27.496653238932293,-11.91994571685791,3,16,0.00024775517052589213,-1.3186862966136585e-05
nepal_2015,"2015 Gorkha, Nepal M7.8",pseudo_control,0,pseudo-controls outside buffered inventory; hard cells from upper static-probability background,40,0.0002609420334920287,89.85403105717583,25.501259755872052,-22.80875460306803,-40.55316416422526,-17.744409561157227,3,16,0.00024186125166514972,-1.9080781826878994e-05
nepal_2015,"2015 Gorkha, Nepal M7.8",pseudo_control,0,pseudo-controls outside buffered inventory; hard cells from upper static-probability background,40,0.0002609420334920287,87.02076331178047,25.117949241357298,-15.292120854059856,-21.9830748240153,-6.690953969955444,3,16,0.00024799001459573024,-1.2952018896298474e-05
nepal_2015,"2015 Gorkha, Nepal M7.8",pseudo_control,0,pseudo-controls outside buffered inventory; hard cells from upper static-probability background,40,0.244253009557724,83.72917284286528,27.0386682325671,-12.98965322971344,-16.737339973449707,-3.747686743736267,3,16,0.23635689971115859,-0.007896109846565413
nepal_2015,"2015 Gorkha, Nepal M7.8",pseudo_control,0,pseudo-controls outside buffered inventory; hard cells from upper static-probability background,40,0.0002609420334920287,82.31253897016761,26.505366647155267,-10.509857426087061,-11.441617647806803,-0.9317602217197418,3,16,0.00025196985012988185,-8.972183362146858e-06
nepal_2015,"2015 Gorkha, Nepal M7.8",pseudo_control,0,pseudo-controls outside buffered inventory; hard cells from upper static-probability background,40,0.0002609420334920287,82.89585880010195,26.642858462144254,-10.509857426087061,-11.441617647806803,-0.9317602217197418,3,16,0.00025196985012988185,-8.972183362146858e-06
nepal_2015,"2015 Gorkha, Nepal M7.8",pseudo_control,0,pseudo-controls outside buffered inventory; hard cells from upper static-probability background,40,0.0002609420334920287,83.46251234918101,26.642858462144254,-12.98965322971344,-16.737339973449707,-3.747686743736267,3,16,0.00024989823878005505,-1.104379471197366e-05
nepal_2015,"2015 Gorkha, Nepal M7.8",pseudo_control,0,pseudo-controls outside buffered inventory; hard cells from upper static-probability background,40,0.0002609420334920287,87.90407619710962,30.917603982710975,-2.219180107116699,-3.421420454978943,-1.2022403478622437,3,16,0.00025902131101381254,-1.9207224782161777e-06
nepal_2015,"2015 Gorkha, Nepal M7.8",pseudo_control,0,pseudo-controls outside buffered inventory; hard cells from upper static-probability background,40,0.0002609420334920287,89.20404610382042,26.47620171670306,-19.47279453277588,-39.488914489746094,-20.016119956970215,3,16,0.0002445623451480961,-1.6379688343932594e-05
nepal_2015,"2015 Gorkha, Nepal M7.8",pseudo_control,0,pseudo-controls outside buffered inventory; hard cells from upper static-probability background,40,0.0002609420334920287,87.8249113630471,24.83879919274329,-15.576707522074383,-27.496653238932293,-11.91994571685791,3,16,0.00024775517052589213,-1.3186862966136585e-05
nepal_2015,"2015 Gorkha, Nepal M7.8",pseudo_control,0,pseudo-controls outside buffered inventory; hard cells from upper static-probability background,40,0.0002609420334920287,86.87076678408307,24.19717072279468,-14.31992483139038,-17.994627952575684,-3.6747031211853027,3,16,0.0002487939615408479,-1.2148071951180819e-05
nepal_2015,"2015 Gorkha, Nepal M7.8",pseudo_control,0,pseudo-controls outside buffered inventory; hard cells from upper static-probability background,40,0.0002609420334920287,82.37920409358868,31.94670938581037,-0.4426670273145039,-1.5873958667119343,-1.1447288393974304,3,16,0.0002605577672587943,-3.8426623323443466e-07
nepal_2015,"2015 Gorkha, Nepal M7.8",pseudo_control,0,pseudo-controls outside buffered inventory; hard cells from upper static-probability background,40,0.0002609420334920287,88.4998957376854,24.426323747776326,-14.442004839579266,-22.049437204996746,-7.6074323654174805,3,16,0.0002486928659240735,-1.224916756795521e-05
nepal_2015,"2015 Gorkha, Nepal M7.8",pseudo_control,0,pseudo-controls outside buffered inventory; hard cells from upper static-probability background,40,0.0002609420334920287,82.27920640845707,31.371743614038238,0.25418639183044434,-3.496186375617981,-3.7503727674484253,3,16,0.0002611629412414442,2.20907749415506e-07
nepal_2015,"2015 Gorkha, Nepal M7.8",pseudo_control,0,pseudo-controls outside buffered inventory; hard cells from upper static-probability background,40,0.0002609420334920287,88.0249067333103,29.900997835519668,-1.1586329539616904,-3.7157190640767417,-2.5570861101150513,3,16,0.00025993745538326643,-1.0045781087622834e-06
nepal_2015,"2015 Gorkha, Nepal M7.8",pseudo_control,0,pseudo-controls outside buffered inventory; hard cells from upper static-probability background,40,0.0002609420334920287,81.04590162516733,25.8137411535743,-11.356377243995667,-9.195014953613281,2.1613622903823853,3,16,0.00025126074793246493,-9.681285559563779e-06
nepal_2015,"2015 Gorkha, Nepal M7.8",pseudo_control,0,pseudo-controls outside buffered inventory; hard cells from upper static-probability background,40,0.0002609420334920287,88.00824045245503,24.584647655945467,-15.576707522074383,-27.496653238932293,-11.91994571685791,3,16,0.00024775517052589213,-1.3186862966136585e-05
nepal_2015,"2015 Gorkha, Nepal M7.8",pseudo_control,0,pseudo-controls outside buffered inventory; hard cells from upper static-probability background,40,0.0002609420334920287,87.0249298819943,31.084260728152174,-2.0680623253186545,-3.7127021153767905,-1.644639790058136,3,16,0.00025915165530538184,-1.7903781866468699e-06
nepal_2015,"2015 Gorkha, Nepal M7.8",pseudo_control,0,pseudo-controls outside buffered inventory; hard cells from upper static-probability background,40,0.0002609420334920287,82.16670901268402,27.25115558300463,-8.296850681304932,-12.847587585449219,-4.550736904144287,3,16,0.0002538330802878971,-7.1089532041315935e-06
nepal_2015,"2015 Gorkha, Nepal M7.8",pseudo_control,0,pseudo-controls outside buffered inventory; hard cells from upper static-probability background,40,0.0002609420334920287,88.87072048671509,26.709521160320733,-19.47279453277588,-39.488914489746094,-20.016119956970215,3,16,0.0002445623451480961,-1.6379688343932594e-05
nepal_2015,"2015 Gorkha, Nepal M7.8",pseudo_control,0,pseudo-controls outside buffered inventory; hard cells from upper static-probability background,40,0.0002609420334920287,89.08321556761973,25.959565805835346,-19.079828580220543,-35.82913335164388,-16.74930477142334,3,16,0.0002448825047772007,-1.6059528714828012e-05
nepal_2015,"2015 Gorkha, Nepal M7.8",pseudo_control,0,pseudo-controls outside buffered inventory; hard cells from upper static-probability background,40,0.0002609420334920287,81.00006935281534,25.717913524945608,-12.632311423619587,-7.940910657246907,4.691400766372681,3,16,0.00025019570729432184,-1.0746326197706875e-05
puerto_rico_2020,2020 Puerto Rico M6.4,observed_liquefaction,1,observed_inventory,32,0.04170961678028107,-66.90813931159941,17.972920071303783,0.4670922656853993,1.2684437533219655,0.8013514876365662,3,14,0.041771831026159605,6.221424587853769e-05
puerto_rico_2020,2020 Puerto Rico M6.4,observed_liquefaction,1,observed_inventory,32,0.04170961678028107,-66.90896666158567,17.97444023891992,0.4670922656853993,1.2684437533219655,0.8013514876365662,3,14,0.041771831026159605,6.221424587853769e-05
puerto_rico_2020,2020 Puerto Rico M6.4,observed_liquefaction,1,observed_inventory,32,0.04089343547821045,-66.90814295847319,17.969877502420065,0.4670922656853993,1.2684437533219655,0.8013514876365662,3,14,0.04095448433340393,6.104885519347958e-05
puerto_rico_2020,2020 Puerto Rico M6.4,observed_liquefaction,1,observed_inventory,32,0.0,-66.88686588409142,17.9520810225967,0.4670922656853993,1.2684437533219655,0.8013514876365662,3,14,1.0015566259745054e-06,1.0015566259745054e-06
puerto_rico_2020,2020 Puerto Rico M6.4,observed_liquefaction,1,observed_inventory,32,0.0,-66.90544007262824,17.9647744450628,0.4670922656853993,1.2684437533219655,0.8013514876365662,3,14,1.0015566259745054e-06,1.0015566259745054e-06
puerto_rico_2020,2020 Puerto Rico M6.4,observed_liquefaction,1,observed_inventory,32,0.013508626259863377,-66.91324447883085,17.987174726027884,0.4670922656853993,1.2684437533219655,0.8013514876365662,3,14,0.013529369665213332,2.074340534995514e-05
puerto_rico_2020,2020 Puerto Rico M6.4,observed_liquefaction,1,observed_inventory,32,0.0,-66.84017031253696,17.990166621941626,0.4670922656853993,1.2684437533219655,0.8013514876365662,3,14,1.0015566259745054e-06,1.0015566259745054e-06
puerto_rico_2020,2020 Puerto Rico M6.4,observed_liquefaction,1,observed_inventory,32,0.008211236447095871,-66.81367377151354,17.97166240618047,0.4670922656853993,1.2684437533219655,0.8013514876365662,3,14,0.0082239131671185,1.267672002262972e-05
puerto_rico_2020,2020 Puerto Rico M6.4,observed_liquefaction,1,observed_inventory,32,0.008211236447095871,-66.81398417461632,17.971139713532175,0.4670922656853993,1.2684437533219655,0.8013514876365662,3,14,0.0082239131671185,1.267672002262972e-05
puerto_rico_2020,2020 Puerto Rico M6.4,observed_liquefaction,1,observed_inventory,32,0.0020824566017836332,-66.81515080516984,17.987281372863162,0.4670922656853993,1.2684437533219655,0.8013514876365662,3,14,0.0020856914500706363,3.234848287003104e-06
puerto_rico_2020,2020 Puerto Rico M6.4,observed_liquefaction,1,observed_inventory,32,0.006944631692022085,-66.77203126071139,18.006547035116967,-0.41331704457600926,3.8683199087778726,4.281636953353882,3,14,0.00693514629435464,-9.48539766744503e-06
puerto_rico_2020,2020 Puerto Rico M6.4,observed_liquefaction,1,observed_inventory,32,0.0018661130452528596,-66.78428051840335,18.01222393314,-0.41331704457600926,3.8683199087778726,4.281636953353882,3,14,0.0018635511782661635,-2.5618669866960767e-06
puerto_rico_2020,2020 Puerto Rico M6.4,observed_liquefaction,1,observed_inventory,32,0.0030487682670354843,-66.78811049996787,18.0159001748723,-0.41331704457600926,3.8683199087778726,4.281636953353882,3,14,0.0030445877609087276,-4.18050612675672e-06
puerto_rico_2020,2020 Puerto Rico M6.4,observed_liquefaction,1,observed_inventory,32,0.0030487682670354843,-66.78739140456724,18.01615845096331,-0.41331704457600926,3.8683199087778726,4.281636953353882,3,14,0.0030445877609087276,-4.18050612675672e-06
puerto_rico_2020,2020 Puerto Rico M6.4,observed_liquefaction,1,observed_inventory,32,0.0030487682670354843,-66.78695798758874,18.015949264487233,-0.41331704457600926,3.8683199087778726,4.281636953353882,3,14,0.0030445877609087276,-4.18050612675672e-06
puerto_rico_2020,2020 Puerto Rico M6.4,observed_liquefaction,1,observed_inventory,32,0.0030487682670354843,-66.78691911164867,18.01603972747779,-0.41331704457600926,3.8683199087778726,4.281636953353882,3,14,0.0030445877609087276,-4.18050612675672e-06
puerto_rico_2020,2020 Puerto Rico M6.4,observed_liquefaction,1,observed_inventory,32,0.0010238888207823038,-66.78668255759443,18.016533900396947,-0.41331704457600926,3.8683199087778726,4.281636953353882,3,14,0.0010224820050084896,-1.4068157738141886e-06
puerto_rico_2020,2020 Puerto Rico M6.4,observed_liquefaction,1,observed_inventory,32,0.0010238888207823038,-66.78724518749789,18.016714677663952,-0.41331704457600926,3.8683199087778726,4.281636953353882,3,14,0.0010224820050084896,-1.4068157738141886e-06
puerto_rico_2020,2020 Puerto Rico M6.4,observed_liquefaction,1,observed_inventory,32,0.0008718574536032975,-66.79241388875342,18.021302287047625,-0.41331704457600926,3.8683199087778726,4.281636953353882,3,14,0.0008706593457609836,-1.1981078423138527e-06
puerto_rico_2020,2020 Puerto Rico M6.4,observed_liquefaction,1,observed_inventory,32,0.0008718574536032975,-66.79245572788805,18.020974002021102,-0.41331704457600926,3.8683199087778726,4.281636953353882,3,14,0.0008706593457609836,-1.1981078423138527e-06
puerto_rico_2020,2020 Puerto Rico M6.4,observed_liquefaction,1,observed_inventory,32,0.003731435863301158,-66.75423081694288,17.999349895196776,0.4670922656853993,1.2684437533219655,0.8013514876365662,3,14,0.0037372226116132983,5.7867483121403634e-06
puerto_rico_2020,2020 Puerto Rico M6.4,observed_liquefaction,1,observed_inventory,32,0.02786162681877613,-66.63762903106709,17.982222115704012,-0.6777379512786865,3.6019821166992188,4.279720067977905,3,14,0.027800563852906003,-6.106296587012755e-05
puerto_rico_2020,2020 Puerto Rico M6.4,observed_liquefaction,1,observed_inventory,32,0.02786162681877613,-66.6369452291365,17.98256492854033,-0.6777379512786865,3.6019821166992188,4.279720067977905,3,14,0.027800563852906003,-6.106296587012755e-05
puerto_rico_2020,2020 Puerto Rico M6.4,observed_liquefaction,1,observed_inventory,32,0.04167373105883598,-66.62410862760731,17.99258001357822,-0.6777379512786865,3.6019821166992188,4.279720067977905,3,14,0.04158369164928618,-9.003940954980388e-05
puerto_rico_2020,2020 Puerto Rico M6.4,observed_liquefaction,1,observed_inventory,32,0.04167373105883598,-66.62410587619696,17.992785437176057,-0.6777379512786865,3.6019821166992188,4.279720067977905,3,14,0.04158369164928618,-9.003940954980388e-05
puerto_rico_2020,2020 Puerto Rico M6.4,observed_liquefaction,1,observed_inventory,32,0.06460846960544586,-66.61885927381421,17.969879194412712,-0.6777379512786865,3.6019821166992188,4.279720067977905,3,14,0.06447221154438315,-0.00013625806106271066
puerto_rico_2020,2020 Puerto Rico M6.4,observed_liquefaction,1,observed_inventory,32,0.0870264321565628,-66.81021111701564,17.977025601759255,0.4670922656853993,1.2684437533219655,0.8013514876365662,3,14,0.0871500938707088,0.00012366171414598948
puerto_rico_2020,2020 Puerto Rico M6.4,observed_liquefaction,1,observed_inventory,32,0.0010238888207823038,-66.78676024081201,18.019605301857727,-0.41331704457600926,3.8683199087778726,4.281636953353882,3,14,0.0010224820050084896,-1.4068157738141886e-06
puerto_rico_2020,2020 Puerto Rico M6.4,observed_liquefaction,1,observed_inventory,32,0.0010238888207823038,-66.78773018306556,18.01952980088622,-0.41331704457600926,3.8683199087778726,4.281636953353882,3,14,0.0010224820050084896,-1.4068157738141886e-06
puerto_rico_2020,2020 Puerto Rico M6.4,observed_liquefaction,1,observed_inventory,32,0.0009789158357307315,-66.75563155909958,18.002762951684154,-0.41331704457600926,3.8683199087778726,4.281636953353882,3,14,0.0009775707520419405,-1.3450836887909587e-06
puerto_rico_2020,2020 Puerto Rico M6.4,observed_liquefaction,1,observed_inventory,32,0.0,-66.8404862461158,17.986728457801384,0.4670922656853993,1.2684437533219655,0.8013514876365662,3,14,1.0015566259745054e-06,1.0015566259745054e-06
puerto_rico_2020,2020 Puerto Rico M6.4,observed_liquefaction,1,observed_inventory,32,0.0,-66.84046532934583,17.987114777736856,0.4670922656853993,1.2684437533219655,0.8013514876365662,3,14,1.0015566259745054e-06,1.0015566259745054e-06
puerto_rico_2020,2020 Puerto Rico M6.4,published_nullpoint,0,published_nullpoints,81,0.03795945644378662,-67.15335046869905,18.206839319220425,-0.41331704457600926,3.8683199087778726,4.281636953353882,3,14,0.037909226262192175,-5.0230181594446144e-05
puerto_rico_2020,2020 Puerto Rico M6.4,published_nullpoint,0,published_nullpoints,81,0.009313692338764668,-67.15300957745978,18.208301709536897,-0.41331704457600926,3.8683199087778726,4.281636953353882,3,14,0.009301001441597583,-1.2690897167084644e-05
puerto_rico_2020,2020 Puerto Rico M6.4,published_nullpoint,0,published_nullpoints,81,0.002642458537593484,-66.93090062599583,17.96264409646318,0.4670922656853993,1.2684437533219655,0.8013514876365662,3,14,0.0026465609751473566,4.10243755387266e-06
puerto_rico_2020,2020 Puerto Rico M6.4,published_nullpoint,0,published_nullpoints,81,0.0021471877116709948,-66.93113992886578,17.96194056090547,0.4670922656853993,1.2684437533219655,0.8013514876365662,3,14,0.0021505228953362337,3.335183665238977e-06
puerto_rico_2020,2020 Puerto Rico M6.4,published_nullpoint,0,published_nullpoints,81,0.0018099060980603099,-66.95682585224546,17.93966221591387,0.4670922656853993,1.2684437533219655,0.8013514876365662,3,14,0.0018127183406642892,2.8122426039792637e-06
puerto_rico_2020,2020 Puerto Rico M6.4,published_nullpoint,0,published_nullpoints,81,0.009341313503682613,-66.95338759574588,17.932789222927507,0.4670922656853993,1.2684437533219655,0.8013514876365662,3,14,0.009355718408487727,1.4404904805113625e-05
puerto_rico_2020,2020 Puerto Rico M6.4,published_nullpoint,0,published_nullpoints,81,0.008437336422502995,-66.93305804383897,17.942025660506033,0.4670922656853993,1.2684437533219655,0.8013514876365662,3,14,0.008450359227443048,1.3022804940053534e-05
puerto_rico_2020,2020 Puerto Rico M6.4,published_nullpoint,0,published_nullpoints,81,0.0005695522995665669,-66.88159786898508,17.95316030833689,0.4670922656853993,1.2684437533219655,0.8013514876365662,3,14,0.0005704383746181664,8.860750515994479e-07
puerto_rico_2020,2020 Puerto Rico M6.4,published_nullpoint,0,published_nullpoints,81,0.028249036520719528,-66.91261977853685,17.97001162124735,0.4670922656853993,1.2684437533219655,0.8013514876365662,3,14,0.02829176566850056,4.2729147781032234e-05
puerto_rico_2020,2020 Puerto Rico M6.4,published_nullpoint,0,published_nullpoints,81,0.0021471877116709948,-66.93103496448418,17.962017859186517,0.4670922656853993,1.2684437533219655,0.8013514876365662,3,14,0.0021505228953362337,3.335183665238977e-06
puerto_rico_2020,2020 Puerto Rico M6.4,published_nullpoint,0,published_nullpoints,81,0.0014050784520804882,-66.95151245592888,17.939200259234493,0.4670922656853993,1.2684437533219655,0.8013514876365662,3,14,0.001407262557943925,2.1841058634368502e-06
puerto_rico_2020,2020 Puerto Rico M6.4,published_nullpoint,0,published_nullpoints,81,0.09526627510786057,-66.6021125947064,17.97002218228573,-0.6777379512786865,3.6019821166992188,4.279720067977905,3,14,0.09507193192896142,-0.0001943431788991451
puerto_rico_2020,2020 Puerto Rico M6.4,published_nullpoint,0,published_nullpoints,81,0.0,-66.73972995000611,18.136049578868548,-0.41331704457600926,3.8683199087778726,4.281636953353882,3,14,9.986246023445018e-07,9.986246023445018e-07
puerto_rico_2020,2020 Puerto Rico M6.4,published_nullpoint,0,published_nullpoints,81,0.04399063065648079,-66.53750723283741,17.97512998785487,-0.6777379512786865,3.6019821166992188,4.279720067977905,3,14,0.043895814692222215,-9.481596425857386e-05
puerto_rico_2020,2020 Puerto Rico M6.4,published_nullpoint,0,published_nullpoints,81,0.02279757894575596,-66.49402409775706,17.990217036702973,-0.6777379512786865,3.6019821166992188,4.279720067977905,3,14,0.022747354906067455,-5.0224039688503974e-05
puerto_rico_2020,2020 Puerto Rico M6.4,published_nullpoint,0,published_nullpoints,81,0.0058111827820539474,-67.1740528299613,18.02514367667669,-0.41331704457600926,3.8683199087778726,4.281636953353882,3,14,0.005803236470398151,-7.94631165579665e-06
puerto_rico_2020,2020 Puerto Rico M6.4,published_nullpoint,0,published_nullpoints,81,0.013122822158038616,-67.17296075099108,18.024004045533616,-0.41331704457600926,3.8683199087778726,4.281636953353882,3,14,0.013105009575033813,-1.781258300480315e-05
puerto_rico_2020,2020 Puerto Rico M6.4,published_nullpoint,0,published_nullpoints,81,0.022900057956576347,-67.19946916836085,17.95557630876862,0.4670922656853993,1.2684437533219655,0.8013514876365662,3,14,0.0229348872605794,3.482930400305201e-05
puerto_rico_2020,2020 Puerto Rico M6.4,published_nullpoint,0,published_nullpoints,81,0.0027385898865759373,-67.02572672173045,17.976486488786346,0.4670922656853993,1.2684437533219655,0.8013514876365662,3,14,0.002742841158362229,4.251271786291644e-06
puerto_rico_2020,2020 Puerto Rico M6.4,published_nullpoint,0,published_nullpoints,81,0.051890548318624496,-66.62168116884675,17.991571078625498,-0.6777379512786865,3.6019821166992188,4.279720067977905,3,14,0.0517796273635324,-0.00011092095509209615
puerto_rico_2020,2020 Puerto Rico M6.4,published_nullpoint,0,published_nullpoints,81,0.06278467178344727,-66.6175014026515,17.977681559130986,-0.6777379512786865,3.6019821166992188,4.279720067977905,3,14,0.06265200245132238,-0.00013266933212488508
puerto_rico_2020,2020 Puerto Rico M6.4,published_nullpoint,0,published_nullpoints,81,0.05953673645853996,-66.61517880620784,17.96589988229936,-0.6777379512786865,3.6019821166992188,4.279720067977905,3,14,0.05941049523008125,-0.00012624122845870944
puerto_rico_2020,2020 Puerto Rico M6.4,published_nullpoint,0,published_nullpoints,81,0.05953673645853996,-66.61407321318848,17.96463517770161,-0.6777379512786865,3.6019821166992188,4.279720067977905,3,14,0.05941049523008125,-0.00012624122845870944
puerto_rico_2020,2020 Puerto Rico M6.4,published_nullpoint,0,published_nullpoints,81,0.0009789158357307315,-66.75431798204005,17.999721067254317,0.4670922656853993,1.2684437533219655,0.8013514876365662,3,14,0.0009804381490748123,1.522313344080829e-06
puerto_rico_2020,2020 Puerto Rico M6.4,published_nullpoint,0,published_nullpoints,81,0.0010238888207823038,-66.78609427956093,18.016536506385815,-0.41331704457600926,3.8683199087778726,4.281636953353882,3,14,0.0010224820050084896,-1.4068157738141886e-06
puerto_rico_2020,2020 Puerto Rico M6.4,published_nullpoint,0,published_nullpoints,81,0.0006279047229327261,-66.72951333186421,18.030504948167277,-0.41331704457600926,3.8683199087778726,4.281636953353882,3,14,0.000627041644911916,-8.630780208101173e-07
puerto_rico_2020,2020 Puerto Rico M6.4,published_nullpoint,0,published_nullpoints,81,0.01858866773545742,-66.63106293395361,17.99730699547808,-0.6777379512786865,3.6019821166992188,4.279720067977905,3,14,0.01854754011422923,-4.112762122818886e-05
puerto_rico_2020,2020 Puerto Rico M6.4,published_nullpoint,0,published_nullpoints,81,0.04013824090361595,-66.63505624147103,17.98253523177618,-0.6777379512786865,3.6019821166992188,4.279720067977905,3,14,0.04005138039215498,-8.68605114609719e-05
puerto_rico_2020,2020 Puerto Rico M6.4,published_nullpoint,0,published_nullpoints,81,0.06080593541264534,-66.62172012998843,17.98024470944915,-0.6777379512786865,3.6019821166992188,4.279720067977905,3,14,0.060677176616552565,-0.00012875879609277469
puerto_rico_2020,2020 Puerto Rico M6.4,published_nullpoint,0,published_nullpoints,81,0.013122822158038616,-67.17280972844202,18.024061568742752,-0.41331704457600926,3.8683199087778726,4.281636953353882,3,14,0.013105009575033813,-1.781258300480315e-05
puerto_rico_2020,2020 Puerto Rico M6.4,published_nullpoint,0,published_nullpoints,81,0.0058111827820539474,-67.17424973867713,18.025588710294585,-0.41331704457600926,3.8683199087778726,4.281636953353882,3,14,0.005803236470398151,-7.94631165579665e-06
puerto_rico_2020,2020 Puerto Rico M6.4,published_nullpoint,0,published_nullpoints,81,0.022900057956576347,-67.19948387741431,17.95557630676865,0.4670922656853993,1.2684437533219655,0.8013514876365662,3,14,0.0229348872605794,3.482930400305201e-05
puerto_rico_2020,2020 Puerto Rico M6.4,published_nullpoint,0,published_nullpoints,81,0.04866854101419449,-67.19569005962211,17.953333267614198,0.4670922656853993,1.2684437533219655,0.8013514876365662,3,14,0.048740607275677236,7.206626148274775e-05
puerto_rico_2020,2020 Puerto Rico M6.4,published_nullpoint,0,published_nullpoints,81,0.04866854101419449,-67.19677937158224,17.951859604256757,0.4670922656853993,1.2684437533219655,0.8013514876365662,3,14,0.048740607275677236,7.206626148274775e-05
puerto_rico_2020,2020 Puerto Rico M6.4,published_nullpoint,0,published_nullpoints,81,0.0011053854832425714,-67.05498757810659,17.973799319017303,0.4670922656853993,1.2684437533219655,0.8013514876365662,3,14,0.0011071042517560555,1.7187685134841327e-06
puerto_rico_2020,2020 Puerto Rico M6.4,published_nullpoint,0,published_nullpoints,81,0.04167373105883598,-66.6253292931093,17.99160449274694,-0.6777379512786865,3.6019821166992188,4.279720067977905,3,14,0.04158369164928618,-9.003940954980388e-05
puerto_rico_2020,2020 Puerto Rico M6.4,published_nullpoint,0,published_nullpoints,81,0.04167373105883598,-66.62706166540727,17.99460831566717,-0.6777379512786865,3.6019821166992188,4.279720067977905,3,14,0.04158369164928618,-9.003940954980388e-05
puerto_rico_2020,2020 Puerto Rico M6.4,published_nullpoint,0,published_nullpoints,81,0.06278467178344727,-66.61631053332212,17.977995677272926,-0.6777379512786865,3.6019821166992188,4.279720067977905,3,14,0.06265200245132238,-0.00013266933212488508
puerto_rico_2020,2020 Puerto Rico M6.4,published_nullpoint,0,published_nullpoints,81,0.06278467178344727,-66.61740479130026,17.977411081147636,-0.6777379512786865,3.6019821166992188,4.279720067977905,3,14,0.06265200245132238,-0.00013266933212488508
puerto_rico_2020,2020 Puerto Rico M6.4,published_nullpoint,0,published_nullpoints,81,0.05953673645853996,-66.61242853920936,17.963759810519267,-0.6777379512786865,3.6019821166992188,4.279720067977905,3,14,0.05941049523008125,-0.00012624122845870944
puerto_rico_2020,2020 Puerto Rico M6.4,published_nullpoint,0,published_nullpoints,81,0.002642458537593484,-66.93104554952265,17.9621944298284,0.4670922656853993,1.2684437533219655,0.8013514876365662,3,14,0.0026465609751473566,4.10243755387266e-06
puerto_rico_2020,2020 Puerto Rico M6.4,published_nullpoint,0,published_nullpoints,81,0.17316746711730957,-67.15053611046761,18.272605560309724,-0.41331704457600926,3.8683199087778726,4.281636953353882,3,14,0.1729704898879689,-0.0001969772293406724
puerto_rico_2020,2020 Puerto Rico M6.4,published_nullpoint,0,published_nullpoints,81,0.11560337990522385,-67.12407778027995,18.124344450315217,-0.41331704457600926,3.8683199087778726,4.281636953353882,3,14,0.11546273779371503,-0.00014064211150881245
puerto_rico_2020,2020 Puerto Rico M6.4,published_nullpoint,0,published_nullpoints,81,0.11560337990522385,-67.12403889013854,18.124322220234433,-0.41331704457600926,3.8683199087778726,4.281636953353882,3,14,0.11546273779371503,-0.00014064211150881245
puerto_rico_2020,2020 Puerto Rico M6.4,published_nullpoint,0,published_nullpoints,81,0.08249112963676453,-67.12068055992955,18.12131389029781,-0.41331704457600926,3.8683199087778726,4.281636953353882,3,14,0.08238701890164352,-0.00010411073512101021
puerto_rico_2020,2020 Puerto Rico M6.4,published_nullpoint,0,published_nullpoints,81,0.09330164641141891,-67.10028888979684,18.11052778008553,-0.41331704457600926,3.8683199087778726,4.281636953353882,3,14,0.09318527760408865,-0.00011636880733026378
puerto_rico_2020,2020 Puerto Rico M6.4,published_nullpoint,0,published_nullpoints,81,0.09330164641141891,-67.10030277984731,18.11050277999464,-0.41331704457600926,3.8683199087778726,4.281636953353882,3,14,0.09318527760408865,-0.00011636880733026378
puerto_rico_2020,2020 Puerto Rico M6.4,published_nullpoint,0,published_nullpoints,81,0.08835037052631378,-67.11305278019921,18.116149999524794,-0.41331704457600926,3.8683199087778726,4.281636953353882,3,14,0.08823957612227189,-0.00011079440404189456
puerto_rico_2020,2020 Puerto Rico M6.4,published_nullpoint,0,published_nullpoints,81,0.08835037052631378,-67.11305278019921,18.116152779534897,-0.41331704457600926,3.8683199087778726,4.281636953353882,3,14,0.08823957612227189,-0.00011079440404189456
puerto_rico_2020,2020 Puerto Rico M6.4,published_nullpoint,0,published_nullpoints,81,0.11524564772844315,-67.18260833006428,18.12477221987035,-0.41331704457600926,3.8683199087778726,4.281636953353882,3,14,0.11510538418725423,-0.0001402635411889147
puerto_rico_2020,2020 Puerto Rico M6.4,published_nullpoint,0,published_nullpoints,81,0.08845601975917816,-67.18383055950761,18.119366670218827,-0.41331704457600926,3.8683199087778726,4.281636953353882,3,14,0.08834510570633818,-0.00011091405283998601
puerto_rico_2020,2020 Puerto Rico M6.4,published_nullpoint,0,published_nullpoints,81,0.17316746711730957,-67.15115277970949,18.270813889796216,-0.41331704457600926,3.8683199087778726,4.281636953353882,3,14,0.1729704898879689,-0.0001969772293406724
puerto_rico_2020,2020 Puerto Rico M6.4,published_nullpoint,0,published_nullpoints,81,0.08845601975917816,-67.18391388981058,18.119377780259185,-0.41331704457600926,3.8683199087778726,4.281636953353882,3,14,0.08834510570633818,-0.00011091405283998601
puerto_rico_2020,2020 Puerto Rico M6.4,published_nullpoint,0,published_nullpoints,81,0.08845601975917816,-67.18394444992168,18.119380560269292,-0.41331704457600926,3.8683199087778726,4.281636953353882,3,14,0.08834510570633818,-0.00011091405283998601
puerto_rico_2020,2020 Puerto Rico M6.4,published_nullpoint,0,published_nullpoints,81,0.06462787836790085,-67.18205278004461,18.10848888967325,-0.41331704457600926,3.8683199087778726,4.281636953353882,3,14,0.06454472657076687,-8.315179713397347e-05
puerto_rico_2020,2020 Puerto Rico M6.4,published_nullpoint,0,published_nullpoints,81,0.18447639048099518,-67.19513055958811,18.094269449979322,-0.41331704457600926,3.8683199087778726,4.281636953353882,3,14,0.18426941626257204,-0.00020697421842313934
puerto_rico_2020,2020 Puerto Rico M6.4,published_nullpoint,0,published_nullpoints,81,0.2105274498462677,-67.19496945000242,18.096836110310278,-0.41331704457600926,3.8683199087778726,4.281636953353882,3,14,0.21029878455452194,-0.00022866529174575545
puerto_rico_2020,2020 Puerto Rico M6.4,published_nullpoint,0,published_nullpoints,81,0.08944371342658997,-67.19808333032273,18.08467778010941,-0.41331704457600926,3.8683199087778726,4.281636953353882,3,14,0.08933168228470834,-0.00011203114188162999
puerto_rico_2020,2020 Puerto Rico M6.4,published_nullpoint,0,published_nullpoints,81,0.08944371342658997,-67.19814999956509,18.083469449716574,-0.41331704457600926,3.8683199087778726,4.281636953353882,3,14,0.08933168228470834,-0.00011203114188162999
puerto_rico_2020,2020 Puerto Rico M6.4,published_nullpoint,0,published_nullpoints,81,0.00438367435708642,-67.18861388989711,18.074797220189225,-0.41331704457600926,3.8683199087778726,4.281636953353882,3,14,0.004377671449933038,-6.00290715338167e-06
puerto_rico_2020,2020 Puerto Rico M6.4,published_nullpoint,0,published_nullpoints,81,0.00438367435708642,-67.18864445000821,18.07479445017912,-0.41331704457600926,3.8683199087778726,4.281636953353882,3,14,0.004377671449933038,-6.00290715338167e-06
puerto_rico_2020,2020 Puerto Rico M6.4,published_nullpoint,0,published_nullpoints,81,0.17316746711730957,-67.15116110973976,18.270802779755794,-0.41331704457600926,3.8683199087778726,4.281636953353882,3,14,0.1729704898879689,-0.0001969772293406724
puerto_rico_2020,2020 Puerto Rico M6.4,published_nullpoint,0,published_nullpoints,81,0.07370483130216599,-67.19865556040304,18.048388890183276,-0.41331704457600926,3.8683199087778726,4.281636953353882,3,14,0.07361091994928463,-9.391135288135122e-05
puerto_rico_2020,2020 Puerto Rico M6.4,published_nullpoint,0,published_nullpoints,81,0.12383412569761276,-67.19995000010891,18.05289721957302,-0.41331704457600926,3.8683199087778726,4.281636953353882,3,14,0.12368487053379262,-0.00014925516382013893
puerto_rico_2020,2020 Puerto Rico M6.4,published_nullpoint,0,published_nullpoints,81,0.24144956469535828,-67.15151945004249,18.270130560311994,-0.41331704457600926,3.8683199087778726,4.281636953353882,3,14,0.24119757437963596,-0.0002519903157223169
puerto_rico_2020,2020 Puerto Rico M6.4,published_nullpoint,0,published_nullpoints,81,0.17316746711730957,-67.14991111019549,18.273494449541207,-0.41331704457600926,3.8683199087778726,4.281636953353882,3,14,0.1729704898879689,-0.0001969772293406724
puerto_rico_2020,2020 Puerto Rico M6.4,published_nullpoint,0,published_nullpoints,81,0.17316746711730957,-67.15039166994251,18.273341669985825,-0.41331704457600926,3.8683199087778726,4.281636953353882,3,14,0.1729704898879689,-0.0001969772293406724
puerto_rico_2020,2020 Puerto Rico M6.4,published_nullpoint,0,published_nullpoints,81,0.0002609420334920287,-67.15033055972037,18.274830560398588,-0.41331704457600926,3.8683199087778726,4.281636953353882,3,14,0.00026058322759570584,-3.5880589632287293e-07
puerto_rico_2020,2020 Puerto Rico M6.4,published_nullpoint,0,published_nullpoints,81,0.0002609420334920287,-67.15481667002933,18.26677222010295,-0.41331704457600926,3.8683199087778726,4.281636953353882,3,14,0.00026058322759570584,-3.5880589632287293e-07
puerto_rico_2020,2020 Puerto Rico M6.4,published_nullpoint,0,published_nullpoints,81,0.0002609420334920287,-67.15462500033254,18.26675556004238,-0.41331704457600926,3.8683199087778726,4.281636953353882,3,14,0.00026058322759570584,-3.5880589632287293e-07
puerto_rico_2020,2020 Puerto Rico M6.4,published_nullpoint,0,published_nullpoints,81,0.1360543668270111,-66.7107911338008,18.456655954414025,-0.41331704457600926,3.8683199087778726,4.281636953353882,3,14,0.13589266724789734,-0.00016169957911377209
puerto_rico_2020,2020 Puerto Rico M6.4,published_nullpoint,0,published_nullpoints,81,0.0002609420334920287,-66.31712505465106,17.977066419894637,-0.6777379512786865,3.6019821166992188,4.279720067977905,3,14,0.00026035393912970955,-5.88094362319162e-07
puerto_rico_2020,2020 Puerto Rico M6.4,published_nullpoint,0,published_nullpoints,81,0.0002609420334920287,-66.36327125341279,17.968121286375148,-0.6777379512786865,3.6019821166992188,4.279720067977905,3,14,0.00026035393912970955,-5.88094362319162e-07
puerto_rico_2020,2020 Puerto Rico M6.4,published_nullpoint,0,published_nullpoints,81,0.0315452516078949,-66.41084042434773,17.956727599954085,-0.6777379512786865,3.6019821166992188,4.279720067977905,3,14,0.03147637682031926,-6.887478757564014e-05
puerto_rico_2020,2020 Puerto Rico M6.4,published_nullpoint,0,published_nullpoints,81,0.0014050784520804882,-66.95219000039208,17.93715999981725,0.4670922656853993,1.2684437533219655,0.8013514876365662,3,14,0.001407262557943925,2.1841058634368502e-06
puerto_rico_2020,2020 Puerto Rico M6.4,published_nullpoint,0,published_nullpoints,81,0.0002609420334920287,-66.68374000045799,18.36751000032922,-0.41331704457600926,3.8683199087778726,4.281636953353882,3,14,0.00026058322759570584,-3.5880589632287293e-07
puerto_rico_2020,2020 Puerto Rico M6.4,published_nullpoint,0,published_nullpoints,81,0.0021841824054718018,-66.79381999964733,18.01886999986908,-0.41331704457600926,3.8683199087778726,4.281636953353882,3,14,0.002181184835658277,-2.9975698135247322e-06
puerto_rico_2020,2020 Puerto Rico M6.4,published_nullpoint,0,published_nullpoints,81,0.09803003817796707,-66.60439099998939,17.972091999810463,-0.6777379512786865,3.6019821166992188,4.279720067977905,3,14,0.09783066657948469,-0.0001993715984823785
puerto_rico_2020,2020 Puerto Rico M6.4,published_nullpoint,0,published_nullpoints,81,0.0033558751456439495,-66.56909899968741,18.004101000177286,-0.41331704457600926,3.8683199087778726,4.281636953353882,3,14,0.003351274946597737,-4.600199046212675e-06
puerto_rico_2020,2020 Puerto Rico M6.4,published_nullpoint,0,published_nullpoints,81,0.04399063065648079,-66.53720099972412,17.975800000290686,-0.6777379512786865,3.6019821166992188,4.279720067977905,3,14,0.043895814692222215,-9.481596425857386e-05
puerto_rico_2020,2020 Puerto Rico M6.4,published_nullpoint,0,published_nullpoints,81,0.09666256606578827,-66.59500099985257,17.973301000205705,-0.6777379512786865,3.6019821166992188,4.279720067977905,3,14,0.09646567816295842,-0.00019688790282984536
