city_row_id,name,country,lat,lon,population,pga,wtd,tws_cm_yr,reversal,dP,dP_lo,dP_hi,p_two,ci_excl0,fdr_sig,pga_475_g,vs30,precip,dw_km,is_material_hotspot,ghsl_uc_id,ghsl_uc_name,ghsl_country_name,ghsl_area_km2,ghsl_pop_2025,ghsl_match_method,distance_to_ghsl_centroid_km,ghsl_matched
0,Yokohama,JP,35.43333,139.65,3777491,0.6621291,2.6398107881285,1.5877,False,0.0131823600667306,0.0052217653273863,0.0218943302879452,0.0,True,True,0.6621291,246.6999969482422,1671.0,1.834036104265288,True,5929.0,Tokyo,Japan,5165.0,33155906.87,within_polygon,0.0,True
1,Bhayandar,IN,19.30157,72.85107,809378,0.1212539,2.9297322041657594,1.4173,False,0.0117697302764608,0.0038161602561318,0.0205713226468663,0.0,True,True,0.1212539,243.01022338867188,2495.0,2.301836643909409,True,7599.0,Mumbai,India,738.0,20453270.03,within_polygon,0.0,True
2,Mumbai,IN,19.07283,72.88261,12691836,0.120297400125448,1.8768596932936816,1.4173,False,0.0108165938122896,0.0035724974761384,0.0143549539997001,0.0,True,True,0.120297400125448,232.39059448242188,2274.0,4.7052142468930125,True,7599.0,Mumbai,India,738.0,20453270.03,within_polygon,0.0,True
3,Dar es Salaam,TZ,-6.82349,39.26951,5383728,0.109765000000553,8.361943999389666,1.5505,False,0.0099400650158641,0.0038461988486549,0.0167379941406086,0.0,True,True,0.109765000000553,261.65869140625,1066.0,1.4221015900347755,False,3570.0,Dar es-Salaam,Tanzania,907.0,8918524.621,within_polygon,0.0,True
4,Surat,IN,21.19594,72.83023,4591246,0.09830952,8.25513084611282,1.4158,False,0.0096221809737705,0.0028024831768068,0.0167540588840118,0.0009999999999998,True,True,0.09830952,225.83724975585935,1070.0,2.0088310183989053,False,6913.0,Surat,India,296.0,7100723.104,within_polygon,0.0,True
5,Nashik,IN,19.99727,73.79096,1486053,0.07369488,4.516670481422182,2.633,False,0.009150408807873,0.0033004692981796,0.0160788281462742,0.0,True,True,0.07369488,408.8996276855469,1330.0,2.7022359147238024,False,8012.0,Nashik,India,192.0,1970969.903,within_polygon,0.0,True
6,Bhiwandi,IN,19.30023,73.05881,874032,0.125094701840259,3.2349126420996868,1.4173,False,0.0086312201636333,0.0028146479064968,0.0156682008848642,0.0,True,True,0.125094701840259,325.197265625,2807.0,5.510253283387274,False,7599.0,Mumbai,India,738.0,20453270.03,within_polygon,0.0,True
7,Thāne,IN,19.19704,72.96355,1841488,0.1226549788237301,2.0904859998474308,1.4173,False,0.0084105762061177,0.0026785993876646,0.0124797601303733,0.0,True,True,0.1226549788237301,373.1346740722656,2495.0,3.79749948385862,False,7599.0,Mumbai,India,738.0,20453270.03,within_polygon,0.0,True
8,Dombivali,IN,19.21667,73.08333,1247327,0.1242170029365362,3.8452735179675415,1.4173,False,0.0083292880236759,0.0026620227838969,0.0145805491083424,0.0,True,True,0.1242170029365362,411.0974426269531,2807.0,3.538018292708381,False,7739.0,Kalyan-Dombivli,India,175.0,3214860.965,within_polygon,0.0,True
9,Tokyo,JP,35.6895,139.69171,9733276,0.605276,5.432211795223964,1.5877,False,0.0083026372584477,0.0032484227166512,0.0144348148566394,0.0,True,True,0.605276,253.3000030517578,1432.0,7.757012464687056,False,5929.0,Tokyo,Japan,5165.0,33155906.87,within_polygon,0.0,True
10,Yangon,MM,16.80528,96.15611,4477638,0.2417016573252616,1.4038300144961229,0.949,True,0.0078525840287735,0.0005517502052593,0.0116225022491796,0.0705,True,True,0.2417016573252616,245.57081604003903,2441.0,3.669843247406945,False,5029.0,Yangon,Myanmar,545.0,6190957.71,within_polygon,0.0,True
11,Tianjin,CN,39.14222,117.17667,11090314,0.117718599999321,3.112840466926116,1.0174,True,0.0073736357294239,0.0027019944033238,0.012359666617923,0.0,True,True,0.117718599999321,205.9684600830078,556.0,1.816541073776195,False,9127.0,Tianjin,China,671.0,7330647.551,within_polygon,0.0,True
12,Varanasi,IN,25.31668,83.01041,1164404,0.0641719299859855,26.092927443350906,1.7399,True,0.0064547441040125,0.0018980329960969,0.0116378114684587,0.0004999999999999,True,True,0.0641719299859855,230.3858337402344,1040.0,3.0783896695672963,False,10008.0,Varanasi,India,381.0,3812495.5,within_polygon,0.0,True
13,Chattogram,BD,22.3384,91.83168,3920222,0.2789350093955502,1.724269474326718,0.7765,True,0.0063066447842901,-0.0012531086229764,0.0139683037844325,0.2004999999999999,False,False,0.2789350093955502,296.0547790527344,2959.0,1.1638933942429677,False,7439.0,Chattogram,Bangladesh,519.0,5175717.307,within_polygon,0.0,True
14,Patna,IN,25.59408,85.13563,1684297,0.0921172673310556,4.257267109178315,1.3047,True,0.0060981198108892,0.000864302642856,0.0121689895101161,0.0304999999999999,True,True,0.0921172673310556,236.1080780029297,1046.0,5.362086505644111,False,10586.0,Patna,India,262.0,3434078.365,within_polygon,0.0,True
15,Kanpur,IN,26.46523,80.34975,2823249,0.0874991899999999,13.42793926909286,1.095,True,0.0059558101069985,0.000963818175543,0.0116741145169482,0.0264999999999999,True,True,0.0874991899999999,227.27545166015625,906.0,2.583761393982147,False,9244.0,Kanpur,India,309.0,4413624.598,within_polygon,0.0,True
16,Barcelona,VE,10.1384,-64.68769,815141,0.1565541,5.95101853971164,0.9569,False,0.0055937627238466,0.0010259838369734,0.0109662133452184,0.0215,True,True,0.1565541,220.5883636474609,943.0,4.488523015994694,False,4175.0,Barcelona,Venezuela,144.0,688689.5729,within_polygon,0.0,True
17,Prayagraj,IN,25.44478,81.84322,1073438,0.0632544323089667,8.484016174563237,1.5299,True,0.005399910094125,0.0015612575336032,0.0101051179925019,0.002,True,True,0.0632544323089667,338.3668212890625,919.0,2.307411403210911,False,9714.0,Prayagraj,India,156.0,2358994.904,within_polygon,0.0,True
18,Kalyān,IN,19.2437,73.13554,1262255,0.1256955999999282,1.1749446860456487,1.4173,False,0.0053812979642205,0.0020564889245797,0.0053812979642205,0.0004999999999999,True,True,0.1256955999999282,282.4262084960937,2807.0,9.468827724119528,False,7739.0,Kalyan-Dombivli,India,175.0,3214860.965,within_polygon,0.0,True
19,Makassar,ID,-5.14861,119.43194,1423877,0.06073681,0.6408789196613043,0.6312,False,0.005239330970689,0.0017247287311472,0.0053197165084566,0.0,True,True,0.06073681,202.31625366210935,2840.0,4.150668720810128,False,8035.0,Makassar,Indonesia,343.0,2241888.193,within_polygon,0.0,True
20,Howrah,IN,22.57688,88.31857,1027672,0.116651700000003,2.075226977950763,0.6662,True,0.0050947550306674,-0.0013186095983712,0.0126397746681977,0.2224999999999999,False,False,0.116651700000003,238.06759643554688,1560.0,2.4225415226283515,False,11352.0,Kolkata,India,2482.0,23314585.33,within_polygon,0.0,True
21,Kolkata,IN,22.56263,88.36304,4631392,0.119528,2.059967956054038,0.6662,True,0.0050927696458126,-0.0013093987025666,0.0125765557450847,0.2290000000000001,False,False,0.119528,239.5285186767578,1637.0,2.616875486305042,False,11352.0,Kolkata,India,2482.0,23314585.33,within_polygon,0.0,True
22,Luzhou,CN,28.8903,105.42575,998900,0.1971011047434862,1.586938277256479,0.6356,False,0.0050042128246746,0.001002839819391,0.0097701316210069,0.0169999999999999,True,True,0.1971011047434862,260.203125,1130.0,0.8434698243891883,False,8336.0,Luzhou,China,64.0,446057.7543,within_polygon,0.0,True
23,Ranchi,IN,23.34316,85.3094,1120374,0.1272203,3.2806897077897474,1.1405,True,0.004955914891752,0.0007176902001159,0.0095665109793553,0.0324999999999999,True,True,0.1272203,324.3065490722656,1398.0,4.519244043659992,False,10832.0,Ranchi,India,200.0,1817833.171,within_polygon,0.0,True
24,Ciudad Guayana,VE,8.35122,-62.64102,978202,0.0609216311130317,24.00244144350347,3.2946,False,0.004915952855939,0.0017313225857529,0.0086130693844601,0.0,True,True,0.0609216311130317,438.891357421875,1269.0,3.3409581085302,False,4628.0,San Félix,Venezuela,73.0,148642.3779,within_polygon,0.0,True
25,Haikou,CN,20.03421,110.34651,2873358,0.0606846,1.4190890363927906,0.8239,False,0.0048257107875001,0.0010604850959056,0.0083566162214119,0.008,True,True,0.0606846,320.0976867675781,1697.0,2.162402121684889,False,10695.0,Xiuying District,China,199.0,1374151.77,within_polygon,0.0,True
26,Jing’an,CN,31.22,121.41583,936500,0.0507968402419307,4.104676890211351,0.6576,False,0.0047006544213692,0.0013615147921282,0.0086019015606938,0.0004999999999999,True,True,0.0507968402419307,226.0771942138672,1049.0,0.870828709193776,False,11345.0,Shanghai,China,3128.0,30678616.23,within_polygon,0.0,True
27,Vijayawada,IN,16.50745,80.6466,1143232,0.06847776,5.859464408331462,2.3443,False,0.0045902708923863,0.0016284815563342,0.0078356205976431,0.0,True,True,0.06847776,478.8851623535156,907.0,3.141960075467141,False,10224.0,Vijayawada,India,115.0,1240028.94,within_polygon,0.0,True
28,Zhabei,CN,31.25861,121.45972,840000,0.0543976236497186,3.0365453574426056,0.6576,False,0.0044447278430762,0.0012136954300911,0.0078690591103459,0.0015,True,True,0.0543976236497186,224.72799682617188,1049.0,1.8840728118856176,False,11345.0,Shanghai,China,3128.0,30678616.23,within_polygon,0.0,True
29,Kaifeng,CN,34.7986,114.30742,1451741,0.0997951691928758,1.7700465400168357,2.2778,True,0.0043969392064603,0.0018921885863275,0.0043969392064603,0.0,True,True,0.0997951691928758,187.62701416015625,628.0,11.03332152556843,False,9431.0,Kaifeng,China,193.0,1296333.573,within_polygon,0.0,True
30,Qinhuangdao,CN,39.94104,119.58936,759718,0.1847800918294732,1.1596856641489808,0.7283,False,0.0042830898810408,0.0015137770350567,0.0068465577570488,0.0,True,True,0.1847800918294732,234.6234893798828,614.0,4.0203159583287285,False,9489.0,Qinhuangdao,China,152.0,727667.2924,within_polygon,0.0,True
31,Nagoya,JP,35.18147,136.90641,2332176,0.4578695,12.802319371328338,0.664,False,0.0041915709353172,0.0014601161438896,0.0073164946180869,0.0,True,True,0.4578695,156.6999969482422,1974.0,10.286121018355862,False,5213.0,Nagoya,Japan,2392.0,7721742.251,within_polygon,0.0,True
32,Luohe,CN,33.57424,114.03261,1294974,0.0534729595322506,11.520561532005845,0.5955,True,0.0040014589304054,-4.663995172381743e-05,0.0086341412393811,0.1029999999999999,False,False,0.0534729595322506,199.6250915527344,790.0,0.9652806881183412,False,9571.0,Luohe,China,191.0,1183149.362,within_polygon,0.0,True
33,Putuo,CN,31.251,121.3897,1239100,0.0503584899999993,2.1972991531243338,0.6576,False,0.003967574017243,0.0011085859492778,0.0072150865603816,0.0009999999999998,True,True,0.0503584899999993,217.3177490234375,1049.0,3.3595569007410666,False,11345.0,Shanghai,China,3128.0,30678616.23,within_polygon,0.0,True
34,Hanzhong,CN,33.07507,107.02214,1006557,0.1400477000011399,3.64690623331046,0.6823,False,0.003910982978689,0.0012029459282103,0.0067580173646172,0.0009999999999998,True,True,0.1400477000011399,241.13682556152344,851.0,3.7579241939182646,False,7449.0,Hanzhong,China,54.0,371212.2285,within_polygon,0.0,True
35,Benghazi,LY,32.11486,20.06859,757490,0.0783412446839008,6.332494087129021,0.9766,False,0.0036816993522627,0.0014337018513617,0.0062601803119683,0.0,True,True,0.0783412446839008,238.5429229736328,227.0,3.9734942709756456,False,1088.0,Benghazi,Libya,150.0,599690.5151,within_polygon,0.0,True
36,Accra,GH,5.55602,-0.1969,1963264,0.0840799599994307,11.53582055390251,5.4265,False,0.0036759540436972,0.001421571951441,0.0065256269737419,0.0,True,True,0.0840799599994307,338.271240234375,925.0,11.697926397713385,False,3175.0,Accra,Ghana,1121.0,5890466.043,within_polygon,0.0,True
37,Jabalpur,IN,23.16697,79.95006,1081677,0.1361818,2.2583352407111192,1.6226,False,0.0035819517574923,0.0010560839536029,0.0050311073545877,0.0004999999999999,True,True,0.1361818,382.1177368164063,1238.0,7.089875175554792,False,9466.0,Jabalpur,India,147.0,1621134.785,within_polygon,0.0,True
38,Manila,PH,14.6042,120.9822,1600000,0.3303762000045073,2.838178072785581,0.4215,False,0.0034897418002498,0.0006980618544253,0.0063995104776926,0.0115,True,True,0.3303762000045073,222.3428497314453,2258.0,2.868634674256883,False,2323.0,Manila,Philippines,2555.0,25921189.32,within_polygon,0.0,True
39,Nanchong,CN,30.79508,106.08473,1858875,0.0702872509812431,21.637293049515563,0.8565,False,0.0033759501018316,0.0010048234267957,0.0061062500877847,0.0009999999999998,True,True,0.0702872509812431,285.2292175292969,1090.0,1.6133376582818284,False,7943.0,Shunqing,China,89.0,1110773.197,within_polygon,0.0,True
40,Linfen,CN,36.08889,111.51889,959198,0.1546868420043955,12.08514534218358,0.9104,True,0.0033597281576323,0.0005740557914018,0.00663916967876,0.0249999999999999,True,True,0.1546868420043955,293.7706298828125,507.0,3.074087015091247,False,8584.0,Linfen,China,157.0,1090241.238,within_polygon,0.0,True
41,Jamshedpur,IN,22.80278,86.18545,1339438,0.1567997419895702,18.08194094758528,1.161,True,0.003275903248584,0.0005394679193755,0.006624209526085,0.0235,True,True,0.1567997419895702,378.3258056640625,1269.0,3.4616104711520226,False,11032.0,Jamshedpur,India,161.0,2007932.496,within_polygon,0.0,True
42,Xuhui,CN,31.19594,121.44709,1109800,0.0507968402419307,3.31120775158314,0.6576,False,0.0030998488024287,0.000877337799885,0.0053684863250866,0.0009999999999998,True,True,0.0507968402419307,231.6250457763672,1049.0,4.619253362715052,False,11345.0,Shanghai,China,3128.0,30678616.23,within_polygon,0.0,True
43,Maracaibo,VE,10.64232,-71.61089,1752602,0.09229294999185,6.042572671091818,1.3193,False,0.0029827278373295,0.0011005920738077,0.0051091500449268,0.0,True,True,0.09229294999185,600.0,868.0,0.4958092525614138,False,1268.0,Maracaibo,Venezuela,295.0,2142105.375,within_polygon,0.0,True
44,Malingao,PH,7.16083,124.475,1121974,0.5545271999996771,0.3662165255207696,0.3983,False,0.0029638183406366,0.0008033863604452,0.0029638183406366,0.004,True,True,0.5545271999996771,208.9109344482422,2223.0,6.959409912321897,False,5596.0,Midsayap,Philippines,23.0,87377.6063,nearest_representative_point_le50km,7.134741671328396,True
45,Dalian,CN,38.91222,121.60222,4913879,0.0876957999990944,16.18982223239493,1.3534,True,0.002896224481439,0.0010760466035981,0.0049673568670224,0.0,True,True,0.0876957999990944,406.5933532714844,633.0,2.097084195587912,False,10113.0,Dalian,China,516.0,3599519.205,within_polygon,0.0,True
46,Budta,PH,7.20417,124.43972,1273715,0.5609091576962117,1.007095445182017,0.3983,False,0.0028907748123359,0.0007181867105477,0.0053559100879757,0.0055,True,True,0.5609091576962117,207.1705474853516,2365.0,9.336091396501567,False,5596.0,Midsayap,Philippines,23.0,87377.6063,nearest_representative_point_le50km,9.034352597361963,True
47,Mombasa,KE,-4.05466,39.66359,1208333,0.0996536100001263,18.50919356069278,0.5269,False,0.0028114281985759,0.0011204678584026,0.004696259038271,0.0,True,True,0.0996536100001263,238.92295837402344,1085.0,2.087189820522016,False,2902.0,Mombasa,Kenya,181.0,1617738.965,within_polygon,0.0,True
48,Chennai,IN,13.08784,80.27847,4681087,0.08934973,8.041504539559014,0.4167,False,0.0026832935777019,0.0010730789082865,0.0045235594281931,0.0,True,True,0.08934973,253.99093627929688,1239.0,1.7356817920194747,False,10300.0,Chennai,India,1052.0,11466400.34,within_polygon,0.0,True
49,Cartagena,CO,10.39817,-75.49328,914552,0.0708730299999999,10.849164568551204,0.6294,False,0.0026785270490979,0.0004797008400966,0.0053139105911917,0.0204999999999999,True,True,0.0708730299999999,275.66290283203125,1175.0,3.375842669104645,False,3275.0,Cartagena,Colombia,114.0,925945.2183,within_polygon,0.0,True
50,Virār,IN,19.45591,72.81136,1222390,0.1198278828077522,0.5951018539711868,1.4173,False,0.0025991780956606,0.0019959944961017,0.0025991780956606,0.0,True,True,0.1198278828077522,334.1005249023437,1913.0,5.855155470481908,False,7563.0,Vasai-Virar,India,128.0,1551310.96,within_polygon,0.0,True
51,Mandalay,MM,21.97473,96.08359,1208099,0.3333079,4.516670481422182,0.3728,True,0.0025833231311815,-0.0031775825944254,0.0088124923529758,0.5660000000000001,False,False,0.3333079,217.5217742919922,792.0,3.9087577784911063,False,2597.0,Mandalay,Myanmar,205.0,1849445.916,within_polygon,0.0,True
52,Ziyang,CN,30.12108,104.64811,905729,0.155723199999444,13.09224078736554,0.7209,False,0.0025591202315673,0.0007583093051363,0.0045653707451619,0.0004999999999999,True,True,0.155723199999444,397.6422424316406,1107.0,1.910309214687527,False,7318.0,Ziyang,China,57.0,516027.5989,within_polygon,0.0,True
53,Santo Domingo,DO,18.47186,-69.89232,2201941,0.4312265999999539,3.8147554741741487,0.3488,False,0.0024767920648013,0.0006809021030615,0.0046060444759537,0.002,True,True,0.4312265999999539,390.5118103027344,1644.0,0.9185420873771836,False,1667.0,Santo Domingo,Dominican Republic,483.0,4593163.695,within_polygon,0.0,True
54,Baoshan,CN,31.40845,121.48956,2265900,0.0563865307407588,3.418020904860043,0.6576,False,0.0024670626082674,0.0006762688745617,0.0044287847171819,0.002,True,True,0.0563865307407588,330.9303894042969,1075.0,3.0932227372328467,False,11345.0,Shanghai,China,3128.0,30678616.23,within_polygon,0.0,True
55,Barranquilla,CO,10.96854,-74.78132,1206319,0.09359839,5.737392233157891,0.6294,False,0.0024053116310744,0.0004476608619669,0.0046132093407682,0.0184999999999999,True,True,0.09359839,337.7365417480469,947.0,2.8900111171520977,False,3968.0,Barranquilla,Colombia,157.0,2166638.375,within_polygon,0.0,True
56,Cebu City,PH,10.31672,123.89071,965332,0.3347104821106495,0.3356984817273769,0.9923,False,0.002276329626615,0.002276329626615,0.002276329626615,0.0,True,True,0.3347104821106495,322.85845947265625,1493.0,2.9997171038362787,False,5065.0,Cebu City,Philippines,416.0,3191585.379,within_polygon,0.0,True
57,Surabaya,ID,-7.24917,112.75083,2874314,0.1756715000089241,2.3346303501945727,0.2774,False,0.0022082061862322,-0.0010019565736869,0.0058522855372327,0.3149999999999999,False,False,0.1756715000089241,203.4541473388672,1663.0,3.964466797522865,False,7459.0,Surabaya,Indonesia,1304.0,6856993.107,within_polygon,0.0,True
58,Seoul,KR,37.566,126.9784,10349312,0.1291627050768389,9.628442816815491,0.6391,True,0.0021926419501853,0.0007829412458853,0.0037572449414291,0.0,True,True,0.1291627050768389,339.9872131347656,1315.0,4.389469306861391,False,348.0,Seoul,South Korea,2282.0,22261691.61,within_polygon,0.0,True
59,Weinan,CN,34.50355,109.50891,1199290,0.1088599,1.1139085984588633,0.4515,True,0.002007256314618,0.000599620429505,0.0036432630126096,0.0004999999999999,True,True,0.1088599,271.04229736328125,583.0,3.928875819636614,False,8331.0,Weinan,China,47.0,273989.0197,within_polygon,0.0,True
60,Alexandria,EG,31.20176,29.91582,5263542,0.106489699999422,6.28671702143896,0.331,True,0.0019576794418436,0.0005205754538679,0.0035887035945086,0.0015,True,True,0.106489699999422,223.88836669921875,175.0,1.4910171735848954,False,291.0,Alexandria,Egypt,439.0,6931368.874,within_polygon,0.0,True
61,Sapporo,JP,43.06667,141.35,1973832,0.1806720360283885,0.9918364232852924,0.5472,False,0.001933859674291,0.0004334499423983,0.003525010037273,0.01,True,True,0.1806720360283885,164.8000030517578,1209.0,12.62179004769341,False,351.0,Sapporo,Japan,353.0,1931423.54,within_polygon,0.0,True
62,Nantong,CN,32.03028,120.87472,2273326,0.0583333852838798,3.006027313649213,0.3838,False,0.0019166321843848,0.0001011155867964,0.0040727350437453,0.0705,True,True,0.0583333852838798,215.8314666748047,1032.0,5.051191452121848,False,11225.0,Nantong,China,658.0,2608603.798,within_polygon,0.0,True
63,Auckland,NZ,-36.84853,174.76349,1547200,0.1584837125632816,27.13054093232625,0.6243,False,0.0019078322068631,0.0006904732473526,0.0032412682258164,0.0,True,True,0.1584837125632816,421.1944580078125,1351.0,0.6990959187734161,False,1147.0,Auckland,New Zealand,638.0,1623897.767,within_polygon,0.0,True
64,Xianyang,CN,34.33778,108.70261,1034081,0.0907892488942864,3.0365453574426056,0.4512,True,0.0018758121915692,0.0006174797351954,0.0033192355079055,0.0,True,True,0.0907892488942864,288.21337890625,607.0,3.281209554576678,False,7915.0,Xianyang,China,113.0,564730.9671,within_polygon,0.0,True
65,Hamamatsu,JP,34.7,137.73333,791707,0.7980442000000426,0.2441443503471987,0.2575,False,0.0018496808038376,0.0005196211928647,0.0018496808038376,0.0044999999999999,True,True,0.7980442000000426,282.1000061035156,2021.0,5.597182522288186,False,5831.0,Hamamatsu,Japan,254.0,267033.0184,within_polygon,0.0,True
66,Karachi,PK,24.8608,67.0104,11624219,0.2104098999919154,11.779964904249653,0.44,False,0.0018106153343679,0.0004986582433334,0.0032892303975454,0.0004999999999999,True,True,0.2104098999919154,214.9311370849609,162.0,4.867763345184103,False,2457.0,Karachi,Pakistan,834.0,21031702.73,within_polygon,0.0,True
67,Shanghai,CN,31.22222,121.45806,24874500,0.05296031,0.2899214160372594,0.6576,False,0.0017738693845824,0.0011479908468059,0.0017738693845824,0.0009999999999998,True,True,0.05296031,228.84739685058597,1049.0,3.107094983087166,False,11345.0,Shanghai,China,3128.0,30678616.23,within_polygon,0.0,True
68,Tainan,TW,22.99083,120.21333,1856642,0.6576578501474174,4.486152437628789,0.1935,False,0.001610778367505,0.0003473925302693,0.0031410837688323,0.012,True,True,0.6576578501474174,208.47552490234372,2245.0,5.071396979016769,False,1744.0,Tainan,Taiwan,202.0,1010791.827,within_polygon,0.0,True
69,Kitakyushu,JP,33.85181,130.85034,940978,0.2292976253441503,0.4882887006943406,0.407,False,0.0015969601989614,0.0003990257258993,0.0019178033808634,0.0024999999999999,True,True,0.2292976253441503,391.7000122070313,1721.0,5.658078522498746,False,1027.0,Kitakyushu,Japan,388.0,1208934.612,nearest_representative_point_le50km,6.557434035711661,True
70,Lanzhou,CN,36.05701,103.83987,3000000,0.0837336089308837,17.456321049820758,0.4924,False,0.0015712382400322,0.0005254058927755,0.0026973148455408,0.0,True,True,0.0837336089308837,243.3724822998047,334.0,3.397202569436719,False,4356.0,Lanzhou,China,250.0,2689402.429,within_polygon,0.0,True
71,Hiroshima,JP,34.4,132.45,1200754,0.350937245802441,0.6408789196613043,0.1934,True,0.0015640616549372,0.0002325757333331,0.0031389375482984,0.032,True,True,0.350937245802441,207.5,1907.0,5.409366507511519,False,2921.0,Hiroshima,Japan,338.0,1150147.517,within_polygon,0.0,True
72,Davao,PH,7.07306,125.61278,1848947,0.4845108999999862,0.6103608758679115,0.1836,False,0.0015205006009754,-0.0001473050299545,0.0033683151395163,0.1525,False,False,0.4845108999999862,238.9282684326172,1920.0,2.289362460020071,False,5872.0,Davao City,Philippines,227.0,1651085.903,within_polygon,0.0,True
73,Neijiang,CN,29.58354,105.06216,1251095,0.2026418999999999,41.30617227435727,0.9115,False,0.0014456937895842,0.0004341375853454,0.0025665249670705,0.0,True,True,0.2026418999999999,394.89263916015625,1079.0,2.451926539738705,False,7831.0,Neijiang,China,37.0,316065.1001,within_polygon,0.0,True
74,Santiago de los Caballeros,DO,19.45036,-70.69085,1200000,0.5522715806493135,18.02090485999849,0.2709,False,0.0014016720464758,0.0002620946555143,0.0027149906755611,0.016,True,True,0.5522715806493135,349.0228271484375,1182.0,1.893056959046609,False,798.0,Santiago de los Caballeros,Dominican Republic,117.0,678295.8372,within_polygon,0.0,True
75,Port-au-Prince,HT,18.54349,-72.33881,1234742,0.412546161369622,10.833905546654478,0.2663,False,0.0013811960865968,0.0003490050206672,0.0025979786018036,0.0055,True,True,0.412546161369622,422.4088745117188,1195.0,0.8166687863346503,False,1269.0,Port-au-Prince,Haiti,275.0,1733377.8,within_polygon,0.0,True
76,Hyderabad,PK,25.39689,68.37718,1921275,0.1405366,9.781033035782457,0.6834,True,0.0013306612472312,0.0003534559071621,0.0024121508614403,0.0015,True,True,0.1405366,322.2336120605469,158.0,5.298445403991156,False,5678.0,Hyderabad,Pakistan,144.0,2956488.276,within_polygon,0.0,True
77,Nay Pyi Taw,MM,19.745,96.12972,925000,0.7756317,0.7476920729381504,0.4398,True,0.0013303005997146,-0.0011687162776094,0.0022708897998283,0.4479999999999999,False,False,0.7756317,259.0514831542969,1169.0,11.665951490205869,False,3687.0,Pyinmana [Nay Pyi Taw],Myanmar,89.0,556726.2982,within_polygon,0.0,True
78,Zhengzhou,CN,34.75778,113.64861,4253913,0.0933468099999583,1.831082627603621,1.526,True,0.0012674802393856,0.0003708182977496,0.0015282868465959,0.0,True,True,0.0933468099999583,200.2095489501953,613.0,16.15501701056385,False,9277.0,Zhengzhou,China,642.0,5126112.049,within_polygon,0.0,True
79,Anyang,CN,36.096,114.38278,1146839,0.0894178111152896,5.004959182116465,2.7657,True,0.0012147377205101,0.0004180393231679,0.0021176154165551,0.0,True,True,0.0894178111152896,245.30303955078125,547.0,16.82503865070662,False,9191.0,Anyang,China,209.0,1736590.279,within_polygon,0.0,True
80,Fukuoka,JP,33.6,130.41667,1612392,0.2703739154132848,0.1373311970702957,0.407,False,0.0011292210388418,0.0008565886039953,0.0011292210388418,0.0035,True,True,0.2703739154132848,194.5,1708.0,2.396636241031313,False,907.0,Fukuoka,Japan,450.0,2213305.216,within_polygon,0.0,True
81,Panzhihua,CN,26.58509,101.71276,787177,0.1657901999999992,5.020218204013133,0.3991,False,0.0011250293667992,-5.167743531071313e-05,0.0025901623236461,0.1220000000000001,False,False,0.1657901999999992,576.024169921875,796.0,0.4427418883550131,False,6784.0,Panzhihua,China,38.0,292350.2902,within_polygon,0.0,True
82,Quezon City,PH,14.6488,121.0509,3084270,0.3776324,6.759746700236519,0.3367,False,0.0010393864693847,0.0001278362339753,0.002107218975152,0.0409999999999999,True,True,0.3776324,280.5470886230469,2273.0,11.550313649240405,False,2323.0,Manila,Philippines,2555.0,25921189.32,within_polygon,0.0,True
83,Bandar Lampung,ID,-5.42917,105.26111,1166066,0.2649017,20.38605325398646,0.2514,False,0.0010293927583578,-0.0004333286283527,0.002609123871258,0.294,False,False,0.2649017,439.3459167480469,2236.0,2.6500488079175253,False,5181.0,Bandar Lampung,Indonesia,176.0,1257827.767,within_polygon,0.0,True
84,Yangjiang,CN,21.85563,111.96272,1292987,0.1137957653696654,1.0986495765621953,0.1299,False,0.0009961720420938,-0.0012508917079017,0.0035528166136206,0.5185,False,False,0.1137957653696654,314.6648864746094,2205.0,1.542818629129887,False,10851.0,Yangjiang,China,84.0,490069.2173,within_polygon,0.0,True
85,Chongqing,CN,29.56026,106.55771,7457599,0.1132862,42.42008087281607,0.585,False,0.0009810779997386,0.0001384336500808,0.0018902126279857,0.0329999999999999,True,True,0.1132862,432.7224426269531,1147.0,0.3210616400895512,False,8557.0,Chongqing,China,653.0,8449690.334,within_polygon,0.0,True
86,Jakarta,ID,-6.21462,106.84513,8540121,0.2440006999996528,1.464866102082908,0.2499,False,0.0009605569416031,-3.502980449082149e-05,0.0020729046187427,0.1225,False,False,0.2440006999996528,214.3814392089844,2145.0,12.46998739766137,False,5472.0,Jakarta,Indonesia,4614.0,40545125.86,within_polygon,0.0,True
87,Pasig City,PH,14.58691,121.0614,853050,0.3756936,34.13443198290992,0.3367,False,0.0009425574639516,0.0001068769301092,0.0018619490104443,0.0435,True,True,0.3756936,235.3219757080078,2273.0,9.33741833388168,False,2323.0,Manila,Philippines,2555.0,25921189.32,within_polygon,0.0,True
88,Goyang-si,KR,37.65639,126.835,1061752,0.1293693534595363,0.4425116350042231,0.6391,True,0.0009003048747226,0.0004644921017719,0.0009003048747226,0.0,True,True,0.1293693534595363,446.4551086425781,1315.0,6.414666309623628,False,348.0,Seoul,South Korea,2282.0,22261691.61,within_polygon,0.0,True
89,Tianshui,CN,34.57952,105.74238,1212791,0.2934561000002377,1.3275349050126124,0.562,False,0.000896197666793,0.0003110550326181,0.0015946017783014,0.0,True,True,0.2934561000002377,528.0335083007812,611.0,5.532523941838416,False,5827.0,Tianshui,China,48.0,584188.6461,within_polygon,0.0,True
90,Haiphong,VN,20.86481,106.68345,2625200,0.0714270100110461,4.53192950331885,0.3986,False,0.0008755768894566,-3.366235461207609e-05,0.0019457533547552,0.1169999999999999,False,False,0.0714270100110461,600.0,1694.0,2.5877902915309345,False,3874.0,Hải Phòng,Vietnam,221.0,922306.6795,within_polygon,0.0,True
91,Changwon,KR,35.22806,128.68111,1025702,0.2072810476453046,1.6327153429465395,0.376,True,0.0008700584934065,0.0001483121294334,0.0016925404970798,0.0224999999999999,True,True,0.2072810476453046,425.8367614746094,1396.0,6.908779725169293,False,3324.0,Changwon,South Korea,110.0,668434.074,within_polygon,0.0,True
92,Kaohsiung,TW,22.61626,120.31333,2737660,0.3681412361152513,1.1596856641489808,0.0956,False,0.0007876052972501,-0.0005893739314591,0.0021888046072442,0.4155,False,False,0.3681412361152513,209.50657653808597,1990.0,2.8664741308134767,False,1919.0,Kaohsiung,Taiwan,372.0,2294771.919,within_polygon,0.0,True
93,Vadodara,IN,22.29941,73.20812,1822221,0.0722415566693286,8.30090791180288,1.6367,False,0.0007753986476834,0.0002025649499052,0.0014310177372404,0.002,True,True,0.0722415566693286,230.3549652099609,891.0,16.9649676405298,False,7021.0,Vadodara,India,214.0,2269389.884,within_polygon,0.0,True
94,Langfang,CN,39.52079,116.71471,868066,0.1032498746941712,10.69657434958424,0.5703,True,0.0007721279813353,0.0002566857307108,0.0013174704850387,0.0,True,True,0.1032498746941712,184.2429351806641,548.0,12.859938284997147,False,8975.0,Langfang,China,144.0,512854.2475,within_polygon,0.0,True
95,Hanoi,VN,21.0245,105.84117,8053663,0.08338389,0.3662165255207696,0.1071,False,0.0007661094018628,-0.0021939410903894,0.0026238545484459,0.7110000000000001,False,False,0.08338389,273.5119934082031,1628.0,1.9750752720214384,False,1999.0,Hanoi,Vietnam,925.0,4965520.0,within_polygon,0.0,True
96,Caloocan,PH,14.64953,120.96788,1712945,0.3198267016083664,0.091554131380235,0.4215,False,0.0007599218058339,0.0007599218058339,0.0007599218058339,0.0089999999999998,True,True,0.3198267016083664,240.3080596923828,2258.0,2.699549179196848,False,2323.0,Manila,Philippines,2555.0,25921189.32,within_polygon,0.0,True
97,Dongying,CN,37.46271,118.49165,998968,0.0850820200001394,1.1596856641489808,2.0596,True,0.0007503506881893,0.0004929263375389,0.0007503506881893,0.0,True,True,0.0850820200001394,203.51611328125,604.0,17.180003744732034,False,9757.0,Dongying,China,187.0,646178.0296,within_polygon,0.0,True
98,Incheon,KR,37.45646,126.70515,3015482,0.1299214000302797,21.896696421759373,0.6391,True,0.0007501877106964,0.0002689295014475,0.0012369028753423,0.0,True,True,0.1299214000302797,387.766357421875,1259.0,7.101012323889473,False,348.0,Seoul,South Korea,2282.0,22261691.61,within_polygon,0.0,True
99,Taiyuan,CN,37.86944,112.56028,4303673,0.1791104881897064,0.1373311970702957,0.6424,True,0.0007481143005881,0.0006934087391053,0.0007481143005881,0.0155,True,True,0.1791104881897064,256.29119873046875,412.0,3.390299386532964,False,8326.0,Taiyuan,China,367.0,4332180.125,within_polygon,0.0,True
100,Zhenjiang,CN,32.21086,119.45508,950516,0.05357852,9.048599984741031,0.1582,False,0.0007220839788225,-0.0003598339920611,0.0018659706994761,0.3334999999999999,False,False,0.05357852,267.0880126953125,1005.0,2.524998885224889,False,11015.0,Zhenjiang,China,90.0,782534.4796,within_polygon,0.0,True
101,Giza,EG,30.00944,31.20861,4367343,0.2299891999999745,17.608911268787722,0.1375,True,0.00070556806689,0.0001094598125627,0.0013921614717881,0.03,True,True,0.2299891999999745,236.0592193603516,26.0,1.197937229773541,False,4605.0,Cairo,Egypt,1680.0,25230324.96,within_polygon,0.0,True
102,Ankang,CN,32.68,109.01722,870126,0.0616723443335407,23.49889372091252,0.5842,False,0.0006825083072401,0.0001954378221154,0.0012248434299897,0.0004999999999999,True,True,0.0616723443335407,509.4773864746094,914.0,2.1926193258491864,False,8635.0,Ankang,China,105.0,807066.4361,within_polygon,0.0,True
103,Suwon,KR,37.29111,127.00889,1234582,0.1291057000001796,2.655069810025225,0.6391,True,0.0006359158262189,0.0002248553384981,0.0011049711007059,0.0,True,True,0.1291057000001796,338.2337341308594,1315.0,12.496469967354347,False,348.0,Seoul,South Korea,2282.0,22261691.61,within_polygon,0.0,True
104,Pimpri-Chinchwad,IN,18.61867,73.80375,1727692,0.1354138,5.645838101777713,2.5294,False,0.0006171175405221,0.0002232672410458,0.0010910841725212,0.0,True,True,0.1354138,311.8620300292969,1138.0,19.612134255508877,False,8258.0,Pune,India,580.0,6674000.048,within_polygon,0.0,True
105,Chiba,JP,35.6,140.11667,979768,0.7891407000048927,0.0762951094835102,1.0304,False,0.0006153195528436,0.0006153195528436,0.0006153195528436,0.0,True,True,0.7891407000048927,260.20001220703125,1376.0,3.375080387177573,False,5929.0,Tokyo,Japan,5165.0,33155906.87,within_polygon,0.0,True
106,Cali,CO,3.43054,-76.5199,2392877,0.3503494944669512,0.106813153276903,0.1145,False,0.0006105155087874,-0.0003694286458395,0.0006105155087874,0.3594999999999999,False,False,0.3503494944669512,270.05010986328125,1832.0,7.326531954680867,False,1158.0,Cali,Colombia,186.0,2691615.942,within_polygon,0.0,True
107,Barquisimeto,VE,10.0647,-69.35703,1240714,0.4172064835994755,19.62310215915164,1.5713,False,0.0005986854645656,0.0002231788041404,0.0010451086370402,0.0,True,True,0.4172064835994755,279.1226806640625,964.0,17.463442359662942,False,2614.0,Barquisimeto,Venezuela,139.0,853705.7149,within_polygon,0.0,True
108,Tangerang,ID,-6.17806,106.63,1912679,0.2445076999837557,0.7324330510414825,0.2499,False,0.0005862220146996,-1.036897514979511e-05,0.0012504614267452,0.1109999999999999,False,False,0.2445076999837557,217.17312622070312,2285.0,15.863102948470502,False,5472.0,Jakarta,Indonesia,4614.0,40545125.86,within_polygon,0.0,True
109,Mysuru,IN,12.29791,76.63925,920550,0.0643349354158487,3.189135576409569,2.2097,False,0.0005723038697131,0.0002009788193956,0.00083953289685,0.0,True,True,0.0643349354158487,454.8702697753906,723.0,13.861406656238096,False,9390.0,Mysuru,India,142.0,1297639.195,within_polygon,0.0,True
110,Bucheon-si,KR,37.49889,126.78306,850731,0.1299450930209851,3.570611123827007,0.6391,True,0.000571231348487,0.0002000369447814,0.0009909100519071,0.0,True,True,0.1299450930209851,455.4380493164063,1259.0,9.98754344425012,False,348.0,Seoul,South Korea,2282.0,22261691.61,within_polygon,0.0,True
111,Tripoli,LY,32.88743,13.18733,1302947,0.0913415484777827,13.488975356679646,0.2372,True,0.0005650613683371,0.0001188310637474,0.0010954979640199,0.01,True,True,0.0913415484777827,324.6783447265625,331.0,3.204420033548859,False,258.0,Tripoli,Libya,465.0,1248354.011,within_polygon,0.0,True
112,Beirut,LB,33.89332,35.50157,1916100,0.3636114465008213,19.30266269932099,0.1822,True,0.0005301694941249,-4.2965875097498296e-05,0.0011539892591182,0.1505,False,False,0.3636114465008213,455.3077697753906,939.0,1.7684668153955374,False,458.0,Beirut,Lebanon,199.0,1538385.522,within_polygon,0.0,True
113,Yibin,CN,28.7593,104.63994,836340,0.2324686612517436,67.002365148394,0.7861,False,0.0005162069294723,0.0001457609461879,0.0009278182293975,0.0015,True,True,0.2324686612517436,390.972900390625,1152.0,3.38064258936918,False,7901.0,Yibin,China,37.0,234841.4453,within_polygon,0.0,True
114,Havana,CU,23.13302,-82.38304,2163824,0.0697232325262081,4.592965590905635,0.1134,False,0.0005034226792101,4.3504630703865296e-05,0.001020372433894,0.0629999999999999,True,True,0.0697232325262081,328.41571044921875,1315.0,2.7575855890063075,False,367.0,Havana,Cuba,321.0,1632771.662,within_polygon,0.0,True
115,Guwahati,IN,26.1844,91.7458,962334,0.5471443669493168,11.734187838559592,0.0952,True,0.0005028785885829,-0.0038115577722043,0.0047189884872142,0.9105,False,False,0.5471443669493168,300.69305419921875,1713.0,5.507508815566938,False,11500.0,Guwahati,India,194.0,1375936.954,within_polygon,0.0,True
116,Dhaka,BD,23.7104,90.40744,10356500,0.1949473000000002,0.4882887006943406,0.0607,True,0.000501866092094,-0.0083603291251546,0.0040394659854371,0.947,False,False,0.1949473000000002,267.74822998046875,2145.0,1.8597388917786213,False,6090.0,Dhaka,Bangladesh,6611.0,37307159.73,within_polygon,0.0,True
117,San Jose,US,37.33939,-121.89496,997368,0.5581442998560356,1.2207217517357662,0.9056,True,0.000496426350033,4.1933674113270494e-05,0.0006725883656629,0.052,True,True,0.5581442998560356,272.7223205566406,403.0,17.783360745851873,False,1461.0,San Francisco,United States,1614.0,4718348.828,within_polygon,0.0,True
118,Kota,IN,25.18254,75.83907,1001694,0.0572934900065894,26.108186465247627,0.5691,False,0.000491096082124,-7.974285590479305e-05,0.0011051613465398,0.1859999999999999,False,False,0.0572934900065894,464.3928527832031,719.0,3.573697289176253,False,8234.0,Kota,India,132.0,1220154.188,within_polygon,0.0,True
119,Jiaozuo,CN,35.23925,113.23914,865413,0.0894723600000021,4.974441138323073,2.4451,True,0.0004495476012168,0.0001540478204035,0.0008058822757498,0.0,True,True,0.0894723600000021,353.5187683105469,576.0,17.785109917555534,False,9113.0,Jiaozuo,China,135.0,723574.9448,within_polygon,0.0,True
120,Taipei,TW,25.05306,121.52639,7871900,0.3369818386905979,0.2288853284504739,0.0507,False,0.0004195205423698,-0.0009367516973735,0.0018943580637169,0.6665000000000001,False,False,0.3369818386905979,121.80533599853516,3055.0,12.4933029549212,False,1142.0,Taipei,Taiwan,972.0,9686521.352,within_polygon,0.0,True
121,Agra,IN,27.18333,78.01667,1430055,0.0807868441135139,16.983291371023142,0.1594,True,0.0004130453731711,-0.0017174006004168,0.0026945205828749,0.79,False,False,0.0807868441135139,415.8485412597656,794.0,0.851027348032077,False,8660.0,Agra,India,209.0,2790455.796,within_polygon,0.0,True
122,New Taipei City,TW,25.06199,121.45703,4004367,0.3321715041340599,0.5188067444877333,0.0507,False,0.0004106270631025,-0.0009592436771925,0.0017061431927624,0.687,False,False,0.3321715041340599,189.5024871826172,2693.0,8.201788204387995,False,1142.0,Taipei,Taiwan,972.0,9686521.352,within_polygon,0.0,True
123,Linyi,CN,35.06306,118.34278,2743843,0.0818507500000001,0.5951018539711868,0.8114,True,0.0003796795217104,0.0001432454484555,0.0003796795217104,0.0009999999999998,True,True,0.0818507500000001,224.00645446777344,796.0,16.843507285824703,False,10199.0,Linyi,China,829.0,1555397.381,within_polygon,0.0,True
124,Bekasi,ID,-6.2349,106.9896,2564940,0.2359025999999658,0.793469138628268,0.2499,False,0.0003695291061639,-1.5281822307495295e-05,0.0008120990981101,0.1205,False,False,0.2359025999999658,233.7062225341797,2145.0,17.295904322981052,False,5472.0,Jakarta,Indonesia,4614.0,40545125.86,within_polygon,0.0,True
125,Pimpri,IN,18.62292,73.80696,1284606,0.1354138,5.645838101777713,2.5294,False,0.000359197196582,0.0001274083604583,0.0006371388735635,0.0,True,True,0.1354138,440.5750732421875,1138.0,19.05087445115642,False,8258.0,Pune,India,580.0,6674000.048,within_polygon,0.0,True
126,Bhubaneswar,IN,20.27241,85.83385,885363,0.0658473024412692,13.229571984435836,1.3414,False,0.0003474043925275,7.139984301811629e-05,0.0006828435154962,0.016,True,True,0.0658473024412692,377.0162048339844,1565.0,16.17039247653336,False,11122.0,Bhubaneshwar,India,155.0,1173697.418,within_polygon,0.0,True
127,Pingdingshan,CN,33.73091,113.31554,979130,0.0720692848428089,0.1525902189670205,0.2273,True,0.0003472585029559,-0.0003447612982385,0.0003472585029559,0.3925,False,False,0.0720692848428089,246.779052734375,761.0,8.930517090704994,False,9409.0,Pingdingshan,China,121.0,703495.1341,within_polygon,0.0,True
128,Ulsan,KR,35.53722,129.31667,1098421,0.1786687466094599,0.106813153276903,0.1467,True,0.0003399052354951,-0.0001007864517297,0.0003399052354951,0.2124999999999999,False,False,0.1786687466094599,401.5296936035156,1241.0,5.140750290729801,False,3831.0,Ulsan,South Korea,199.0,887567.7324,within_polygon,0.0,True
129,Natal,BR,-5.795,-35.20944,896708,0.0874660044554751,26.21499961852448,0.3037,False,0.0003325867328523,0.0001241945875274,0.0005651338887189,0.0,True,True,0.0874660044554751,545.1959838867188,1439.0,3.385927282411228,False,8363.0,Natal,Brazil,210.0,1133223.558,within_polygon,0.0,True
130,Antipolo,PH,14.62578,121.12251,913712,0.3849308817020014,0.3967345693141624,0.3367,False,0.0003314198522643,4.701257432291259e-05,0.0003908803154227,0.038,True,True,0.3849308817020014,341.6148681640625,2273.0,17.099947866912323,False,2323.0,Manila,Philippines,2555.0,25921189.32,within_polygon,0.0,True
131,Wenzhou,CN,27.99942,120.66682,2650000,0.0686242899999701,0.0457770656901175,0.2598,False,0.0003306022888904,0.0002252022240566,0.0003306022888904,0.0375,True,True,0.0686242899999701,239.22329711914065,1528.0,2.5667036269480707,False,11630.0,Wenzhou,China,514.0,3838181.83,within_polygon,0.0,True
132,Panjin,CN,41.121,122.0739,1166481,0.1240245000000066,0.9460593575952316,1.571,True,0.0003149296385248,0.0002065743309335,0.0003149296385248,0.0,True,True,0.1240245000000066,181.6923828125,597.0,22.182548288641573,False,9701.0,Panjin,China,81.0,577711.9971,within_polygon,0.0,True
133,Managua,NI,12.13282,-86.2504,973087,0.6997626999999993,0.5951018539711868,0.5376,True,0.0002791380982256,-2.0822950800446715e-05,0.0003092822223204,0.1454999999999999,False,False,0.6997626999999993,394.2102355957031,1478.0,17.885559097502387,False,362.0,Managua,Nicaragua,216.0,1436088.514,within_polygon,0.0,True
134,Ottawa,CA,45.41117,-75.69812,1017449,0.1030978999999999,13.519493400473038,0.1017,False,0.0002719925024275,-0.0005799173362205,0.0011579694106342,0.655,False,False,0.1030978999999999,348.5962219238281,922.0,3.602642792835557,False,3494.0,Ottawa,Canada,208.0,604618.1703,within_polygon,0.0,True
135,Beijing,CN,39.9075,116.39723,18960744,0.1370146489373686,5.218585488670215,0.5703,True,0.0002529408037319,8.536362684613057e-05,0.0004465976104572,0.0,True,True,0.1370146489373686,230.77230834960935,569.0,17.88414889483644,False,8745.0,Beijing,China,2179.0,18150575.83,within_polygon,0.0,True
136,Xi’an,CN,34.25833,108.92861,9600000,0.1007263999999999,8.6366063935302,0.4515,True,0.0002515117993584,7.72506997488152e-05,0.0004475284629426,0.0004999999999999,True,True,0.1007263999999999,228.13194274902344,614.0,15.901550564097764,False,8006.0,Xi'an,China,691.0,5298991.798,within_polygon,0.0,True
137,Jepara,ID,-6.5924,110.671,1257912,0.1135043000000001,0.0305180437934495,0.4829,False,0.0002440175633789,0.0002440175633789,0.0002440175633789,0.014,True,True,0.1135043000000001,321.5424194335937,2618.0,1.7422983269701109,False,6998.0,Jepara,Indonesia,169.0,682383.7687,within_polygon,0.0,True
138,Zigong,CN,29.34162,104.77689,1262064,0.209717,0.9918364232852924,0.9115,False,0.0002421462513756,7.48659079897334e-05,0.000263836947325,0.0004999999999999,True,True,0.209717,256.50396728515625,1159.0,22.404711089733848,False,7672.0,Zigong,China,83.0,414628.4234,within_polygon,0.0,True
139,Busan,KR,35.10168,129.03004,3285147,0.1661660969867312,28.53437094682232,0.139,False,0.0002305254564494,-2.961295205615027e-05,0.0005285626858169,0.1705000000000001,False,False,0.1661660969867312,608.4011840820312,1441.0,0.811974975748829,False,3920.0,Busan,South Korea,355.0,3263408.049,within_polygon,0.0,True
140,Daegu,KR,35.87028,128.59111,2365523,0.212614409616326,2.532997634851654,0.1467,True,0.000217891965716,-4.738158337195125e-05,0.0005185310712878,0.2015,False,False,0.212614409616326,323.8189697265625,1082.0,10.96860095030915,False,2920.0,Daegu,South Korea,287.0,2300085.2,within_polygon,0.0,True
141,Bengaluru,IN,12.97194,77.59369,8495492,0.1020980081948443,4.119935912108076,2.6353,False,0.0002141837252329,7.655866955664931e-05,0.0003433422367366,0.0,True,True,0.1020980081948443,469.5596618652344,812.0,20.129319068236917,False,9558.0,Bengaluru,India,1008.0,15178532.9,within_polygon,0.0,True
142,Kingston,JM,17.99702,-76.79358,937700,0.3996163345675977,0.0305180437934495,0.2704,False,0.0001636288480058,0.0001636288480058,0.0001636288480058,0.0,True,True,0.3996163345675977,377.14495849609375,1321.0,3.620369011699103,False,795.0,Kingston,Jamaica,118.0,593374.8263,within_polygon,0.0,True
143,Medan,ID,3.58333,98.66667,2435252,0.1908047019318471,0.1831082627604132,1.2442,False,0.0001521960233025,0.0001521960233025,0.0001521960233025,0.0,True,True,0.1908047019318471,219.6578826904297,2430.0,21.390082899961,False,1646.0,Medan,Indonesia,607.0,4350623.852,within_polygon,0.0,True
144,South Tangerang,ID,-6.28862,106.71789,1404785,0.2550163,1.2359807736324342,0.2499,False,0.0001452925843284,-5.66335235179672e-06,0.0003115024032867,0.123,False,False,0.2550163,250.1710205078125,2225.0,21.760221773268544,False,5472.0,Jakarta,Indonesia,4614.0,40545125.86,within_polygon,0.0,True
145,Setagaya,JP,35.64188,139.64715,940071,0.6109242,0.0305180437934495,1.5877,False,0.0001375596194314,0.0001375596194314,0.0001375596194314,0.0,True,True,0.6109242,249.1000061035156,1545.0,10.097668151213991,False,5929.0,Tokyo,Japan,5165.0,33155906.87,within_polygon,0.0,True
146,Sendai,JP,38.26667,140.86667,1096704,0.358443995853743,14.785992217898864,0.1848,False,0.0001260206090287,-7.861829944299652e-05,0.000362938321055,0.377,False,False,0.358443995853743,389.0,1206.0,12.49914195880178,False,5500.0,Sendai,Japan,298.0,1269674.844,within_polygon,0.0,True
147,Bogotá,CO,4.60971,-74.08175,7674366,0.2128795999903159,0.8545052262150534,0.3176,True,0.0001202890283737,8.971757932850203e-07,0.0002612947540153,0.0969999999999999,True,False,0.2128795999903159,354.3930969238281,1312.0,18.026550080255937,False,3881.0,Bogota,Colombia,534.0,10419360.65,within_polygon,0.0,True
148,Luoyang,CN,34.67345,112.43684,1390581,0.09239673,10.86442359044787,1.4284,True,9.478375575265922e-05,2.8451380527695077e-05,0.000172501886557,0.0004999999999999,True,True,0.09239673,241.1519927978516,607.0,25.4490277070789,False,9025.0,Luoyang,China,340.0,1603585.414,within_polygon,0.0,True
149,Palembang,ID,-2.91673,104.7458,1668848,0.0647146814960711,0.3967345693141624,0.0212,True,9.042149292762258e-05,-0.0009522385945874,0.0010529707629897,0.8955,False,False,0.0647146814960711,226.7239532470703,2530.0,10.250407505539895,False,4968.0,Palembang,Indonesia,245.0,2203124.013,within_polygon,0.0,True
150,Baoji,CN,34.36775,107.23705,1437802,0.2637275969052465,69.19966430151828,0.4814,False,8.616546833398013e-05,2.737423294727152e-05,0.000149496377631,0.0,True,True,0.2637275969052465,526.0692138671875,674.0,5.648410099470091,False,6943.0,Baoji,China,155.0,773900.6475,within_polygon,0.0,True
151,Al Başrah al Qadīmah,IQ,30.50316,47.81507,2015483,0.0807779799930052,0.106813153276903,0.0194,True,8.563931653143841e-05,-0.0006747978514863,0.0004719862410388,0.8654999999999999,False,False,0.0807779799930052,232.0545959472656,151.0,3.935100805466994,False,5201.0,Basra,Iraq,188.0,2131556.447,within_polygon,0.0,True
152,Kennedy,CO,4.6165,-74.14597,979914,0.209905099994845,3.4943160143434966,0.3176,True,6.96374397448048e-05,1.914682824359031e-06,0.0001531480798861,0.088,True,False,0.209905099994845,209.766357421875,1312.0,25.18164934703556,False,3881.0,Bogota,Colombia,534.0,10419360.65,within_polygon,0.0,True
153,Basrah,IQ,30.50852,47.7804,1326564,0.0802772099999999,1.129167620355588,0.0194,True,6.284218389836227e-05,-0.0005363741804631,0.0006473403597988,0.8734999999999999,False,False,0.0802772099999999,226.5775604248047,151.0,6.029802912522257,False,5201.0,Basra,Iraq,188.0,2131556.447,within_polygon,0.0,True
154,Khulna,BD,22.80979,89.56439,1500689,0.1785707941310001,4.364080262455218,0.6085,True,6.173769196178179e-05,-3.6399457566724814e-05,0.0001682660431178,0.3640000000000001,False,False,0.1785707941310001,233.6809234619141,1848.0,28.99120641137531,False,5906.0,Khulna,Bangladesh,126.0,1081072.111,within_polygon,0.0,True
155,Xinxiang,CN,35.19033,113.80151,1047088,0.0947264799999963,8.072022583352464,2.2778,True,5.675551645155852e-05,1.8903826858062e-05,0.000102643866433,0.0,True,True,0.0947264799999963,209.1026763916016,559.0,31.997927031209127,False,9241.0,Xinxiang,China,130.0,870471.0626,nearest_representative_point_le50km,14.06227721672865,True
156,Jinzhong,CN,37.68403,112.75471,1226617,0.1660062000160998,19.43999389639129,0.6424,True,5.542377266519764e-05,1.0828303741720153e-05,0.0001059204786682,0.01,True,True,0.1660062000160998,337.4549865722656,411.0,20.00991202641643,False,8506.0,Jinzhong,China,65.0,445102.0793,within_polygon,0.0,True
157,Sholapur,IN,17.67152,75.91044,997281,0.1578071376906078,10.727092393377632,2.7252,False,5.45804768456626e-05,1.9556750409579385e-05,9.625853792857328e-05,0.0,True,True,0.1578071376906078,364.1421813964844,708.0,28.71134655604204,False,8954.0,Solapur,India,76.0,1109881.787,within_polygon,0.0,True
158,Liupanshui,CN,26.59444,104.83333,1320825,0.1616298438553274,0.9918364232852924,0.0844,False,5.1777484746426405e-05,-0.0001855291584751,0.0003010308450114,0.7675000000000001,False,False,0.1616298438553274,562.401123046875,1072.0,10.173406163953889,False,8629.0,Liupanshui,China,75.0,924181.6794,within_polygon,0.0,True
159,Petaling Jaya,MY,3.10726,101.60671,807879,0.0509691800000053,18.142977035172063,0.8591,False,4.014157512375032e-05,1.319430191007989e-05,7.036400848204903e-05,0.0,True,True,0.0509691800000053,313.5376892089844,2331.0,27.05673898641926,False,1648.0,Kuala Lumpur,Malaysia,1340.0,8413205.796,within_polygon,0.0,True
160,Chengdu,CN,30.66667,104.06667,13568357,0.2469592000001928,8.361943999389666,0.495,False,3.854409003034229e-05,9.608372054199508e-06,7.144820214034363e-05,0.0044999999999999,True,True,0.2469592000001928,210.071044921875,931.0,28.736710454830003,False,6378.0,Chengdu,China,867.0,5609626.82,within_polygon,0.0,True
161,Changzhi,CN,36.18389,113.10528,1214940,0.0989742381105521,9.35378042267496,2.4451,True,3.543453867513183e-05,1.2034516440258153e-05,6.345309384537258e-05,0.0,True,True,0.0989742381105521,218.19586181640625,601.0,34.22981005080626,False,8895.0,Changzhi,China,114.0,590097.966,within_polygon,0.0,True
162,Taizhou,CN,32.49069,119.90812,1607108,0.0583105917944863,6.042572671091818,0.1582,False,3.165049655297781e-05,-1.3803285001313947e-05,8.166913538271398e-05,0.3189999999999999,False,False,0.0583105917944863,229.90362548828125,985.0,21.407592189123765,False,11037.0,Taizhou,China,118.0,355520.3957,within_polygon,0.0,True
163,Gazipur,BD,23.99844,90.42234,2674697,0.1960511,1.6174563210498718,0.0607,True,2.933684224548129e-05,-0.0004664023227612,0.0005103280681219,0.9465,False,False,0.1960511,227.94357299804688,2121.0,22.780264572050623,False,6090.0,Dhaka,Bangladesh,6611.0,37307159.73,within_polygon,0.0,True
164,Multan,PK,30.19679,71.47824,2169915,0.1521000982379538,22.41550316624705,0.1093,True,2.747009937493442e-05,-4.53495615671783e-05,0.0001070450825594,0.591,False,False,0.1521000982379538,319.241943359375,157.0,13.936799976815438,False,6912.0,Multan,Pakistan,268.0,2970059.131,within_polygon,0.0,True
165,Liaocheng,CN,36.45064,116.00247,1229768,0.0541538398080472,1.0681315327688026,1.6904,True,2.5218804814582957e-05,1.3086491701864336e-05,2.5218804814582957e-05,0.0,True,True,0.0541538398080472,202.4702911376953,588.0,32.76515284883505,False,9481.0,Liaocheng,China,127.0,530298.9758,within_polygon,0.0,True
166,Valencia,VE,10.16153,-68.00044,1619470,0.1146405999959031,1.3427939269093372,1.6437,False,2.46839178901176e-05,1.1271279868977578e-05,2.46839178901176e-05,0.0,True,True,0.1146405999959031,256.42413330078125,1174.0,34.51950388715642,False,3109.0,Valencia,Venezuela,330.0,1601248.835,within_polygon,0.0,True
167,Kallakurichi,IN,11.73379,78.95925,1682687,0.07896554,7.858396276798658,1.7572,True,2.4281377783598855e-05,7.709834764843025e-06,4.388277053135459e-05,0.0,True,True,0.07896554,308.8377990722656,970.0,32.00793720256394,False,10024.0,Kallakurichi,India,15.0,84980.78138,within_polygon,0.0,True
168,Heze,CN,35.23929,115.47358,1346717,0.1273150867469405,0.2594033722438666,0.9261,True,2.251571264893885e-05,1.4880687693274455e-05,2.251571264893885e-05,0.0235,True,True,0.1273150867469405,183.7837677001953,628.0,28.87308810728661,False,9579.0,Heze,China,144.0,450571.5074,within_polygon,0.0,True
169,Shivaji Nagar,IN,18.53017,73.85263,1000000,0.1458257,0.2899214160372594,2.5294,False,2.238555473123944e-05,2.238555473123944e-05,2.238555473123944e-05,0.0,True,True,0.1458257,414.0531311035156,686.0,22.23207608840188,False,8258.0,Pune,India,580.0,6674000.048,within_polygon,0.0,True
170,Caracas,VE,10.48801,-66.87919,3000000,0.1730225400287133,0.0152590218967247,1.2007,False,2.042034761258471e-05,2.042034761258471e-05,2.042034761258471e-05,0.004,True,True,0.1730225400287133,258.7844543457031,1025.0,13.53134292509169,False,3837.0,Caracas,Venezuela,311.0,2667322.485,within_polygon,0.0,True
171,Baoshan,CN,25.11626,99.16366,935618,0.199426,1.2817578393225515,0.4075,False,1.8027984983073723e-05,-5.613866501711013e-06,4.415809875403149e-05,0.2455,False,False,0.199426,374.0596008300781,1085.0,27.31000489710512,False,5681.0,Baoshan,China,84.0,307082.7945,within_polygon,0.0,True
172,Handan,CN,36.60999,114.48764,1358318,0.1106007000579147,3.8147554741741487,2.7657,True,1.4961671246194909e-05,5.279814060405384e-06,2.1006966030205707e-05,0.0,True,True,0.1106007000579147,222.9814910888672,561.0,39.82701572687744,False,9107.0,Handan,China,251.0,2099936.867,within_polygon,0.0,True
173,Indore,IN,22.71792,75.8333,1994397,0.0668241401186886,0.6408789196613043,2.336,False,1.4940004805608672e-05,1.4940004805608672e-05,1.4940004805608672e-05,0.0,True,True,0.0668241401186886,253.0897979736328,964.0,32.10972620014968,False,8565.0,Indore,India,281.0,3598874.472,within_polygon,0.0,True
174,Depok,ID,-6.4,106.81861,2145400,0.2647448,11.779964904249653,0.2499,False,1.387779415677878e-05,-6.751747451740191e-07,3.0709690838986406e-05,0.1265,False,False,0.2647448,264.6269226074219,2925.0,33.02210438613376,False,5472.0,Jakarta,Indonesia,4614.0,40545125.86,within_polygon,0.0,True
175,Kolwezi,CD,-10.71484,25.46674,790248,0.0596853308455603,30.991073472190465,0.5986,False,1.3818388655759344e-05,-4.482444750276959e-06,3.4034170878670785e-05,0.258,False,False,0.0596853308455603,369.0949096679688,1274.0,24.34280768624897,False,5434.0,Kolwezi,Democratic Republic of the Congo,82.0,450630.548,within_polygon,0.0,True
176,Taichung,TW,24.1469,120.6839,2850285,0.5903575,2.3651483939879654,0.0511,False,1.254850314375e-05,-2.823964905314729e-05,5.458721124056537e-05,0.6395,False,False,0.5903575,443.689697265625,2072.0,21.470808951212064,False,906.0,Taichung,Taiwan,313.0,2318377.157,within_polygon,0.0,True
177,Pune,IN,18.51957,73.85535,3124458,0.1458257,0.1678492408636884,2.5294,False,1.1486070368725823e-05,1.1486070368725823e-05,1.1486070368725823e-05,0.0,True,True,0.1458257,407.9278259277344,686.0,22.971530526555007,False,8258.0,Pune,India,580.0,6674000.048,within_polygon,0.0,True
178,Aurangabad,IN,19.87757,75.34226,1175116,0.0945352192163259,9.796292057679125,2.7271,False,8.714882584437593e-06,3.096644419045499e-06,1.5308654333125667e-05,0.0,True,True,0.0945352192163259,415.62115478515625,726.0,35.78221898546021,False,8672.0,Chhatrapati Sambhajinagar,India,126.0,1542902.341,within_polygon,0.0,True
179,Shenyang,CN,41.79222,123.43278,7050000,0.0998792262887538,1.3275349050126124,1.7943,True,7.412707708519327e-06,3.896806972735612e-06,7.412707708519327e-06,0.0,True,True,0.0998792262887538,251.6791534423828,673.0,38.95666934077452,False,9779.0,Shenyang,China,748.0,6175249.766,within_polygon,0.0,True
180,Kuala Lumpur,MY,3.1412,101.68653,1453975,0.0504047260380783,1.7395284962234427,0.8591,False,7.280506355712159e-06,2.469142439068733e-06,1.3017520717775924e-05,0.0,True,True,0.0504047260380783,369.849609375,2309.0,36.42053579388946,False,1648.0,Kuala Lumpur,Malaysia,1340.0,8413205.796,within_polygon,0.0,True
181,Blantyre,MW,-15.78499,35.00854,902588,0.1351129930442335,4.104676890211351,0.1713,False,6.680133844755168e-06,-1.5906286748168853e-05,3.1573808699378185e-05,0.69,False,False,0.1351129930442335,327.522216796875,1111.0,28.12492530203392,False,873.0,Blantyre,Malawi,191.0,941888.0305,within_polygon,0.0,True
182,Xuchang,CN,34.03189,113.86299,1265536,0.0894938719935299,4.058899824521291,1.526,True,3.616357162117631e-06,1.0736648918023115e-06,6.577038676394808e-06,0.0004999999999999,True,True,0.0894938719935299,210.1138610839844,710.0,44.30804607910388,False,9429.0,Xuchang,China,352.0,1821623.73,within_polygon,0.0,True
183,Anshan,CN,41.12361,122.99,1450000,0.1456538782815366,0.1983672846570812,1.7737,True,2.976771155298167e-06,2.976771155298167e-06,2.976771155298167e-06,0.0,True,True,0.1456538782815366,236.4249267578125,690.0,35.47408126492566,False,9881.0,Anshan,China,191.0,1495742.503,within_polygon,0.0,True
184,Lubumbashi,CD,-11.66089,27.47938,2221925,0.1269135000001872,43.121995880064105,0.5065,False,2.839621737117903e-06,-2.055881142380865e-06,8.265659299909714e-06,0.4225000000000001,False,False,0.1269135000001872,223.46115112304688,1135.0,34.81068401711484,False,6321.0,Lubumbashi,Democratic Republic of the Congo,354.0,2907723.958,within_polygon,0.0,True
185,Addis Ababa,ET,9.02497,38.74689,3860000,0.0987208442743054,16.52552071412225,2.3129,False,2.8194569339276605e-06,1.0492545368157678e-06,4.871783681492349e-06,0.0,True,True,0.0987208442743054,459.8425598144531,1130.0,39.539854059055386,False,5862.0,Addis Ababa,Ethiopia,465.0,7280462.518,within_polygon,0.0,True
186,Comilla,BD,23.46186,91.18503,1030000,0.2488164092290879,3.0518043793393304,0.5728,True,2.6682216159197027e-06,-2.120612320383724e-06,8.002515629297542e-06,0.439,False,False,0.2488164092290879,228.96910095214844,2233.0,45.97290692276194,False,6090.0,Dhaka,Bangladesh,6611.0,37307159.73,within_polygon,0.0,True
187,Jerusalem,IL,31.76904,35.21633,971800,0.2469425443693514,29.907682917525,0.2634,True,1.707265361990725e-06,3.38023119115846e-07,3.1575186939809707e-06,0.0135,True,True,0.2469425443693514,456.1331481933594,383.0,28.666171782012192,False,2289.0,Jerusalem,Israel,79.0,1022929.273,within_polygon,0.0,True
188,Pyongyang,KP,39.03385,125.75432,3222000,0.1516701309305629,29.480430304417496,1.418,True,1.532334130254123e-06,5.846690779227911e-07,2.617020214579421e-06,0.0,True,True,0.1516701309305629,615.4934692382812,1062.0,35.74982510574854,False,3739.0,P'yŏngyang,North Korea,228.0,2868313.037,within_polygon,0.0,True
189,Kyoto,JP,35.02107,135.75385,1463723,0.3363467999654756,1.022354467078685,0.664,False,8.994660704178545e-07,3.099619194728326e-07,1.3932253853739571e-06,0.0,True,True,0.3363467999654756,328.29998779296875,1690.0,48.01917459566171,False,4399.0,Osaka,Japan,2212.0,12653994.42,within_polygon,0.0,True
190,Malang,ID,-7.9797,112.6304,847182,0.2511457000002879,0.5798428320745188,0.2774,False,8.776195985724528e-07,-4.286829669709554e-07,1.843749421766088e-06,0.3165,False,False,0.2511457000002879,299.45806884765625,2857.0,47.38555879812772,False,7468.0,Malang,Indonesia,326.0,1888199.564,within_polygon,0.0,True
191,Medellín,CO,6.245,-75.57151,1999979,0.1971214240095512,0.0152590218967247,0.5965,True,8.566869730858729e-07,8.566869730858729e-07,8.566869730858729e-07,0.0095,True,True,0.1971214240095512,323.5350341796875,2467.0,31.294794897603676,False,2676.0,Medellín,Colombia,233.0,3215457.351,within_polygon,0.0,True
192,Damascus,SY,33.5102,36.29128,1569394,0.1947431999999904,0.6561379415579722,0.1822,True,6.73029755562284e-07,-6.858677208543415e-08,1.5263009740733853e-06,0.1525,False,False,0.1947431999999904,267.14776611328125,383.0,40.74972040179098,False,1619.0,Damascus,Syria,270.0,3771637.934,within_polygon,0.0,True
193,Gwangju,KR,35.15472,126.91556,1401235,0.1201671,0.3356984817273769,0.3956,False,6.674624721634217e-07,2.2547002244670323e-07,6.674624721634217e-07,0.0009999999999998,True,True,0.1201671,404.3482055664063,1350.0,41.7209189048076,False,2667.0,Gwangju,South Korea,190.0,1428491.527,within_polygon,0.0,True
194,Amman,JO,31.95522,35.94503,1275857,0.1517072145721601,2.105745021744156,0.2634,True,6.400844697075083e-07,1.4208049177877262e-07,1.2055758735370843e-06,0.0129999999999999,True,True,0.1517072145721601,422.46490478515625,325.0,37.72202782183565,False,992.0,Amman,Jordan,520.0,6425245.979,within_polygon,0.0,True
195,Puning,CN,23.31072,116.16869,874954,0.0537996565096425,0.6256198977645795,0.0714,False,6.155005010132267e-07,-2.5165490213427013e-06,3.80580650850266e-06,0.7789999999999999,False,False,0.0537996565096425,328.3429870605469,1590.0,35.778460739919204,False,11407.0,Shantou,China,1961.0,10579302.53,within_polygon,0.0,True
196,Qingyang,CN,35.70976,107.64455,2125400,0.0669624900083473,93.69039444571604,0.2095,True,5.39952270602856e-07,-3.568037880193735e-08,1.1492777003394965e-06,0.1305,False,False,0.0669624900083473,293.6593017578125,551.0,25.244481686979565,False,6409.0,Qingyang,China,29.0,201935.6099,within_polygon,0.0,True
197,Salem,IN,11.65376,78.15538,917414,0.08556316,0.1525902189670205,2.2328,True,4.997142860270237e-07,4.997142860270237e-07,4.997142860270237e-07,0.0,True,True,0.08556316,280.0541687011719,875.0,40.93274648833618,False,9800.0,Salem,India,155.0,1299777.365,within_polygon,0.0,True
198,Kunming,CN,25.03889,102.71833,3855346,0.2247326999966429,0.3204394598306521,0.1242,False,3.356685715909279e-07,-9.62276305586635e-07,8.68871601920486e-07,0.7264999999999999,False,False,0.2247326999966429,233.0612030029297,928.0,45.263394465658926,False,8013.0,Kunming,China,362.0,3218009.543,within_polygon,0.0,True
199,Tiruppur,IN,11.11541,77.35456,963173,0.0790061099999997,6.439307240405924,1.306,True,3.315665642735338e-07,9.981095702207494e-08,5.967254161289375e-07,0.0,True,True,0.0790061099999997,364.5045471191406,589.0,49.11430994792621,False,9620.0,Tiruppur,India,187.0,1156669.218,within_polygon,0.0,True
200,Fushun,CN,41.88669,123.94363,1400646,0.0714560299394532,0.4730296787976158,1.9705,True,2.6350394759514496e-07,2.6350394759514496e-07,2.6350394759514496e-07,0.0,True,True,0.0714560299394532,305.089599609375,718.0,48.02573761554028,False,9879.0,Fushun,China,128.0,852127.9579,within_polygon,0.0,True
201,Meishan,CN,30.04392,103.83696,1107742,0.3372052999999958,9.704737926298948,0.7209,False,2.3526340848704938e-07,7.163183756303862e-08,4.320314027484881e-07,0.0004999999999999,True,True,0.3372052999999958,266.9643859863281,1298.0,54.449201404115385,False,6844.0,Meishan,China,111.0,661433.3033,within_polygon,0.0,True
202,Tangshan,CN,39.64381,118.18319,3372102,0.3162972999999999,0.2288853284504739,0.9489,True,1.5904333389553664e-07,1.5904333389553664e-07,1.5904333389553664e-07,0.0,True,True,0.3162972999999999,319.5663452148437,621.0,48.69996845772576,False,9229.0,Tangshan,China,455.0,2651178.671,within_polygon,0.0,True
203,Weifang,CN,36.71,119.10194,2044028,0.0536312100003509,0.2441443503471987,1.4478,True,1.348122234628772e-07,1.348122234628772e-07,1.348122234628772e-07,0.0,True,True,0.0536312100003509,227.6941070556641,691.0,50.28162268134629,False,10073.0,Weifang,China,235.0,961427.8535,within_polygon,0.0,True
204,Soweto,ZA,-26.26781,27.85849,1695047,0.108932,47.48607614251927,0.8554,False,1.1792560651695025e-07,4.019079591783912e-08,2.0570514855870437e-07,0.0,True,True,0.108932,395.2037963867188,701.0,45.4579183309256,False,3512.0,Johannesburg,South Africa,1756.0,8592842.571,within_polygon,0.0,True
205,Lucknow,IN,26.83928,80.92313,2472011,0.092923407530698,1.0986495765621953,1.095,True,9.315278130211076e-08,1.4893206708783154e-08,9.346896860413581e-08,0.0289999999999999,True,True,0.092923407530698,235.35450744628903,993.0,60.69847212010058,False,9346.0,Lucknow,India,513.0,5214964.391,within_polygon,0.0,True
206,Xining,CN,36.62554,101.75739,1677177,0.1094059,27.60357061112387,0.6531,False,6.044792135420331e-08,2.0045646660558372e-08,1.0632543071983912e-07,0.0004999999999999,True,True,0.1094059,415.0482177734375,397.0,49.35382130959234,False,3780.0,Xining,China,146.0,1423664.939,within_polygon,0.0,True
207,Daejeon,KR,36.34913,127.38493,1441203,0.1340866,15.53368429083696,0.59,True,6.005393629582567e-08,1.4050030416033321e-08,1.0555903554456245e-07,0.0044999999999999,True,True,0.1340866,315.70611572265625,1302.0,56.11089282215968,False,2241.0,Daejeon,South Korea,204.0,1504228.783,within_polygon,0.0,True
208,Dodoma,TZ,-6.17221,35.73947,765179,0.189315614930807,44.876783398184216,2.8545,False,5.6511767885969806e-08,2.1313259787174363e-08,9.743680761301445e-08,0.0,True,True,0.189315614930807,299.6851806640625,583.0,58.66457806656322,False,3079.0,Dodoma,Tanzania,80.0,267332.8444,within_polygon,0.0,True
209,Gwalior,IN,26.22983,78.17337,1054420,0.0816219629180576,44.38849469748993,1.1912,True,4.8166977239862135e-08,1.0535698401449972e-08,9.030520670976156e-08,0.0084999999999999,True,True,0.0816219629180576,430.6668395996094,915.0,51.2505965193506,False,8806.0,Gwalior,India,122.0,1529322.651,within_polygon,0.0,True
210,Johannesburg,ZA,-26.20227,28.04363,9418183,0.1584781514039589,70.71030746929125,0.8554,False,1.8602399924541268e-08,6.2453812007353724e-09,3.2311783951533915e-08,0.0,True,True,0.1584781514039589,355.59576416015625,720.0,52.32961775105311,False,3512.0,Johannesburg,South Africa,1756.0,8592842.571,within_polygon,0.0,True
211,Zarqa,JO,32.07275,36.08796,792665,0.1103541999999981,50.58365758754866,0.2634,True,1.5409152664978725e-08,3.309658655774288e-09,2.856355898794109e-08,0.0109999999999998,True,True,0.1103541999999981,292.1699523925781,221.0,50.65887089580094,False,992.0,Amman,Jordan,520.0,6425245.979,within_polygon,0.0,True
212,Sanhe,CN,39.98049,117.06887,965075,0.1181934999923526,12.481879911497684,1.0174,True,1.2834426076257588e-08,4.801340883648031e-09,2.25221151904398e-08,0.0,True,True,0.1181934999923526,218.5737762451172,541.0,68.0306212679399,False,8947.0,Sanhe,China,91.0,340380.849,within_polygon,0.0,True
213,Rājkot,IN,22.29161,70.79322,1390640,0.1954547999956735,4.287785152971708,1.2249,False,8.910568479958237e-09,2.5502881980087134e-09,1.6517173464236514e-08,0.0029999999999998,True,True,0.1954547999956735,312.34197998046875,607.0,69.71446055523188,False,3823.0,Rajkot,India,130.0,1553761.769,within_polygon,0.0,True
214,Bandung,ID,-6.92222,107.60694,2444160,0.2817743936394322,0.9002822919051141,0.1929,False,7.836513003651931e-09,1.4749793502180374e-10,1.6997754705064748e-08,0.0889999999999999,True,False,0.2817743936394322,294.5260925292969,2273.0,67.33540343947566,False,5748.0,Bandung,Indonesia,988.0,8691180.858,within_polygon,0.0,True
215,Zhaotong,CN,27.31667,103.71667,787845,0.3048376300465372,0.0152590218967247,0.3715,False,7.738392314048773e-09,-2.9846304062414846e-08,7.738392314048773e-09,0.1855,False,False,0.3048376300465372,305.1794738769531,882.0,51.307922653639714,False,7852.0,Zhaotong,China,60.0,295990.254,within_polygon,0.0,True
216,Ashgabat,TM,37.95,58.38333,1030063,0.2575801691258474,12.298771648737327,1.2063,False,6.8795958355776e-09,2.673858275565346e-09,1.1681407278896481e-08,0.0,True,True,0.2575801691258474,283.0121154785156,245.0,70.01556202069145,False,1121.0,Ashgabat,Turkmenistan,123.0,1078866.812,within_polygon,0.0,True
217,Mianyang,CN,31.46784,104.68168,1550000,0.2671537664423017,0.4882887006943406,0.4989,False,4.477183212607225e-09,1.0480985656544922e-09,4.477183212607225e-09,0.0075,True,True,0.2671537664423017,382.3655395507813,951.0,68.66857540647992,False,6664.0,Mianyang,China,107.0,538166.4861,within_polygon,0.0,True
218,Dhanbad,IN,23.79759,86.42992,1196214,0.1588235880529,16.006713969634575,0.6117,True,2.6695712131150403e-09,-7.490940017832946e-10,6.875465776671108e-09,0.2524999999999999,False,False,0.1588235880529,401.5318908691406,1171.0,69.05409564434167,False,10998.0,Dhanbad,India,298.0,2078657.505,within_polygon,0.0,True
219,Ahmedabad,IN,23.02579,72.58727,6357693,0.0785870407568552,16.14404516670487,1.128,False,2.659089633979322e-09,6.02484860461415e-10,4.968097169876147e-09,0.0055,True,True,0.0785870407568552,272.7284545898437,759.0,73.45552146818392,False,6143.0,Ahmedabad,India,365.0,7898649.803,within_polygon,0.0,True
220,Hubballi,IN,15.34776,75.13378,943788,0.0547479081197656,1.37331197070273,2.2387,False,1.7955698116368267e-09,1.0197903201284428e-09,1.7955698116368267e-09,0.0,True,True,0.0547479081197656,464.9909057617188,939.0,73.64393719685143,False,8900.0,Hubli,India,35.0,115698.3462,within_polygon,0.0,True
221,Xingtai,CN,37.06217,114.49272,798770,0.1481206,5.004959182116465,2.0652,True,8.13152979229807e-10,2.920709015774834e-10,1.4154820797774927e-09,0.0,True,True,0.1481206,230.07064819335935,551.0,86.12211140604973,False,9023.0,Xingtai,China,136.0,775750.1638,within_polygon,0.0,True
222,Suzhou,CN,33.63611,116.97889,1647642,0.0637811998549458,8.6366063935302,0.1665,True,1.9809157802246186e-10,-2.5770553090049097e-10,6.734651486183712e-10,0.5465,False,False,0.0637811998549458,210.9528961181641,710.0,79.85345813219351,False,10237.0,Suzhou,China,96.0,956856.3187,within_polygon,0.0,True
223,Nairobi,KE,-1.28333,36.81667,4397073,0.0624027300000072,0.106813153276903,1.1129,False,1.6194035317150484e-10,1.6194035317150484e-10,1.6194035317150484e-10,0.0,True,True,0.0624027300000072,394.0188293457031,1008.0,74.96640039668605,False,1717.0,Nairobi,Kenya,598.0,6646256.557,within_polygon,0.0,True
224,Coimbatore,IN,11.00555,76.96612,2136916,0.0912118499914439,2.2125581750210017,1.76,False,1.4726694366623784e-10,4.9425487201716965e-11,1.865502460709049e-10,0.0,True,True,0.0912118499914439,322.4190979003906,966.0,91.243074911898,False,9510.0,Coimbatore,India,407.0,2360321.836,within_polygon,0.0,True
225,Nanyang,CN,33.00524,112.54659,1811812,0.066139472892516,0.3509575036240449,0.1323,True,1.4083278971349363e-10,-1.5509417483272608e-10,3.7495720530250695e-10,0.5225,False,False,0.066139472892516,212.85964965820312,879.0,82.15549548699089,False,9387.0,Nanyang,China,161.0,768609.6837,within_polygon,0.0,True
226,Suqian,CN,33.94917,118.29583,1437685,0.0827449899982909,5.844205386434737,0.2545,True,1.2165583482653268e-10,-7.789419009070889e-12,2.760051491423e-10,0.1334999999999999,False,False,0.0827449899982909,279.94952392578125,754.0,82.64939249859692,False,10457.0,Suqian,China,197.0,957665.3266,within_polygon,0.0,True
227,Zaozhuang,CN,34.86472,117.55417,899753,0.0514844965701924,7.904173342488775,0.5173,True,6.208339533298919e-11,4.138151729356894e-12,1.283391950671215e-10,0.0669999999999999,True,True,0.0514844965701924,253.9835968017578,717.0,89.10527496928707,False,10125.0,市中区,China,108.0,444791.1128,within_polygon,0.0,True
228,Bijie,CN,27.30193,105.28627,1137383,0.1369299999813432,0.0152590218967247,0.0892,False,5.496625048199433e-11,-1.065696451260294e-09,5.496625048199433e-11,0.7509999999999999,False,False,0.1369299999813432,416.3954162597656,1039.0,71.60428136551405,False,8645.0,Bijie,China,36.0,533543.0123,within_polygon,0.0,True
229,Madurai,IN,9.919,78.11953,1465625,0.0518413650634364,12.314030670634054,0.863,True,2.7362822284118792e-11,5.401651876001717e-12,5.314701728864284e-11,0.018,True,True,0.0518413650634364,229.16986083984372,879.0,96.29667618826151,False,9880.0,Madurai,India,219.0,2184066.155,within_polygon,0.0,True
230,Baoding,CN,38.87288,115.46246,2739887,0.1072925044906819,10.040436408026268,0.7306,True,2.4875028401400063e-11,8.673928572200365e-12,4.321537689269801e-11,0.0,True,True,0.1072925044906819,201.0353240966797,507.0,97.73415394827522,False,8853.0,Baoding,China,205.0,883757.7811,within_polygon,0.0,True
231,Pekanbaru,ID,0.51667,101.44167,1085000,0.1002372737678649,0.6256198977645795,0.389,False,2.2480577588317292e-11,6.600422360437899e-12,3.629812847984543e-11,0.0009999999999998,True,True,0.1002372737678649,203.2120513916016,2707.0,102.23814659471654,False,3586.0,Pekanbaru,Indonesia,234.0,1226040.608,within_polygon,0.0,True
232,Shangqiu,CN,34.4143,115.65613,1859723,0.0612330999999998,0.4730296787976158,0.9261,True,1.0846740032236544e-11,4.076048185910191e-12,1.0846740032236544e-11,0.016,True,True,0.0612330999999998,205.05328369140625,718.0,100.64752208277586,False,9761.0,Shangqiu,China,186.0,779506.7347,within_polygon,0.0,True
233,Kigali,RW,-1.94995,30.05885,1132686,0.0795449316772242,146.8070496681163,3.3303,False,8.584281793849532e-12,3.262071047371868e-12,1.4875974755294908e-11,0.0,True,True,0.0795449316772242,438.3205871582031,1047.0,81.99603921595634,False,597.0,Kigali,Rwanda,286.0,1621760.398,within_polygon,0.0,True
234,Nampula,MZ,-15.11646,39.2666,770379,0.0543753599773965,31.14366369115743,0.1819,False,7.784971441841527e-12,-9.42126002955584e-12,2.662370208466065e-11,0.5075000000000001,False,False,0.0543753599773965,335.9989929199219,1087.0,88.78034614095527,False,3306.0,Nampula,Mozambique,119.0,1028776.293,within_polygon,0.0,True
235,Taiz,YE,13.57952,44.02091,940600,0.0585731727777385,90.21133745326928,0.3041,False,4.753116036940412e-12,1.0058057625953393e-12,8.95860757882085e-12,0.0135,True,True,0.0585731727777385,518.7100830078125,426.0,78.44383653665069,False,4118.0,Ta'izz,Yemen,72.0,1284738.687,within_polygon,0.0,True
236,Changchun,CN,43.88,125.32278,4714996,0.0634228002268415,0.0457770656901175,1.0533,True,3.708277976184314e-12,3.708277976184314e-12,3.708277976184314e-12,0.0,True,True,0.0634228002268415,344.11676025390625,591.0,89.42604805737493,False,9637.0,Changchun,China,411.0,3519692.241,within_polygon,0.0,True
237,Teni,IN,10.01115,77.47772,1034724,0.0889033836992875,0.3509575036240449,0.7001,True,1.8471710406842525e-13,6.501805241307181e-14,1.8471710406842525e-13,0.018,True,True,0.0889033836992875,238.12823486328125,1077.0,119.18791036897882,False,9720.0,Theni,India,47.0,211330.4041,within_polygon,0.0,True
238,Ulan Bator,MN,47.90771,106.88324,844818,0.0670028685074193,0.9308003356985068,0.7594,False,1.2792988126430438e-13,4.9406072772576495e-14,1.572545226667369e-13,0.0,True,True,0.0670028685074193,389.903564453125,282.0,117.51593605491983,False,337.0,Ulaanbaatar,Mongolia,235.0,1634096.557,within_polygon,0.0,True
239,Hyderabad,IN,17.38405,78.45636,6993262,0.0742353288629107,2.868696116578974,2.9418,False,1.028918604337368e-13,3.761268764456147e-14,1.028918604337368e-13,0.0,True,True,0.0742353288629107,457.4314575195313,788.0,124.9129820000264,False,9524.0,Hyderabad,India,889.0,9455229.882,within_polygon,0.0,True
240,Ibb,YE,13.96667,44.18333,771514,0.0532805400032114,90.9132524605173,0.3041,False,3.2042659010053763e-14,6.944385737651232e-15,6.089330108224891e-14,0.0124999999999999,True,True,0.0532805400032114,606.5333251953125,462.0,101.15049582871416,False,4387.0,Ibb,Yemen,59.0,843581.1332,within_polygon,0.0,True
241,Navi Mumbai,IN,19.03681,73.01582,2600000,0.1217893695201236,5.684341886080804e-14,1.4173,False,4.996003610813204e-16,4.996003610813204e-16,4.996003610813204e-16,0.0004999999999999,True,True,0.1217893695201236,331.6882019042969,2988.0,2.9449367549001586,False,7599.0,Mumbai,India,738.0,20453270.03,within_polygon,0.0,True
242,Sakai,JP,34.58216,135.46653,826161,0.3961307725316076,5.684341886080804e-14,0.3534,False,4.440892098500626e-16,4.440892098500626e-16,4.440892098500626e-16,0.0009999999999998,True,True,0.3961307725316076,159.6999969482422,1340.0,4.702428708779064,False,4399.0,Osaka,Japan,2212.0,12653994.42,within_polygon,0.0,True
243,Pudong,CN,31.23995,121.50094,5681512,0.0548643,5.684341886080804e-14,0.6576,False,4.440892098500626e-16,4.440892098500626e-16,4.440892098500626e-16,0.0004999999999999,True,True,0.0548643,234.18467712402344,1039.0,0.9628049965868484,False,11345.0,Shanghai,China,3128.0,30678616.23,within_polygon,0.0,True
244,Kawasaki,JP,35.52056,139.71722,1538262,0.6526173009763581,5.684341886080804e-14,1.5877,False,4.440892098500626e-16,4.440892098500626e-16,4.440892098500626e-16,0.0,True,True,0.6526173009763581,150.6999969482422,1512.0,4.7299740992182135,False,5929.0,Tokyo,Japan,5165.0,33155906.87,within_polygon,0.0,True
245,Taguig,PH,14.5243,121.0792,1308085,0.3682486999999998,5.684341886080804e-14,0.3367,False,3.8857805861880484e-16,3.8857805861880484e-16,3.8857805861880484e-16,0.0464999999999999,True,True,0.3682486999999998,215.34266662597656,2273.0,10.262590930682526,False,2323.0,Manila,Philippines,2555.0,25921189.32,within_polygon,0.0,True
246,Shubrā al Khaymah,EG,30.12511,31.25053,1240289,0.2214394999999993,5.684341886080804e-14,0.1375,True,3.8857805861880484e-16,3.8857805861880484e-16,3.8857805861880484e-16,0.0404999999999999,True,True,0.2214394999999993,240.82977294921875,26.0,0.7160351281105645,False,4605.0,Cairo,Egypt,1680.0,25230324.96,within_polygon,0.0,True
247,Yangpu,CN,31.26193,121.51904,1210800,0.0545040442712518,5.684341886080804e-14,0.6576,False,3.8857805861880484e-16,3.8857805861880484e-16,3.8857805861880484e-16,0.0009999999999998,True,True,0.0545040442712518,238.46218872070312,1039.0,1.4397563704997285,False,11345.0,Shanghai,China,3128.0,30678616.23,within_polygon,0.0,True
248,Zamboanga,PH,6.91028,122.07389,1018849,0.2637117133536004,5.684341886080804e-14,0.2715,False,3.8857805861880484e-16,3.8857805861880484e-16,3.8857805861880484e-16,0.0,True,True,0.2637117133536004,251.51161193847656,1583.0,1.848680897817665,False,4587.0,Zamboanga City,Philippines,103.0,591536.4965,within_polygon,0.0,True
249,Rui’an,CN,27.77605,120.65859,927383,0.0790537299212845,5.684341886080804e-14,0.2598,False,3.8857805861880484e-16,3.8857805861880484e-16,3.8857805861880484e-16,0.0275,True,True,0.0790537299212845,225.30406188964844,1481.0,2.6020261697394584,False,11630.0,Wenzhou,China,514.0,3838181.83,within_polygon,0.0,True
250,Semarang,ID,-6.99306,110.42083,1653524,0.1518648833245408,5.684341886080804e-14,0.2262,False,3.6082248300317592e-16,-0.0004933538792646,3.6082248300317592e-16,0.2875000000000001,False,False,0.1518648833245408,372.357421875,2204.0,3.687673874702902,False,6785.0,Semarang,Indonesia,603.0,3274359.572,within_polygon,0.0,True
251,Padang,ID,-0.94924,100.35427,909040,0.4070697,5.684341886080804e-14,0.1255,False,3.3306690738754696e-16,-0.0001770874606929,3.3306690738754696e-16,0.1999999999999999,False,False,0.4070697,252.6883544921875,3392.0,3.10603770717609,False,3096.0,Padang,Indonesia,216.0,1210988.395,within_polygon,0.0,True
252,Osaka,JP,34.69379,135.50107,2753862,0.3697804212391887,5.684341886080804e-14,0.3534,False,3.05311331771918e-16,3.05311331771918e-16,3.05311331771918e-16,0.0,True,True,0.3697804212391887,260.20001220703125,1381.0,8.060177663586122,False,4399.0,Osaka,Japan,2212.0,12653994.42,within_polygon,0.0,True
253,Ra’s Bayrūt,LB,33.9,35.48333,1251739,0.4060524820209177,5.684341886080804e-14,0.1491,True,2.7755575615628914e-16,-0.0001004742140573,2.7755575615628914e-16,0.1884999999999999,False,False,0.4060524820209177,483.7886962890625,813.0,1.1125840621137226,False,458.0,Beirut,Lebanon,199.0,1538385.522,within_polygon,0.0,True
254,Cairo,EG,30.06263,31.24967,9606916,0.2230294118225173,5.684341886080804e-14,0.1375,True,2.498001805406602e-16,2.498001805406602e-16,2.498001805406602e-16,0.0349999999999999,True,True,0.2230294118225173,218.0430908203125,26.0,5.9000890831617525,False,4605.0,Cairo,Egypt,1680.0,25230324.96,within_polygon,0.0,True
255,Huludao,CN,40.75243,120.83552,944495,0.0637216438575618,5.684341886080804e-14,1.2492,True,1.8041124150158796e-16,1.8041124150158796e-16,1.8041124150158796e-16,0.0,True,True,0.0637216438575618,206.0533447265625,564.0,7.778257301568918,False,9543.0,Huludao,China,99.0,497400.9087,within_polygon,0.0,True
256,Yichang,CN,30.71444,111.28472,1350150,0.0836621915854064,5.684341886080804e-14,0.1956,False,1.3877787807814454e-16,-0.0005955826419802,1.3877787807814454e-16,0.4995,False,False,0.0836621915854064,546.5783081054688,1100.0,1.7291175805312542,False,9495.0,Yichang,China,156.0,1573288.706,within_polygon,0.0,True
257,Wanzhou,CN,30.76451,108.39586,1545900,0.0686881409288709,5.684341886080804e-14,0.8416,False,1.249000902703301e-16,1.249000902703301e-16,1.249000902703301e-16,0.0044999999999999,True,True,0.0686881409288709,555.062255859375,1287.0,2.542458612805788,False,8817.0,Wanzhou,China,72.0,395843.9874,within_polygon,0.0,True
258,Aden,YE,12.77957,45.03852,1079670,0.1397681999999957,5.684341886080804e-14,0.2321,False,1.249000902703301e-16,1.249000902703301e-16,1.249000902703301e-16,0.0,True,True,0.1397681999999957,423.1080017089844,55.0,2.570549106771659,False,5144.0,`Adan,Yemen,42.0,497378.8204,within_polygon,0.0,True
259,Bhopal,IN,23.25469,77.40289,1798218,0.0656964099919073,5.684341886080804e-14,1.675,False,1.1102230246251563e-16,1.1102230246251563e-16,1.1102230246251563e-16,0.0015,True,True,0.0656964099919073,396.8281555175781,1160.0,5.806972527642484,False,8886.0,Bhopal,India,249.0,2599311.123,within_polygon,0.0,True
260,Kakamega,KE,0.28422,34.75229,1867579,0.0544357799794899,20.080872816052533,3.8168,False,7.087400801883261e-17,2.667913240162617e-17,1.2473330492245596e-16,0.0,True,True,0.0544357799794899,375.9353332519531,1896.0,163.28163872308917,False,874.0,Kakamega,Kenya,31.0,125259.1883,within_polygon,0.0,True
261,Lilongwe,MW,-13.96692,33.78725,1115815,0.1319032000000003,4.1962310215915295,1.3916,True,5.1906355558566127e-17,1.1318842818538046e-17,9.536612556699404e-17,0.0104999999999999,True,True,0.1319032000000003,288.5593566894531,883.0,163.50372875700162,False,461.0,Lilongwe,Malawi,136.0,1018797.715,nearest_representative_point_le50km,4.235481291112744,True
262,Saitama,JP,35.90807,139.65657,1324854,0.5603807087562043,5.684341886080804e-14,1.5877,False,4.163336342344337e-17,4.163336342344337e-17,4.163336342344337e-17,0.0,True,True,0.5603807087562043,200.3999938964844,1376.0,21.692457016899937,False,5929.0,Tokyo,Japan,5165.0,33155906.87,within_polygon,0.0,True
263,Shijiazhuang,CN,38.04139,114.47861,3938513,0.118746899999866,7.202258335240742,2.0652,True,3.5278765281167854e-17,1.291435915151446e-17,6.082965559604477e-17,0.0,True,True,0.118746899999866,221.09710693359372,511.0,168.2098827174035,False,8789.0,Shijiazhuang,China,493.0,3100270.328,within_polygon,0.0,True
264,Kampung Baru Subang,MY,3.15,101.53333,833571,0.0515035017817863,5.684341886080804e-14,0.8591,False,2.4286128663675302e-17,2.4286128663675302e-17,2.4286128663675302e-17,0.0,True,True,0.0515035017817863,263.61822509765625,2331.0,20.40473050758888,False,1648.0,Kuala Lumpur,Malaysia,1340.0,8413205.796,within_polygon,0.0,True
265,Jieyang,CN,23.5418,116.36581,1899394,0.0664599161984411,5.684341886080804e-14,0.0714,False,1.7347234759768068e-17,-9.94749100220133e-05,1.7347234759768068e-17,0.7849999999999999,False,False,0.0664599161984411,244.671630859375,1557.0,21.10861264207552,False,11407.0,Shantou,China,1961.0,10579302.53,within_polygon,0.0,True
266,Changzhou,CN,31.77359,119.95401,3290918,0.055045040004099,5.684341886080804e-14,0.0957,False,1.5612511283791264e-17,-8.584803131571893e-05,1.5612511283791264e-17,0.7115,False,False,0.055045040004099,230.5048370361328,1047.0,20.263042692707568,False,11113.0,Changzhou,China,613.0,2772877.635,within_polygon,0.0,True
267,Shiyan,CN,32.6475,110.77806,3460000,0.0575011800151797,5.684341886080804e-14,0.5956,False,1.3877787807814457e-17,1.3877787807814457e-17,1.3877787807814457e-17,0.004,True,True,0.0575011800151797,298.7441101074219,954.0,18.2416409761922,False,9029.0,Shiyan,China,143.0,1129747.018,within_polygon,0.0,True
268,Cúcuta,CO,7.90745,-72.5049,777106,0.3421606999999999,5.684341886080804e-14,1.5072,True,1.734723475976807e-18,1.734723475976807e-18,1.734723475976807e-18,0.0,True,True,0.3421606999999999,394.21624755859375,1858.0,31.744940504524337,False,4943.0,Cúcuta,Colombia,114.0,817158.1235,within_polygon,0.0,True
269,Yancheng,CN,33.3575,120.1573,1615717,0.0926327899996998,5.684341886080804e-14,0.2108,True,2.1684043449710093e-19,2.1684043449710093e-19,2.1684043449710093e-19,0.0734999999999999,True,True,0.0926327899996998,206.17608642578125,950.0,43.20952082615922,False,10941.0,Yancheng,China,223.0,1211453.665,within_polygon,0.0,True
270,Wuwei,CN,37.92672,102.63202,1010295,0.2731125054061775,18.58548867017629,0.0388,True,1.4233855647727016e-19,-3.7795465423478444e-19,7.102772633003267e-19,0.724,False,False,0.2731125054061775,334.6279296875,187.0,170.31982168581172,False,3686.0,Wuwei,China,32.0,128072.1642,within_polygon,0.0,True
271,Bogor,ID,-6.59444,106.78917,1127408,0.3060344748976977,5.684341886080804e-14,0.2499,False,1.0164395367051604e-19,-2.204475997892751e-08,1.0164395367051604e-19,0.119,False,False,0.3060344748976977,319.47705078125,3580.0,51.29852903280589,False,5472.0,Jakarta,Indonesia,4614.0,40545125.86,within_polygon,0.0,True
272,Cheongju-si,KR,36.63722,127.48972,852147,0.1316890549833704,5.684341886080804e-14,0.59,True,7.623296525288703e-21,7.623296525288703e-21,7.623296525288703e-21,0.0029999999999998,True,True,0.1316890549833704,470.4707336425781,1266.0,52.69009154855256,False,2082.0,Cheongju-si,South Korea,85.0,691161.3489,within_polygon,0.0,True
273,Yixing,CN,31.36059,119.82016,1285785,0.0784322184296391,5.684341886080804e-14,0.0957,False,1.0587911840678754e-21,-5.412979764072841e-09,1.0587911840678754e-21,0.704,False,False,0.0784322184296391,235.5490875244141,1086.0,67.90125332253342,False,11169.0,Yixing,China,82.0,452718.1048,within_polygon,0.0,True
274,Tegucigalpa,HN,14.0818,-87.20681,850848,0.3124423751018672,5.684341886080804e-14,0.2957,True,2.1175823681357513e-22,-7.165417973401356e-10,2.1175823681357513e-22,0.3429999999999999,False,False,0.3124423751018672,325.9839172363281,1136.0,74.75589263081783,False,1365.0,Tegucigalpa,Honduras,163.0,1653508.639,within_polygon,0.0,True
275,Benxi,CN,41.28861,123.765,987717,0.0821459299999999,21.637293049515563,1.9705,True,0.0,0.0,0.0,0.0,False,True,0.0821459299999999,656.154541015625,802.0,93.11246825330252,False,10025.0,Benxi,China,68.0,773945.62,within_polygon,0.0,True
276,Longyan,CN,25.07485,117.01775,1025087,0.071305121177354,5.684341886080804e-14,-0.5993,True,0.0,0.0,0.0,0.0,False,True,0.071305121177354,668.2405395507812,1501.0,3.988065928335818,False,11397.0,Longyan,China,58.0,392111.6852,within_polygon,0.0,True
277,Guang’an,CN,30.47413,106.63696,858159,0.0617389367804756,11.383230334935549,0.8708,False,0.0,0.0,0.0,0.0,False,True,0.0617389367804756,900.0,1144.0,36.57955758059786,False,8419.0,Guang'an,China,86.0,523802.0574,within_polygon,0.0,True
278,Wanxian,CN,30.81601,108.37407,859662,0.06553053,143.40428778515297,0.8416,False,0.0,0.0,0.0,0.0,False,True,0.06553053,879.706298828125,1287.0,3.5505628796640183,False,8817.0,Wanzhou,China,72.0,395843.9874,nearest_representative_point_le50km,5.005592961752214,True
279,Seongnam-si,KR,37.43861,127.13778,914832,0.1251497073317258,0.8697642481117214,0.6391,True,0.0,0.0,0.0,0.0,False,True,0.1251497073317258,841.6481323242188,1314.0,8.27514052387191,False,348.0,Seoul,South Korea,2282.0,22261691.61,within_polygon,0.0,True
280,Xiamen,CN,24.47979,118.08187,4617251,0.0827425507996686,0.0152590218967247,-0.1349,True,0.0,0.0,0.0,0.0,False,True,0.0827425507996686,700.76904296875,1093.0,0.2851776679329127,False,11593.0,Xiamen City,China,185.0,1676986.913,within_polygon,0.0,True
281,Weihai,CN,37.50914,122.11356,844310,0.11579407809397,2.792401007095464,1.0586,True,0.0,0.0,0.0,0.0,False,True,0.11579407809397,900.0,708.0,2.1526573331981536,False,10585.0,Weihai,China,79.0,535089.0962,within_polygon,0.0,True
282,Kobe,JP,34.6913,135.183,1525152,0.3464501999999914,0.4119935912108303,0.3534,False,0.0,0.0,0.0,0.0,False,True,0.3464501999999914,775.5,1449.0,1.8435619871600344,False,4399.0,Osaka,Japan,2212.0,12653994.42,within_polygon,0.0,True
283,Bazhong,CN,31.8694,106.74432,2712894,0.0669995699998099,101.89974822613874,0.688,False,0.0,0.0,0.0,0.0,False,True,0.0669995699998099,864.8499755859375,1049.0,72.91542454912583,False,7929.0,Bazhong City,China,65.0,848388.857,within_polygon,0.0,True
284,Zunyi,CN,27.68667,106.90722,2037775,0.0692180620677416,26.21499961852448,-0.5637,True,0.0,0.0,0.0,0.0,False,True,0.0692180620677416,900.0,1068.0,37.40682924827924,False,8945.0,Honghuagang,China,116.0,1185303.401,within_polygon,0.0,True
285,Montréal,CA,45.50884,-73.58781,1762949,0.1345321564491395,45.10566872663463,-0.1184,True,0.0,0.0,0.0,0.0,False,True,0.1345321564491395,900.0,1007.0,3.906986263742583,False,3700.0,Montreal,Canada,1020.0,3221844.478,within_polygon,0.0,True
286,La Paz,BO,-16.5,-68.15,2004652,0.2280680000698181,33.09681849393456,-0.9263,False,0.0,0.0,0.0,0.0,False,True,0.2280680000698181,826.513671875,547.0,83.35432659603939,False,212.0,La Paz,Bolivia,291.0,2063632.692,within_polygon,0.0,True
287,Yantai,CN,37.47649,121.44081,2227733,0.06942275,21.515220874341992,1.0586,True,0.0,0.0,0.0,0.0,False,True,0.06942275,887.8772583007812,698.0,2.638846042441408,False,10473.0,Mashan,China,24.0,66470.62725,nearest_representative_point_le50km,7.454569948899393,True
288,Bukavu,CD,-2.49077,28.84281,816811,0.2586775108511142,11.581597619592628,2.157,False,0.0,0.0,0.0,0.0,False,True,0.2586775108511142,696.26416015625,1436.0,2.505964048618972,False,6745.0,Bukavu,Democratic Republic of the Congo,65.0,852067.3679,within_polygon,0.0,True
289,Guiyang,CN,26.58333,106.71667,3037159,0.0515039400000423,25.3757534142062,-0.4032,True,0.0,0.0,0.0,0.0,False,True,0.0515039400000423,713.9971313476562,1113.0,49.840495897988895,False,9019.0,Guiyang,China,298.0,2757867.639,within_polygon,0.0,True
290,Isfahan,IR,32.65246,51.67462,1547164,0.2009237,14.38925764858476,-0.136,False,-3.2532077881139584e-29,-1.0096597754107631e-28,3.4720827707068265e-29,0.487,False,False,0.2009237,216.2838592529297,142.0,288.6280739341316,False,5720.0,Isfahan,Iran,328.0,1817590.201,within_polygon,0.0,True
291,Quetta,PK,30.18414,67.00141,1565546,0.2636647003322439,31.494621194781416,-0.3758,False,-4.185927386786497e-29,-8.46358463028733e-29,-3.669633093374232e-30,0.0605,True,True,0.2636647003322439,349.1476745605469,226.0,285.74772380420507,False,1127.0,Quetta,Pakistan,151.0,969068.0898,within_polygon,0.0,True
292,Ürümqi,CN,43.80096,87.60046,3029372,0.2520546002296858,0.7171740291447577,-3.8585,False,-1.3439003471778378e-21,-2.151649087138632e-21,-5.759310867985472e-22,0.0,True,True,0.2520546002296858,329.3302307128906,223.0,218.11113452115293,False,2659.0,Ürümqi,China,355.0,3974257.143,within_polygon,0.0,True
293,Qom,IR,34.6401,50.8764,900000,0.2228387004565928,8.85023270008395,-0.769,False,-1.1101468390129985e-19,-1.9943380202824729e-19,-3.2091442500580633e-20,0.001,True,True,0.2228387004565928,246.07989501953125,213.0,190.1913582029917,False,5231.0,Qom,Iran,101.0,844097.9715,within_polygon,0.0,True
294,Shiraz,IR,29.61031,52.53113,1249942,0.2974346085091356,2.166781109330941,-1.3286,False,-2.2630386422839787e-17,-3.846708834544004e-17,-7.895122050772375e-18,0.0,True,True,0.2974346085091356,284.4859619140625,191.0,167.06127136375858,False,6141.0,Shiraz,Iran,160.0,707097.8471,within_polygon,0.0,True
295,Jodhpur,IN,26.26841,73.00594,1056191,0.0838126802212359,18.60074769207296,-2.6459,False,-3.204903241899323e-17,-5.319472350538727e-17,-1.2194991767971264e-17,0.0,True,True,0.0838126802212359,333.015625,417.0,163.01573723634954,False,5315.0,Jodhpur,India,232.0,1540835.007,within_polygon,0.0,True
296,Sanaa,YE,15.35452,44.20646,1937451,0.0526933723888093,6.607156481269556,-0.1163,False,-1.4707008899986972e-16,-3.639450968687099e-16,5.082855438860688e-17,0.2745,False,False,0.0526933723888093,264.03765869140625,251.0,143.50906134517945,False,3993.0,Sana'a,Yemen,218.0,3759519.651,within_polygon,0.0,True
297,Bishkek,KG,42.87,74.59,900000,0.2286191,6.240939955748843,-0.6183,False,-8.409079320156897e-16,-1.4486370010423885e-15,-2.6938618686137437e-16,0.0,True,True,0.2286191,446.03271484375,421.0,141.11167410704277,False,764.0,Bishkek,Kyrgyzstan,198.0,1428079.244,within_polygon,0.0,True
298,Konya,TR,37.87135,32.48464,1433861,0.1308908002953623,5.8136873426413445,-3.7459,False,-1.666471201814658e-15,-2.6872412985793534e-15,-6.98627446874893e-16,0.0,True,True,0.1308908002953623,228.1295166015625,471.0,151.85653315660343,False,5077.0,Konya,Turkey,240.0,1017329.388,within_polygon,0.0,True
299,Mashhad,IR,36.29807,59.60567,2307177,0.2156777999852094,14.023041123064049,-0.0141,False,-1.9040902910269393e-14,-2.687738605708408e-13,2.576823433672176e-13,0.945,False,False,0.2156777999852094,260.73651123046875,279.0,110.84740925217056,False,6897.0,Mashhad,Iran,474.0,5377005.35,within_polygon,0.0,True
300,Gorakhpur,IN,29.44768,75.67206,1324570,0.1145384535457551,34.1954680704967,-8.4765,False,-4.405112279938319e-14,-6.74860297602858e-14,-1.9751829331127902e-14,0.0,True,True,0.1145384535457551,226.06674194335935,428.0,134.67239888467972,False,6512.0,Fatehabad,India,14.0,95828.06857,nearest_representative_point_le50km,22.456944169639605,True
301,Sulaymaniyah,IQ,35.56496,45.4329,878146,0.2492028713214842,3.555352101930282,-1.2696,False,-1.243862992681345e-13,-2.1762402249592465e-13,-3.4621116535669494e-14,0.002,True,True,0.2492028713214842,525.6239624023438,768.0,120.1914653154235,False,3905.0,Sulaymaniyah,Iraq,112.0,870013.3829,within_polygon,0.0,True
302,Shymkent,KZ,42.30988,69.60042,1200000,0.1657323680398688,0.0762951094835102,-0.7951,False,-2.218793898742697e-12,-3.77174814807983e-12,-7.297660480222229e-13,0.0005,True,True,0.1657323680398688,309.73211669921875,486.0,108.02027800594988,False,2306.0,Shymkent,Kazakhstan,240.0,1239662.754,within_polygon,0.0,True
303,Tehran,IR,35.69439,51.42151,7153309,0.4330289000001777,1.2359807736324342,-3.2319,False,-8.918518202711793e-12,-1.4358194472828006e-11,-3.649244488309716e-12,0.0,True,True,0.4330289000001777,369.8034057617188,240.0,106.9502179461994,False,5174.0,Tehran,Iran,825.0,9363123.748,within_polygon,0.0,True
304,Marrakesh,MA,31.63416,-7.99994,995871,0.1452008,34.6227206836042,-1.5947,False,-9.574982613199164e-12,-1.5851267027810963e-11,-4.003189355131074e-12,0.0,True,True,0.1452008,279.8376770019531,272.0,98.7940385848495,False,1853.0,Marrakesh,Morocco,124.0,1152690.574,within_polygon,0.0,True
305,Hermosillo,MX,29.08874,-110.96677,812229,0.070163362633263,23.025864042114904,-0.3792,False,-1.3432238777995403e-11,-2.3301327946760155e-11,-4.030273583533583e-12,0.0005,True,True,0.070163362633263,294.76593017578125,304.0,90.54734758483518,False,1924.0,Hermosillo,México,162.0,778882.36,within_polygon,0.0,True
306,Karaj,IR,35.83266,50.99155,1448075,0.3347232003058362,6.713969634546459,-3.2319,False,-1.5877973888164904e-11,-2.5609298869176305e-11,-6.469481155770007e-12,0.0,True,True,0.3347232003058362,458.1684265136719,278.0,100.93446446943916,False,4992.0,Karaj,Iran,299.0,3585417.421,within_polygon,0.0,True
307,Ordos,CN,39.6086,109.78157,1940653,0.0849750370641149,14.969100480659222,-2.8592,False,-3.3855016304000286e-11,-5.36327345875348e-11,-1.4056937527079584e-11,0.0,True,True,0.0849750370641149,324.4867553710937,358.0,96.54588073187392,False,5724.0,Ordos,China,39.0,162977.7447,within_polygon,0.0,True
308,Quito,EC,-0.22985,-78.52495,2781641,0.5291945128205688,39.597161821927216,-0.2457,True,-9.063210276745264e-11,-1.8113116501485388e-10,-7.699795781960066e-12,0.0635,True,True,0.5291945128205688,608.2095947265625,1119.0,75.13167151041071,False,2544.0,Quito,Ecuador,380.0,2605678.13,within_polygon,0.0,True
309,Kirkuk,IQ,35.46806,44.39222,1031000,0.1908058061616414,3.006027313649213,-1.313,False,-1.42369293986186e-10,-2.5529865622817533e-10,-4.0805937149165777e-11,0.0015,True,True,0.1908058061616414,370.6116027832031,357.0,87.89915362368748,False,2839.0,Kirkuk,Iraq,117.0,1238661.948,within_polygon,0.0,True
310,Lu’an,CN,31.73561,116.51688,1644344,0.0953109421185819,16.632333867399154,-0.3185,False,-2.9397889367935817e-10,-6.399229339724105e-10,1.6252894402078013e-11,0.1295,False,False,0.0953109421185819,297.3522033691406,1112.0,78.25982684319419,False,10481.0,Lu'an,China,118.0,891648.1249,within_polygon,0.0,True
311,Hefei,CN,31.86389,117.28083,5050000,0.0983821445081414,3.082322423132723,-0.0756,False,-3.039325166400886e-10,-1.2375431065057098e-09,5.241775517918553e-10,0.617,False,False,0.0983821445081414,230.1564483642578,1091.0,75.70061622519975,False,10629.0,Hefei,China,606.0,5646049.263,within_polygon,0.0,True
312,Aleppo,SY,36.20124,37.16117,2098210,0.1731152907777781,22.247653925383418,-1.1913,False,-3.5505559854338794e-10,-6.163774325166101e-10,-1.1900178343148768e-10,0.0,True,True,0.1731152907777781,324.3851013183594,354.0,80.944667912458,False,1799.0,Aleppo,Syria,243.0,3084135.642,within_polygon,0.0,True
313,Kathmandu,NP,27.70169,85.3206,1442271,0.4388813174745403,1.3122758831159445,-0.9247,False,-4.0030911038414537e-10,-8.512326512034341e-10,-1.0249504305628317e-12,0.099,True,False,0.4388813174745403,313.22491455078125,1779.0,88.13437950287968,False,1822.0,Kathmandu,Nepal,350.0,3862696.52,within_polygon,0.0,True
314,Córdoba,AR,-31.40648,-64.18853,2106734,0.0992516499400665,0.0152590218967247,-2.4175,False,-1.090670243149346e-09,-1.774284087383009e-09,-4.5640295083424515e-10,0.0,True,True,0.0992516499400665,346.3520812988281,815.0,82.129533711114,False,2335.0,Cordoba,Argentina,320.0,1468196.585,within_polygon,0.0,True
315,Arequipa,PE,-16.39899,-71.53747,1008290,0.5941330976280723,0.8239871824216607,-0.0667,True,-1.160156761248708e-09,-3.976255588502072e-09,1.401945356049413e-09,0.5285,False,False,0.5941330976280723,435.9530944824219,59.0,63.17836980936092,False,3440.0,Arequipa,Peru,166.0,1004835.002,within_polygon,0.0,True
316,Bannu,PK,32.98527,70.60403,1357890,0.2527685959281018,15.640497444113862,-1.1579,False,-1.385564428971799e-09,-2.32415339828662e-09,-5.359865970471606e-10,0.0,True,True,0.2527685959281018,283.909912109375,330.0,77.0479338800971,False,3315.0,Bannu,Pakistan,163.0,637353.248,within_polygon,0.0,True
317,Jaipur,IN,26.91962,75.78781,3046163,0.0645149268963529,11.810482948043044,-4.5934,False,-2.020510392213274e-09,-3.212790213387525e-09,-8.36645331352179e-10,0.0,True,True,0.0645149268963529,382.1997375488281,612.0,78.01301884391924,False,7687.0,Jaipur,India,458.0,4229049.673,within_polygon,0.0,True
318,Hohhot,CN,40.81056,111.65222,2350000,0.1767671363819321,3.204394598306294,-1.0557,False,-2.173099577262619e-09,-3.587872826139794e-09,-8.519759310205307e-10,0.0,True,True,0.1767671363819321,238.4240264892578,284.0,77.35917199553887,False,5847.0,Hohhot,China,315.0,2029813.226,within_polygon,0.0,True
319,Eskişehir,TR,39.77667,30.52056,921630,0.2589663756735736,0.8545052262150534,-2.8862,False,-2.6101603665541622e-09,-4.1759406656902e-09,-1.0735410134495811e-09,0.0,True,True,0.2589663756735736,255.27093505859372,428.0,81.96021192692872,False,4150.0,Eskisehir,Turkey,70.0,608473.8761,within_polygon,0.0,True
320,Almaty,KZ,43.25249,76.9115,1977011,0.3968644310264769,5.684341886080804e-14,-1.4642,False,-3.1209875317509502e-09,-5.2087187281280015e-09,-1.2010825904420872e-09,0.0,True,True,0.3968644310264769,454.9982604980469,517.0,73.56998639267314,False,2847.0,Almaty,Kazakhstan,331.0,2315538.314,within_polygon,0.0,True
321,Homs,SY,34.72405,36.72559,775404,0.2051711999995663,3.616388189517068,-0.3894,False,-3.827970111359048e-09,-7.483651880952341e-09,-5.81271080193037e-10,0.0315,True,True,0.2051711999995663,286.3260498046875,383.0,68.52741857313096,False,2211.0,Homs,Syria,107.0,913553.7665,within_polygon,0.0,True
322,Meizhou,CN,24.28859,116.11768,992351,0.0582796099993988,12.49713893339441,-0.4666,True,-6.1828303432702285e-09,-1.4109715695160974e-08,1.059776800311676e-09,0.1965,False,False,0.0582796099993988,219.72723388671875,1520.0,69.04694859391644,False,11317.0,Meizhou,China,116.0,524592.5095,within_polygon,0.0,True
323,León de los Aldama,MX,21.12183,-101.68253,1579803,0.0725108399999994,4.27252613107504,-3.2531,False,-8.334039205856399e-09,-1.3708384369227336e-08,-3.310893265787154e-09,0.0,True,True,0.0725108399999994,298.2978515625,606.0,73.25153582460912,False,4478.0,León,México,202.0,1384014.169,within_polygon,0.0,True
324,Santiago,CL,-33.45694,-70.64827,4837295,0.4173637999999916,2.395666437781358,-0.5445,False,-8.392798256101334e-09,-1.5448759357344206e-08,-1.9397937976486042e-09,0.0065,True,True,0.4173637999999916,307.89996337890625,451.0,67.17842696066505,False,2334.0,Santiago,Chile,801.0,6633766.609,within_polygon,0.0,True
325,Chuzhou,CN,32.32194,118.29778,782671,0.0542267150809773,2.075226977950763,-0.0253,True,-1.8183707722217105e-08,-2.1132455168281307e-07,1.734286735266995e-07,0.892,False,False,0.0542267150809773,326.5135192871094,976.0,46.08184492991453,False,10793.0,Chuzhou,China,79.0,295741.8622,within_polygon,0.0,True
326,Mexicali,MX,32.62781,-115.45446,1032686,0.6835515193668443,19.577325093461525,-0.0592,False,-2.532261139990073e-08,-9.14874438590039e-08,3.6341282716388225e-08,0.5755,False,False,0.6835515193668443,227.1408843994141,67.0,50.8843489175372,False,1362.0,Mexicali,México,161.0,736551.6306,within_polygon,0.0,True
327,Kabul,AF,34.52813,69.17233,4434550,0.3410787,2.441443503471476,-1.1962,False,-2.7802184407922652e-08,-4.553788189166373e-08,-1.028001900619313e-08,0.0,True,True,0.3410787,372.2310180664063,347.0,62.74509247334692,False,4865.0,Kabul,Afghanistan,371.0,6254679.472,within_polygon,0.0,True
328,Erbil,IQ,36.19117,44.00943,1612700,0.1994300000000405,1.4190890363927906,-1.313,False,-3.4498440596081335e-08,-6.191109863237112e-08,-1.018387188205456e-08,0.0025,True,True,0.1994300000000405,343.24786376953125,648.0,62.98119082862433,False,2448.0,Erbil,Iraq,226.0,1514144.042,within_polygon,0.0,True
329,Tashkent,UZ,41.26465,69.21627,1978028,0.170258,15.182726787212973,-1.8495,False,-1.6091052581911517e-07,-2.66971159432134e-07,-6.315944253534603e-08,0.0,True,True,0.170258,301.8589782714844,453.0,55.30665842023168,False,2907.0,Tashkent,Uzbekistan,598.0,3874652.58,within_polygon,0.0,True
330,Santiago de Querétaro,MX,20.58806,-100.38806,1594212,0.1017961999998979,0.3356984817273769,-3.1198,False,-2.7608675705370773e-07,-4.498423934873231e-07,-1.1020909837811637e-07,0.0,True,True,0.1017961999998979,283.23876953125,593.0,57.65609446211876,False,5097.0,Querétaro,México,169.0,908964.456,within_polygon,0.0,True
331,Ankara,TR,39.91987,32.85427,3517182,0.1666255618933042,9.079118028534424,-2.1996,False,-5.260375942224583e-07,-8.558670136731087e-07,-2.076114534365986e-07,0.0,True,True,0.1666255618933042,432.7453308105469,400.0,47.80716762693401,False,4921.0,Ankara,Turkey,357.0,3695989.495,within_polygon,0.0,True
332,Çankaya,TR,39.9179,32.86268,792189,0.1666255618933042,0.5340657663844013,-2.1996,False,-7.44889846432645e-07,-1.2259773281186705e-06,-2.970004881385722e-07,0.0,True,True,0.1666255618933042,451.9446411132813,400.0,47.093533997494,False,4921.0,Ankara,Turkey,357.0,3695989.495,within_polygon,0.0,True
333,Peshawar,PK,34.008,71.57849,4758762,0.2901222617456738,8.209353780422703,-2.2067,False,-9.310823135779052e-07,-1.5141309844905847e-06,-3.556942186080514e-07,0.0,True,True,0.2901222617456738,287.96417236328125,530.0,50.23090092866646,False,4277.0,Peshawar,Pakistan,508.0,3497358.945,within_polygon,0.0,True
334,Ciudad Nezahualcoyotl,MX,19.40061,-99.01483,1077208,0.2175630999998143,5.684341886080804e-14,-2.4499,False,-1.0381060441043847e-06,-1.7119991033606754e-06,-4.0824295255614926e-07,0.0,True,True,0.2175630999998143,198.61001586914065,648.0,54.83326678530531,False,5402.0,Mexico City,México,2134.0,17639163.99,within_polygon,0.0,True
335,Tijuana,MX,32.5027,-117.00371,1922523,0.1454692999529328,62.3941405355917,-0.0297,False,-1.151200746594928e-06,-8.61807277024217e-06,6.229961109227143e-06,0.812,False,False,0.1454692999529328,576.450927734375,266.0,11.304429362805186,False,507.0,Tijuana,México,294.0,1538300.988,within_polygon,0.0,True
336,Ecatepec de Morelos,MX,19.60492,-99.06064,1645352,0.1769872000143959,16.510261692225583,-2.4499,False,-1.288065626981514e-06,-2.104704539939585e-06,-4.990809217931159e-07,0.0,True,True,0.1769872000143959,500.3542175292969,627.0,42.08730703197381,False,5402.0,Mexico City,México,2134.0,17639163.99,within_polygon,0.0,True
337,Lusaka,ZM,-15.40669,28.28713,2212301,0.0653223858044363,16.60181582360576,-1.4279,False,-1.2905227307220935e-06,-2.2945342255049898e-06,-3.150152492160321e-07,0.0045,True,True,0.0653223858044363,315.5809936523437,818.0,42.70270298602353,False,1517.0,Lusaka,Zambia,360.0,3658064.188,within_polygon,0.0,True
338,Gustavo Adolfo Madero,MX,19.49392,-99.11075,1185772,0.208636099855132,14.023041123064049,-2.4499,False,-1.6414762387937892e-06,-2.708910760907068e-06,-6.398349213374255e-07,0.0,True,True,0.208636099855132,467.4730529785156,648.0,42.26764365722688,False,5402.0,Mexico City,México,2134.0,17639163.99,within_polygon,0.0,True
339,Los Angeles,US,34.05223,-118.24368,3820914,0.4290697,27.450980392156907,-0.0272,False,-1.986593470939321e-06,-2.124800784483157e-05,1.7076949560803635e-05,0.891,False,False,0.4290697,310.8283386230469,406.0,21.770203780158184,False,2007.0,Los Angeles,United States,4498.0,13474332.62,within_polygon,0.0,True
340,Rawalpindi,PK,33.59733,73.0479,3357612,0.3984775999894386,6.500343327992709,-1.9647,False,-2.02388264592984e-06,-3.374196933001512e-06,-7.959856320249399e-07,0.0,True,True,0.3984775999894386,265.31805419921875,947.0,48.5603920148053,False,6766.0,Islamabad,Pakistan,550.0,4913527.805,within_polygon,0.0,True
341,Gaziantep,TR,37.05944,37.3825,2222415,0.192733631962112,0.1220721751736277,-2.1107,False,-2.0395743919534905e-06,-3.30829799412355e-06,-7.805590673588195e-07,0.0,True,True,0.192733631962112,428.8000793457031,532.0,43.13763314856911,False,6173.0,Gaziantep,Turkey,134.0,1681269.631,within_polygon,0.0,True
342,Chaozhou,CN,23.65396,116.62262,1750945,0.0802770209793662,0.7171740291447577,-0.022,True,-2.0551410850402907e-06,-4.102121911110196e-05,3.375605471594736e-05,0.9235,False,False,0.0802770209793662,287.3603515625,1560.0,25.946520627101503,False,11407.0,Shantou,China,1961.0,10579302.53,within_polygon,0.0,True
343,Culiacán,MX,24.80209,-107.39421,808416,0.1008736010758394,19.94354161898224,-0.5729,False,-2.0974711869263264e-06,-3.849334304154958e-06,-6.063913344336484e-07,0.0015,True,True,0.1008736010758394,375.4324951171875,638.0,34.02929276481546,False,2401.0,Culiacán,México,137.0,671458.5658,within_polygon,0.0,True
344,Iztapalapa,MX,19.35529,-99.06224,1835486,0.2343617999998143,5.684341886080804e-14,-2.4499,False,-3.7128006164988185e-06,-5.999057356772325e-06,-1.4438530159135775e-06,0.0,True,True,0.2343617999998143,186.9036407470703,648.0,49.31674439288145,False,5402.0,Mexico City,México,2134.0,17639163.99,within_polygon,0.0,True
345,Alīgarh,IN,27.88145,78.07464,753207,0.1183113748902241,6.424048218509199,-0.726,False,-4.293349599803528e-06,-1.1549577945672411e-05,1.993952718682647e-06,0.3225,False,False,0.1183113748902241,234.1776428222656,803.0,38.97481484924177,False,8626.0,Aligarh,India,106.0,1694356.57,within_polygon,0.0,True
346,Ahvaz,IR,31.31901,48.6842,841145,0.2630809,14.328221560997974,-0.1475,False,-4.5536664083144045e-06,-1.4402410702187776e-05,4.714191225658201e-06,0.499,False,False,0.2630809,210.4767303466797,254.0,30.53754593657927,False,4538.0,Ahwaz,Iran,245.0,1907837.453,within_polygon,0.0,True
347,Santa Cruz de la Sierra,BO,-17.78629,-63.18117,1831434,0.2547707,1.5106431677729688,-0.9932,True,-4.5691481460386255e-06,-7.594745089395625e-06,-1.682403409471638e-06,0.0,True,True,0.2547707,268.4552001953125,1257.0,42.13985582001263,False,1375.0,Santa Cruz de la Sierra,Bolivia,303.0,2016833.232,within_polygon,0.0,True
348,Maoming,CN,21.66625,110.91364,1307802,0.0668608739610053,11.230640115968583,-0.0184,True,-6.469737210338181e-06,-0.0001312136000971,0.0001279543872335,0.9515,False,False,0.0668608739610053,287.4617614746094,1878.0,18.24871947576607,False,10651.0,Maoming,China,88.0,584252.9546,within_polygon,0.0,True
349,San Pedro Sula,HN,15.50585,-88.02588,801259,0.3644254999999999,14.0993362325475,-0.041,False,-9.045056744078246e-06,-3.6048466342922894e-05,1.6166682733552284e-05,0.6065,False,False,0.3644254999999999,385.2497253417969,1646.0,19.502948465874848,False,511.0,San Pedro Sula,Honduras,211.0,1301567.028,within_polygon,0.0,True
350,Mexico City,MX,19.42847,-99.12766,12294193,0.2219640727916876,5.684341886080804e-14,-2.4499,False,-9.498860505506256e-06,-1.5587775004513678e-05,-3.7989064044121168e-06,0.0,True,True,0.2219640727916876,212.8583984375,648.0,43.43998910849127,False,5402.0,Mexico City,México,2134.0,17639163.99,within_polygon,0.0,True
351,Yerevan,AM,40.17765,44.5126,1144700,0.2668403281842528,13.778896772716903,-0.2119,False,-1.0340446264539603e-05,-2.9803519389473283e-05,8.19946965215963e-06,0.4405,False,False,0.2668403281842528,409.4377136230469,366.0,22.49153647086504,False,312.0,Yerevan,Armenia,194.0,1027656.189,within_polygon,0.0,True
352,Guatemala City,GT,14.64072,-90.51327,994938,0.7158972990198481,28.61066605630583,-0.2942,False,-1.2242415083635633e-05,-3.765156383778279e-05,1.1850376584762966e-05,0.458,False,False,0.7158972990198481,303.26348876953125,1286.0,27.688106183355178,False,2089.0,Guatemala City,Guatemala,470.0,2900618.853,within_polygon,0.0,True
353,Sargodha,PK,32.08586,72.67418,975886,0.184708032842362,16.69336995498594,-1.1823,False,-1.3383785385165867e-05,-2.3378780716511515e-05,-4.683958086746289e-06,0.0,True,True,0.184708032842362,224.9229888916016,400.0,34.150165997595764,False,7085.0,Sargodha,Pakistan,82.0,1127650.941,within_polygon,0.0,True
354,Faisalabad,PK,31.41554,73.08969,3800193,0.2352902999999999,16.174563210498263,-2.1694,False,-1.6148091151211018e-05,-2.59428699413732e-05,-6.188443709814304e-06,0.0,True,True,0.2352902999999999,224.0375213623047,362.0,36.52755469068954,False,7428.0,Faisalabad,Pakistan,326.0,5676792.888,within_polygon,0.0,True
355,Lüliang,CN,37.5192,111.14436,3346500,0.08261043,0.1831082627604132,-1.9793,False,-1.640366162603918e-05,-2.6952506599491925e-05,-6.610182891997799e-06,0.0,True,True,0.08261043,405.2712707519531,492.0,31.717494205758204,False,7719.0,Lüliang,China,39.0,554109.3908,within_polygon,0.0,True
356,Naucalpan de Juárez,MX,19.47851,-99.23963,834434,0.2131674108778622,19.699397268635096,-2.4499,False,-1.7247795541052162e-05,-2.8743298789274497e-05,-6.756428245433805e-06,0.0,True,True,0.2131674108778622,398.6851806640625,880.0,32.02633587517517,False,5402.0,Mexico City,México,2134.0,17639163.99,within_polygon,0.0,True
357,Meerut,IN,28.98002,77.70636,1223184,0.1854663015917488,7.84313725490199,-2.3689,False,-2.9525356371625216e-05,-5.579846699585178e-05,-5.803159131214348e-06,0.0215,True,True,0.1854663015917488,245.0377349853516,917.0,35.588906420345765,False,8305.0,Meerut,India,233.0,2169152.405,within_polygon,0.0,True
358,Chandigarh,IN,30.73629,76.7884,970602,0.2426430999999998,5.61532005798432,-5.6908,False,-3.082547473202998e-05,-4.6989156038011776e-05,-1.262234826974209e-05,0.0,True,True,0.2426430999999998,319.9261779785156,1008.0,37.932361302421846,False,7151.0,Chandigarh,India,344.0,2417872.088,within_polygon,0.0,True
359,Bucharest,RO,44.43225,26.10626,1877155,0.3229623135362622,0.2899214160372594,-2.1168,False,-3.198525018772758e-05,-5.194403491787572e-05,-1.3047401301552488e-05,0.0,True,True,0.3229623135362622,267.0908203125,579.0,35.102746784109364,False,2359.0,Bucharest,Romania,260.0,1971350.247,within_polygon,0.0,True
360,Anshun,CN,26.25,105.93333,765313,0.101610587258357,0.1831082627604132,-0.2598,True,-3.289734126340777e-05,-8.37086298092159e-05,1.622475776468685e-05,0.3335,False,False,0.101610587258357,444.9998474121094,1189.0,19.845735002664757,False,8909.0,Anshun,China,55.0,582993.3581,within_polygon,0.0,True
361,Datong,CN,40.09361,113.29139,1850000,0.2004275999999999,4.1809719996948616,-0.7504,False,-3.378351124176497e-05,-5.7123486451394006e-05,-1.2431503136114845e-05,0.0,True,True,0.2004275999999999,263.5890808105469,369.0,28.052323729160864,False,7440.0,Datong,China,223.0,1571546.624,within_polygon,0.0,True
362,Gujranwala,PK,32.15567,74.18705,2511118,0.1442940429027946,17.807278553444746,-3.8148,False,-3.533074269846222e-05,-5.579101306513858e-05,-1.4867690872729045e-05,0.0,True,True,0.1442940429027946,230.1870574951172,585.0,34.60648428963618,False,7738.0,Gujranwala,Pakistan,231.0,3108698.023,within_polygon,0.0,True
363,Amritsar,IN,31.62234,74.87534,1159227,0.2266374003158889,14.450293736171544,-6.1073,False,-5.011482914793282e-05,-7.79040712043593e-05,-2.1809871164705214e-05,0.0,True,True,0.2266374003158889,236.2508087158203,657.0,36.24051650161184,False,4316.0,Amritsar,India,128.0,1303219.344,within_polygon,0.0,True
364,Nanjing,CN,32.06167,118.77778,9314685,0.058399089010373,8.865491721980675,-0.0253,True,-6.38610302273468e-05,-0.0007661967354288,0.0006612420659628,0.9035,False,False,0.058399089010373,239.25901794433597,1044.0,7.597868102461106,False,10887.0,Nanjing,China,1012.0,8061028.981,within_polygon,0.0,True
365,Qujing,CN,25.48333,103.78333,1408500,0.1917821182272825,5.684341886080804e-14,-0.1679,True,-7.425047756744359e-05,-0.0002780649257559,2.4286128663675302e-17,0.6225,False,False,0.1917821182272825,601.1237182617188,981.0,11.376667567385027,False,8485.0,Qujing,China,109.0,701652.2536,within_polygon,0.0,True
366,Cochabamba,BO,-17.38195,-66.15995,841276,0.2752713000102564,0.0152590218967247,-1.3577,False,-0.0001074989858086,-0.0001804165887303,-4.060396653719591e-05,0.0,True,True,0.2752713000102564,283.78692626953125,836.0,26.976166774381,False,666.0,Cochabamba,Bolivia,293.0,1357547.955,within_polygon,0.0,True
367,San Diego,US,32.71571,-117.16472,1404452,0.2093355109849011,13.656824597543334,-0.0297,False,-0.000112629316547,-0.0008413409075963,0.0005773998155393,0.783,False,False,0.2093355109849011,345.15380859375,301.0,1.0087655487028435,False,2471.0,San Diego,United States,778.0,1977278.929,within_polygon,0.0,True
368,Putian,CN,25.43944,119.01028,1539389,0.0725754700111157,1.6937514305333252,-0.1389,True,-0.0001160814337147,-0.0003430863121956,9.601594607911772e-05,0.4285,False,False,0.0725754700111157,454.3734130859375,1205.0,9.506761385672382,False,11636.0,Putian,China,453.0,2463177.341,within_polygon,0.0,True
369,Milan,IT,45.46427,9.18951,1371498,0.0906286899990103,10.055695429922991,-1.7761,False,-0.0001163008848194,-0.0001946314980619,-4.3637031731898985e-05,0.0,True,True,0.0906286899990103,236.84722900390625,924.0,26.356962115957,False,1498.0,Milan,Italy,785.0,3135553.23,within_polygon,0.0,True
370,Karbala,IQ,32.61603,44.02488,1218732,0.1316135122730927,3.93682764934772,-0.5238,False,-0.0001279146362438,-0.0002407945510793,-3.165225261132366e-05,0.0065,True,True,0.1316135122730927,266.0051574707031,95.0,18.32849958572826,False,3468.0,Karbala,Iraq,106.0,1078646.121,within_polygon,0.0,True
371,Gurugram,IN,28.4601,77.02635,886519,0.245183804485506,5.706874189364498,-2.3689,False,-0.0001415826789553,-0.000271382421135,-2.7497169690217415e-05,0.013,True,True,0.245183804485506,272.1584167480469,661.0,27.08891191930653,False,7963.0,New Delhi,India,2139.0,31422507.92,within_polygon,0.0,True
372,Abū Ghurayb,IQ,33.30563,44.18477,900000,0.0786549269613512,20.73701075761045,-0.8459,False,-0.0001523367858627,-0.0002689665148605,-4.045294125252053e-05,0.004,True,True,0.0786549269613512,229.891357421875,146.0,17.7403234107251,False,3307.0,Baghdad,Iraq,688.0,6891721.864,within_polygon,0.0,True
373,Xinyang,CN,32.12278,114.06556,1230042,0.05836012,0.686655985351365,-0.1653,False,-0.0001533313902071,-0.0004598741479754,0.0001338049415957,0.4405,False,False,0.05836012,239.5323028564453,1082.0,14.430962681166656,False,9831.0,Xinyang,China,81.0,350066.6744,within_polygon,0.0,True
374,Jalandhar,IN,31.32556,75.57917,868929,0.2688223032851797,8.682383459220318,-6.1073,False,-0.0001559091938008,-0.0002427801923025,-6.756998820772736e-05,0.0,True,True,0.2688223032851797,234.9681854248047,672.0,32.012843260117485,False,5657.0,Jalandhar,India,144.0,1170866.618,within_polygon,0.0,True
375,Bursa,TR,40.19559,29.06013,3101833,0.4104262999848779,2.1362630655375483,-1.8334,False,-0.0002096325866145,-0.0003562723065775,-7.945096041619885e-05,0.0,True,True,0.4104262999848779,534.7181396484375,600.0,18.907002207839582,False,3130.0,Bursa,Turkey,216.0,2366447.919,within_polygon,0.0,True
376,Jinjiang,CN,24.81978,118.57415,1416151,0.071012860000007,10.009918364232874,-0.1389,True,-0.0002218569216648,-0.0006651719334536,0.0001878833103089,0.4365,False,False,0.071012860000007,456.3364868164063,1112.0,4.433820347710244,False,11623.0,Quanzhou,China,799.0,3384624.24,within_polygon,0.0,True
377,Huainan,CN,32.62639,116.99694,1666826,0.0631583100000002,11.459525444419056,-0.1504,False,-0.0002308977935756,-0.0006613655522774,0.0001799603731291,0.403,False,False,0.0631583100000002,436.29193115234375,897.0,4.074616659629847,False,10403.0,Tianjia‘an,China,168.0,1177306.495,within_polygon,0.0,True
378,İzmir,TR,38.41273,27.13838,2938292,0.7108020999973488,90.42496375982302,-1.1472,False,-0.0002703422480119,-0.0004684167380123,-9.227558934960866e-05,0.0,True,True,0.7108020999973488,527.6024169921875,679.0,2.3178310335841,False,1094.0,Izmir,Turkey,307.0,2457529.398,within_polygon,0.0,True
379,Bahawalpur,PK,29.39779,71.6752,903795,0.1190218000000238,22.384985122453656,-0.1318,False,-0.0002729492771905,-0.0012489901208316,0.0006687955105099,0.679,False,False,0.1190218000000238,218.0327911376953,136.0,6.163876555104304,False,7260.0,Bahawalpur,Pakistan,83.0,738885.3445,within_polygon,0.0,True
380,Trujillo,PE,-8.11599,-79.02998,919899,0.6669608730816291,18.76859693293665,-0.166,True,-0.0002982185846655,-0.0005774184386381,-3.3486568258275434e-05,0.0475,True,True,0.6669608730816291,292.241455078125,18.0,7.293542108476252,False,1156.0,Trujillo,Peru,94.0,991426.9265,within_polygon,0.0,True
381,Algiers,DZ,36.73225,3.08746,2364230,0.360220200010265,52.33844510566877,-0.3448,False,-0.0003050398441828,-0.0005143570435713,-0.0001120205104485,0.0,True,True,0.360220200010265,441.31878662109375,699.0,2.5318003149771924,False,3397.0,Algiers,Algeria,468.0,3316231.955,within_polygon,0.0,True
382,Malatya,TR,38.35018,38.31667,750491,0.2950226995043289,0.8850232700084462,-1.8667,False,-0.0003126091903371,-0.0005327654926493,-0.0001068075362519,0.0,True,True,0.2950226995043289,395.4807434082031,442.0,19.097429352391543,False,6207.0,Malatya,Turkey,49.0,510424.5299,within_polygon,0.0,True
383,Sofia,BG,42.69751,23.32415,1152556,0.2816335999999533,12.61921110856798,-2.487,False,-0.0003294000406889,-0.0005440296769141,-0.0001328204251581,0.0,True,True,0.2816335999999533,298.1591796875,616.0,21.31815767610219,False,109.0,Sofia,Bulgaria,201.0,1068056.502,within_polygon,0.0,True
384,Bengbu,CN,32.94083,117.36083,972784,0.0847586799999958,6.927595941100208,-0.0756,False,-0.0003342250636843,-0.0013091394337331,0.0005748197452756,0.606,False,False,0.0847586799999958,232.01014709472656,825.0,4.665622431255438,False,10447.0,Bengbu,China,134.0,671788.502,within_polygon,0.0,True
385,Kayseri,TR,38.73222,35.48528,1452458,0.1602327415417343,0.671396963454697,-3.4303,False,-0.0003388840098605,-0.0005384482264562,-0.0001406184876456,0.0,True,True,0.1602327415417343,237.0069732666016,385.0,25.2353942423577,False,5559.0,Kayseri,Turkey,160.0,893375.5148,within_polygon,0.0,True
386,Huizhou,CN,23.11147,114.41523,2900113,0.0866846999999999,18.49393453879611,-0.0666,True,-0.0003771200649233,-0.0023433196503335,0.0015858234163735,0.8125,False,False,0.0866846999999999,333.48883056640625,1854.0,0.2290439187071343,False,11173.0,Huizhou,China,152.0,1061951.602,within_polygon,0.0,True
387,Lima,PE,-12.04318,-77.02824,7737002,0.5729318000000077,8.041504539559014,-0.2668,True,-0.0004307030093199,-0.0008481933934658,-7.231655320688636e-05,0.0245,True,True,0.5729318000000077,326.41680908203125,22.0,8.338886876920188,False,2171.0,Lima,Peru,984.0,10828103.83,within_polygon,0.0,True
388,Tbilisi,GE,41.69143,44.83412,1049498,0.2589542,43.32036316472119,-0.59,False,-0.000482262754851,-0.0009315776647431,-6.32724690076167e-05,0.0375,True,True,0.2589542,537.6358032226562,591.0,1.715992670810635,False,467.0,Tbilisi,Georgia,151.0,988277.7269,within_polygon,0.0,True
389,Adana,TR,36.98615,35.32531,1816750,0.244605180957939,12.268253604943936,-3.1756,False,-0.0005665372238081,-0.0009055858770178,-0.0002289927560383,0.0,True,True,0.244605180957939,237.5637664794922,695.0,21.956628132559462,False,5628.0,Adana,Turkey,128.0,523157.8865,within_polygon,0.0,True
390,Budapest,HU,47.49835,19.04045,1741041,0.0753313029959833,39.71923399710079,-0.5819,False,-0.0006089050159503,-0.0010581943835471,-0.0001769050994264,0.001,True,True,0.0753313029959833,425.91802978515625,523.0,1.0130254947993622,False,964.0,Budapest,Hungary,368.0,1743875.314,within_polygon,0.0,True
391,Quanzhou,CN,24.91389,118.58583,1469157,0.0701559140831337,5.935759517814915,-0.1389,True,-0.0006216479062742,-0.0018348755505674,0.000487004650798,0.4245,False,False,0.0701559140831337,282.0137634277344,1158.0,3.4805807584817794,False,11623.0,Quanzhou,China,799.0,3384624.24,within_polygon,0.0,True
392,Guayaquil,EC,-2.19616,-79.88621,2723665,0.6265439059161264,10.299839780270132,-0.2419,True,-0.0006497006440756,-0.0013736761939493,5.753163707841513e-06,0.104,False,False,0.6265439059161264,600.0,1002.0,2.146082664993562,False,792.0,Guayaquil,Ecuador,314.0,3247674.482,within_polygon,0.0,True
393,Yinchuan,CN,38.46806,106.27306,1487579,0.1974322000193669,13.992523079270654,-1.7919,False,-0.0006979767837894,-0.0011318619419471,-0.0002857498733156,0.0,True,True,0.1974322000193669,228.0862274169922,192.0,16.630109896740148,False,4655.0,Yinchuan,China,253.0,1913287.29,within_polygon,0.0,True
394,Najafgarh,IN,28.60922,76.97982,1365000,0.2602816118756782,3.7079423208972457,-6.5892,False,-0.0007532157173897,-0.0011857467973317,-0.0003209768532652,0.0,True,True,0.2602816118756782,234.36016845703125,621.0,25.294214139545574,False,7963.0,New Delhi,India,2139.0,31422507.92,within_polygon,0.0,True
395,Baotou,CN,40.6516,109.84389,2150000,0.1640915259445369,6.62241550316628,-1.46,False,-0.0007702065404044,-0.0012794852015627,-0.000306123870599,0.0,True,True,0.1640915259445369,258.5539245605469,297.0,15.137723399665887,False,5236.0,Baotou,China,235.0,1645071.521,within_polygon,0.0,True
396,Sialkot,PK,32.49268,74.53134,911817,0.2226351088871861,6.042572671091818,-3.8148,False,-0.0007796467880671,-0.0012732168507318,-0.0003230324885508,0.0,True,True,0.2226351088871861,252.8179931640625,868.0,21.967043960570752,False,7829.0,Sialkot,Pakistan,180.0,1830743.69,within_polygon,0.0,True
397,Erzurum,TR,39.90861,41.27694,767848,0.3338670945674483,0.5798428320745188,-0.781,False,-0.0008920058235072,-0.0017476022308302,-9.38045852690119e-05,0.049,True,True,0.3338670945674483,477.9228515625,478.0,8.1118468446616,False,6522.0,Erzurum,Turkey,27.0,162678.2729,within_polygon,0.0,True
398,Wuhu,CN,31.35259,118.42947,1598165,0.0523950000000047,0.0610360875868423,-0.3578,True,-0.0009051439761154,-0.00212743052924,0.0001553058966943,0.206,False,False,0.0523950000000047,220.00238037109372,1156.0,9.887412838679904,False,10927.0,Wuhu,China,197.0,2137949.349,within_polygon,0.0,True
399,Köln,DE,50.93333,6.95,1024621,0.071448900103232,20.40131227588313,-0.2829,False,-0.0009606448421492,-0.0021828353392496,0.0001066657107355,0.1635,False,False,0.071448900103232,310.1999206542969,745.0,1.0260347523658857,False,1186.0,Cologne,Germany,296.0,1156303.314,within_polygon,0.0,True
400,Vienna,AT,48.20849,16.37208,1691468,0.0797164551533543,11.062790875104952,-0.538,False,-0.0009995313420966,-0.0018493210557953,-0.0002742804008959,0.001,True,True,0.0797164551533543,373.5909118652344,572.0,4.038805725414847,False,1081.0,Vienna,Austria,325.0,2056564.784,within_polygon,0.0,True
401,Fes,MA,34.03313,-5.00028,1191905,0.217885838432581,22.09506370641645,-1.5972,False,-0.0011678201209472,-0.0018875402084058,-0.0004854730630471,0.0,True,True,0.217885838432581,349.4361572265625,559.0,9.304042507932788,False,4407.0,Fez,Morocco,106.0,1434234.525,within_polygon,0.0,True
402,Oran,DZ,35.69906,-0.63588,803329,0.35129380212298,32.42542153047992,-0.9452,False,-0.0011892114031741,-0.0019511476856671,-0.0004825635113866,0.0,True,True,0.35129380212298,469.12841796875,364.0,2.3825713674305344,False,945.0,Oran,Algeria,178.0,1261237.6,within_polygon,0.0,True
403,Sadr City,IQ,33.3889,44.4583,1211849,0.08109344,14.05355916685744,-0.8459,False,-0.0012193354934096,-0.0022528382921374,-0.0003308124415848,0.0015,True,True,0.08109344,229.61187744140625,162.0,8.401801457459626,False,3307.0,Baghdad,Iraq,688.0,6891721.864,within_polygon,0.0,True
404,Rome,IT,41.89193,12.51133,2318895,0.1219487,22.308690012970203,-0.4269,False,-0.0013312110117336,-0.0025592423348869,-0.0002556384910843,0.0185,True,True,0.1219487,282.4848022460937,760.0,3.0196185810197647,False,3938.0,Rome,Italy,467.0,2476089.431,within_polygon,0.0,True
405,Rabat,MA,34.01325,-6.83255,1655753,0.0716719748318391,40.05493247882811,-1.5122,False,-0.0013672601883325,-0.0022683023972634,-0.0005635135417278,0.0,True,True,0.0716719748318391,361.2696228027344,519.0,3.0863421126778765,False,2747.0,Rabat,Morocco,203.0,2094220.784,within_polygon,0.0,True
406,Ghāziābād,IN,28.66535,77.43915,1199191,0.2054343120910291,5.188067444876822,-2.3689,False,-0.0015027174288339,-0.0026870973454081,-0.0002799456369703,0.019,True,True,0.2054343120910291,221.97930908203125,789.0,17.451651417204314,False,7963.0,New Delhi,India,2139.0,31422507.92,within_polygon,0.0,True
407,Zapopan,MX,20.72111,-103.38742,1476491,0.1116775796298197,25.78774700541697,-1.65,False,-0.0015278527572131,-0.0026180225730679,-0.0005501823259167,0.0,True,True,0.1116775796298197,363.3905944824219,861.0,6.832237292742613,False,3105.0,Guadalajara,México,598.0,4138349.881,within_polygon,0.0,True
408,Callao,PE,-12.05162,-77.13452,1300000,0.5972655999999986,5.684341886080804e-14,-0.2668,True,-0.0015812622489771,-0.0031700957272176,-0.0002894820556845,0.0245,True,True,0.5972655999999986,283.4322509765625,22.0,2.6418648431257825,False,2171.0,Lima,Peru,984.0,10828103.83,within_polygon,0.0,True
409,Belgrade,RS,44.80401,20.46513,1273651,0.1254296751815343,41.76394293125816,-1.5542,False,-0.0015988441037686,-0.0026410700836102,-0.0006020328219734,0.0,True,True,0.1254296751815343,421.4849853515625,675.0,2.018777414849737,False,573.0,Belgrade,Serbia,191.0,1200546.585,within_polygon,0.0,True
410,Valencia,ES,39.47391,-0.37966,824340,0.0695070899995153,9.674219882505554,-0.483,False,-0.0017649770510182,-0.0030276464699829,-0.0005990059938588,0.0,True,True,0.0695070899995153,227.96429443359372,427.0,4.272835929379792,False,4522.0,Valencia,Spain,223.0,1404208.285,within_polygon,0.0,True
411,Naples,IT,40.85216,14.26811,909048,0.1617050012910862,0.5951018539711868,-0.3455,False,-0.0017659817446177,-0.0034909986258976,-0.0002052574509794,0.04,True,True,0.1617050012910862,375.1390075683594,954.0,1.492898685712159,False,4490.0,Naples,Italy,618.0,2885079.239,within_polygon,0.0,True
412,Al Mawşil al Jadīdah,IQ,36.33271,43.10555,2065597,0.1837698,22.247653925383418,-1.2638,False,-0.001774579880605,-0.0031202558218043,-0.0004885908602784,0.001,True,True,0.1837698,412.71783447265625,463.0,3.827131002888901,False,1530.0,Mosul,Iraq,153.0,1678252.637,within_polygon,0.0,True
413,Istanbul,TR,41.01384,28.94966,15701602,0.4327548,2.6398107881285,-0.273,False,-0.0017871685276213,-0.0040680138338839,0.0003848638543282,0.219,False,False,0.4327548,350.5603332519531,718.0,0.5690703834498371,False,2637.0,Istanbul,Turkey,1269.0,14210222.07,within_polygon,0.0,True
414,Fuzhou,CN,26.06139,119.30611,3740000,0.051719552891057,6.744487678339851,-0.3311,True,-0.0019431239035406,-0.0047462480917001,0.0005248478189355,0.2345,False,False,0.051719552891057,245.52935791015625,1374.0,2.5539335553755724,False,11621.0,Fuzhou,China,256.0,2880409.893,within_polygon,0.0,True
415,Fuyang,CN,32.9,115.81667,1768947,0.06560592,3.8452735179675415,-0.3122,False,-0.0020405435224123,-0.004374364646277,7.37581042206112e-06,0.1015,False,False,0.06560592,196.7847900390625,855.0,3.0721340287966603,False,10099.0,Fuyang,China,199.0,1026178.734,within_polygon,0.0,True
416,Rajshahi,BD,24.374,88.60114,763580,0.127690699939077,5.684341886080804e-14,-0.5335,False,-0.0021503134704165,-0.0068592905408669,2.220446049250313e-16,0.4295,False,False,0.127690699939077,235.15640258789065,1474.0,8.642371791434504,False,2155.0,Rajshahi,Bangladesh,139.0,805559.7922,within_polygon,0.0,True
417,Antalya,TR,36.90812,30.69556,1335002,0.2329981000000742,5.684341886080804e-14,-0.3999,False,-0.0021886002904899,-0.0043491335527832,-0.0002732846968439,0.0465,True,True,0.2329981000000742,337.7432861328125,741.0,2.047429226417349,False,4529.0,Antalya,Turkey,258.0,1372672.143,within_polygon,0.0,True
418,Jiujiang,CN,29.70475,116.00206,1164268,0.09921758,1.144426642252256,-0.9236,True,-0.0022378165702468,-0.0044801322025249,-0.0001805872682601,0.062,True,True,0.09921758,478.6948852539063,1415.0,4.377298825555467,False,10721.0,Jiujiang,China,99.0,570902.5578,within_polygon,0.0,True
419,Baghdad,IQ,33.34058,44.40088,7216000,0.080273361037564,15.10643167772946,-0.8459,False,-0.0022428271673237,-0.0040484601641921,-0.0005772699298073,0.0015,True,True,0.080273361037564,312.2768859863281,162.0,1.939212298038724,False,3307.0,Baghdad,Iraq,688.0,6891721.864,within_polygon,0.0,True
420,Tangier,MA,35.76727,-5.79975,1035141,0.2055809999960579,2.441443503471476,-0.385,False,-0.0023111798347327,-0.0038695817045767,-0.0008934101483922,0.0,True,True,0.2055809999960579,265.04656982421875,818.0,3.107309122440449,False,3886.0,Tangier,Morocco,86.0,1300223.171,within_polygon,0.0,True
421,Salé,MA,34.0531,-6.79846,972299,0.0743428500016187,23.20897230487526,-1.5122,False,-0.0023555736187819,-0.0038641278465221,-0.0009695452317892,0.0,True,True,0.0743428500016187,375.8569946289063,519.0,2.64350922087538,False,2747.0,Rabat,Morocco,203.0,2094220.784,within_polygon,0.0,True
422,Dera Ismail Khan,PK,31.83129,70.9017,763195,0.2558566188558271,18.8448920424201,-0.7912,False,-0.0025807271329828,-0.0042516121400004,-0.0008994970944913,0.0,True,True,0.2558566188558271,201.0021514892578,246.0,6.302280692276117,False,5492.0,Dera Ismail Khan,Pakistan,63.0,381589.8698,within_polygon,0.0,True
423,Wuzhong,CN,37.9867,106.201,7202654,0.1972265914121957,20.73701075761045,-0.7714,False,-0.0029932514957789,-0.004984272778288,-0.0011516684455915,0.0,True,True,0.1972265914121957,217.73866271972656,220.0,3.640405239119404,False,4997.0,Wuzhong,China,48.0,245267.776,within_polygon,0.0,True
424,Narela,IN,28.85267,77.09288,800000,0.2424865001761759,5.142290379186704,-2.3689,False,-0.0030309944519241,-0.005544488407111,-0.0005864615662208,0.016,True,True,0.2424865001761759,298.9594116210937,658.0,10.981015819752884,False,8047.0,Rasoi,India,94.0,698923.968,within_polygon,0.0,True
425,Zhongwei,CN,37.51129,105.19067,1174600,0.2145857,22.308690012970203,-0.7714,False,-0.0030726814569047,-0.0052376337872752,-0.0011620013187897,0.0,True,True,0.2145857,231.5487365722656,195.0,2.7071899826771264,False,4581.0,Zhongwei,China,25.0,173278.5449,within_polygon,0.0,True
426,Rohini,IN,28.74322,77.06778,860000,0.2509831,3.7232013427939705,-2.3689,False,-0.0031157366630228,-0.0055608427013886,-0.0005994433806034,0.0185,True,True,0.2509831,226.6600799560547,662.0,13.716744392586502,False,7963.0,New Delhi,India,2139.0,31422507.92,within_polygon,0.0,True
427,Anqing,CN,30.51365,117.04723,804493,0.0734550466256087,5.684341886080804e-14,-0.6228,True,-0.0032250734790999,-0.0069603266215168,3.3306690738754696e-16,0.124,False,False,0.0734550466256087,327.2950439453125,1499.0,2.890169741685439,False,10813.0,Anqing,China,70.0,469918.8133,within_polygon,0.0,True
428,Niigata,JP,37.92259,139.04125,797591,0.2601448673891304,5.684341886080804e-14,-0.4162,False,-0.0034359910290833,-0.0061704708228575,-0.0010020278703774,0.001,True,True,0.2601448673891304,194.5,1922.0,3.067905673733997,False,4907.0,Niigata,Japan,153.0,437871.2881,within_polygon,0.0,True
429,San Francisco,US,37.77493,-122.41942,827526,0.414144,6.530861371786102,-0.6298,False,-0.0037395549434221,-0.0078360229018302,-0.0001859330755958,0.074,True,True,0.414144,285.6695251464844,783.0,2.871752612667218,False,1461.0,San Francisco,United States,1614.0,4718348.828,within_polygon,0.0,True
430,Guadalajara,MX,20.67738,-103.34749,1385629,0.1157240041523691,0.106813153276903,-1.65,False,-0.0037921671925452,-0.0063788784594663,-0.0013566773495619,0.0,True,True,0.1157240041523691,277.2016906738281,861.0,8.683764003819196,False,3105.0,Guadalajara,México,598.0,4138349.881,within_polygon,0.0,True
431,Mosul,IQ,36.335,43.11889,1683000,0.1837698,15.73205157549404,-1.2638,False,-0.003823520628428,-0.0067303943940812,-0.0010362661211535,0.0025,True,True,0.1837698,336.7250366210937,534.0,2.635228999131869,False,1530.0,Mosul,Iraq,153.0,1678252.637,within_polygon,0.0,True
432,Pest,HU,47.5,19.08333,1001748,0.07254013,6.62241550316628,-0.5819,False,-0.0038863109117462,-0.006880978777887,-0.0011959561149553,0.0015,True,True,0.07254013,184.59002685546875,523.0,2.255203042932137,False,964.0,Budapest,Hungary,368.0,1743875.314,within_polygon,0.0,True
433,Bayan Nur,CN,40.74143,107.38599,1760000,0.1635738308048777,9.277485313191448,-1.1558,False,-0.0042411337674424,-0.0072119275960323,-0.0016960185757149,0.0,True,True,0.1635738308048777,202.82696533203125,147.0,6.001112074112899,False,4165.0,Bayannur,China,52.0,270742.2309,within_polygon,0.0,True
434,Rangpur,BD,25.74664,89.25166,1031388,0.2707102941607577,2.4719615472648684,-1.0354,False,-0.0051411198019189,-0.0112239080686437,0.0005236888568471,0.1485,False,False,0.2707102941607577,205.86761474609372,2340.0,11.447750903358232,False,2389.0,Rangpur,Bangladesh,64.0,611286.5341,within_polygon,0.0,True
435,Diyarbakır,TR,37.91363,40.21721,1833684,0.1193813,6.530861371786102,-1.6686,False,-0.0055730278091667,-0.0098053716123281,-0.0017653521782096,0.0,True,True,0.1193813,332.98101806640625,527.0,2.866205764274273,False,6477.0,Diyarbakir,Turkey,75.0,648873.8453,within_polygon,0.0,True
436,Turin,IT,45.07049,7.68682,847287,0.114485601526381,18.58548867017629,-1.5459,False,-0.0058121023331525,-0.009701945002112,-0.0021619729666763,0.0,True,True,0.114485601526381,310.64501953125,800.0,1.4599486990328332,False,70.0,Turin,Italy,212.0,1243448.069,within_polygon,0.0,True
437,Puebla,MX,19.04778,-98.20723,1692181,0.2727666710441241,12.4208438239109,-1.7035,False,-0.006715498408346,-0.0112416530416738,-0.0023980009057791,0.0,True,True,0.2727666710441241,329.80419921875,825.0,3.050559328384657,False,5853.0,Puebla,México,375.0,1949859.502,within_polygon,0.0,True
438,Seattle,US,47.60621,-122.33207,780995,0.3056356000013193,6.8513008316166975,-1.0623,True,-0.0067245943704312,-0.0120283033292774,-0.0017603242673745,0.0035,True,True,0.3056356000013193,327.0,1004.0,1.0029095226957891,False,5098.0,Seattle,United States,1123.0,2099643.254,within_polygon,0.0,True
439,Srinagar,IN,34.08565,74.80555,1206419,0.3927438,3.006027313649213,-2.9142,False,-0.0086285932427188,-0.013873612663999,-0.0035178658510327,0.0,True,True,0.3927438,228.3923797607422,749.0,10.122732983789488,False,1991.0,Srinagar,India,168.0,1340177.15,within_polygon,0.0,True
440,Faridabad,IN,28.41124,77.31316,1414050,0.2051115996711991,0.686655985351365,-2.3689,False,-0.0096483135253369,-0.01813399919476,-0.0018341115807303,0.0205,True,True,0.2051115996711991,213.6325225830078,706.0,7.956696361421535,False,7963.0,New Delhi,India,2139.0,31422507.92,within_polygon,0.0,True
441,Delhi,IN,28.65195,77.23149,11034555,0.2294909887507435,15.228503852903032,-2.3689,False,-0.0113766608006131,-0.0215404015330639,-0.0021241040234326,0.0175,True,True,0.2294909887507435,298.2158508300781,734.0,1.5667268818351607,True,7963.0,New Delhi,India,2139.0,31422507.92,within_polygon,0.0,True
442,Lahore,PK,31.558,74.35071,13004135,0.177375700015881,8.545052262150023,-4.3053,False,-0.0140276495434888,-0.0226527665302359,-0.0058761489671956,0.0,True,True,0.177375700015881,233.4724578857422,537.0,6.46833835525657,True,7794.0,Lahore,Pakistan,898.0,14305060.03,within_polygon,0.0,True
443,Ludhiana,IN,30.91204,75.85379,1618879,0.2378727929457269,10.421911955443704,-7.7419,False,-0.0153533212038833,-0.0237705878345954,-0.0066860327121801,0.0,True,True,0.2378727929457269,233.46356201171875,710.0,9.737568862437088,True,6229.0,Ludhiana,India,226.0,2323217.464,within_polygon,0.0,True
