city_row_id,name,country,is_material_hotspot,dP,fdr_sig,lat,lon,csr_recent_tws_cm_yr,gsfc_recent_tws_cm_yr,gsfc_recent_p,gsfc_recent_se_cm_yr,gsfc_recent_theilsen_cm_yr,gsfc_recent_n_months,gsfc_full_tws_cm_yr,gsfc_full_p,gsfc_full_theilsen_cm_yr,gsfc_full_n_months,gsfc_recent_dP,csr_sign,gsfc_recent_sign,gsfc_theilsen_sign,csr_gsfc_recent_sign_match,csr_gsfc_theilsen_sign_match,ghsl_matched,ghsl_match_method,ghsl_uc_id,ghsl_uc_name,distance_to_ghsl_centroid_km,hotspot_product_grade
0,Yokohama,JP,True,0.0131823600667306,True,35.43333,139.65,1.5877,0.7130774726653594,1.181408486225269e-19,0.0625848832534611,0.746987917963574,100,1.1749968957986312,2.1833322051597583e-115,1.1652022913154951,233,0.0059249066615524315,1,1,1,True,True,True,within_polygon,5929.0,Tokyo,0.0,csr-gsfc-ghsl-robust
1,Bhayandar,IN,True,0.0117697302764608,True,19.30157,72.85107,1.4173,0.2837348328372097,0.1769458241940963,0.2086263260107914,0.3042508707787721,100,0.37298822702328255,5.547404815297682e-10,0.3811779354776219,233,0.002353929226558471,1,1,1,True,True,True,within_polygon,7599.0,Mumbai,0.0,csr-gsfc-ghsl-robust
2,Mumbai,IN,True,0.0108165938122896,True,19.07283,72.88261,1.4173,0.2837348328372097,0.1769458241940963,0.2086263260107914,0.3042508707787721,100,0.37298822702328255,5.547404815297682e-10,0.3811779354776219,233,0.002153553932192964,1,1,1,True,True,True,within_polygon,7599.0,Mumbai,0.0,csr-gsfc-ghsl-robust
3,Dar es Salaam,TZ,False,0.0099400650158641,True,-6.82349,39.26951,1.5505,3.967486717124902,1.6468653985458408e-11,0.5208488649514028,3.670694269554173,100,1.5751080507031263,1.5337208931713847e-26,1.2044865794739041,233,0.025919600609530913,1,1,1,True,True,True,within_polygon,3570.0,Dar es-Salaam,0.0,not-material-hotspot
4,Surat,IN,False,0.0096221809737705,True,21.19594,72.83023,1.4158,3.575809735817568,7.046893112614771e-06,0.7532906140543961,3.454402872721601,100,0.8850384069806748,8.310835870141334e-05,0.8923457423981322,233,0.02467005697945507,1,1,1,True,True,True,within_polygon,6913.0,Surat,0.0,not-material-hotspot
5,Nashik,IN,False,0.009150408807873,True,19.99727,73.79096,2.633,2.2284598145378687,2.0174731563478643e-06,0.44100930713336617,2.144055859631049,100,0.5323485621241071,2.914782425625035e-05,0.4994787581216511,233,0.0077045129359995385,1,1,1,True,True,True,within_polygon,8012.0,Nashik,0.0,not-material-hotspot
6,Bhiwandi,IN,False,0.0086312201636333,True,19.30023,73.05881,1.4173,3.912291789740759,1.38441123198012e-07,0.6888709846092069,3.676095366591918,100,1.0245989955099621,2.4743742940303356e-07,0.9632581033644543,233,0.020007359412766657,1,1,1,True,True,True,within_polygon,7599.0,Mumbai,0.0,not-material-hotspot
7,Thāne,IN,False,0.0084105762061177,True,19.19704,72.96355,1.4173,0.2837348328372097,0.1769458241940963,0.2086263260107914,0.3042508707787721,100,0.37298822702328255,5.547404815297682e-10,0.3811779354776219,233,0.0016667070301993048,1,1,1,True,True,True,within_polygon,7599.0,Mumbai,0.0,not-material-hotspot
8,Dombivali,IN,False,0.0083292880236759,True,19.21667,73.08333,1.4173,3.912291789740759,1.38441123198012e-07,0.6888709846092069,3.676095366591918,100,1.0245989955099621,2.4743742940303356e-07,0.9632581033644543,233,0.023091160746711692,1,1,1,True,True,True,within_polygon,7739.0,Kalyan-Dombivli,0.0,not-material-hotspot
9,Tokyo,JP,False,0.0083026372584477,True,35.6895,139.69171,1.5877,1.1174721406074692,5.2239014463794846e-05,0.26406352191284554,1.0072191000707384,100,3.150347113732589,1.7857545716416165e-81,3.107802580136303,233,0.00581574479097291,1,1,1,True,True,True,within_polygon,5929.0,Tokyo,0.0,not-material-hotspot
10,Yangon,MM,False,0.0078525840287735,True,16.80528,96.15611,0.949,2.1062391280177897,0.028564457306214732,0.947786176846938,2.0753275550032395,100,-0.29255083951256194,0.31716663053306465,-0.28058050172475035,233,0.011622502249179656,1,1,1,True,True,True,within_polygon,5029.0,Yangon,0.0,not-material-hotspot
11,Tianjin,CN,False,0.0073736357294239,True,39.14222,117.17667,1.0174,0.7063057603578563,0.00019411897581731656,0.18236623303983723,0.7392123916770061,100,-0.77113706248231,1.3797973274386346e-36,-0.8382942529751519,233,0.0051094509031917035,1,1,1,True,True,True,within_polygon,9127.0,Tianjin,0.0,not-material-hotspot
12,Varanasi,IN,False,0.0064547441040125,True,25.31668,83.01041,1.7399,0.5709044309437042,0.2653798474160965,0.5096595901372656,0.6325446799913432,100,-0.5538370320705851,0.00010657390487137715,-0.6033744341989298,233,0.0020873154640652924,1,1,1,True,True,True,within_polygon,10008.0,Varanasi,0.0,not-material-hotspot
13,Chattogram,BD,False,0.0063066447842901,False,22.3384,91.83168,0.7765,0.49854158159913536,0.31377436982288687,0.49236834319154144,0.7616463618201545,100,0.35493443273462355,0.005600219590950687,0.41925686796648576,233,0.004052034964144746,1,1,1,True,True,True,within_polygon,7439.0,Chattogram,0.0,not-material-hotspot
14,Patna,IN,False,0.0060981198108892,True,25.59408,85.13563,1.3047,0.01691315706326672,0.9765201016493106,0.5731878757727463,-0.0971809844250765,100,-1.1834702143899989,1.6316441504363403e-12,-1.2434809613951852,233,7.793093024371922e-05,1,1,-1,True,False,True,within_polygon,10586.0,Patna,0.0,not-material-hotspot
15,Kanpur,IN,False,0.0059558101069985,True,26.46523,80.34975,1.095,-0.015588049328553504,0.9736015552765942,0.46985639472870133,-0.0235692817683544,100,-0.9688032699444517,5.115922634909285e-12,-0.9623473194132378,233,-8.386207291105618e-05,1,-1,-1,False,False,True,within_polygon,9244.0,Kanpur,0.0,not-material-hotspot
16,Barcelona,VE,False,0.0055937627238466,True,10.1384,-64.68769,0.9569,0.13557180629631432,0.0446482404460431,0.06665098555678149,0.14472455168794163,100,0.35058979452549394,2.2978474603275164e-46,0.3461071528855868,233,0.0007865974990234892,1,1,1,True,True,True,within_polygon,4175.0,Barcelona,0.0,not-material-hotspot
17,Prayagraj,IN,False,0.005399910094125,True,25.44478,81.84322,1.5299,0.6396253547428332,0.1794874809160083,0.4730958294676633,0.646192623928058,100,-0.31233673304229476,0.01959919099163621,-0.3220891895668102,233,0.0022322306628537736,1,1,1,True,True,True,within_polygon,9714.0,Prayagraj,0.0,not-material-hotspot
18,Kalyān,IN,False,0.0053812979642205,True,19.2437,73.13554,1.4173,3.912291789740759,1.38441123198012e-07,0.6888709846092069,3.676095366591918,100,1.0245989955099621,2.4743742940303356e-07,0.9632581033644543,233,0.005381297964220544,1,1,1,True,True,True,within_polygon,7739.0,Kalyan-Dombivli,0.0,not-material-hotspot
19,Makassar,ID,False,0.005239330970689,True,-5.14861,119.43194,0.6312,0.3202452206928609,1.3859994289185837e-08,0.05171134470349315,0.34575893292943094,100,0.20354981469658537,1.6566719099108196e-33,0.2033311984295782,233,0.002657479790270867,1,1,1,True,True,True,within_polygon,8035.0,Makassar,0.0,not-material-hotspot
20,Howrah,IN,False,0.0050947550306674,False,22.57688,88.31857,0.6662,0.05490780496314821,0.9187272732146289,0.5367311031875154,0.02511455692797484,100,-0.7368177447586511,4.780568525160598e-06,-0.7525244521277696,233,0.000418682529037262,1,1,1,True,True,True,within_polygon,11352.0,Kolkata,0.0,not-material-hotspot
21,Kolkata,IN,False,0.0050927696458126,False,22.56263,88.36304,0.6662,0.05490780496314821,0.9187272732146289,0.5367311031875154,0.02511455692797484,100,-0.7368177447586511,4.780568525160598e-06,-0.7525244521277696,233,0.00041851670126807905,1,1,1,True,True,True,within_polygon,11352.0,Kolkata,0.0,not-material-hotspot
22,Luzhou,CN,False,0.0050042128246746,True,28.8903,105.42575,0.6356,0.9687319438290867,1.7771443622218586e-06,0.19056075368714034,0.9491831782562385,100,1.225472680163068,1.52820895844266e-67,1.2307341596541972,233,0.007636756560192248,1,1,1,True,True,True,within_polygon,8336.0,Luzhou,0.0,not-material-hotspot
23,Ranchi,IN,False,0.004955914891752,True,23.34316,85.3094,1.1405,0.4997813979135583,0.33132613085142554,0.5119206361346409,0.49392839470069944,100,-0.5214810826401503,0.00027006899201884103,-0.5665065814249537,233,0.0021557299650715733,1,1,1,True,True,True,within_polygon,10832.0,Ranchi,0.0,not-material-hotspot
24,Ciudad Guayana,VE,False,0.004915952855939,True,8.35122,-62.64102,3.2946,2.8234009895726584,2.6172239137282994e-05,0.6397232540809716,2.8620979171346423,100,0.37054947093802093,0.0530000651094993,0.3592869759462086,233,0.004182610761913494,1,1,1,True,True,True,within_polygon,4628.0,San Félix,0.0,not-material-hotspot
25,Haikou,CN,False,0.0048257107875001,True,20.03421,110.34651,0.8239,0.4977191032008357,0.03437615810366057,0.23197303881648124,0.411405753762008,100,0.23369177713033593,0.00019330511098441633,0.20602839225974684,233,0.0029065993346306662,1,1,1,True,True,True,within_polygon,10695.0,Xiuying District,0.0,not-material-hotspot
26,Jing’an,CN,False,0.0047006544213692,True,31.22,121.41583,0.6576,0.13124658604613856,0.7357521866212606,0.38779340217807745,0.3114745509286121,100,1.0078832225964778,7.161148811437829e-23,1.0697494398488718,233,0.0009350801148991783,1,1,1,True,True,True,within_polygon,11345.0,Shanghai,0.0,not-material-hotspot
27,Vijayawada,IN,False,0.0045902708923863,True,16.50745,80.6466,2.3443,2.677516593488159,8.41910706480149e-09,0.4248746904207747,2.701923524453944,100,0.7554181448185102,1.2443061005737554e-08,0.7689756215411867,233,0.00526847848495425,1,1,1,True,True,True,within_polygon,10224.0,Vijayawada,0.0,not-material-hotspot
28,Zhabei,CN,False,0.0044447278430762,True,31.25861,121.45972,0.6576,0.13124658604613856,0.7357521866212606,0.38779340217807745,0.3114745509286121,100,1.0078832225964778,7.161148811437829e-23,1.0697494398488718,233,0.0008837221052441224,1,1,1,True,True,True,within_polygon,11345.0,Shanghai,0.0,not-material-hotspot
29,Kaifeng,CN,False,0.0043969392064603,True,34.7986,114.30742,2.2778,-0.03390261459903942,0.9160403149158267,0.32075863200760724,-0.19816250212829492,100,-1.7232254911746048,2.404099384122432e-54,-1.9319770884854872,233,-8.211241616687404e-05,1,-1,-1,False,False,True,within_polygon,9431.0,Kaifeng,0.0,not-material-hotspot
30,Qinhuangdao,CN,False,0.0042830898810408,True,39.94104,119.58936,0.7283,0.11314035321713191,0.06201294187084587,0.05993276872537172,0.13330407399594504,100,0.04388786268922641,0.02576688920843655,0.050359375175720256,233,0.0006616781890359524,1,1,1,True,True,True,within_polygon,9489.0,Qinhuangdao,0.0,not-material-hotspot
31,Nagoya,JP,False,0.0041915709353172,True,35.18147,136.90641,0.664,0.12616870029466185,0.348844842063925,0.13403082640832284,0.1250337691189023,100,0.47225370272527606,5.73737434600545e-21,0.46834167744698424,233,0.0007929446388110217,1,1,1,True,True,True,within_polygon,5213.0,Nagoya,0.0,not-material-hotspot
32,Luohe,CN,False,0.0040014589304054,False,33.57424,114.03261,0.5955,-0.29906284561703106,0.2582599295699498,0.26299974040200225,-0.5017832515617406,100,-1.336671125085472,3.1811938141782723e-51,-1.464066422073378,233,-0.001996365843200565,1,-1,-1,False,False,True,within_polygon,9571.0,Luohe,0.0,not-material-hotspot
33,Putuo,CN,False,0.003967574017243,True,31.251,121.3897,0.6576,0.13124658604613856,0.7357521866212606,0.38779340217807745,0.3114745509286121,100,1.0078832225964778,7.161148811437829e-23,1.0697494398488718,233,0.0007882229341890368,1,1,1,True,True,True,within_polygon,11345.0,Shanghai,0.0,not-material-hotspot
34,Hanzhong,CN,False,0.003910982978689,True,33.07507,107.02214,0.6823,0.6566543773982277,5.442530889739065e-05,0.1555717770216703,0.5932966182664661,100,0.2863904868526855,1.4823094772965043e-09,0.24383260069224394,233,0.00376308402100764,1,1,1,True,True,True,within_polygon,7449.0,Hanzhong,0.0,not-material-hotspot
35,Benghazi,LY,False,0.0036816993522627,True,32.11486,20.06859,0.9766,-0.4650657350610331,1.116200612477534e-07,0.08118920082353943,-0.455786850094548,100,-0.25137178126149823,6.688611264348377e-26,-0.24317179802098737,233,-0.0017222725996657584,1,-1,-1,False,False,True,within_polygon,1088.0,Benghazi,0.0,not-material-hotspot
36,Accra,GH,False,0.0036759540436972,True,5.55602,-0.1969,5.4265,5.135478858719632,1.3162650898409212e-18,0.47084110189594136,4.929443303476267,100,2.400786761131057,4.2933952568972577e-38,2.4577250633962486,233,0.0034622636564353576,1,1,1,True,True,True,within_polygon,3175.0,Accra,0.0,not-material-hotspot
37,Jabalpur,IN,False,0.0035819517574923,True,23.16697,79.95006,1.6226,1.750186352245819,0.0003386621575448183,0.4711830152091751,1.6724846284700225,100,0.958025667820209,9.82931953109712e-12,0.9114202899686581,233,0.0038706904712033086,1,1,1,True,True,True,within_polygon,9466.0,Jabalpur,0.0,not-material-hotspot
38,Manila,PH,False,0.0034897418002498,True,14.6042,120.9822,0.4215,-0.032587159613458774,0.9239068266217423,0.3403007565562603,-0.040737575651753115,100,-0.34548521595541903,0.0006091118848518837,-0.3454179868790996,233,-0.00026994847393491117,1,-1,-1,False,False,True,within_polygon,2323.0,Manila,0.0,not-material-hotspot
39,Nanchong,CN,False,0.0033759501018316,True,30.79508,106.08473,0.8565,1.1169947758831116,7.93463953156398e-10,0.16404207595670062,1.1417612515019782,100,1.081345954341479,5.903291350157128e-71,1.0834927262854723,233,0.0044166053013120765,1,1,1,True,True,True,within_polygon,7943.0,Shunqing,0.0,not-material-hotspot
40,Linfen,CN,False,0.0033597281576323,True,36.08889,111.51889,0.9104,0.2374517957568436,0.3144713749486418,0.2348513030366065,0.10385515502511669,100,-1.3103485386575577,2.646380264340509e-55,-1.4939058551584699,233,0.000868971194260354,1,1,1,True,True,True,within_polygon,8584.0,Linfen,0.0,not-material-hotspot
41,Jamshedpur,IN,False,0.003275903248584,True,22.80278,86.18545,1.161,0.3892685296068297,0.4283706099589019,0.48947141926319315,0.34310565152715655,100,-0.5554678838601367,8.547966464974503e-05,-0.5866107459649634,233,0.0010869087187008047,1,1,1,True,True,True,within_polygon,11032.0,Jamshedpur,0.0,not-material-hotspot
42,Xuhui,CN,False,0.0030998488024287,True,31.19594,121.44709,0.6576,0.13124658604613856,0.7357521866212606,0.38779340217807745,0.3114745509286121,100,1.0078832225964778,7.161148811437829e-23,1.0697494398488718,233,0.0006151117705783804,1,1,1,True,True,True,within_polygon,11345.0,Shanghai,0.0,not-material-hotspot
43,Maracaibo,VE,False,0.0029827278373295,True,10.64232,-71.61089,1.3193,2.7818776291765577,1.492686888967886e-08,0.45038487365032864,2.873991707602884,100,0.2806755560206391,0.06304106025576212,0.32723614011776203,233,0.0064222450123844615,1,1,1,True,True,True,within_polygon,1268.0,Maracaibo,0.0,not-material-hotspot
44,Malingao,PH,False,0.0029638183406366,True,7.16083,124.475,0.3983,0.7894921350501899,0.010756050651675647,0.30362140704338836,0.810885524648822,100,-0.2692739394766564,0.0011639749284777397,-0.22610022639384042,233,0.002963818340636637,1,1,1,True,True,True,nearest_representative_point_le50km,5596.0,Midsayap,7.134741671328396,not-material-hotspot
45,Dalian,CN,False,0.002896224481439,True,38.91222,121.60222,1.3534,0.3365862304726667,0.1314658974634691,0.22128459222644012,0.4328889412767042,100,0.31851680604810717,2.7390760420182915e-06,0.3169260481942726,233,0.0007097994974708116,1,1,1,True,True,True,within_polygon,10113.0,Dalian,0.0,not-material-hotspot
46,Budta,PH,False,0.0028907748123359,True,7.20417,124.43972,0.3983,0.7894921350501899,0.010756050651675647,0.30362140704338836,0.810885524648822,100,-0.2692739394766564,0.0011639749284777397,-0.22610022639384042,233,0.005743248770480325,1,1,1,True,True,True,nearest_representative_point_le50km,5596.0,Midsayap,9.034352597361963,not-material-hotspot
47,Mombasa,KE,False,0.0028114281985759,True,-4.05466,39.66359,0.5269,0.5921217588718939,6.9739443535039526e-12,0.07597531912328884,0.5889829821924044,100,0.3075721371804712,7.44593826276066e-32,0.30558385347598704,233,0.0031614942174331973,1,1,1,True,True,True,within_polygon,2902.0,Mombasa,0.0,not-material-hotspot
48,Chennai,IN,False,0.0026832935777019,True,13.08784,80.27847,0.4167,3.9301090016286357,1.1380583097336391e-07,0.6866285942441688,4.20747328334941,100,0.06603805178760401,0.7385971131822743,0.1569228686592934,233,0.026001065977171833,1,1,1,True,True,True,within_polygon,10300.0,Chennai,0.0,not-material-hotspot
49,Cartagena,CO,False,0.0026785270490979,True,10.39817,-75.49328,0.6294,2.403077060040894,0.0002545536671635472,0.6330022860917354,2.552096487080422,100,0.15266812943243221,0.42923238364196,0.2173045206217463,233,0.010439470773103254,1,1,1,True,True,True,within_polygon,3275.0,Cartagena,0.0,not-material-hotspot
50,Virār,IN,False,0.0025991780956606,True,19.45591,72.81136,1.4173,0.2837348328372097,0.1769458241940963,0.2086263260107914,0.3042508707787721,100,0.37298822702328255,5.547404815297682e-10,0.3811779354776219,233,0.0012348163379952148,1,1,1,True,True,True,within_polygon,7563.0,Vasai-Virar,0.0,not-material-hotspot
51,Mandalay,MM,False,0.0025833231311815,False,21.97473,96.08359,0.3728,0.013633113764999722,0.9800901645618215,0.5448962317012026,0.08301461372108818,100,-0.23069629665675534,0.11599333896286561,-0.21175462987251048,233,9.423929568241896e-05,1,1,1,True,True,True,within_polygon,2597.0,Mandalay,0.0,not-material-hotspot
52,Ziyang,CN,False,0.0025591202315673,True,30.12108,104.64811,0.7209,1.3039826669825167,6.906925445424429e-11,0.1781115638293064,1.282627291153853,100,1.1650917201537347,3.7209630200670345e-67,1.1597172470955344,233,0.004663207161976976,1,1,1,True,True,True,within_polygon,7318.0,Ziyang,0.0,not-material-hotspot
53,Santo Domingo,DO,False,0.0024767920648013,True,18.47186,-69.89232,0.3488,0.013405616847314741,0.6909359978283305,0.03361807629129357,0.02550575633134705,100,0.11985051562470636,2.0606692767743107e-24,0.1203503026661698,233,9.498777122607382e-05,1,1,1,True,True,True,within_polygon,1667.0,Santo Domingo,0.0,not-material-hotspot
54,Baoshan,CN,False,0.0024670626082674,True,31.40845,121.48956,0.6576,0.13124658604613856,0.7357521866212606,0.38779340217807745,0.3114745509286121,100,1.0078832225964778,7.161148811437829e-23,1.0697494398488718,233,0.0004891915300316574,1,1,1,True,True,True,within_polygon,11345.0,Shanghai,0.0,not-material-hotspot
55,Barranquilla,CO,False,0.0024053116310744,True,10.96854,-74.78132,0.6294,2.3423626871318812,4.5990992822189354e-05,0.5491214227984516,2.433051737764795,100,0.23479077346524846,0.16294433680925413,0.30673236353531996,233,0.009141096393513959,1,1,1,True,True,True,within_polygon,3968.0,Barranquilla,0.0,not-material-hotspot
56,Cebu City,PH,False,0.002276329626615,True,10.31672,123.89071,0.9923,1.3231111650993976,0.0004207626921719814,0.36235513933204344,1.496027067674031,100,1.0490377941882594,2.6290868422923e-20,1.1016370242908806,233,0.002276329626615059,1,1,1,True,True,True,within_polygon,5065.0,Cebu City,0.0,not-material-hotspot
57,Surabaya,ID,False,0.0022082061862322,False,-7.24917,112.75083,0.2774,0.6888318681869746,0.13667585030654064,0.4590397545267959,0.8409562831099406,100,0.6115028312942877,2.36504925353129e-05,0.6720985393116081,233,0.00549111652963119,1,1,1,True,True,True,within_polygon,7459.0,Surabaya,0.0,not-material-hotspot
58,Seoul,KR,False,0.0021926419501853,True,37.566,126.9784,0.6391,1.2583896924844145,0.0020462348587544526,0.39719903987055455,1.4830304033479256,100,-0.46967002906675875,2.9255405043767187e-05,-0.4268708826548492,233,0.004351626996006108,1,1,1,True,True,True,within_polygon,348.0,Seoul,0.0,not-material-hotspot
59,Weinan,CN,False,0.002007256314618,True,34.50355,109.50891,0.4515,0.44909566988987565,0.06813748624816607,0.24348414523148681,0.35795165743825075,100,-0.5118297776104445,1.841709138634568e-14,-0.6240731329465108,233,0.0019965126639902575,1,1,1,True,True,True,within_polygon,8331.0,Weinan,0.0,not-material-hotspot
60,Alexandria,EG,False,0.0019576794418436,True,31.20176,29.91582,0.331,0.4753416228718198,2.15315080643603e-06,0.09436241322639274,0.48807056062035614,100,0.07056002001728379,0.0065809521588867876,0.054245037071385574,233,0.0028150133847371916,1,1,1,True,True,True,within_polygon,291.0,Alexandria,0.0,not-material-hotspot
61,Sapporo,JP,False,0.001933859674291,True,43.06667,141.35,0.5472,-0.06856786581414008,0.4779041044184316,0.09624785972302385,-0.012335387013636824,100,0.28636347560267117,4.8634914599064444e-20,0.29536316788102546,233,-0.00024044443491599843,1,-1,-1,False,False,True,within_polygon,351.0,Sapporo,0.0,not-material-hotspot
62,Nantong,CN,False,0.0019166321843848,True,32.03028,120.87472,0.3838,0.1676427577967151,0.4475546263273101,0.2198406995756418,0.17955385803882234,100,0.33291593487034715,2.997849402068166e-10,0.3470950406541597,233,0.0008352736822495876,1,1,1,True,True,True,within_polygon,11225.0,Nantong,0.0,not-material-hotspot
63,Auckland,NZ,False,0.0019078322068631,True,-36.84853,174.76349,0.6243,0.8604535829087299,0.07639316606708273,0.48045294191189997,0.9029823544939157,100,-0.0034487328773770707,0.9790943454011285,-0.01663393039874713,233,0.0026377603369742014,1,1,1,True,True,True,within_polygon,1147.0,Auckland,0.0,not-material-hotspot
64,Xianyang,CN,False,0.0018758121915692,True,34.33778,108.70261,0.4512,0.4531819158534623,0.034632390043370626,0.21152243838452905,0.39476406725183405,100,-0.19533309804473417,0.0005513766128262002,-0.2711917955257488,233,0.0018840958072930958,1,1,1,True,True,True,within_polygon,7915.0,Xianyang,0.0,not-material-hotspot
65,Hamamatsu,JP,False,0.0018496808038376,True,34.7,137.73333,0.2575,0.6730000127949106,1.6320909838185325e-05,0.14839818126996468,0.6226208997328602,100,1.6351402557020172,6.414795215750603e-73,1.6038676732683685,233,0.0018496808038376833,1,1,1,True,True,True,within_polygon,5831.0,Hamamatsu,0.0,not-material-hotspot
66,Karachi,PK,False,0.0018106153343679,True,24.8608,67.0104,0.44,3.2135735316015337,4.3353604382362064e-11,0.43323107491646023,3.415820613520044,100,1.6090315538969941,3.500969638792838e-30,1.6728546311708077,233,0.013663302586228165,1,1,1,True,True,True,within_polygon,2457.0,Karachi,0.0,not-material-hotspot
67,Shanghai,CN,False,0.0017738693845824,True,31.22222,121.45806,0.6576,0.13124658604613856,0.7357521866212606,0.38779340217807745,0.3114745509286121,100,1.0078832225964778,7.161148811437829e-23,1.0697494398488718,233,0.0008019332706823146,1,1,1,True,True,True,within_polygon,11345.0,Shanghai,0.0,not-material-hotspot
68,Tainan,TW,False,0.001610778367505,True,22.99083,120.21333,0.1935,-1.821274050383547,2.1229960983738297e-05,0.40766191515328415,-1.9477348903751657,100,-0.8624612598744756,6.483404602281252e-14,-0.8688694720992635,233,-0.015151512064328632,1,-1,-1,False,False,True,within_polygon,1744.0,Tainan,0.0,not-material-hotspot
69,Kitakyushu,JP,False,0.0015969601989614,True,33.85181,130.85034,0.407,0.7551311052079057,0.017547358682664972,0.3125637690904458,1.113326370648267,100,0.12974361982433807,0.13487500897963636,0.1525516376099446,233,0.0019178033808634753,1,1,1,True,True,True,nearest_representative_point_le50km,1027.0,Kitakyushu,6.557434035711661,not-material-hotspot
70,Lanzhou,CN,False,0.0015712382400322,True,36.05701,103.83987,0.4924,0.04036631392779244,0.7205239774954527,0.11250678654030366,-0.11029992737411422,100,-0.13149951575574728,4.061016532064134e-06,-0.1538664024957203,233,0.00012804770414448496,1,1,-1,True,False,True,within_polygon,4356.0,Lanzhou,0.0,not-material-hotspot
71,Hiroshima,JP,False,0.0015640616549372,True,34.4,132.45,0.1934,0.7409847437347311,0.001708870349263403,0.22971875952826726,0.9612792157328155,100,0.20359653289591834,0.001991417659531316,0.22179067371702293,233,0.005189326179235676,1,1,1,True,True,True,within_polygon,2921.0,Hiroshima,0.0,not-material-hotspot
72,Davao,PH,False,0.0015205006009754,False,7.07306,125.61278,0.1836,0.5590747473474427,0.08623401537099283,0.322597698490677,0.6390092276466086,100,-0.5575373948452611,2.0719789816062215e-11,-0.4469175757061103,233,0.004627866165211714,1,1,1,True,True,True,within_polygon,5872.0,Davao City,0.0,not-material-hotspot
73,Neijiang,CN,False,0.0014456937895842,True,29.58354,105.06216,0.9115,1.1939642739292984,8.791872339182987e-10,0.17590805568107992,1.1590395617979898,100,1.2339564683273776,2.0698802922911536e-74,1.2367602128438535,233,0.001901764222762739,1,1,1,True,True,True,within_polygon,7831.0,Neijiang,0.0,not-material-hotspot
74,Santiago de los Caballeros,DO,False,0.0014016720464758,True,19.45036,-70.69085,0.2709,0.40860408072267085,0.007105144717476743,0.14860312654854943,0.36991222176608485,100,0.3020444535056088,9.654349368829198e-11,0.2998901453862166,233,0.0021171540651767073,1,1,1,True,True,True,within_polygon,798.0,Santiago de los Caballeros,0.0,not-material-hotspot
75,Port-au-Prince,HT,False,0.0013811960865968,True,18.54349,-72.33881,0.2663,0.2980531481703794,0.08285310858903815,0.17009427013979306,0.26817450271469256,100,0.26460453615165164,1.976713546368556e-06,0.26421421528466715,233,0.0015463894089031982,1,1,1,True,True,True,within_polygon,1269.0,Port-au-Prince,0.0,not-material-hotspot
76,Hyderabad,PK,False,0.0013306612472312,True,25.39689,68.37718,0.6834,1.4190878958343867,3.979055133503172e-09,0.21952402250907263,1.5261589702302096,100,0.6007214287405996,1.992949445330382e-19,0.6193916200144916,233,0.002793021523304691,1,1,1,True,True,True,within_polygon,5678.0,Hyderabad,0.0,not-material-hotspot
77,Nay Pyi Taw,MM,False,0.0013303005997146,False,19.745,96.12972,0.4398,0.5140074160319505,0.3426887060289094,0.5390810511171863,0.5090069540807354,100,-0.42839891411941783,0.007996209501992608,-0.4327927269777777,233,0.0015562977332112399,1,1,1,True,True,True,within_polygon,3687.0,Pyinmana [Nay Pyi Taw],0.0,not-material-hotspot
78,Zhengzhou,CN,False,0.0012674802393856,True,34.75778,113.64861,1.526,0.08686277888372196,0.7883522232364706,0.3226864338916832,-0.10768245292561025,100,-1.5975065039858776,9.909374343116844e-50,-1.8164227498034375,233,7.051815067683764e-05,1,1,-1,True,False,True,within_polygon,9277.0,Zhengzhou,0.0,not-material-hotspot
79,Anyang,CN,False,0.0012147377205101,True,36.096,114.38278,2.7657,0.2096451405793065,0.487560668939172,0.3008567720576391,0.0460249268530602,100,-1.9121579599216039,7.20508361983345e-64,-2.1714921494277215,233,8.831259953629399e-05,1,1,1,True,True,True,within_polygon,9191.0,Anyang,0.0,not-material-hotspot
80,Fukuoka,JP,False,0.0011292210388418,True,33.6,130.41667,0.407,0.2577938545274786,0.006000112493282673,0.09177597530174275,0.2106193894527429,100,0.22542473220151596,8.813632410763902e-14,0.21413463194191662,233,0.0011292210388418322,1,1,1,True,True,True,within_polygon,907.0,Fukuoka,0.0,not-material-hotspot
81,Panzhihua,CN,False,0.0011250293667992,False,26.58509,101.71276,0.3991,-0.5050103870816453,0.11757518507310534,0.31984394001905186,-0.4953553402931918,100,-0.05647657238280149,0.5161272248848086,-0.0852805051600015,233,-0.0014062363821477353,1,-1,-1,False,False,True,within_polygon,6784.0,Panzhihua,0.0,not-material-hotspot
82,Quezon City,PH,False,0.0010393864693847,True,14.6488,121.0509,0.3367,0.07678055564151562,0.8394659330205623,0.37801436655720483,0.07826936224146311,100,-0.31258435268854495,0.004415898178314629,-0.3124359366809934,233,0.0002362069381736942,1,1,1,True,True,True,within_polygon,2323.0,Manila,0.0,not-material-hotspot
83,Bandar Lampung,ID,False,0.0010293927583578,False,-5.42917,105.26111,0.2514,0.08410633700329531,0.8691813192144355,0.5093321512207384,0.014935112536858112,100,0.635665237812206,1.8785699263008415e-05,0.6441249581024714,233,0.00034370156751648007,1,1,1,True,True,True,within_polygon,5181.0,Bandar Lampung,0.0,not-material-hotspot
84,Yangjiang,CN,False,0.0009961720420938,False,21.85563,111.96272,0.1299,-0.08591802437919206,0.8462247069583432,0.4418475401492655,-0.07898849481340145,100,0.3688965849303296,0.00425141994790111,0.4025516373118013,233,-0.0006582185392225992,1,-1,-1,False,False,True,within_polygon,10851.0,Yangjiang,0.0,not-material-hotspot
85,Chongqing,CN,False,0.0009810779997386,True,29.56026,106.55771,0.585,0.8812528713501607,1.7550096878065772e-06,0.17325008871364495,0.9203883348564981,100,1.1440082823997695,4.244972877911257e-74,1.1746517246136938,233,0.0014844584935890179,1,1,1,True,True,True,within_polygon,8557.0,Chongqing,0.0,not-material-hotspot
86,Jakarta,ID,False,0.0009605569416031,False,-6.21462,106.84513,0.2499,-0.36245677931770237,0.4079408281733552,0.43612005047366065,-0.3588684399836498,100,-0.007115757903368773,0.9551574825166933,0.018731391482238856,233,-0.0013828008052363117,1,-1,-1,False,False,True,within_polygon,5472.0,Jakarta,0.0,not-material-hotspot
87,Pasig City,PH,False,0.0009425574639516,True,14.58691,121.0614,0.3367,0.07678055564151562,0.8394659330205623,0.37801436655720483,0.07826936224146311,100,-0.31258435268854495,0.004415898178314629,-0.3124359366809934,233,0.00021418201884072785,1,1,1,True,True,True,within_polygon,2323.0,Manila,0.0,not-material-hotspot
88,Goyang-si,KR,False,0.0009003048747226,True,37.65639,126.835,0.6391,1.2583896924844145,0.0020462348587544526,0.39719903987055455,1.4830304033479256,100,-0.46967002906675875,2.9255405043767187e-05,-0.4268708826548492,233,0.0009003048747226322,1,1,1,True,True,True,within_polygon,348.0,Seoul,0.0,not-material-hotspot
89,Tianshui,CN,False,0.000896197666793,True,34.57952,105.74238,0.562,0.19804054795655848,0.08233474594415519,0.11282502794617884,0.1161060630999301,100,-0.08861211843169593,0.010583949715569321,-0.1198019529821778,233,0.0003140874242885394,1,1,1,True,True,True,within_polygon,5827.0,Tianshui,0.0,not-material-hotspot
90,Haiphong,VN,False,0.0008755768894566,False,20.86481,106.68345,0.3986,1.2808123958352824,0.10809047991735785,0.7898184515237993,1.0605612858392242,100,1.2789673013736857,2.412615843113676e-07,1.2638620009902508,233,0.0028492296000650758,1,1,1,True,True,True,within_polygon,3874.0,Hải Phòng,0.0,not-material-hotspot
91,Changwon,KR,False,0.0008700584934065,True,35.22806,128.68111,0.376,0.9904453524398794,0.060154156097079144,0.5208348879718883,1.344522667054194,100,-0.15252469981712435,0.28637122848614943,-0.11182199686975236,233,0.0023119216723547498,1,1,1,True,True,True,within_polygon,3324.0,Changwon,0.0,not-material-hotspot
92,Kaohsiung,TW,False,0.0007876052972501,False,22.61626,120.31333,0.0956,-1.821274050383547,2.1229960983738297e-05,0.40766191515328415,-1.9477348903751657,100,-0.8624612598744756,6.483404602281252e-14,-0.8688694720992635,233,-0.015048613861003424,1,-1,-1,False,False,True,within_polygon,1919.0,Kaohsiung,0.0,not-material-hotspot
93,Vadodara,IN,False,0.0007753986476834,True,22.29941,73.20812,1.6367,1.9798554711007255,2.1321414137538578e-05,0.44326766796731387,1.9670965830202747,100,0.5693336726659416,1.7643372029484923e-05,0.5734141650359911,233,0.000943238912735735,1,1,1,True,True,True,within_polygon,7021.0,Vadodara,0.0,not-material-hotspot
94,Langfang,CN,False,0.0007721279813353,True,39.52079,116.71471,0.5703,0.44845988656907426,0.0025228344963246978,0.14464181396643627,0.45506974032573594,100,-0.6961207912823107,6.452625557315693e-44,-0.7609052229683191,233,0.0006060400969234436,1,1,1,True,True,True,within_polygon,8975.0,Langfang,0.0,not-material-hotspot
95,Hanoi,VN,False,0.0007661094018628,False,21.0245,105.84117,0.1071,0.14315077519096917,0.5103318400747392,0.21665349760495708,0.12969359954803727,100,0.23347221033587384,0.0001423692940156752,0.24249597385287622,233,0.0010242187940896486,1,1,1,True,True,True,within_polygon,1999.0,Hanoi,0.0,not-material-hotspot
96,Caloocan,PH,False,0.0007599218058339,True,14.64953,120.96788,0.4215,-0.032587159613458774,0.9239068266217423,0.3403007565562603,-0.040737575651753115,100,-0.34548521595541903,0.0006091118848518837,-0.3454179868790996,233,-0.00027051168267122616,1,-1,-1,False,False,True,within_polygon,2323.0,Manila,0.0,not-material-hotspot
97,Dongying,CN,False,0.0007503506881893,True,37.46271,118.49165,2.0596,0.8152663675301278,0.0020474200929349756,0.2573463630395291,0.9247330778602114,100,-1.2419270701206133,4.537069307424893e-40,-1.3085354376490663,233,0.0005245893074162337,1,1,1,True,True,True,within_polygon,9757.0,Dongying,0.0,not-material-hotspot
98,Incheon,KR,False,0.0007501877106964,True,37.45646,126.70515,0.6391,1.5314640545701854,0.002426378764819363,0.4919322095026671,1.81378129830841,100,-0.4822567024851548,0.0004683936471744227,-0.4356993066392151,233,0.00182270151066765,1,1,1,True,True,True,within_polygon,348.0,Seoul,0.0,not-material-hotspot
99,Taiyuan,CN,False,0.0007481143005881,True,37.86944,112.56028,0.6424,-0.2514676190555806,0.16118656186284688,0.178122906732947,-0.2793195649271303,100,-1.5879127559231774,2.2648061973841253e-89,-1.7109713495343057,233,-0.0013646616987197102,1,-1,-1,False,False,True,within_polygon,8326.0,Taiyuan,0.0,not-material-hotspot
100,Zhenjiang,CN,False,0.0007220839788225,False,32.21086,119.45508,0.1582,0.12880947204361087,0.5419506883367509,0.21047071302750953,0.11658773118733194,100,0.2182063821137495,1.3488458336690458e-05,0.22499196523530843,233,0.0005877412170827434,1,1,1,True,True,True,within_polygon,11015.0,Zhenjiang,0.0,not-material-hotspot
101,Giza,EG,False,0.00070556806689,True,30.00944,31.20861,0.1375,0.010752311804640088,0.9067870497005709,0.09159062669013979,0.018572462679870845,100,-0.019133667496687667,0.3937655983625466,-0.016277413725388084,233,5.5102345399626884e-05,1,1,1,True,True,True,within_polygon,4605.0,Cairo,0.0,not-material-hotspot
102,Ankang,CN,False,0.0006825083072401,True,32.68,109.01722,0.5842,0.7069979471968932,0.001071276017411515,0.2097017942554745,0.6002110664007696,100,0.3116888613729286,4.765402126937487e-08,0.2716557878064563,233,0.0008275424489671973,1,1,1,True,True,True,within_polygon,8635.0,Ankang,0.0,not-material-hotspot
103,Suwon,KR,False,0.0006359158262189,True,37.29111,127.00889,0.6391,0.6115840535424053,0.04895293813837157,0.3067428779988241,0.7488654345703771,100,-0.5436249978373424,4.973930203804262e-10,-0.5179863100334934,233,0.0006082746266416923,1,1,1,True,True,True,within_polygon,348.0,Seoul,0.0,not-material-hotspot
104,Pimpri-Chinchwad,IN,False,0.0006171175405221,True,18.61867,73.80375,2.5294,2.512470909925638,2.540019888878328e-07,0.45347802010875965,2.3668195165094326,100,0.4857911684913261,0.00017377190480372776,0.4467054515069303,233,0.0006128147006029721,1,1,1,True,True,True,within_polygon,8258.0,Pune,0.0,not-material-hotspot
105,Chiba,JP,False,0.0006153195528436,True,35.6,140.11667,1.0304,1.5251603215040206,4.453347836241515e-05,0.3568310076105403,1.3271685179500388,100,3.8681529482594783,7.217721918545425e-81,3.818552359739912,233,0.0006153195528436073,1,1,1,True,True,True,within_polygon,5929.0,Tokyo,0.0,not-material-hotspot
106,Cali,CO,False,0.0006105155087874,False,3.43054,-76.5199,0.1145,-0.4096423609787527,0.010147871826526395,0.15625823882673234,-0.3954040797500295,100,-0.10160264358153319,0.014792009026836623,-0.09146367202352369,233,-0.0023301319343009552,1,-1,-1,False,False,True,within_polygon,1158.0,Cali,0.0,not-material-hotspot
107,Barquisimeto,VE,False,0.0005986854645656,True,10.0647,-69.35703,1.5713,1.0791978732313199,3.235406413556163e-06,0.21851984435557373,1.0750321096052136,100,-0.11718556733283272,0.10316427041093909,-0.1051331586520601,233,0.0004078871009991474,1,1,1,True,True,True,within_polygon,2614.0,Barquisimeto,0.0,not-material-hotspot
108,Tangerang,ID,False,0.0005862220146996,False,-6.17806,106.63,0.2499,-0.36245677931770237,0.4079408281733552,0.43612005047366065,-0.3588684399836498,100,-0.007115757903368773,0.9551574825166933,0.018731391482238856,233,-0.0008429409196080567,1,-1,-1,False,False,True,within_polygon,5472.0,Jakarta,0.0,not-material-hotspot
109,Mysuru,IN,False,0.0005723038697131,True,12.29791,76.63925,2.2097,1.2618498460684906,0.0005385200246321403,0.352580355263391,1.3022936124190116,100,-0.32773754509130126,0.0017848102871294831,-0.3036285236744497,233,0.0003217294495973513,1,1,1,True,True,True,within_polygon,9390.0,Mysuru,0.0,not-material-hotspot
110,Bucheon-si,KR,False,0.000571231348487,True,37.49889,126.78306,0.6391,1.5314640545701854,0.002426378764819363,0.4919322095026671,1.81378129830841,100,-0.4822567024851548,0.0004683936471744227,-0.4356993066392151,233,0.0013882778789495488,1,1,1,True,True,True,within_polygon,348.0,Seoul,0.0,not-material-hotspot
111,Tripoli,LY,False,0.0005650613683371,True,32.88743,13.18733,0.2372,-0.19535820420596134,3.0302395702149884e-07,0.035521127078923846,-0.19110505434841193,100,-0.17955378162640645,7.720902181928519e-38,-0.17430536584659614,233,-0.0004625600098785432,1,-1,-1,False,False,True,within_polygon,258.0,Tripoli,0.0,not-material-hotspot
112,Beirut,LB,False,0.0005301694941249,False,33.89332,35.50157,0.1822,-0.8201806103460919,3.2958875165620366e-12,0.10321045222866905,-0.8407721018032446,100,-0.4740993946876149,3.6665702843131555e-35,-0.48717377519246907,233,-0.0023546464900738584,1,-1,-1,False,False,True,within_polygon,458.0,Beirut,0.0,not-material-hotspot
113,Yibin,CN,False,0.0005162069294723,True,28.7593,104.63994,0.7861,1.0381248981329332,1.5127433664153434e-06,0.2026725162702429,1.019229298668848,100,1.2335056438487082,2.742755844239026e-62,1.235921849772379,233,0.0006844672256120059,1,1,1,True,True,True,within_polygon,7901.0,Yibin,0.0,not-material-hotspot
114,Havana,CU,False,0.0005034226792101,True,23.13302,-82.38304,0.1134,0.11439525027240229,0.004461022737258383,0.03929856941345346,0.1200019547419523,100,0.2721034293587341,3.1007513336551216e-61,0.27238803178709137,233,0.0005078466972832651,1,1,1,True,True,True,within_polygon,367.0,Havana,0.0,not-material-hotspot
115,Guwahati,IN,False,0.0005028785885829,False,26.1844,91.7458,0.0952,-0.09330454855184486,0.8936376631791088,0.6960410372850085,-0.3256613018009292,100,-1.0327070276813886,5.479646486402951e-07,-1.0602678010633182,233,-0.0004919311016577943,1,-1,-1,False,False,True,within_polygon,11500.0,Guwahati,0.0,not-material-hotspot
116,Dhaka,BD,False,0.000501866092094,False,23.7104,90.40744,0.0607,-0.11848079387177679,0.8721849939768942,0.7345125379153903,-0.41117377223162044,100,-1.0896104405019074,1.1065378879076166e-06,-1.0862750614550891,233,-0.0009793520225284125,1,-1,-1,False,False,True,within_polygon,6090.0,Dhaka,0.0,not-material-hotspot
117,San Jose,US,False,0.000496426350033,True,37.33939,-121.89496,0.9056,-0.027011049194213592,0.9545355994847918,0.47256694046525005,-0.42439847606274195,100,-1.8262264504086687,1.600740518929511e-34,-1.9703583134286704,233,-1.4585637564294013e-05,1,-1,-1,False,False,True,within_polygon,1461.0,San Francisco,0.0,not-material-hotspot
118,Kota,IN,False,0.000491096082124,False,25.18254,75.83907,0.5691,0.4473024513425812,0.24844103238840873,0.38525614908508254,0.5414878455987009,100,-0.22373124208712672,0.03556422735215046,-0.23621322862872532,233,0.00038525048518049665,1,1,1,True,True,True,within_polygon,8234.0,Kota,0.0,not-material-hotspot
119,Jiaozuo,CN,False,0.0004495476012168,True,35.23925,113.23914,2.4451,0.3060579491224002,0.3575997700804,0.3311235554772167,0.11428865257128853,100,-1.601977610042101,4.4347070728043376e-48,-1.8671730162026892,233,5.430875385195079e-05,1,1,1,True,True,True,within_polygon,9113.0,Jiaozuo,0.0,not-material-hotspot
120,Taipei,TW,False,0.0004195205423698,False,25.05306,121.52639,0.0507,0.20827233431734635,0.00012905928609320747,0.05224138097922386,0.18015739984264173,100,0.2600583655391637,9.849344583075288e-34,0.2516179640917829,233,0.0017237107694806353,1,1,1,True,True,True,within_polygon,1142.0,Taipei,0.0,not-material-hotspot
121,Agra,IN,False,0.0004130453731711,False,27.18333,78.01667,0.1594,-2.508231536809739,1.4792268019949547e-07,0.4428216450075507,-2.389838095308717,100,-3.4234891756764063,5.457693500813362e-75,-3.415625362519164,233,-0.006264289662291214,1,-1,-1,False,False,True,within_polygon,8660.0,Agra,0.0,not-material-hotspot
122,New Taipei City,TW,False,0.0004106270631025,False,25.06199,121.45703,0.0507,0.1899397408396616,5.9362100480263225e-08,0.032355031475994986,0.21150691234283298,100,0.20232898820316234,1.5908277375062065e-42,0.20889453277150172,233,0.0015389354669906319,1,1,1,True,True,True,within_polygon,1142.0,Taipei,0.0,not-material-hotspot
123,Linyi,CN,False,0.0003796795217104,True,35.06306,118.34278,0.8114,-0.1494685854741767,0.5224969315981398,0.2328871419434995,-0.12409576976961113,100,-1.4836745538869291,2.9115656795440937e-60,-1.5550010128487268,233,-9.423127227387376e-05,1,-1,-1,False,False,True,within_polygon,10199.0,Linyi,0.0,not-material-hotspot
124,Bekasi,ID,False,0.0003695291061639,False,-6.2349,106.9896,0.2499,-0.36245677931770237,0.4079408281733552,0.43612005047366065,-0.3588684399836498,100,-0.007115757903368773,0.9551574825166933,0.018731391482238856,233,-0.0005310337857657929,1,-1,-1,False,False,True,within_polygon,5472.0,Jakarta,0.0,not-material-hotspot
125,Pimpri,IN,False,0.000359197196582,True,18.62292,73.80696,2.5294,2.512470909925638,2.540019888878328e-07,0.45347802010875965,2.3668195165094326,100,0.4857911684913261,0.00017377190480372776,0.4467054515069303,233,0.0003566920520757834,1,1,1,True,True,True,within_polygon,8258.0,Pune,0.0,not-material-hotspot
126,Bhubaneswar,IN,False,0.0003474043925275,True,20.27241,85.83385,1.3414,1.189636426683866,0.03948989054524614,0.570041331446359,1.056368194847996,100,-0.02737667689371764,0.8769901374085391,-0.035443746386736336,233,0.00030732910516737596,1,1,1,True,True,True,within_polygon,11122.0,Bhubaneshwar,0.0,not-material-hotspot
127,Pingdingshan,CN,False,0.0003472585029559,False,33.73091,113.31554,0.2273,-0.06201709455603919,0.8221345464722738,0.27513776955370495,-0.24576580898176142,100,-1.130088524562111,9.168834564449043e-40,-1.2642880161466168,233,-0.00014070650565578546,1,-1,-1,False,False,True,within_polygon,9409.0,Pingdingshan,0.0,not-material-hotspot
128,Ulsan,KR,False,0.0003399052354951,False,35.53722,129.31667,0.1467,1.0812201510734976,0.030137104405912645,0.4914035982710622,1.3959041618543857,100,-0.2791048382467773,0.03770334613611429,-0.24956980526322498,233,0.0003399052354951526,1,1,1,True,True,True,within_polygon,3831.0,Ulsan,0.0,not-material-hotspot
129,Natal,BR,False,0.0003325867328523,True,-5.795,-35.20944,0.3037,4.3037319159678775,7.45848816594589e-27,0.28955218937423566,4.551987807076339,100,0.258683544975626,0.06216504636739423,0.3284546196038066,233,0.005017501377634341,1,1,1,True,True,True,within_polygon,8363.0,Natal,0.0,not-material-hotspot
130,Antipolo,PH,False,0.0003314198522643,True,14.62578,121.12251,0.3367,0.07678055564151562,0.8394659330205623,0.37801436655720483,0.07826936224146311,100,-0.31258435268854495,0.004415898178314629,-0.3124359366809934,233,7.526962741956009e-05,1,1,1,True,True,True,within_polygon,2323.0,Manila,0.0,not-material-hotspot
131,Wenzhou,CN,False,0.0003306022888904,True,27.99942,120.66682,0.2598,0.35621048924957505,0.010063212960435643,0.13571826914399127,0.27448421864711114,100,0.3575489667642511,8.404898704898293e-16,0.34032623420421315,233,0.00033060228889042476,1,1,1,True,True,True,within_polygon,11630.0,Wenzhou,0.0,not-material-hotspot
132,Panjin,CN,False,0.0003149296385248,True,41.121,122.0739,1.571,1.513363230297569,3.930579684137057e-15,0.16266366552967373,1.588107213582178,100,-0.3187178544281403,2.244942720777175e-07,-0.324959551621128,233,0.0003149296385248114,1,1,1,True,True,True,within_polygon,9701.0,Panjin,0.0,not-material-hotspot
133,Managua,NI,False,0.0002791380982256,False,12.13282,-86.2504,0.5376,0.011819234306525926,0.9765718374219992,0.4014393302722319,0.06913714964285593,100,-0.6545364296912926,8.376476481031136e-07,-0.6176170400437415,233,6.085019489485838e-06,1,1,1,True,True,True,within_polygon,362.0,Managua,0.0,not-material-hotspot
134,Ottawa,CA,False,0.0002719925024275,False,45.41117,-75.69812,0.1017,-0.6632256948962476,0.0017671013943996313,0.20629210406246257,-0.7785521756493295,100,0.123576074813278,0.0536486066289481,0.09663827762046047,233,-0.0017552512156411015,1,-1,-1,False,False,True,within_polygon,3494.0,Ottawa,0.0,not-material-hotspot
135,Beijing,CN,False,0.0002529408037319,True,39.9075,116.39723,0.5703,0.3682058821861493,0.013874696147654613,0.1469570983701453,0.37269612927290063,100,-0.794709038906634,9.146504421166556e-51,-0.8657252656164023,233,0.00016277241036862997,1,1,1,True,True,True,within_polygon,8745.0,Beijing,0.0,not-material-hotspot
136,Xi’an,CN,False,0.0002515117993584,True,34.25833,108.92861,0.4515,0.4531819158534623,0.034632390043370626,0.21152243838452905,0.39476406725183405,100,-0.19533309804473417,0.0005513766128262002,-0.2711917955257488,233,0.000252455569438325,1,1,1,True,True,True,within_polygon,8006.0,Xi'an,0.0,not-material-hotspot
137,Jepara,ID,False,0.0002440175633789,True,-6.5924,110.671,0.4829,-0.19242591409620377,0.49727733437059113,0.28243198998712615,-0.1791935331565944,100,-0.27370675449409976,0.0006905968891384242,-0.23851915654233918,233,-0.001537466434306467,1,-1,-1,False,False,True,within_polygon,6998.0,Jepara,0.0,not-material-hotspot
138,Zigong,CN,False,0.0002421462513756,True,29.34162,104.77689,0.9115,1.1745501525286899,1.7756319435421928e-08,0.19134113400435002,1.1574644381392507,100,1.263377147373025,2.7432082223559104e-68,1.2643757678898067,233,0.00026383694732508983,1,1,1,True,True,True,within_polygon,7672.0,Zigong,0.0,not-material-hotspot
139,Busan,KR,False,0.0002305254564494,False,35.10168,129.03004,0.139,0.15077588690055718,0.19515906314993536,0.11559196945215458,0.1559247866823224,100,0.2228260513317047,5.749515379125874e-10,0.2182785033231468,233,0.00025009915736130817,1,1,1,True,True,True,within_polygon,3920.0,Busan,0.0,not-material-hotspot
140,Daegu,KR,False,0.000217891965716,False,35.87028,128.59111,0.1467,0.6234708912861269,0.0997948049168898,0.37522991440194614,0.8269647630399375,100,-0.3347200420175087,0.0012217058177984535,-0.3113384745160054,233,0.0009327308361551864,1,1,1,True,True,True,within_polygon,2920.0,Daegu,0.0,not-material-hotspot
141,Bengaluru,IN,False,0.0002141837252329,True,12.97194,77.59369,2.6353,1.3161162401566933,0.0002483355488395292,0.34604087195032457,1.3602677402528527,100,-0.33572518134861046,0.0010472178351623475,-0.3054696213308729,233,0.00010462964248297455,1,1,1,True,True,True,within_polygon,9558.0,Bengaluru,0.0,not-material-hotspot
142,Kingston,JM,False,0.0001636288480058,True,17.99702,-76.79358,0.2704,0.0256734628388457,0.5324820168457752,0.04098302950355305,0.0438144961660606,100,0.1798474697235543,6.388006917634359e-36,0.18110756873617695,233,0.0001376469936585356,1,1,1,True,True,True,within_polygon,795.0,Kingston,0.0,not-material-hotspot
143,Medan,ID,False,0.0001521960233025,True,3.58333,98.66667,1.2442,2.5912815146784163,2.3541252208843403e-21,0.21254708420955565,2.5654592659874993,100,3.327333411144775,8.332847966951398e-123,3.318839292226003,233,0.00015219602330251297,1,1,1,True,True,True,within_polygon,1646.0,Medan,0.0,not-material-hotspot
144,South Tangerang,ID,False,0.0001452925843284,False,-6.28862,106.71789,0.2499,-0.36245677931770237,0.4079408281733552,0.43612005047366065,-0.3588684399836498,100,-0.007115757903368773,0.9551574825166933,0.018731391482238856,233,-0.00020867159661364793,1,-1,-1,False,False,True,within_polygon,5472.0,Jakarta,0.0,not-material-hotspot
145,Setagaya,JP,False,0.0001375596194314,True,35.64188,139.64715,1.5877,1.1174721406074692,5.2239014463794846e-05,0.26406352191284554,1.0072191000707384,100,3.150347113732589,1.7857545716416165e-81,3.107802580136303,233,0.00013755961943143213,1,1,1,True,True,True,within_polygon,5929.0,Tokyo,0.0,not-material-hotspot
146,Sendai,JP,False,0.0001260206090287,False,38.26667,140.86667,0.1848,0.7201725613280943,0.025303635071979004,0.31704726163462055,0.5465703655740317,100,-11.690399079530941,1.4267777781121556e-57,-10.230397125982831,233,0.0004953285083898543,1,1,1,True,True,True,within_polygon,5500.0,Sendai,0.0,not-material-hotspot
147,Bogotá,CO,False,0.0001202890283737,False,4.60971,-74.08175,0.3176,-0.28956842426426166,0.16194503935111165,0.20548609847635738,-0.3829181311755501,100,-0.29114077291999,3.8969103568831295e-08,-0.31160144832162184,233,-0.00010859416791599019,1,-1,-1,False,False,True,within_polygon,3881.0,Bogota,0.0,not-material-hotspot
148,Luoyang,CN,False,9.478375575265922e-05,True,34.67345,112.43684,1.4284,0.393974696628446,0.21942732673807033,0.31875975933989653,0.2080380642252445,100,-1.185640537831524,5.106613568675934e-35,-1.399548816610229,233,2.5695951742677565e-05,1,1,1,True,True,True,within_polygon,9025.0,Luoyang,0.0,not-material-hotspot
149,Palembang,ID,False,9.042149292762258e-05,False,-2.91673,104.7458,0.0212,-0.827901672062259,0.0004662823307244826,0.22861710551629724,-0.9098351657390155,100,-0.8105508244000811,3.668919369117261e-26,-0.8163071082838135,233,-0.0034963839397404717,1,-1,-1,False,False,True,within_polygon,4968.0,Palembang,0.0,not-material-hotspot
150,Baoji,CN,False,8.616546833398013e-05,True,34.36775,107.23705,0.4814,0.36250024215009213,0.016680851353814665,0.14884375501740765,0.31689405137042886,100,-0.053521597260195335,0.2262473093424835,-0.09814629066026342,233,6.47564509387048e-05,1,1,1,True,True,True,within_polygon,6943.0,Baoji,0.0,not-material-hotspot
151,Al Başrah al Qadīmah,IQ,False,8.563931653143841e-05,False,30.50316,47.81507,0.0194,-0.01686820396867417,0.9231706325864592,0.17445789511789195,-0.07762396536103819,100,-0.019310753347394245,0.6927842393009209,-0.03740189572123485,233,-7.443214610355908e-05,1,-1,-1,False,False,True,within_polygon,5201.0,Basra,0.0,not-material-hotspot
152,Kennedy,CO,False,6.96374397448048e-05,False,4.6165,-74.14597,0.3176,-0.28956842426426166,0.16194503935111165,0.20548609847635738,-0.3829181311755501,100,-0.29114077291999,3.8969103568831295e-08,-0.31160144832162184,233,-6.286090828728098e-05,1,-1,-1,False,False,True,within_polygon,3881.0,Bogota,0.0,not-material-hotspot
153,Basrah,IQ,False,6.284218389836227e-05,False,30.50852,47.7804,0.0194,-0.01686820396867417,0.9231706325864592,0.17445789511789195,-0.07762396536103819,100,-0.019310753347394245,0.6927842393009209,-0.03740189572123485,233,-5.4615182407041774e-05,1,-1,-1,False,False,True,within_polygon,5201.0,Basra,0.0,not-material-hotspot
154,Khulna,BD,False,6.173769196178179e-05,False,22.80979,89.56439,0.6085,0.04372439139125901,0.9478193789098935,0.6663954415882688,-0.09236076361735931,100,-0.8395842623757622,3.653952833318435e-05,-0.8396843287419666,233,4.394882561396373e-06,1,1,-1,True,False,True,within_polygon,5906.0,Khulna,0.0,not-material-hotspot
155,Xinxiang,CN,False,5.675551645155852e-05,True,35.19033,113.80151,2.2778,0.2078411454726939,0.5262942436857819,0.32682218754533243,0.012277106906585006,100,-1.7055583360262236,2.9966685130913736e-52,-1.961908466467718,233,5.002365199518132e-06,1,1,1,True,True,True,nearest_representative_point_le50km,9241.0,Xinxiang,14.06227721672865,not-material-hotspot
156,Jinzhong,CN,False,5.542377266519764e-05,True,37.68403,112.75471,0.6424,-0.2514676190555806,0.16118656186284688,0.178122906732947,-0.2793195649271303,100,-1.5879127559231774,2.2648061973841253e-89,-1.7109713495343057,233,-2.137644546544278e-05,1,-1,-1,False,False,True,within_polygon,8506.0,Jinzhong,0.0,not-material-hotspot
157,Sholapur,IN,False,5.45804768456626e-05,True,17.67152,75.91044,2.7252,1.92158316399127,5.134496713801269e-06,0.3982218202163543,1.7985605473966433,100,0.06126911373048839,0.5918191738031233,0.030670922145281942,233,3.796815292021012e-05,1,1,1,True,True,True,within_polygon,8954.0,Solapur,0.0,not-material-hotspot
158,Liupanshui,CN,False,5.1777484746426405e-05,False,26.59444,104.83333,0.0844,0.02802074725090015,0.9087575393577183,0.24386553231664126,0.05636919290416155,100,0.5906294848558974,4.512495642621393e-16,0.5876582205891554,233,1.717456418351762e-05,1,1,1,True,True,True,within_polygon,8629.0,Liupanshui,0.0,not-material-hotspot
159,Petaling Jaya,MY,False,4.014157512375032e-05,True,3.10726,101.60671,0.8591,-1.1000407909501095,5.2702079963962985e-06,0.22827310165819722,-1.2499116277516693,100,-1.0309144361229732,5.377421560925297e-35,-1.0417411792926943,233,-4.9755545821097156e-05,1,-1,-1,False,False,True,within_polygon,1648.0,Kuala Lumpur,0.0,not-material-hotspot
160,Chengdu,CN,False,3.854409003034229e-05,True,30.66667,104.06667,0.495,1.2580325351871613,1.9412482964261564e-10,0.17704441823454356,1.2247225250810918,100,0.9755618947402518,3.4939427694116944e-53,0.9684572040042855,233,9.921158575460854e-05,1,1,1,True,True,True,within_polygon,6378.0,Chengdu,0.0,not-material-hotspot
161,Changzhi,CN,False,3.543453867513183e-05,True,36.18389,113.10528,2.4451,0.2751088693097119,0.345246706947738,0.29006957408124623,0.1410148931357621,100,-1.7076218918990838,1.0277147259831409e-59,-1.959902517744093,233,3.844490767841377e-06,1,1,1,True,True,True,within_polygon,8895.0,Changzhi,0.0,not-material-hotspot
162,Taizhou,CN,False,3.165049655297781e-05,False,32.49069,119.90812,0.1582,0.15524730681120538,0.46425367841932,0.21129618051644455,0.15020137754922958,100,0.29010477117814265,1.1670922873615009e-08,0.29806329868525366,233,3.105825224934428e-05,1,1,1,True,True,True,within_polygon,11037.0,Taizhou,0.0,not-material-hotspot
163,Gazipur,BD,False,2.933684224548129e-05,False,23.99844,90.42234,0.0607,-0.11848079387177679,0.8721849939768942,0.7345125379153903,-0.41117377223162044,100,-1.0896104405019074,1.1065378879076166e-06,-1.0862750614550891,233,-5.709726145374655e-05,1,-1,-1,False,False,True,within_polygon,6090.0,Dhaka,0.0,not-material-hotspot
164,Multan,PK,False,2.747009937493442e-05,False,30.19679,71.47824,0.1093,-0.51053893074116,0.0445141843416106,0.25083450952415537,-0.3061458425812046,100,-0.22037762643804631,0.0003269162873677559,-0.14339482214875177,233,-0.0001270163032637498,1,-1,-1,False,False,True,within_polygon,6912.0,Multan,0.0,not-material-hotspot
165,Liaocheng,CN,False,2.5218804814582957e-05,True,36.45064,116.00247,1.6904,0.04065708228923476,0.8818393869218467,0.27281878563987927,-0.004972728166958887,100,-1.9465585878464937,1.3647221243417558e-68,-2.140145529387768,233,9.436131662178809e-07,1,1,-1,True,False,True,within_polygon,9481.0,Liaocheng,0.0,not-material-hotspot
166,Valencia,VE,False,2.46839178901176e-05,True,10.16153,-68.00044,1.6437,1.7565988308842082,2.2675999170592158e-08,0.2886960964652949,1.7730672434746326,100,0.04535794586302973,0.6417450436951244,0.05974144176587917,233,2.46839178901176e-05,1,1,1,True,True,True,within_polygon,3109.0,Valencia,0.0,not-material-hotspot
167,Kallakurichi,IN,False,2.4281377783598855e-05,True,11.73379,78.95925,1.7572,0.551741900764482,0.029949909279406405,0.2504690222869931,0.6256030104995469,100,-0.5600808682936571,5.378045927962018e-13,-0.526559344451491,233,7.471759449988408e-06,1,1,1,True,True,True,within_polygon,10024.0,Kallakurichi,0.0,not-material-hotspot
168,Heze,CN,False,2.251571264893885e-05,True,35.23929,115.47358,0.9261,-0.09339706677784308,0.7614635592154669,0.30681676846036476,-0.1944450038209234,100,-1.9435042723835712,3.4638609602656605e-63,-2.1560883496221432,233,-8.059430488848926e-06,1,-1,-1,False,False,True,within_polygon,9579.0,Heze,0.0,not-material-hotspot
169,Shivaji Nagar,IN,False,2.238555473123944e-05,True,18.53017,73.85263,2.5294,2.512470909925638,2.540019888878328e-07,0.45347802010875965,2.3668195165094326,100,0.4857911684913261,0.00017377190480372776,0.4467054515069303,233,2.2385554731239442e-05,1,1,1,True,True,True,within_polygon,8258.0,Pune,0.0,not-material-hotspot
170,Caracas,VE,False,2.042034761258471e-05,True,10.48801,-66.87919,1.2007,3.4742929363055235,1.7786630622188112e-09,0.523446987345412,3.535145642873717,100,0.4932552929126793,0.005043765872320766,0.5088977819902469,233,2.042034761258471e-05,1,1,1,True,True,True,within_polygon,3837.0,Caracas,0.0,not-material-hotspot
171,Baoshan,CN,False,1.8027984983073723e-05,False,25.11626,99.16366,0.4075,0.022857064141469714,0.9584653710338596,0.43776697504065526,0.05290802287571729,100,-0.022725980638159653,0.8606532688286401,-0.022252520651560248,233,1.0047609517755286e-06,1,1,1,True,True,True,within_polygon,5681.0,Baoshan,0.0,not-material-hotspot
172,Handan,CN,False,1.4961671246194909e-05,True,36.60999,114.48764,2.7657,0.15204867252403786,0.5787012205339938,0.2729086880186501,0.052456745122009193,100,-1.8666165101188033,1.8284936147385534e-69,-2.0899917079209844,233,7.872478705367632e-07,1,1,1,True,True,True,within_polygon,9107.0,Handan,0.0,not-material-hotspot
173,Indore,IN,False,1.4940004805608672e-05,True,22.71792,75.8333,2.336,3.0923456150346658,2.5675339057714475e-08,0.5105295131064427,3.0688760053488755,100,1.9836118961197893,3.1548270999645404e-32,1.972109166380779,233,1.4940004805608672e-05,1,1,1,True,True,True,within_polygon,8565.0,Indore,0.0,not-material-hotspot
174,Depok,ID,False,1.387779415677878e-05,False,-6.4,106.81861,0.2499,-0.36245677931770237,0.4079408281733552,0.43612005047366065,-0.3588684399836498,100,-0.007115757903368773,0.9551574825166933,0.018731391482238856,233,-1.992500993187223e-05,1,-1,-1,False,False,True,within_polygon,5472.0,Jakarta,0.0,not-material-hotspot
175,Kolwezi,CD,False,1.3818388655759344e-05,False,-10.71484,25.46674,0.5986,0.5367069976835643,0.3363370853455488,0.5554992042335799,0.41290385060772794,100,0.6353203086607185,8.025856725623012e-05,0.6293320377096652,233,1.2376835441293976e-05,1,1,1,True,True,True,within_polygon,5434.0,Kolwezi,0.0,not-material-hotspot
176,Taichung,TW,False,1.254850314375e-05,False,24.1469,120.6839,0.0511,-2.2869788404916633,0.00037061409725917924,0.6200536662007592,-2.6521856396658423,100,-0.6668264739994708,2.4752884817924942e-05,-0.6296172409836513,233,-0.0005405966725888769,1,-1,-1,False,False,True,within_polygon,906.0,Taichung,0.0,not-material-hotspot
177,Pune,IN,False,1.1486070368725823e-05,True,18.51957,73.85535,2.5294,2.512470909925638,2.540019888878328e-07,0.45347802010875965,2.3668195165094326,100,0.4857911684913261,0.00017377190480372776,0.4467054515069303,233,1.1486070368725825e-05,1,1,1,True,True,True,within_polygon,8258.0,Pune,0.0,not-material-hotspot
178,Aurangabad,IN,False,8.714882584437593e-06,True,19.87757,75.34226,2.7271,1.8347781072445575,3.4095414475342256e-05,0.4223220116853466,1.7445259228477916,100,0.36566934304692367,0.0023599939762366053,0.337114115044131,233,5.7757880326711724e-06,1,1,1,True,True,True,within_polygon,8672.0,Chhatrapati Sambhajinagar,0.0,not-material-hotspot
179,Shenyang,CN,False,7.412707708519327e-06,True,41.79222,123.43278,1.7943,1.0506766479637382,9.549557573716146e-12,0.1359354347206035,1.1183534484450817,100,-0.5405672156800767,2.6694754358360974e-21,-0.5404739316524856,233,5.839632479872589e-06,1,1,1,True,True,True,within_polygon,9779.0,Shenyang,0.0,not-material-hotspot
180,Kuala Lumpur,MY,False,7.280506355712159e-06,True,3.1412,101.68653,0.8591,-1.1000407909501095,5.2702079963962985e-06,0.22827310165819722,-1.2499116277516693,100,-1.0309144361229732,5.377421560925297e-35,-1.0417411792926943,233,-9.023533958168166e-06,1,-1,-1,False,False,True,within_polygon,1648.0,Kuala Lumpur,0.0,not-material-hotspot
181,Blantyre,MW,False,6.680133844755168e-06,False,-15.78499,35.00854,0.1713,0.18008993810774113,0.6427412273957336,0.38703147250632797,0.15434288471936497,100,0.08578921539554872,0.40904415763091423,0.059462375618037216,233,7.023938860221219e-06,1,1,1,True,True,True,within_polygon,873.0,Blantyre,0.0,not-material-hotspot
182,Xuchang,CN,False,3.616357162117631e-06,True,34.03189,113.86299,1.526,-0.07820516125924515,0.7949475112818863,0.30009613700993276,-0.24522446262595643,100,-1.45067450666521,1.0608693631595422e-48,-1.6196325373147458,233,-1.8042936942846836e-07,1,-1,-1,False,False,True,within_polygon,9429.0,Xuchang,0.0,not-material-hotspot
183,Anshan,CN,False,2.976771155298167e-06,True,41.12361,122.99,1.7737,1.330330619809635,5.1705775621412976e-15,0.14383923238353102,1.4077083001811328,100,-0.330233310242921,3.821743566086821e-09,-0.32738385422625005,233,2.976771155298167e-06,1,1,1,True,True,True,within_polygon,9881.0,Anshan,0.0,not-material-hotspot
184,Lubumbashi,CD,False,2.839621737117903e-06,False,-11.66089,27.47938,0.5065,0.8333981688084895,0.1565014452426782,0.583655544428926,0.6633099921346242,100,0.9184277407307139,8.559833567628698e-08,0.8967085912618902,233,4.69791730366384e-06,1,1,1,True,True,True,within_polygon,6321.0,Lubumbashi,0.0,not-material-hotspot
185,Addis Ababa,ET,False,2.8194569339276605e-06,True,9.02497,38.74689,2.3129,1.9676407002826313,9.47087866843368e-09,0.31350662701747073,1.9499456194409426,100,0.6779930005833418,6.627739156336944e-13,0.6514602691432834,233,2.384670456103968e-06,1,1,1,True,True,True,within_polygon,5862.0,Addis Ababa,0.0,not-material-hotspot
186,Comilla,BD,False,2.6682216159197027e-06,False,23.46186,91.18503,0.5728,0.10786189094208444,0.8683234385750855,0.6488963194362992,-0.18350334899062185,100,-0.7562563960139953,0.00013403651989406308,-0.752737975310974,233,4.985624224752719e-07,1,1,-1,True,False,True,within_polygon,6090.0,Dhaka,0.0,not-material-hotspot
187,Jerusalem,IL,False,1.707265361990725e-06,True,31.76904,35.21633,0.2634,-1.1680215724812764,4.848987256101661e-23,0.08988953885883595,-1.1070416287497227,100,-0.9899496561037635,4.268975684302422e-109,-0.984982686672502,233,-7.392910432647403e-06,1,-1,-1,False,False,True,within_polygon,2289.0,Jerusalem,0.0,not-material-hotspot
188,Pyongyang,KP,False,1.532334130254123e-06,True,39.03385,125.75432,1.418,1.4501716757897303,4.9975232982584636e-11,0.19628050345176323,1.6231383550762555,100,-0.0908710380521573,0.143932523074717,-0.0676475360970416,233,1.5679461099180847e-06,1,1,1,True,True,True,within_polygon,3739.0,P'yŏngyang,0.0,not-material-hotspot
189,Kyoto,JP,False,8.994660704178545e-07,True,35.02107,135.75385,0.664,0.2125150082470719,0.19557145768594397,0.1630758744429255,0.25339715803103124,100,0.21382799215937032,5.806898010174609e-05,0.21810256897353816,233,2.8571559700851036e-07,1,1,1,True,True,True,within_polygon,4399.0,Osaka,0.0,not-material-hotspot
190,Malang,ID,False,8.776195985724528e-07,False,-7.9797,112.6304,0.2774,0.3613808177805267,0.2706018685873873,0.3261752094626186,0.4451943796410317,100,0.363120804854266,0.0002624196900318396,0.3995351727503339,233,1.1449148243034024e-06,1,1,1,True,True,True,within_polygon,7468.0,Malang,0.0,not-material-hotspot
191,Medellín,CO,False,8.566869730858729e-07,True,6.245,-75.57151,0.5965,0.20532205909378928,0.3523065306128271,0.21969658318994,0.07235087678218764,100,-0.2926901743004388,2.189747613791354e-06,-0.30674434536289064,233,8.566869730858729e-07,1,1,1,True,True,True,within_polygon,2676.0,Medellín,0.0,not-material-hotspot
192,Damascus,SY,False,6.73029755562284e-07,False,33.5102,36.29128,0.1822,-0.9489444046830362,9.411078903609663e-15,0.10395105203801915,-0.9640551067942069,100,-0.5607424129914298,3.0238285776396495e-43,-0.5775872956654077,233,-3.440064163276642e-06,1,-1,-1,False,False,True,within_polygon,1619.0,Damascus,0.0,not-material-hotspot
193,Gwangju,KR,False,6.674624721634217e-07,True,35.15472,126.91556,0.3956,0.5709739854665371,0.16040500078057227,0.4036777902539087,0.9432385118661022,100,-0.2671911694984979,0.017980677732683994,-0.21437034513430692,233,6.674624721634217e-07,1,1,1,True,True,True,within_polygon,2667.0,Gwangju,0.0,not-material-hotspot
194,Amman,JO,False,6.400844697075083e-07,True,31.95522,35.94503,0.2634,-1.299005827251257,2.898032015881587e-26,0.0891642457972932,-1.2517591249629283,100,-1.1121922871525027,1.7286132268519412e-118,-1.1081903713584436,233,-3.0758768135489656e-06,1,-1,-1,False,False,True,within_polygon,992.0,Amman,0.0,not-material-hotspot
195,Puning,CN,False,6.155005010132267e-07,False,23.31072,116.16869,0.0714,-1.0547879871199564,0.00755425339145249,0.3866654544956289,-1.000459418215399,100,-0.2344899272856624,0.026410712536852232,-0.19230632093495398,233,-8.924384470942114e-06,1,-1,-1,False,False,True,within_polygon,11407.0,Shantou,0.0,not-material-hotspot
196,Qingyang,CN,False,5.39952270602856e-07,False,35.70976,107.64455,0.2095,-0.0030948614750713273,0.9801442015730638,0.1240339355513776,-0.07716773045686254,100,-0.4853861827063653,1.861029926831086e-30,-0.513519181463727,233,-7.94830717519221e-09,1,-1,-1,False,False,True,within_polygon,6409.0,Qingyang,0.0,not-material-hotspot
197,Salem,IN,False,4.997142860270237e-07,True,11.65376,78.15538,2.2328,0.7087617992666867,0.015440990299108972,0.287530272863653,0.773215584390695,100,-0.5512229048267675,3.852748673962747e-10,-0.5201381958112141,233,4.997142860270237e-07,1,1,1,True,True,True,within_polygon,9800.0,Salem,0.0,not-material-hotspot
198,Kunming,CN,False,3.356685715909279e-07,False,25.03889,102.71833,0.1242,-0.9507318125774756,0.002373411164232715,0.30469032239878713,-0.9379901222158757,100,-0.35535249275093456,4.1601314036026374e-05,-0.3553018526015,233,-2.5240232166572665e-06,1,-1,-1,False,False,True,within_polygon,8013.0,Kunming,0.0,not-material-hotspot
199,Tiruppur,IN,False,3.315665642735338e-07,True,11.11541,77.35456,1.306,0.7892500612945015,0.010884674994324722,0.30403920098308607,0.8636889390366682,100,-0.4825067614535974,1.9549199809952008e-07,-0.46019296044554286,233,1.9864785885330169e-07,1,1,1,True,True,True,within_polygon,9620.0,Tiruppur,0.0,not-material-hotspot
200,Fushun,CN,False,2.6350394759514496e-07,True,41.88669,123.94363,1.9705,1.0975024872416452,9.952520732885896e-13,0.1340031779040818,1.163697958948939,100,-0.48540941599477305,2.3135576083313173e-18,-0.4860484349768305,233,2.6350394759514496e-07,1,1,1,True,True,True,within_polygon,9879.0,Fushun,0.0,not-material-hotspot
201,Meishan,CN,False,2.3526340848704938e-07,True,30.04392,103.83696,0.7209,1.2365924629789353,2.8857919781521322e-09,0.18926722628873224,1.1842554791817501,100,1.0229268312719015,1.9770090293492737e-51,1.0138607967234816,233,4.0705688904431897e-07,1,1,1,True,True,True,within_polygon,6844.0,Meishan,0.0,not-material-hotspot
202,Tangshan,CN,False,1.5904333389553664e-07,True,39.64381,118.18319,0.9489,1.2741313072959373,1.562416487460227e-09,0.19116655445405456,1.3396430595980942,100,-0.33942024652869035,3.103373298460082e-09,-0.3983615799989646,233,1.5904333389553664e-07,1,1,1,True,True,True,within_polygon,9229.0,Tangshan,0.0,not-material-hotspot
203,Weifang,CN,False,1.348122234628772e-07,True,36.71,119.10194,1.4478,0.9164538101497539,0.0011409254078851658,0.27340319608811153,1.1284008277788584,100,-1.0641840700773586,1.3514688692746988e-29,-1.099074161497859,233,1.3481222346287719e-07,1,1,1,True,True,True,within_polygon,10073.0,Weifang,0.0,not-material-hotspot
204,Soweto,ZA,False,1.1792560651695025e-07,True,-26.26781,27.85849,0.8554,1.1284580526599994,2.1254419038277066e-08,0.18502687854378974,1.1081684863376215,100,0.10606335576188182,0.030252432929637772,0.08451596455389909,233,1.5628224073090012e-07,1,1,1,True,True,True,within_polygon,3512.0,Johannesburg,0.0,not-material-hotspot
205,Lucknow,IN,False,9.315278130211076e-08,True,26.83928,80.92313,1.095,-0.21207445398507033,0.6520032886206051,0.46880903466983936,-0.26581809508906973,100,-1.2926127274966,8.573452491271373e-19,-1.2963112567782433,233,-1.7652064123951015e-08,1,-1,-1,False,False,True,within_polygon,9346.0,Lucknow,0.0,not-material-hotspot
206,Xining,CN,False,6.044792135420331e-08,True,36.62554,101.75739,0.6531,0.19076179675867921,0.10674498492207526,0.11717867950683958,0.03754249084796488,100,0.04543871111797934,0.10288523139915551,0.02478292775804823,233,1.752032317227461e-08,1,1,1,True,True,True,within_polygon,3780.0,Xining,0.0,not-material-hotspot
207,Daejeon,KR,False,6.005393629582567e-08,True,36.34913,127.38493,0.59,0.4640955612073332,0.13533206140358342,0.3082029461015547,0.6622145688404333,100,-0.4754338366593922,4.301430780707485e-08,-0.4560796285170031,233,4.713937380912011e-08,1,1,1,True,True,True,within_polygon,2241.0,Daejeon,0.0,not-material-hotspot
208,Dodoma,TZ,False,5.6511767885969806e-08,True,-6.17221,35.73947,2.8545,2.239526623367156,3.1226574114575247e-10,0.31965639222121417,2.069760400890897,100,0.7748920002288341,1.439143629409686e-17,0.6454579940442872,233,4.387886185261679e-08,1,1,1,True,True,True,within_polygon,3079.0,Dodoma,0.0,not-material-hotspot
209,Gwalior,IN,False,4.8166977239862135e-08,True,26.22983,78.17337,1.1912,-0.812207952106226,0.06707717743745391,0.4386241195456974,-0.7037660121499281,100,-1.5802662665706926,1.3857569341467176e-28,-1.5682344398374681,233,-3.176362757539577e-08,1,-1,-1,False,False,True,within_polygon,8806.0,Gwalior,0.0,not-material-hotspot
210,Johannesburg,ZA,False,1.8602399924541268e-08,True,-26.20227,28.04363,0.8554,1.0547158468759277,9.672273322727977e-08,0.1830915348394776,1.0599353479297062,100,0.08990862155190486,0.06459298694867684,0.07754646213028679,233,2.3013575240124037e-08,1,1,1,True,True,True,within_polygon,3512.0,Johannesburg,0.0,not-material-hotspot
211,Zarqa,JO,False,1.5409152664978725e-08,True,32.07275,36.08796,0.2634,-1.1879902187581395,8.292494092625105e-25,0.0857767898019842,-1.1577146545588088,100,-0.9657524532295975,2.3561890926343208e-102,-0.9653388318236749,233,-6.784343180548504e-08,1,-1,-1,False,False,True,within_polygon,992.0,Amman,0.0,not-material-hotspot
212,Sanhe,CN,False,1.2834426076257588e-08,True,39.98049,117.06887,1.0174,0.5300238035464403,0.00036399545862963377,0.14349861114016393,0.5444730943723952,100,-0.6083005465823944,4.301305407382937e-37,-0.6658559511219067,233,6.631942385367384e-09,1,1,1,True,True,True,within_polygon,8947.0,Sanhe,0.0,not-material-hotspot
213,Rājkot,IN,False,8.910568479958237e-09,True,22.29161,70.79322,1.2249,0.7431214952425127,0.031017575052177736,0.3395754153322735,0.7157363910882856,100,-0.6560558790478098,1.1594464207714797e-09,-0.6393079265568269,233,5.362432465229429e-09,1,1,1,True,True,True,within_polygon,3823.0,Rajkot,0.0,not-material-hotspot
214,Bandung,ID,False,7.836513003651931e-09,False,-6.92222,107.60694,0.1929,-0.5580966591553603,0.08772070553439375,0.3235766406311382,-0.6520229567233358,100,-0.4245434075822829,7.824136422530138e-06,-0.40685238797789436,233,-2.239108357573289e-08,1,-1,-1,False,False,True,within_polygon,5748.0,Bandung,0.0,not-material-hotspot
215,Zhaotong,CN,False,7.738392314048773e-09,False,27.31667,103.71667,0.3715,0.1876495749345576,0.4821757868547114,0.26598282547592556,0.18837805660896295,100,0.6277403896650534,6.270441345655973e-16,0.6078991031662153,233,7.738392314048773e-09,1,1,1,True,True,True,within_polygon,7852.0,Zhaotong,0.0,not-material-hotspot
216,Ashgabat,TM,False,6.8795958355776e-09,True,37.95,58.38333,1.2063,-0.8538632512517589,5.150605655277757e-07,0.1588097647824303,-0.8861884706376675,100,-0.2937447171545385,1.9366402036213598e-10,-0.29594525529537047,233,-4.705267392966884e-09,1,-1,-1,False,False,True,within_polygon,1121.0,Ashgabat,0.0,not-material-hotspot
217,Mianyang,CN,False,4.477183212607225e-09,True,31.46784,104.68168,0.4989,1.213269416743498,7.092877431273902e-11,0.16584596385680783,1.2035096229078983,100,0.9026550116025127,1.5712122359119687e-52,0.8910023426697824,233,4.477183212607225e-09,1,1,1,True,True,True,within_polygon,6664.0,Mianyang,0.0,not-material-hotspot
218,Dhanbad,IN,False,2.6695712131150403e-09,False,23.79759,86.42992,0.6117,0.4175237408972708,0.4790409991422187,0.5875934056833412,0.40340180585094315,100,-0.6795356901540897,3.644468760946692e-05,-0.7404218054026728,233,1.816252002332261e-09,1,1,1,True,True,True,within_polygon,10998.0,Dhanbad,0.0,not-material-hotspot
219,Ahmedabad,IN,False,2.659089633979322e-09,True,23.02579,72.58727,1.128,1.315113041201345,0.002058501875785513,0.4153547194128861,1.2884041541926137,100,-0.0403117254059024,0.7381294775097031,-0.04132949033884064,233,3.109919512725921e-09,1,1,1,True,True,True,within_polygon,6143.0,Ahmedabad,0.0,not-material-hotspot
220,Hubballi,IN,False,1.7955698116368267e-09,True,15.34776,75.13378,2.2387,2.4707264375850313,7.395216413888971e-08,0.42444112816500906,2.366599966974585,100,0.410300704707148,0.0013732120456472609,0.41187445029920045,233,1.7955698116368267e-09,1,1,1,True,True,True,within_polygon,8900.0,Hubli,0.0,not-material-hotspot
221,Xingtai,CN,False,8.13152979229807e-10,True,37.06217,114.49272,2.0652,0.060384031252610174,0.8060018189683955,0.24521184138781088,0.002629681365814292,100,-1.8085760601468048,2.581752756973108e-75,-1.9872147186063946,233,2.299057896321703e-11,1,1,1,True,True,True,within_polygon,9023.0,Xingtai,0.0,not-material-hotspot
222,Suzhou,CN,False,1.9809157802246186e-10,False,33.63611,116.97889,0.1665,-0.4528239560087105,0.04014718399705325,0.21771707057602716,-0.551089642316079,100,-1.253423603066203,1.999069981893082e-58,-1.3265759391569527,233,-5.332199544280917e-10,1,-1,-1,False,False,True,within_polygon,10237.0,Suzhou,0.0,not-material-hotspot
223,Nairobi,KE,False,1.6194035317150484e-10,True,-1.28333,36.81667,1.1129,1.5907497126233623,1.663868234737172e-09,0.23915311825845667,1.4939691301570925,100,0.6892358311003152,1.9899502015081434e-23,0.6173801716351524,233,1.6194035317150484e-10,1,1,1,True,True,True,within_polygon,1717.0,Nairobi,0.0,not-material-hotspot
224,Coimbatore,IN,False,1.4726694366623784e-10,True,11.00555,76.96612,1.76,1.07144872550003,0.00272728955702409,0.34843373482374973,1.1267382677683535,100,-0.3969008632995014,0.0001487544131019206,-0.36907014668388294,233,8.862290114377711e-11,1,1,1,True,True,True,within_polygon,9510.0,Coimbatore,0.0,not-material-hotspot
225,Nanyang,CN,False,1.4083278971349363e-10,False,33.00524,112.54659,0.1323,0.003497957433231121,0.9885620299325383,0.2433787447737679,-0.16609236853637943,100,-0.7547885404801142,1.1529858250028171e-26,-0.8454120664328781,233,3.715581050714821e-12,1,1,-1,True,False,True,within_polygon,9387.0,Nanyang,0.0,not-material-hotspot
226,Suqian,CN,False,1.2165583482653268e-10,False,33.94917,118.29583,0.2545,-0.25101820418181203,0.19805210778555138,0.1937011154056299,-0.23656933832608473,100,-0.8374420564141464,3.994764471737492e-42,-0.8699609225102578,233,-1.1898574548279367e-10,1,-1,-1,False,False,True,within_polygon,10457.0,Suqian,0.0,not-material-hotspot
227,Zaozhuang,CN,False,6.208339533298919e-11,True,34.86472,117.55417,0.5173,-0.30770347027117373,0.1797352736948108,0.22772223751023118,-0.3440237020376967,100,-1.4762647128801722,1.416870138761983e-63,-1.5500344450383934,233,-3.6424726864788964e-11,1,-1,-1,False,False,True,within_polygon,10125.0,市中区,0.0,not-material-hotspot
228,Bijie,CN,False,5.496625048199433e-11,False,27.30193,105.28627,0.0892,0.3096880775034992,0.16306678509482914,0.22035695939498542,0.33066843187715655,100,0.8462449242840638,5.031087159820781e-33,0.8504769061228874,233,5.496625048199433e-11,1,1,1,True,True,True,within_polygon,8645.0,Bijie,0.0,not-material-hotspot
229,Madurai,IN,False,2.7362822284118792e-11,True,9.919,78.11953,0.863,0.41713903440034666,0.15369450716685523,0.2901360417226274,0.4859052027908908,100,-0.3417804758501309,8.538834582328374e-05,-0.31428019434844945,233,1.3127905767571092e-11,1,1,1,True,True,True,within_polygon,9880.0,Madurai,0.0,not-material-hotspot
230,Baoding,CN,False,2.4875028401400063e-11,True,38.87288,115.46246,0.7306,0.05710559087033689,0.7410695960040279,0.17232974844970594,0.0609741778000426,100,-1.3333000623585005,1.4957569958006375e-76,-1.4254252259840627,233,1.922568672965519e-12,1,1,1,True,True,True,within_polygon,8853.0,Baoding,0.0,not-material-hotspot
231,Pekanbaru,ID,False,2.2480577588317292e-11,True,0.51667,101.44167,0.389,-0.41056122952367985,2.1328682719121836e-05,0.09192191134201258,-0.4138934435787447,100,-0.32763393965638166,7.060559286498696e-26,-0.32065150518975405,233,-2.3412862545612504e-11,1,-1,-1,False,False,True,within_polygon,3586.0,Pekanbaru,0.0,not-material-hotspot
232,Shangqiu,CN,False,1.0846740032236544e-11,True,34.4143,115.65613,0.9261,-0.41732288388390104,0.11234583436954886,0.26048035204211023,-0.5821643266581469,100,-1.640671246391681,5.321100642675983e-64,-1.76612890335766,233,-9.428528188214108e-12,1,-1,-1,False,False,True,within_polygon,9761.0,Shangqiu,0.0,not-material-hotspot
233,Kigali,RW,False,8.584281793849532e-12,True,-1.94995,30.05885,3.3303,3.5638943247335364,6.857835083082642e-21,0.29766849214675006,3.6173057279383185,100,2.7282983776983696,2.0666540951590866e-91,2.6766331264841563,233,9.222886322325447e-12,1,1,1,True,True,True,within_polygon,597.0,Kigali,0.0,not-material-hotspot
234,Nampula,MZ,False,7.784971441841527e-12,False,-15.11646,39.2666,0.1819,0.46763754535270846,0.18185802130549916,0.3477890645910331,0.5570903745014636,100,0.1288506465858708,0.183157990292053,0.11370261564143355,233,2.010960731818612e-11,1,1,1,True,True,True,within_polygon,3306.0,Nampula,0.0,not-material-hotspot
235,Taiz,YE,False,4.753116036940412e-12,True,13.57952,44.02091,0.3041,0.29859490803220473,0.0014942650487156737,0.09137015179382209,0.2964105286470179,100,-0.0931984703181691,0.0007292109208263955,-0.09846314041758418,233,4.666642372940643e-12,1,1,1,True,True,True,within_polygon,4118.0,Ta'izz,0.0,not-material-hotspot
236,Changchun,CN,False,3.708277976184314e-12,True,43.88,125.32278,1.0533,0.6884050800545893,9.532489617291694e-09,0.10970916395719328,0.6903379308203804,100,-0.41015862283947896,8.731912742780902e-20,-0.4173936843294648,233,3.708277976184314e-12,1,1,1,True,True,True,within_polygon,9637.0,Changchun,0.0,not-material-hotspot
237,Teni,IN,False,1.8471710406842525e-13,True,10.01115,77.47772,0.7001,0.5434270678365802,0.034849448725754614,0.25395510416925715,0.6059483332658566,100,-0.38705448236052753,5.638724161431278e-07,-0.35962960223356855,233,1.8471710406842523e-13,1,1,1,True,True,True,within_polygon,9720.0,Theni,0.0,not-material-hotspot
238,Ulan Bator,MN,False,1.2792988126430438e-13,True,47.90771,106.88324,0.7594,0.5224925214925467,5.826577587614912e-11,0.07102508412639005,0.591201640091414,100,0.08019801530793104,0.0010606002201861559,0.08650180409141278,233,8.767228186793146e-14,1,1,1,True,True,True,within_polygon,337.0,Ulaanbaatar,0.0,not-material-hotspot
239,Hyderabad,IN,False,1.028918604337368e-13,True,17.38405,78.45636,2.9418,2.080033864588184,7.352136379569841e-07,0.39295850296181545,2.0106237152462274,100,0.258539451561802,0.026863232511239073,0.2447557187175231,233,7.361829496683263e-14,1,1,1,True,True,True,within_polygon,9524.0,Hyderabad,0.0,not-material-hotspot
240,Ibb,YE,False,3.2042659010053763e-14,True,13.96667,44.18333,0.3041,0.29859490803220473,0.0014942650487156737,0.09137015179382209,0.2964105286470179,100,-0.0931984703181691,0.0007292109208263955,-0.09846314041758418,233,3.145970540501398e-14,1,1,1,True,True,True,within_polygon,4387.0,Ibb,0.0,not-material-hotspot
241,Navi Mumbai,IN,False,4.996003610813204e-16,True,19.03681,73.01582,1.4173,3.912291789740759,1.38441123198012e-07,0.6888709846092069,3.676095366591918,100,1.0245989955099621,2.4743742940303356e-07,0.9632581033644543,233,4.996003610813204e-16,1,1,1,True,True,True,within_polygon,7599.0,Mumbai,0.0,not-material-hotspot
242,Sakai,JP,False,4.440892098500626e-16,True,34.58216,135.46653,0.3534,0.24312430320548825,0.0704027162108862,0.1329091583709721,0.26009707039507896,100,0.2516892139894124,2.8308486647995783e-08,0.2586001330237344,233,4.440892098500626e-16,1,1,1,True,True,True,within_polygon,4399.0,Osaka,0.0,not-material-hotspot
243,Pudong,CN,False,4.440892098500626e-16,True,31.23995,121.50094,0.6576,0.4153746324421804,0.054095049183715556,0.21306809552489045,0.1713294625428503,100,0.4019005057242156,1.6769477255084174e-09,0.36908505700442107,233,4.440892098500626e-16,1,1,1,True,True,True,within_polygon,11345.0,Shanghai,0.0,not-material-hotspot
244,Kawasaki,JP,False,4.440892098500626e-16,True,35.52056,139.71722,1.5877,1.1174721406074692,5.2239014463794846e-05,0.26406352191284554,1.0072191000707384,100,3.150347113732589,1.7857545716416165e-81,3.107802580136303,233,4.440892098500626e-16,1,1,1,True,True,True,within_polygon,5929.0,Tokyo,0.0,not-material-hotspot
245,Taguig,PH,False,3.8857805861880484e-16,True,14.5243,121.0792,0.3367,0.07678055564151562,0.8394659330205623,0.37801436655720483,0.07826936224146311,100,-0.31258435268854495,0.004415898178314629,-0.3124359366809934,233,3.885780586188048e-16,1,1,1,True,True,True,within_polygon,2323.0,Manila,0.0,not-material-hotspot
246,Shubrā al Khaymah,EG,False,3.8857805861880484e-16,True,30.12511,31.25053,0.1375,0.010752311804640088,0.9067870497005709,0.09159062669013979,0.018572462679870845,100,-0.019133667496687667,0.3937655983625466,-0.016277413725388084,233,3.885780586188048e-16,1,1,1,True,True,True,within_polygon,4605.0,Cairo,0.0,not-material-hotspot
247,Yangpu,CN,False,3.8857805861880484e-16,True,31.26193,121.51904,0.6576,0.4153746324421804,0.054095049183715556,0.21306809552489045,0.1713294625428503,100,0.4019005057242156,1.6769477255084174e-09,0.36908505700442107,233,3.885780586188048e-16,1,1,1,True,True,True,within_polygon,11345.0,Shanghai,0.0,not-material-hotspot
248,Zamboanga,PH,False,3.8857805861880484e-16,True,6.91028,122.07389,0.2715,0.14498055860927342,0.011313230880796788,0.056158025926378016,0.17285163148778454,100,0.21516674148296247,2.0400106682751426e-31,0.21752998320343386,233,3.885780586188048e-16,1,1,1,True,True,True,within_polygon,4587.0,Zamboanga City,0.0,not-material-hotspot
249,Rui’an,CN,False,3.8857805861880484e-16,True,27.77605,120.65859,0.2598,0.35621048924957505,0.010063212960435643,0.13571826914399127,0.27448421864711114,100,0.3575489667642511,8.404898704898293e-16,0.34032623420421315,233,3.885780586188048e-16,1,1,1,True,True,True,within_polygon,11630.0,Wenzhou,0.0,not-material-hotspot
250,Semarang,ID,False,3.6082248300317592e-16,False,-6.99306,110.42083,0.2262,0.680994576148332,0.00037692960575164933,0.18487942881696015,0.7109526502026728,100,0.49295644593632093,1.5406914400897475e-20,0.4901453092181439,233,3.608224830031759e-16,1,1,1,True,True,True,within_polygon,6785.0,Semarang,0.0,not-material-hotspot
251,Padang,ID,False,3.3306690738754696e-16,False,-0.94924,100.35427,0.1255,1.9109788728171029,7.534184419370417e-16,0.19835408865865764,1.9407016940829371,100,2.087779019283982,6.541571869295405e-87,2.118967717083258,233,3.3306690738754696e-16,1,1,1,True,True,True,within_polygon,3096.0,Padang,0.0,not-material-hotspot
252,Osaka,JP,False,3.05311331771918e-16,True,34.69379,135.50107,0.3534,0.2151564677475943,0.1015894432407019,0.13018372719076052,0.24370440748766004,100,0.3612447982192643,1.4055932416732514e-14,0.36705889185783036,233,3.0531133177191805e-16,1,1,1,True,True,True,within_polygon,4399.0,Osaka,0.0,not-material-hotspot
253,Ra’s Bayrūt,LB,False,2.7755575615628914e-16,False,33.9,35.48333,0.1491,-0.3372597079449367,0.0022297874402247434,0.10738998220069891,-0.38178760201333495,100,-0.2315488873961402,1.5329784124883915e-12,-0.2441723510477638,233,-0.0015563646697195066,1,-1,-1,False,False,True,within_polygon,458.0,Beirut,0.0,not-material-hotspot
254,Cairo,EG,False,2.498001805406602e-16,True,30.06263,31.24967,0.1375,0.010752311804640088,0.9067870497005709,0.09159062669013979,0.018572462679870845,100,-0.019133667496687667,0.3937655983625466,-0.016277413725388084,233,2.498001805406602e-16,1,1,1,True,True,True,within_polygon,4605.0,Cairo,0.0,not-material-hotspot
255,Huludao,CN,False,1.8041124150158796e-16,True,40.75243,120.83552,1.2492,3.119895434880291,3.699222882524737e-18,0.29160117071497027,3.2200859358350433,100,0.19188853273438555,0.05094415766096973,0.1498721074382724,233,1.8041124150158794e-16,1,1,1,True,True,True,within_polygon,9543.0,Huludao,0.0,not-material-hotspot
256,Yichang,CN,False,1.3877787807814454e-16,False,30.71444,111.28472,0.1956,0.5431173033439357,0.018710986833094738,0.22714809208298126,0.5514797182820543,100,0.6725882518362667,1.5249036148803024e-24,0.6842558977413333,233,1.3877787807814457e-16,1,1,1,True,True,True,within_polygon,9495.0,Yichang,0.0,not-material-hotspot
257,Wanzhou,CN,False,1.249000902703301e-16,True,30.76451,108.39586,0.8416,0.9160317024092949,1.4760858419977139e-06,0.1786318271665623,0.8987947311952171,100,1.0084186813946552,8.000143499138656e-61,1.0162844623125815,233,1.249000902703301e-16,1,1,1,True,True,True,within_polygon,8817.0,Wanzhou,0.0,not-material-hotspot
258,Aden,YE,False,1.249000902703301e-16,True,12.77957,45.03852,0.2321,0.2666450087857272,0.00018753784355658184,0.06867519923630865,0.2735903486366601,100,0.1514920302592999,8.2168577174929e-14,0.14279073039663315,233,1.249000902703301e-16,1,1,1,True,True,True,within_polygon,5144.0,`Adan,0.0,not-material-hotspot
259,Bhopal,IN,False,1.1102230246251563e-16,True,23.25469,77.40289,1.675,2.8154196972671066,2.4482580225046173e-07,0.5073825034585167,2.82021230866171,100,2.036220670108702,1.7470899561923665e-34,2.0060555631538195,233,1.1102230246251565e-16,1,1,1,True,True,True,within_polygon,8886.0,Bhopal,0.0,not-material-hotspot
260,Kakamega,KE,False,7.087400801883261e-17,True,0.28422,34.75229,3.8168,3.385301117521059,1.7575645540970145e-20,0.28735958058122407,3.3955693945201464,100,2.4374539259524846,9.006339873009953e-86,2.410179574091793,233,6.240255625521479e-17,1,1,1,True,True,True,within_polygon,874.0,Kakamega,0.0,not-material-hotspot
261,Lilongwe,MW,False,5.1906355558566127e-17,True,-13.96692,33.78725,1.3916,0.08555177013657533,0.8462340836568256,0.43999119089226446,-0.005256059095745013,100,-0.8824953627144001,1.4082956772155772e-11,-0.9036965486723568,233,3.1221399539679434e-18,1,1,-1,True,False,True,nearest_representative_point_le50km,461.0,Lilongwe,4.235481291112744,not-material-hotspot
262,Saitama,JP,False,4.163336342344337e-17,True,35.90807,139.65657,1.5877,1.1174721406074692,5.2239014463794846e-05,0.26406352191284554,1.0072191000707384,100,3.150347113732589,1.7857545716416165e-81,3.107802580136303,233,4.163336342344337e-17,1,1,1,True,True,True,within_polygon,5929.0,Tokyo,0.0,not-material-hotspot
263,Shijiazhuang,CN,False,3.5278765281167854e-17,True,38.04139,114.47861,2.0652,-0.13424413085645415,0.47055505610555054,0.1853214336557934,-0.14910214367647606,100,-1.5936251461918447,2.5259282606202514e-86,-1.7046453555378864,233,-2.2103302274110766e-18,1,-1,-1,False,False,True,within_polygon,8789.0,Shijiazhuang,0.0,not-material-hotspot
264,Kampung Baru Subang,MY,False,2.4286128663675302e-17,True,3.15,101.53333,0.8591,-1.1000407909501095,5.2702079963962985e-06,0.22827310165819722,-1.2499116277516693,100,-1.0309144361229732,5.377421560925297e-35,-1.0417411792926943,233,-0.00048748516867339227,1,-1,-1,False,False,True,within_polygon,1648.0,Kuala Lumpur,0.0,not-material-hotspot
265,Jieyang,CN,False,1.7347234759768068e-17,False,23.5418,116.36581,0.0714,-0.9673882763159878,0.0026502026339727206,0.31363689816095913,-0.902026478732425,100,-0.2756010004111149,0.0010615868681342398,-0.22162933053466966,233,-0.0003097161362716483,1,-1,-1,False,False,True,within_polygon,11407.0,Shantou,0.0,not-material-hotspot
266,Changzhou,CN,False,1.5612511283791264e-17,False,31.77359,119.95401,0.0957,0.1691377985448629,0.44056852178266104,0.21841616557364715,0.17443025086448835,100,0.4281938873673401,3.0652506403320266e-15,0.4461248829365328,233,1.5612511283791264e-17,1,1,1,True,True,True,within_polygon,11113.0,Changzhou,0.0,not-material-hotspot
267,Shiyan,CN,False,1.3877787807814457e-17,True,32.6475,110.77806,0.5956,0.4839655142322616,0.03681612823717709,0.22863908958605886,0.3641130435061293,100,0.02369097611326526,0.6820055638092487,-0.03295080481235573,233,1.3877787807814457e-17,1,1,1,True,True,True,within_polygon,9029.0,Shiyan,0.0,not-material-hotspot
268,Cúcuta,CO,False,1.734723475976807e-18,True,7.90745,-72.5049,1.5072,0.7404799969485315,0.015736299840063327,0.3012810408155818,0.6980873143250922,100,-0.16502254528057914,0.06795800077293379,-0.17591011369583104,233,1.734723475976807e-18,1,1,1,True,True,True,within_polygon,4943.0,Cúcuta,0.0,not-material-hotspot
269,Yancheng,CN,False,2.1684043449710093e-19,True,33.3575,120.1573,0.2108,0.371934598221811,0.1743184908294159,0.27180418383598226,0.409439683672873,100,-0.019449152314622697,0.769897038112567,-0.03990612693104419,233,2.168404344971009e-19,1,1,1,True,True,True,within_polygon,10941.0,Yancheng,0.0,not-material-hotspot
270,Wuwei,CN,False,1.4233855647727016e-19,False,37.92672,102.63202,0.0388,-0.3361829964217804,0.0008011119882237164,0.0971598639790395,-0.44877965132454944,100,-0.4061588750710798,2.942605635994782e-43,-0.42315986722082444,233,-1.2256241496961818e-18,1,-1,-1,False,False,True,within_polygon,3686.0,Wuwei,0.0,not-material-hotspot
271,Bogor,ID,False,1.0164395367051604e-19,False,-6.59444,106.78917,0.2499,-0.502737005887608,0.11960024786881698,0.3201812318997534,-0.43321907605235643,100,-0.16847557357229165,0.06691942511559598,-0.14698700020272693,233,-9.99641401210737e-07,1,-1,-1,False,False,True,within_polygon,5472.0,Jakarta,0.0,not-material-hotspot
272,Cheongju-si,KR,False,7.623296525288703e-21,True,36.63722,127.48972,0.59,0.5772048851569904,0.07286189728940265,0.3183348104049015,0.7408517324031959,100,-0.5196649485280277,7.458599460638257e-09,-0.49801499216686507,233,7.623296525288703e-21,1,1,1,True,True,True,within_polygon,2082.0,Cheongju-si,0.0,not-material-hotspot
273,Yixing,CN,False,1.0587911840678754e-21,False,31.36059,119.82016,0.0957,0.15188340522117688,0.49748411376891727,0.2230334205164932,0.2094115510188743,100,0.4900762627122851,4.284704302959957e-18,0.5174781605653492,233,1.0587911840678754e-21,1,1,1,True,True,True,within_polygon,11169.0,Yixing,0.0,not-material-hotspot
274,Tegucigalpa,HN,False,2.1175823681357513e-22,False,14.0818,-87.20681,0.2957,-0.18737639190931749,0.4750043086351322,0.26128926019852894,-0.1120336094425899,100,-0.4260626015824475,8.287313122798394e-07,-0.38602349624984356,233,-7.820789318316441e-10,1,-1,-1,False,False,True,within_polygon,1365.0,Tegucigalpa,0.0,not-material-hotspot
275,Benxi,CN,False,0.0,True,41.28861,123.765,1.9705,1.296796641859062,6.61281884537574e-16,0.13424018230255802,1.3647669317759255,100,-0.28563575011810993,6.456055769164142e-08,-0.2826957449115281,233,0.0,1,1,1,True,True,True,within_polygon,10025.0,Benxi,0.0,not-material-hotspot
276,Longyan,CN,False,0.0,True,25.07485,117.01775,-0.5993,-0.771306294098065,0.002180235780918897,0.24503325300540352,-0.7051015982217087,100,-0.1743844981017333,0.004865781410126336,-0.12674279313579703,233,0.0,-1,-1,-1,True,True,True,within_polygon,11397.0,Longyan,0.0,not-material-hotspot
277,Guang’an,CN,False,0.0,True,30.47413,106.63696,0.8708,0.9911874771858215,8.057073282608181e-08,0.17084054342204857,1.0106340078405252,100,1.1305093505892356,1.1989604430649274e-73,1.1502351889507498,233,0.0,1,1,1,True,True,True,within_polygon,8419.0,Guang'an,0.0,not-material-hotspot
278,Wanxian,CN,False,0.0,True,30.81601,108.37407,0.8416,0.9160317024092949,1.4760858419977139e-06,0.1786318271665623,0.8987947311952171,100,1.0084186813946552,8.000143499138656e-61,1.0162844623125815,233,0.0,1,1,1,True,True,True,nearest_representative_point_le50km,8817.0,Wanzhou,5.005592961752214,not-material-hotspot
279,Seongnam-si,KR,False,0.0,True,37.43861,127.13778,0.6391,0.6115840535424053,0.04895293813837157,0.3067428779988241,0.7488654345703771,100,-0.5436249978373424,4.973930203804262e-10,-0.5179863100334934,233,0.0,1,1,1,True,True,True,within_polygon,348.0,Seoul,0.0,not-material-hotspot
280,Xiamen,CN,False,0.0,True,24.47979,118.08187,-0.1349,0.4958320651477927,0.15654589210694225,0.34728478119914785,0.275421598898433,100,0.31412582420612384,0.0008157405069165383,0.27002911572840527,233,0.0,-1,1,1,False,False,True,within_polygon,11593.0,Xiamen City,0.0,not-material-hotspot
281,Weihai,CN,False,0.0,True,37.50914,122.11356,1.0586,0.3116897007139058,0.16422853936651505,0.22239978978032002,0.4172539800492171,100,0.3103050178897885,4.978652941582604e-06,0.30554858811961383,233,0.0,1,1,1,True,True,True,within_polygon,10585.0,Weihai,0.0,not-material-hotspot
282,Kobe,JP,False,0.0,True,34.6913,135.183,0.3534,0.24312430320548825,0.0704027162108862,0.1329091583709721,0.26009707039507896,100,0.2516892139894124,2.8308486647995783e-08,0.2586001330237344,233,0.0,1,1,1,True,True,True,within_polygon,4399.0,Osaka,0.0,not-material-hotspot
283,Bazhong,CN,False,0.0,True,31.8694,106.74432,0.688,1.025585336997986,3.2594359427948127e-09,0.15760329565417633,0.9865385961514779,100,0.8390387052675737,1.3988667134018536e-51,0.826522156927249,233,0.0,1,1,1,True,True,True,within_polygon,7929.0,Bazhong City,0.0,not-material-hotspot
284,Zunyi,CN,False,0.0,True,27.68667,106.90722,-0.5637,0.1898683056303654,0.3020623128045216,0.18300797568228921,0.2998258104134216,100,0.8723777970046441,5.543074653676757e-48,0.930460128086501,233,0.0,-1,1,1,False,False,True,within_polygon,8945.0,Honghuagang,0.0,not-material-hotspot
285,Montréal,CA,False,0.0,True,45.50884,-73.58781,-0.1184,-0.5349212039910092,0.02169112311098233,0.22928216699534326,-0.6055260448440862,100,0.08506824816203105,0.2123281467660729,0.06898209927449617,233,0.0,-1,-1,-1,True,True,True,within_polygon,3700.0,Montreal,0.0,not-material-hotspot
286,La Paz,BO,False,0.0,True,-16.5,-68.15,-0.9263,-2.097211295909049,1.1088277476168372e-14,0.2305668031465068,-2.279015486707677,100,-0.7291529311708714,7.859645212559807e-20,-0.7307770315784067,233,0.0,-1,-1,-1,True,True,True,within_polygon,212.0,La Paz,0.0,not-material-hotspot
287,Yantai,CN,False,0.0,True,37.47649,121.44081,1.0586,3.318840381942567,4.658080497720309e-11,0.44832061583926297,3.6409785120457667,100,0.3302397251443818,0.01378851102265985,0.3464614981704833,233,0.0,1,1,1,True,True,True,nearest_representative_point_le50km,10473.0,Mashan,7.454569948899393,not-material-hotspot
288,Bukavu,CD,False,0.0,True,-2.49077,28.84281,2.157,2.7470081383662195,6.796195580210597e-16,0.2845225226543353,2.813302147118353,100,1.771784121886685,6.085695091460903e-60,1.725937998297412,233,0.0,1,1,1,True,True,True,within_polygon,6745.0,Bukavu,0.0,not-material-hotspot
289,Guiyang,CN,False,0.0,True,26.58333,106.71667,-0.4032,-0.12765749207073518,0.5277721205780926,0.20145723799898768,-0.021491689577005278,100,0.6819960692634005,1.8482200620315865e-27,0.7391451596772497,233,0.0,-1,-1,-1,True,True,True,within_polygon,9019.0,Guiyang,0.0,not-material-hotspot
290,Isfahan,IR,False,-3.2532077881139584e-29,False,32.65246,51.67462,-0.136,0.6289006412597893,0.0012300141963156935,0.18893041419121648,0.5165795025051634,100,-0.08921355625179156,0.15152239132154052,-0.09621620250434758,233,1.5236790517404512e-28,-1,1,1,False,False,True,within_polygon,5720.0,Isfahan,0.0,not-material-hotspot
291,Quetta,PK,False,-4.185927386786497e-29,True,30.18414,67.00141,-0.3758,-0.5855096561683275,4.508177018145403e-05,0.13709143388051023,-0.5394317436855287,100,-0.5199756436011018,2.0054383563471914e-34,-0.5038161234692933,233,-6.499150746354472e-29,-1,-1,-1,True,True,True,within_polygon,1127.0,Quetta,0.0,not-material-hotspot
292,Ürümqi,CN,False,-1.3439003471778378e-21,True,43.80096,87.60046,-3.8585,-2.4729985144564655,3.451840104716057e-49,0.08685730880001258,-2.509854241789282,100,-2.1277109840154367,4.6616272963647574e-195,-2.132574095143027,233,-8.810792865779726e-22,-1,-1,-1,True,True,True,within_polygon,2659.0,Ürümqi,0.0,not-material-hotspot
293,Qom,IR,False,-1.1101468390129985e-19,True,34.6401,50.8764,-0.769,-0.4733680209197633,0.033341017285809064,0.21931664196379208,-0.552843719735155,100,-0.6368991166036064,1.8554886591697825e-20,-0.6741070082538484,233,-6.867257746652744e-20,-1,-1,-1,True,True,True,within_polygon,5231.0,Qom,0.0,not-material-hotspot
294,Shiraz,IR,False,-2.2630386422839787e-17,True,29.61031,52.53113,-1.3286,-1.1771318622332816,2.4033015626555974e-08,0.19387018655436836,-1.25853698887664,100,-1.7490107384155895,4.6028726386838056e-80,-1.774277571340133,233,-2.0100667879058758e-17,-1,-1,-1,True,True,True,within_polygon,6141.0,Shiraz,0.0,not-material-hotspot
295,Jodhpur,IN,False,-3.204903241899323e-17,True,26.26841,73.00594,-2.6459,-1.4495392817988006,1.4987005052019234e-07,0.2560469948131134,-1.3453342451121384,100,-2.0211776595940663,3.451695090479076e-82,-2.03294027749327,233,-1.7907050794092057e-17,-1,-1,-1,True,True,True,within_polygon,5315.0,Jodhpur,0.0,not-material-hotspot
296,Sanaa,YE,False,-1.4707008899986972e-16,False,15.35452,44.20646,-0.1163,0.16553420015237597,0.03447459585433849,0.07719400908806213,0.1586689727149112,100,-0.198855499265258,1.4252019988006125e-16,-0.20131913805325574,233,2.1031516912790945e-16,-1,1,1,False,False,True,within_polygon,3993.0,Sana'a,0.0,not-material-hotspot
297,Bishkek,KG,False,-8.409079320156897e-16,True,42.87,74.59,-0.6183,-1.499556004458569,1.0172045089985919e-14,0.1645480552584051,-1.5942868334511777,100,-0.8007269955666579,5.674620123293756e-43,-0.8141490547508135,233,-2.0099116967475037e-15,-1,-1,-1,True,True,True,within_polygon,764.0,Bishkek,0.0,not-material-hotspot
298,Konya,TR,False,-1.666471201814658e-15,True,37.87135,32.48464,-3.7459,-1.9072564226741098,1.0234586934366101e-08,0.3047074182130278,-1.9299994051380198,100,-0.6625598456849041,9.27037680504742e-12,-0.6695064481460097,233,-8.744549129794548e-16,-1,-1,-1,True,True,True,within_polygon,5077.0,Konya,0.0,not-material-hotspot
299,Mashhad,IR,False,-1.9040902910269393e-14,False,36.29807,59.60567,-0.0141,-2.074843145772833,1.0852674333597302e-26,0.14036531709070468,-2.117785629348557,100,-1.548279478316107,3.3923586276989104e-104,-1.5546988190720525,233,-2.707938722614826e-12,-1,-1,-1,True,True,True,within_polygon,6897.0,Mashhad,0.0,not-material-hotspot
300,Gorakhpur,IN,False,-4.405112279938319e-14,True,29.44768,75.67206,-8.4765,-5.204142519413731,8.82311591757865e-22,0.4199189364120101,-5.042745096002195,100,-5.838287013122224,3.175739976786835e-134,-5.8229311512957125,233,-2.850063456412481e-14,-1,-1,-1,True,True,True,nearest_representative_point_le50km,6512.0,Fatehabad,22.456944169639605,not-material-hotspot
301,Sulaymaniyah,IQ,False,-1.243862992681345e-13,True,35.56496,45.4329,-1.2696,-2.9269532292351297,9.72127429796764e-10,0.4325912381283871,-3.252168099304992,100,-1.8707004370320448,1.872409470188898e-43,-1.9757893086848548,233,-2.790465382033387e-13,-1,-1,-1,True,True,True,within_polygon,3905.0,Sulaymaniyah,0.0,not-material-hotspot
302,Shymkent,KZ,False,-2.218793898742697e-12,True,42.30988,69.60042,-0.7951,-1.1322168662553023,7.729653459527541e-07,0.21437480830968156,-1.1544578366092617,100,-0.3794086611655861,1.387350075483658e-08,-0.39329150014764885,233,-3.1419565423208123e-12,-1,-1,-1,True,True,True,within_polygon,2306.0,Shymkent,0.0,not-material-hotspot
303,Tehran,IR,False,-8.918518202711793e-12,True,35.69439,51.42151,-3.2319,-0.8415807156039031,3.562531406549615e-06,0.17122119620207146,-0.8892120608513758,100,-0.8399022700009561,1.2165570712999732e-44,-0.866665881261591,233,-2.415569896969231e-12,-1,-1,-1,True,True,True,within_polygon,5174.0,Tehran,0.0,not-material-hotspot
304,Marrakesh,MA,False,-9.574982613199164e-12,True,31.63416,-7.99994,-1.5947,-1.0676983433257898,2.174104902168012e-12,0.1329402803090995,-1.0407027486805092,100,-0.31834238617400024,1.1848959950109862e-13,-0.2995764691123939,233,-6.466810961947009e-12,-1,-1,-1,True,True,True,within_polygon,1853.0,Marrakesh,0.0,not-material-hotspot
305,Hermosillo,MX,False,-1.3432238777995403e-11,True,29.08874,-110.96677,-0.3792,-0.9869189866340444,9.545984893142134e-23,0.0767848290139531,-0.9856559829260074,100,-0.5531989597986899,1.9442269889575453e-60,-0.5503172110552049,233,-3.46085831528618e-11,-1,-1,-1,True,True,True,within_polygon,1924.0,Hermosillo,0.0,not-material-hotspot
306,Karaj,IR,False,-1.5877973888164904e-11,True,35.83266,50.99155,-3.2319,-0.9377181250182334,3.228920060917107e-06,0.18985371637426243,-1.0025487574487004,100,-0.890195959890791,3.103222853900399e-42,-0.9208995407692109,233,-4.7841720202452065e-12,-1,-1,-1,True,True,True,within_polygon,4992.0,Karaj,0.0,not-material-hotspot
307,Ordos,CN,False,-3.3855016304000286e-11,True,39.6086,109.78157,-2.8592,-0.8205303010108705,9.641851840263473e-13,0.10010674806729201,-0.9022895539573194,100,-1.1374761978978787,1.0072477786877078e-118,-1.1686943860446108,233,-1.004764366179174e-11,-1,-1,-1,True,True,True,within_polygon,5724.0,Ordos,0.0,not-material-hotspot
308,Quito,EC,False,-9.063210276745264e-11,True,-0.22985,-78.52495,-0.2457,-0.7868598451829278,0.0004910611081872125,0.21820092762620236,-0.7257007599937007,100,0.018162735128928433,0.7647269046509203,0.04160025050953061,233,-2.8765529110822694e-10,-1,-1,-1,True,True,True,within_polygon,2544.0,Quito,0.0,not-material-hotspot
309,Kirkuk,IQ,False,-1.42369293986186e-10,True,35.46806,44.39222,-1.313,-2.784943481209529,5.900127894155066e-08,0.4742870559035946,-3.2410429863607177,100,-1.7464371041751676,8.69176585958898e-39,-1.937590696340569,233,-2.94744282826186e-10,-1,-1,-1,True,True,True,within_polygon,2839.0,Kirkuk,0.0,not-material-hotspot
310,Lu’an,CN,False,-2.9397889367935817e-10,False,31.73561,116.51688,-0.3185,-0.07277540171557971,0.7913995286904886,0.27439967111510016,0.005942293052109376,100,0.03504770452058128,0.6032479834251129,0.03305847703948944,233,-6.744755825347524e-11,-1,-1,1,True,False,True,within_polygon,10481.0,Lu'an,0.0,not-material-hotspot
311,Hefei,CN,False,-3.039325166400886e-10,False,31.86389,117.28083,-0.0756,-0.04314316279794055,0.8734496432634544,0.270158949237107,0.03586147167404026,100,0.10723503204686047,0.10321655383978519,0.11417658177415177,233,-1.7354094920212525e-10,-1,-1,1,True,False,True,within_polygon,10629.0,Hefei,0.0,not-material-hotspot
312,Aleppo,SY,False,-3.5505559854338794e-10,True,36.20124,37.16117,-1.1913,-2.1562670674691065,7.307383353839113e-16,0.22367234665090047,-2.251149491153532,100,-1.3547191679325084,1.3919782310222578e-57,-1.3980321724903633,233,-6.325063777540838e-10,-1,-1,-1,True,True,True,within_polygon,1799.0,Aleppo,0.0,not-material-hotspot
313,Kathmandu,NP,False,-4.0030911038414537e-10,False,27.70169,85.3206,-0.9247,-0.6780090408428999,0.09183715715057433,0.3982500173434158,-0.8422739682996052,100,-1.7422276422640206,5.5379321682383014e-36,-1.7586360241581844,233,-2.947175450636248e-10,-1,-1,-1,True,True,True,within_polygon,1822.0,Kathmandu,0.0,not-material-hotspot
314,Córdoba,AR,False,-1.090670243149346e-09,True,-31.40648,-64.18853,-2.4175,-2.5383803586574487,5.525285751299129e-25,0.18214377528106188,-2.65688573299405,100,-0.2820760321388603,9.91926421158664e-05,-0.3391148164547113,233,-1.1429352140869585e-09,-1,-1,-1,True,True,True,within_polygon,2335.0,Cordoba,0.0,not-material-hotspot
315,Arequipa,PE,False,-1.160156761248708e-09,False,-16.39899,-71.53747,-0.0667,-0.9294616263711101,3.0099609647040984e-07,0.16895231892932022,-1.0604910600223652,100,-0.22271201635167046,3.982254504606107e-06,-0.2272774122033196,233,-1.5936792781077965e-08,-1,-1,-1,True,True,True,within_polygon,3440.0,Arequipa,0.0,not-material-hotspot
316,Bannu,PK,False,-1.385564428971799e-09,True,32.98527,70.60403,-1.1579,-0.8923088006389739,1.3456154587053173e-07,0.15693788931320973,-0.8866375371019611,100,0.09251120257662818,0.04839794898382895,0.11530693447908111,233,-1.0724582942470681e-09,-1,-1,-1,True,True,True,within_polygon,3315.0,Bannu,0.0,not-material-hotspot
317,Jaipur,IN,False,-2.020510392213274e-09,True,26.91962,75.78781,-4.5934,-2.7236597836214544,1.7487180616150726e-12,0.3372664390879753,-2.5741396992623917,100,-3.3346242539782516,1.5014004186109258e-97,-3.328353680416691,233,-1.2351659946809317e-09,-1,-1,-1,True,True,True,within_polygon,7687.0,Jaipur,0.0,not-material-hotspot
318,Hohhot,CN,False,-2.173099577262619e-09,True,40.81056,111.65222,-1.0557,-0.59222805665145,9.968859394628373e-08,0.1029287978898391,-0.7313005279133351,100,-0.9801226812293587,2.452161132125017e-101,-1.019259834956781,233,-1.228468782975187e-09,-1,-1,-1,True,True,True,within_polygon,5847.0,Hohhot,0.0,not-material-hotspot
319,Eskişehir,TR,False,-2.6101603665541622e-09,True,39.77667,30.52056,-2.8862,-1.5734668191940948,1.0618393221248925e-07,0.27414791423643503,-1.558326937428434,100,-0.49643674162954526,6.203012048746361e-09,-0.502091495094396,233,-1.454029684795453e-09,-1,-1,-1,True,True,True,within_polygon,4150.0,Eskisehir,0.0,not-material-hotspot
320,Almaty,KZ,False,-3.1209875317509502e-09,True,43.25249,76.9115,-1.4642,-2.032874582268657,2.986901125953388e-22,0.1611263043635287,-2.0670855116195854,100,-1.2358739804211316,1.3401783461073008e-70,-1.2487835775684162,233,-4.2926950015989496e-09,-1,-1,-1,True,True,True,within_polygon,2847.0,Almaty,0.0,not-material-hotspot
321,Homs,SY,False,-3.827970111359048e-09,True,34.72405,36.72559,-0.3894,-1.2668352323920207,2.2137375413231006e-13,0.1491427860224485,-1.362898782993188,100,-0.7304897410521103,1.2192991266308171e-43,-0.7718978874014025,233,-1.2273746556626404e-08,-1,-1,-1,True,True,True,within_polygon,2211.0,Homs,0.0,not-material-hotspot
322,Meizhou,CN,False,-6.1828303432702285e-09,False,24.28859,116.11768,-0.4666,-0.9004071852058708,0.0019221404983134787,0.2824195550276009,-0.820732226674975,100,-0.2537460160639964,0.0005850517714272564,-0.19870294351439088,233,-1.1845587031373541e-08,-1,-1,-1,True,True,True,within_polygon,11317.0,Meizhou,0.0,not-material-hotspot
323,León de los Aldama,MX,False,-8.334039205856399e-09,True,21.12183,-101.68253,-3.2531,-1.7942055092309446,3.2701574807932663e-13,0.21320613001738944,-1.8704547134904645,100,-1.0451276164843895,4.146428054011578e-40,-1.03754940741804,233,-4.707950015961577e-09,-1,-1,-1,True,True,True,within_polygon,4478.0,León,0.0,not-material-hotspot
324,Santiago,CL,False,-8.392798256101334e-09,True,-33.45694,-70.64827,-0.5445,-1.6144729327543919,6.723300344142332e-10,0.2358860273097504,-1.7739540032154024,100,-0.465955922640857,7.031373693193526e-10,-0.48468243157269764,233,-2.4448321584965594e-08,-1,-1,-1,True,True,True,within_polygon,2334.0,Santiago,0.0,not-material-hotspot
325,Chuzhou,CN,False,-1.8183707722217105e-08,False,32.32194,118.29778,-0.0253,0.0011096007080585396,0.9960110300698102,0.22137894443642667,-0.031254915208126295,100,0.03726667186847238,0.47560975539936756,0.04050844071709778,233,7.978469569584236e-10,-1,1,-1,False,True,True,within_polygon,10793.0,Chuzhou,0.0,not-material-hotspot
326,Mexicali,MX,False,-2.532261139990073e-08,False,32.62781,-115.45446,-0.0592,-1.0850734875739925,1.6354912690307856e-11,0.14242103802688733,-1.0425316034616878,100,-1.1556028921653594,3.6920555838978504e-80,-1.1547620944257795,233,-4.563011711545254e-07,-1,-1,-1,True,True,True,within_polygon,1362.0,Mexicali,0.0,not-material-hotspot
327,Kabul,AF,False,-2.7802184407922652e-08,True,34.52813,69.17233,-1.1962,-1.558611222615766,3.913688878062137e-10,0.2239854291235927,-1.5948735816034612,100,-0.3149035884050754,1.4719686501660466e-05,-0.31237867024654264,233,-3.600910773164827e-08,-1,-1,-1,True,True,True,within_polygon,4865.0,Kabul,0.0,not-material-hotspot
328,Erbil,IQ,False,-3.4498440596081335e-08,True,36.19117,44.00943,-1.313,-2.977359331733933,1.69128884178075e-10,0.41731383219482066,-3.1788645865031553,100,-1.925434670813911,2.4937132245335753e-46,-2.0217695960369335,233,-7.61157081785409e-08,-1,-1,-1,True,True,True,within_polygon,2448.0,Erbil,0.0,not-material-hotspot
329,Tashkent,UZ,False,-1.6091052581911517e-07,True,41.26465,69.21627,-1.8495,-1.6722519817244526,2.7560973945049983e-09,0.25556070789161583,-1.6448995283658063,100,-0.8052366643922584,4.244368516931191e-20,-0.8282641513426445,233,-1.4591535199821567e-07,-1,-1,-1,True,True,True,within_polygon,2907.0,Tashkent,0.0,not-material-hotspot
330,Santiago de Querétaro,MX,False,-2.7608675705370773e-07,True,20.58806,-100.38806,-3.1198,-1.8827745921495687,1.3493594783405072e-12,0.23163035037912758,-2.01507960508323,100,-1.0885059983368468,7.858098222672164e-40,-1.0695130609809658,233,-1.7003482531419933e-07,-1,-1,-1,True,True,True,within_polygon,5097.0,Querétaro,0.0,not-material-hotspot
331,Ankara,TR,False,-5.260375942224583e-07,True,39.91987,32.85427,-2.1996,-1.5025288588983015,3.9911166923105894e-07,0.27640292948206774,-1.5026658227055547,100,-0.3933785528228339,1.256808290600906e-06,-0.3859458797308889,233,-3.6348338775521963e-07,-1,-1,-1,True,True,True,within_polygon,4921.0,Ankara,0.0,not-material-hotspot
332,Çankaya,TR,False,-7.44889846432645e-07,True,39.9179,32.86268,-2.1996,-1.5025288588983015,3.9911166923105894e-07,0.27640292948206774,-1.5026658227055547,100,-0.3933785528228339,1.256808290600906e-06,-0.3859458797308889,233,-5.147066855075556e-07,-1,-1,-1,True,True,True,within_polygon,4921.0,Ankara,0.0,not-material-hotspot
333,Peshawar,PK,False,-9.310823135779052e-07,True,34.008,71.57849,-2.2067,-1.740586233294427,1.9374919959614164e-10,0.24494080037525864,-1.7563080450065165,100,-0.3431811486952245,1.0212156967177435e-05,-0.339034271003925,233,-7.400716994341805e-07,-1,-1,-1,True,True,True,within_polygon,4277.0,Peshawar,0.0,not-material-hotspot
334,Ciudad Nezahualcoyotl,MX,False,-1.0381060441043847e-06,True,19.40061,-99.01483,-2.4499,-1.4462112493899721,7.60184917428461e-07,0.2736234090415035,-1.550008947844098,100,-0.849571420411705,7.932856252128606e-21,-0.8409479230796906,233,-6.230230743086608e-07,-1,-1,-1,True,True,True,within_polygon,5402.0,Mexico City,0.0,not-material-hotspot
335,Tijuana,MX,False,-1.151200746594928e-06,False,32.5027,-117.00371,-0.0297,0.03162007142370217,0.5989059703445686,0.05992147040365915,0.018869664208346182,100,0.18364373867068667,1.3733448808441602e-22,0.18273388661541956,233,1.2268736352763227e-06,-1,1,1,False,False,True,within_polygon,507.0,Tijuana,0.0,not-material-hotspot
336,Ecatepec de Morelos,MX,False,-1.288065626981514e-06,True,19.60492,-99.06064,-2.4499,-1.6322375775602345,5.914591528637236e-09,0.25589122598063874,-1.7694715766790519,100,-0.9385745695550984,2.874833557189231e-27,-0.9374210269667161,233,-8.69797934148966e-07,-1,-1,-1,True,True,True,within_polygon,5402.0,Mexico City,0.0,not-material-hotspot
337,Lusaka,ZM,False,-1.2905227307220935e-06,True,-15.40669,28.28713,-1.4279,-0.5777078792799615,0.20092163389317957,0.44867428990404373,-0.7966589152418745,100,-0.01293445237250662,0.9278606841655616,-0.030136955853274052,233,-5.295285155417165e-07,-1,-1,-1,True,True,True,within_polygon,1517.0,Lusaka,0.0,not-material-hotspot
338,Gustavo Adolfo Madero,MX,False,-1.6414762387937892e-06,True,19.49392,-99.11075,-2.4499,-1.4462112493899721,7.60184917428461e-07,0.2736234090415035,-1.550008947844098,100,-0.849571420411705,7.932856252128606e-21,-0.8409479230796906,233,-9.851376280595886e-07,-1,-1,-1,True,True,True,within_polygon,5402.0,Mexico City,0.0,not-material-hotspot
339,Los Angeles,US,False,-1.986593470939321e-06,False,34.05223,-118.24368,-0.0272,-1.4550841091906184,1.0919359122016453e-09,0.2158434167694177,-1.4885401200420878,100,-2.4258509104121604,4.295715879818091e-97,-2.4409538228839347,233,-0.00010379822908867034,-1,-1,-1,True,True,True,within_polygon,2007.0,Los Angeles,0.0,not-material-hotspot
340,Rawalpindi,PK,False,-2.02388264592984e-06,True,33.59733,73.0479,-1.9647,-1.9090084873522315,2.202035546666746e-12,0.23776961148098547,-1.9140876900686719,100,-0.4358408207422315,5.100998227311899e-09,-0.4278786776565269,233,-1.968318132831492e-06,-1,-1,-1,True,True,True,within_polygon,6766.0,Islamabad,0.0,not-material-hotspot
341,Gaziantep,TR,False,-2.0395743919534905e-06,True,37.05944,37.3825,-2.1107,-2.3267397353698764,4.0425815883194294e-14,0.26331448598442314,-2.395699569769124,100,-1.4275897412286254,1.5271063654425355e-47,-1.4547747037950156,233,-2.2403609027066377e-06,-1,-1,-1,True,True,True,within_polygon,6173.0,Gaziantep,0.0,not-material-hotspot
342,Chaozhou,CN,False,-2.0551410850402907e-06,False,23.65396,116.62262,-0.022,-0.9474981412418151,0.0030513395217918148,0.3118686616651867,-0.9074171031875881,100,-0.3031070073683728,0.0002851261201546939,-0.2515644821355457,233,-8.716860961236307e-05,-1,-1,-1,True,True,True,within_polygon,11407.0,Shantou,0.0,not-material-hotspot
343,Culiacán,MX,False,-2.0974711869263264e-06,True,24.80209,-107.39421,-0.5729,-0.9080097996710754,3.340371721783018e-06,0.1841473517269827,-0.9561130108395486,100,-0.3365882172738808,9.1137163316402e-08,-0.3390264922658882,233,-3.3059404010428814e-06,-1,-1,-1,True,True,True,within_polygon,2401.0,Culiacán,0.0,not-material-hotspot
344,Iztapalapa,MX,False,-3.7128006164988185e-06,True,19.35529,-99.06224,-2.4499,-1.4462112493899721,7.60184917428461e-07,0.2736234090415035,-1.550008947844098,100,-0.849571420411705,7.932856252128606e-21,-0.8409479230796906,233,-2.228248254144624e-06,-1,-1,-1,True,True,True,within_polygon,5402.0,Mexico City,0.0,not-material-hotspot
345,Alīgarh,IN,False,-4.293349599803528e-06,False,27.88145,78.07464,-0.726,-3.1649130673611108,1.1565427445903625e-10,0.43872308014044403,-3.0375728346123365,100,-4.158111349201786,6.791128931843234e-92,-4.144926644723734,233,-1.7979680725542665e-05,-1,-1,-1,True,True,True,within_polygon,8626.0,Aligarh,0.0,not-material-hotspot
346,Ahvaz,IR,False,-4.5536664083144045e-06,False,31.31901,48.6842,-0.1475,0.0797600220166253,0.7219604448975349,0.22350220690759826,0.02327959942779,100,-0.1762870135612121,0.007271190687286278,-0.19822477093125235,233,2.47169234167345e-06,-1,1,1,False,False,True,within_polygon,4538.0,Ahwaz,0.0,not-material-hotspot
347,Santa Cruz de la Sierra,BO,False,-4.5691481460386255e-06,True,-17.78629,-63.18117,-0.9932,-1.2210578381749235,2.1892839990609504e-09,0.18520882479660777,-1.3694702825813525,100,0.27138918952925944,6.135439336125448e-05,0.3029263913891347,233,-5.596257553183958e-06,-1,-1,-1,True,True,True,within_polygon,1375.0,Santa Cruz de la Sierra,0.0,not-material-hotspot
348,Maoming,CN,False,-6.469737210338181e-06,False,21.66625,110.91364,-0.0184,0.020468304251193174,0.9483509333778614,0.3151688310893844,0.0458322797219847,100,0.29491682848638817,0.0015656571234377195,0.3185905383620433,233,7.201545992478742e-06,-1,1,1,False,False,True,within_polygon,10651.0,Maoming,0.0,not-material-hotspot
349,San Pedro Sula,HN,False,-9.045056744078246e-06,False,15.50585,-88.02588,-0.041,0.781429621343867,0.0655274401990371,0.41955815209328273,0.9316925612682421,100,0.30675850371414826,0.014809756107820234,0.3635039895072955,233,0.00017474153994477375,-1,1,1,False,False,True,within_polygon,511.0,San Pedro Sula,0.0,not-material-hotspot
350,Mexico City,MX,False,-9.498860505506256e-06,True,19.42847,-99.12766,-2.4499,-1.4462112493899721,7.60184917428461e-07,0.2736234090415035,-1.550008947844098,100,-0.849571420411705,7.932856252128606e-21,-0.8409479230796906,233,-5.700755992064132e-06,-1,-1,-1,True,True,True,within_polygon,5402.0,Mexico City,0.0,not-material-hotspot
351,Yerevan,AM,False,-1.0340446264539603e-05,False,40.17765,44.5126,-0.2119,-1.8017874778949772,8.698675619580304e-10,0.26537088080528565,-1.8344704421244589,100,-0.8858182539136658,1.8182022506503158e-25,-0.8845177704266323,233,-8.564704834671693e-05,-1,-1,-1,True,True,True,within_polygon,312.0,Yerevan,0.0,not-material-hotspot
352,Guatemala City,GT,False,-1.2242415083635633e-05,False,14.64072,-90.51327,-0.2942,0.22381778775874056,0.5940040966862445,0.4185126642166477,0.31370157517708314,100,-0.26022059188724966,0.04309459041725856,-0.19837561104110188,233,9.394089185441826e-06,-1,1,1,False,False,True,within_polygon,2089.0,Guatemala City,0.0,not-material-hotspot
353,Sargodha,PK,False,-1.3383785385165867e-05,True,32.08586,72.67418,-1.1823,-1.5022891449153566,4.072674770404923e-09,0.23257532137086,-1.3811193788949372,100,-0.44112487507756604,3.0286593522083115e-12,-0.3636136789766745,233,-1.6916469601279533e-05,-1,-1,-1,True,True,True,within_polygon,7085.0,Sargodha,0.0,not-material-hotspot
354,Faisalabad,PK,False,-1.6148091151211018e-05,True,31.41554,73.08969,-2.1694,-2.08866833376827,1.3318147816843395e-09,0.3117833913308222,-1.9027624547493205,100,-1.44957238848107,4.8183866723052813e-48,-1.3726480335106672,233,-1.5567814941140932e-05,-1,-1,-1,True,True,True,within_polygon,7428.0,Faisalabad,0.0,not-material-hotspot
355,Lüliang,CN,False,-1.640366162603918e-05,True,37.5192,111.14436,-1.9793,-0.38764731163218696,0.004651049981635353,0.13382268635182348,-0.3876988314711174,100,-1.3498691642149196,1.4090040988097013e-95,-1.4176749031081743,233,-3.2983285452689473e-06,-1,-1,-1,True,True,True,within_polygon,7719.0,Lüliang,0.0,not-material-hotspot
356,Naucalpan de Juárez,MX,False,-1.7247795541052162e-05,True,19.47851,-99.23963,-2.4499,-1.4462112493899721,7.60184917428461e-07,0.2736234090415035,-1.550008947844098,100,-0.849571420411705,7.932856252128606e-21,-0.8409479230796906,233,-1.0351259392821563e-05,-1,-1,-1,True,True,True,within_polygon,5402.0,Mexico City,0.0,not-material-hotspot
357,Meerut,IN,False,-2.9525356371625216e-05,True,28.98002,77.70636,-2.3689,-4.535061357442941,7.057353624186264e-18,0.4290723324936127,-4.411197769536639,100,-5.506493402250977,1.0760969668177296e-121,-5.488770924313869,233,-5.456057785658506e-05,-1,-1,-1,True,True,True,within_polygon,8305.0,Meerut,0.0,not-material-hotspot
358,Chandigarh,IN,False,-3.082547473202998e-05,True,30.73629,76.7884,-5.6908,-4.919389460333252,6.359594885612454e-29,0.30906611374897314,-4.903349061423901,100,-4.728491784720871,2.2087899297306576e-143,-4.711351708891138,233,-2.6981115963044835e-05,-1,-1,-1,True,True,True,within_polygon,7151.0,Chandigarh,0.0,not-material-hotspot
359,Bucharest,RO,False,-3.198525018772758e-05,True,44.43225,26.10626,-2.1168,-1.1114312780035365,4.921602708685715e-05,0.261656114540232,-1.043869290788021,100,-0.31258602415910003,0.00011193823612124099,-0.3067537643648725,233,-1.707460885218287e-05,-1,-1,-1,True,True,True,within_polygon,2359.0,Bucharest,0.0,not-material-hotspot
360,Anshun,CN,False,-3.289734126340777e-05,False,26.25,105.93333,-0.2598,-0.17237211306385355,0.4466438911836902,0.22558862357763,-0.12361446040861294,100,0.5353509355032178,4.7191905369380845e-15,0.5573933582398076,233,-2.1858244496528526e-05,-1,-1,-1,True,True,True,within_polygon,8909.0,Anshun,0.0,not-material-hotspot
361,Datong,CN,False,-3.378351124176497e-05,True,40.09361,113.29139,-0.7504,-0.3785327622276497,0.0005458260828315676,0.10588589714619887,-0.42214415026100405,100,-1.0813958153249423,3.8788079246117856e-98,-1.1234638906509922,233,-1.714702370541189e-05,-1,-1,-1,True,True,True,within_polygon,7440.0,Datong,0.0,not-material-hotspot
362,Gujranwala,PK,False,-3.533074269846222e-05,True,32.15567,74.18705,-3.8148,-2.5529426374517303,1.396588348343234e-17,0.24471013072408793,-2.4519417150426523,100,-1.4000031066123315,1.3939311120047533e-60,-1.326435065164087,233,-2.41368437255455e-05,-1,-1,-1,True,True,True,within_polygon,7738.0,Gujranwala,0.0,not-material-hotspot
363,Amritsar,IN,False,-5.011482914793282e-05,True,31.62234,74.87534,-6.1073,-3.2031760670620906,1.3613603928491593e-19,0.281844240249403,-3.1228827997016846,100,-2.283450848054043,8.586719196563574e-89,-2.2100069375319564,233,-2.7551510660665996e-05,-1,-1,-1,True,True,True,within_polygon,4316.0,Amritsar,0.0,not-material-hotspot
364,Nanjing,CN,False,-6.38610302273468e-05,False,32.06167,118.77778,-0.0253,0.076121357882548,0.728143138618013,0.2183678275169136,0.06178204354428711,100,0.13971750538793126,0.006780202420524547,0.147618444600992,233,0.0001924128498179134,-1,1,1,False,False,True,within_polygon,10887.0,Nanjing,0.0,not-material-hotspot
365,Qujing,CN,False,-7.425047756744359e-05,False,25.48333,103.78333,-0.1679,-0.8495209830058866,0.0033891209921025366,0.28285907405579325,-0.8121701571527479,100,-0.18849805620431745,0.017806148334219736,-0.19211926119442554,233,-0.00037156828538826604,-1,-1,-1,True,True,True,within_polygon,8485.0,Qujing,0.0,not-material-hotspot
366,Cochabamba,BO,False,-0.0001074989858086,True,-17.38195,-66.15995,-1.3577,-1.958222060342135,1.252503425680192e-13,0.22746459969591604,-2.1367883728392663,100,-0.4601326433498138,2.870595216673929e-09,-0.44366646187326386,233,-0.0001535253517737532,-1,-1,-1,True,True,True,within_polygon,666.0,Cochabamba,0.0,not-material-hotspot
367,San Diego,US,False,-0.000112629316547,False,32.71571,-117.16472,-0.0297,0.03162007142370217,0.5989059703445686,0.05992147040365915,0.018869664208346182,100,0.18364373867068667,1.3733448808441602e-22,0.18273388661541956,233,0.00012000103124518158,-1,1,1,False,False,True,within_polygon,2471.0,San Diego,0.0,not-material-hotspot
368,Putian,CN,False,-0.0001160814337147,False,25.43944,119.01028,-0.1389,0.3571419828580109,0.04610904203615311,0.17679974173450883,0.25459179934011134,100,0.26030771555291465,1.4276868011317774e-07,0.23446313402518193,233,0.0003008185427709163,-1,1,1,False,False,True,within_polygon,11636.0,Putian,0.0,not-material-hotspot
369,Milan,IT,False,-0.0001163008848194,True,45.46427,9.18951,-1.7761,-1.0960535254916,1.0732691200085239e-06,0.21062089727793618,-1.0166945674383558,100,-0.5916711340913509,5.329840070750867e-18,-0.5861022775145013,233,-7.257826288773177e-05,-1,-1,-1,True,True,True,within_polygon,1498.0,Milan,0.0,not-material-hotspot
370,Karbala,IQ,False,-0.0001279146362438,True,32.61603,44.02488,-0.5238,-1.1158556717340844,1.9742698294676922e-07,0.1993211439985462,-1.2592449188032262,100,-0.7038200733591908,1.0226206587651532e-32,-0.7646682837000772,233,-0.00026987533675107075,-1,-1,-1,True,True,True,within_polygon,3468.0,Karbala,0.0,not-material-hotspot
371,Gurugram,IN,False,-0.0001415826789553,True,28.4601,77.02635,-2.3689,-4.4802594223178565,1.4138477690115256e-17,0.4295528449731184,-4.269882096410198,100,-5.423528606380046,6.16894297973793e-120,-5.40893540358317,233,-0.0002587261819255065,-1,-1,-1,True,True,True,within_polygon,7963.0,New Delhi,0.0,not-material-hotspot
372,Abū Ghurayb,IQ,False,-0.0001523367858627,True,33.30563,44.18477,-0.8459,-1.4429381063948348,8.689546869022084e-07,0.27464206381180567,-1.6609050970315993,100,-0.9400483146970671,6.110148094993181e-34,-1.055134709422719,233,-0.00025732948022569833,-1,-1,-1,True,True,True,within_polygon,3307.0,Baghdad,0.0,not-material-hotspot
373,Xinyang,CN,False,-0.0001533313902071,False,32.12278,114.06556,-0.1653,-0.13684464110548045,0.5526887608191722,0.22968586333887264,-0.23322625988899567,100,-0.35981104074815184,5.033928094633595e-09,-0.39793399977674965,233,-0.00012699301302733154,-1,-1,-1,True,True,True,within_polygon,9831.0,Xinyang,0.0,not-material-hotspot
374,Jalandhar,IN,False,-0.0001559091938008,True,31.32556,75.57917,-6.1073,-4.255626015462352,6.635651605813269e-26,0.2957369987199975,-4.208890910608768,100,-3.662570580263852,6.480569549867261e-125,-3.6189551060598966,233,-0.00011193642477696282,-1,-1,-1,True,True,True,within_polygon,5657.0,Jalandhar,0.0,not-material-hotspot
375,Bursa,TR,False,-0.0002096325866145,True,40.19559,29.06013,-1.8334,-1.409170421155367,4.0233778558463993e-07,0.2593180214978894,-1.428492015806787,100,-0.5057729382879622,6.574762108084812e-10,-0.5051394085665394,233,-0.00016224990127066503,-1,-1,-1,True,True,True,within_polygon,3130.0,Bursa,0.0,not-material-hotspot
376,Jinjiang,CN,False,-0.0002218569216648,False,24.81978,118.57415,-0.1389,0.3573504011524452,0.0461976974201603,0.17697637872618416,0.25539768730977874,100,0.2606395473439262,1.4086116910830757e-07,0.2346905014760618,233,0.0005750306140709788,-1,1,1,False,False,True,within_polygon,11623.0,Quanzhou,0.0,not-material-hotspot
377,Huainan,CN,False,-0.0002308977935756,False,32.62639,116.99694,-0.1504,-0.30994498203158805,0.13824574344047708,0.20738387643645895,-0.3795052632079368,100,-0.5707538865537173,2.7712125194159206e-23,-0.6005654783133847,233,-0.00047469603404716454,-1,-1,-1,True,True,True,within_polygon,10403.0,Tianjia‘an,0.0,not-material-hotspot
378,İzmir,TR,False,-0.0002703422480119,True,38.41273,27.13838,-1.1472,-1.5281493834207938,4.1096920062083e-08,0.25671627864743113,-1.5040139977396136,100,-0.5666849445552176,2.6171370412281097e-11,-0.5779003804855228,233,-0.00035788597775684994,-1,-1,-1,True,True,True,within_polygon,1094.0,Izmir,0.0,not-material-hotspot
379,Bahawalpur,PK,False,-0.0002729492771905,False,29.39779,71.6752,-0.1318,-0.9517751539310499,0.0006397613695260538,0.26980079937909457,-0.7599742785307615,100,-0.9250423859568183,2.9645261197406665e-35,-0.8462149040540079,233,-0.0019479061461204344,-1,-1,-1,True,True,True,within_polygon,7260.0,Bahawalpur,0.0,not-material-hotspot
380,Trujillo,PE,False,-0.0002982185846655,True,-8.11599,-79.02998,-0.166,0.09531908663119526,0.12961737388323288,0.06236243720962034,0.10205063120867804,100,0.21872789703083598,9.285545504650268e-28,0.21332098197279803,233,0.00017190128956271616,-1,1,1,False,False,True,within_polygon,1156.0,Trujillo,0.0,not-material-hotspot
381,Algiers,DZ,False,-0.0003050398441828,True,36.73225,3.08746,-0.3448,-3.5109949736636445,1.1215261263619969e-35,0.1791463176640271,-3.588490003787869,100,-1.485679611782309,3.5714831338933294e-54,-1.4673132400840712,233,-0.0029563215665460614,-1,-1,-1,True,True,True,within_polygon,3397.0,Algiers,0.0,not-material-hotspot
382,Malatya,TR,False,-0.0003126091903371,True,38.35018,38.31667,-1.8667,-2.0571445111652285,3.899872319040922e-09,0.31801401985524597,-2.1419880942596627,100,-1.1614120349480297,5.592677371615425e-28,-1.1978472933568187,233,-0.00034343405452217333,-1,-1,-1,True,True,True,within_polygon,6207.0,Malatya,0.0,not-material-hotspot
383,Sofia,BG,False,-0.0003294000406889,True,42.69751,23.32415,-2.487,-1.188089161864626,2.6740830661915545e-05,0.269536871447323,-1.089764756215708,100,-0.3634657828111251,1.4705530887790989e-05,-0.36008643411699626,233,-0.00016073853590812918,-1,-1,-1,True,True,True,within_polygon,109.0,Sofia,0.0,not-material-hotspot
384,Bengbu,CN,False,-0.0003342250636843,False,32.94083,117.36083,-0.0756,-0.25243139104112,0.22177305589835133,0.20528758526887872,-0.3248362890516915,100,-0.46623465608748693,9.841477603488409e-18,-0.4869562862425126,233,-0.0011137422247589068,-1,-1,-1,True,True,True,within_polygon,10447.0,Bengbu,0.0,not-material-hotspot
385,Kayseri,TR,False,-0.0003388840098605,True,38.73222,35.48528,-3.4303,-1.6445222784321014,6.615070431853326e-08,0.28129815727228097,-1.706572098877448,100,-0.6017215854035465,5.45464821897856e-12,-0.6116027735201508,233,-0.00016726887168521613,-1,-1,-1,True,True,True,within_polygon,5559.0,Kayseri,0.0,not-material-hotspot
386,Huizhou,CN,False,-0.0003771200649233,False,23.11147,114.41523,-0.0666,-0.906504629788422,0.019062741553671235,0.38028169319223004,-0.8878220784522389,100,-0.09398426859599593,0.35661620271953043,-0.04834114884843864,233,-0.0050924429258867865,-1,-1,-1,True,True,True,within_polygon,11173.0,Huizhou,0.0,not-material-hotspot
387,Lima,PE,False,-0.0004307030093199,True,-12.04318,-77.02824,-0.2668,0.20406995296722175,1.0615900311952556e-05,0.04394032575657567,0.21824885545721168,100,0.2505904095286145,1.652460615396735e-55,0.25186216556751423,233,0.0003317618097378183,-1,1,1,False,False,True,within_polygon,2171.0,Lima,0.0,not-material-hotspot
388,Tbilisi,GE,False,-0.000482262754851,True,41.69143,44.83412,-0.59,-2.90565466712573,9.006804025720665e-19,0.2645483506079905,-2.7696782498768466,100,-1.6080977131878464,1.6156459042191742e-55,-1.5648664854054186,233,-0.002290330683972216,-1,-1,-1,True,True,True,within_polygon,467.0,Tbilisi,0.0,not-material-hotspot
389,Adana,TR,False,-0.0005665372238081,True,36.98615,35.32531,-3.1756,-1.99303794138281,1.1291623234832779e-13,0.23094871955005902,-2.0213130333757334,100,-1.0920777291446992,5.338969981806533e-38,-1.1081905120742102,233,-0.00036245793015729933,-1,-1,-1,True,True,True,within_polygon,5628.0,Adana,0.0,not-material-hotspot
390,Budapest,HU,False,-0.0006089050159503,True,47.49835,19.04045,-0.5819,-0.759024259568825,0.000914506582149843,0.22194318440855113,-0.8242491839355472,100,-0.39107732162478603,1.2924586027679662e-08,-0.3894220100955704,233,-0.0007920689976141648,-1,-1,-1,True,True,True,within_polygon,964.0,Budapest,0.0,not-material-hotspot
391,Quanzhou,CN,False,-0.0006216479062742,False,24.91389,118.58583,-0.1389,0.3573504011524452,0.0461976974201603,0.17697637872618416,0.25539768730977874,100,0.2606395473439262,1.4086116910830757e-07,0.2346905014760618,233,0.0016083220978913293,-1,1,1,False,False,True,within_polygon,11623.0,Quanzhou,0.0,not-material-hotspot
392,Guayaquil,EC,False,-0.0006497006440756,False,-2.19616,-79.88621,-0.2419,-0.8634808248459448,0.00042349341523001025,0.23660043977600448,-0.8580901016710227,100,0.03484358055862139,0.5862862223101026,0.0574113573022072,233,-0.0022995048287120234,-1,-1,-1,True,True,True,within_polygon,792.0,Guayaquil,0.0,not-material-hotspot
393,Yinchuan,CN,False,-0.0006979767837894,True,38.46806,106.27306,-1.7919,-0.5768278801584309,3.46152158085677e-12,0.07267869105359458,-0.6250224244334465,100,-0.7346819014165643,7.560548011662083e-101,-0.7530243849157094,233,-0.00022913733586769208,-1,-1,-1,True,True,True,within_polygon,4655.0,Yinchuan,0.0,not-material-hotspot
394,Najafgarh,IN,False,-0.0007532157173897,True,28.60922,76.97982,-6.5892,-5.089679663319991,1.4258179203479912e-20,0.43047751608151463,-4.854642427568582,100,-5.966883865839013,6.13659676830079e-131,-5.952468408979041,233,-0.0005959371533243167,-1,-1,-1,True,True,True,within_polygon,7963.0,New Delhi,0.0,not-material-hotspot
395,Baotou,CN,False,-0.0007702065404044,True,40.6516,109.84389,-1.46,-0.7428347209335916,2.7872838430321042e-09,0.11356514648158376,-0.8345480478097509,100,-0.9505317937467826,1.4221031652705588e-100,-0.9721339774871924,233,-0.00039640187590298664,-1,-1,-1,True,True,True,within_polygon,5236.0,Baotou,0.0,not-material-hotspot
396,Sialkot,PK,False,-0.0007796467880671,True,32.49268,74.53134,-3.8148,-2.9401783659501746,5.613449913005304e-21,0.24473710350234895,-2.8424435116450164,100,-1.7511593861715231,1.1336911289400996e-76,-1.6872672952864904,233,-0.0006094404935463541,-1,-1,-1,True,True,True,within_polygon,7829.0,Sialkot,0.0,not-material-hotspot
397,Erzurum,TR,False,-0.0008920058235072,True,39.90861,41.27694,-0.781,-1.2274702904853088,0.0006555017468339943,0.34867034560578597,-1.2128252773695807,100,-0.38467338242375915,0.0001664662316631939,-0.41255627749295243,233,-0.0013923305390215468,-1,-1,-1,True,True,True,within_polygon,6522.0,Erzurum,0.0,not-material-hotspot
398,Wuhu,CN,False,-0.0009051439761154,False,31.35259,118.42947,-0.3578,0.0902812202556285,0.7388381524095115,0.27002890987431655,0.19240638770530513,100,0.39232722597641695,7.57467786557417e-09,0.4036235708681648,233,0.00015530589669437989,-1,1,1,False,False,True,within_polygon,10927.0,Wuhu,0.0,not-material-hotspot
399,Köln,DE,False,-0.0009606448421492,False,50.93333,6.95,-0.2829,-0.35229501431554017,0.1529005489556453,0.24455674781609876,-0.28282904103934925,100,-0.39600996430373947,6.786582339947097e-10,-0.33931565658486734,233,-0.001195227470050464,-1,-1,-1,True,True,True,within_polygon,1186.0,Cologne,0.0,not-material-hotspot
400,Vienna,AT,False,-0.0009995313420966,True,48.20849,16.37208,-0.538,-0.4670946048584135,0.03400449534064936,0.21723891553306632,-0.5331394399039101,100,-0.2721080647677827,5.270376342845001e-06,-0.2557894049060063,233,-0.000868700167722343,-1,-1,-1,True,True,True,within_polygon,1081.0,Vienna,0.0,not-material-hotspot
401,Fes,MA,False,-0.0011678201209472,True,34.03313,-5.00028,-1.5972,-1.274464477320886,1.7994619762139525e-14,0.14162582589772804,-1.3838392374036663,100,-0.4252939392579593,2.3197206576486023e-16,-0.4207027496490023,233,-0.0009366057479780997,-1,-1,-1,True,True,True,within_polygon,4407.0,Fez,0.0,not-material-hotspot
402,Oran,DZ,False,-0.0011892114031741,True,35.69906,-0.63588,-0.9452,-0.09348696367162497,0.016661345727459063,0.03837896031455028,-0.07068189383624032,100,-0.192731954934291,5.073078710736734e-37,-0.1867066262450247,233,-0.00011916361842337353,-1,-1,-1,True,True,True,within_polygon,945.0,Oran,0.0,not-material-hotspot
403,Sadr City,IQ,False,-0.0012193354934096,True,33.3889,44.4583,-0.8459,-1.4429381063948348,8.689546869022084e-07,0.27464206381180567,-1.6609050970315993,100,-0.9400483146970671,6.110148094993181e-34,-1.055134709422719,233,-0.0020613168492180853,-1,-1,-1,True,True,True,within_polygon,3307.0,Baghdad,0.0,not-material-hotspot
404,Rome,IT,False,-0.0013312110117336,True,41.89193,12.51133,-0.4269,-0.17281718311643884,0.18312448798380676,0.12890281294008646,-0.16686593394801985,100,0.08115696791744675,0.03543177765170788,0.08046330526590237,233,-0.0005407027633748951,-1,-1,-1,True,True,True,within_polygon,3938.0,Rome,0.0,not-material-hotspot
405,Rabat,MA,False,-0.0013672601883325,True,34.01325,-6.83255,-1.5122,0.1543079884350892,0.0017169297777045553,0.04786041911900849,0.17129485192478083,100,0.09034284568488563,2.734157033964824e-09,0.09720070629758228,233,0.00014320578799792427,-1,1,1,False,False,True,within_polygon,2747.0,Rabat,0.0,not-material-hotspot
406,Ghāziābād,IN,False,-0.0015027174288339,True,28.66535,77.43915,-2.3689,-4.901563359616555,2.9045129187440993e-19,0.43717890483601374,-4.72377307952822,100,-5.85394050946684,9.720666081582066e-127,-5.843671280521554,233,-0.0029879803296413814,-1,-1,-1,True,True,True,within_polygon,7963.0,New Delhi,0.0,not-material-hotspot
407,Zapopan,MX,False,-0.0015278527572131,True,20.72111,-103.38742,-1.65,-1.4252957502234425,7.031263411166574e-08,0.24437219931068907,-1.5218472660010116,100,-0.7491653398566642,1.166110906468722e-19,-0.7526783580864118,233,-0.0013244105251053462,-1,-1,-1,True,True,True,within_polygon,3105.0,Guadalajara,0.0,not-material-hotspot
408,Callao,PE,False,-0.0015812622489771,True,-12.05162,-77.13452,-0.2668,0.20406995296722175,1.0615900311952556e-05,0.04394032575657567,0.21824885545721168,100,0.2505904095286145,1.652460615396735e-55,0.25186216556751423,233,3.885780586188048e-16,-1,1,1,False,False,True,within_polygon,2171.0,Lima,0.0,not-material-hotspot
409,Belgrade,RS,False,-0.0015988441037686,True,44.80401,20.46513,-1.5542,-1.290772146291076,2.2316202853498105e-07,0.23172848124344786,-1.16749316879353,100,-0.6228640819094372,8.578125746517977e-15,-0.6245176111396094,233,-0.001333274441693233,-1,-1,-1,True,True,True,within_polygon,573.0,Belgrade,0.0,not-material-hotspot
410,Valencia,ES,False,-0.0017649770510182,True,39.47391,-0.37966,-0.483,-0.7513919619470546,1.8139473510393666e-13,0.0880439951556126,-0.7381420399176131,100,-0.49461498250120417,2.5041408219555858e-39,-0.4945328467874761,233,-0.002736567281787547,-1,-1,-1,True,True,True,within_polygon,4522.0,Valencia,0.0,not-material-hotspot
411,Naples,IT,False,-0.0017659817446177,True,40.85216,14.26811,-0.3455,-0.285932808456747,0.025457836899429036,0.12601437543281738,-0.26949245372873,100,0.019966708329119894,0.596628506475805,0.017853917513821427,233,-0.001462411647135925,-1,-1,-1,True,True,True,within_polygon,4490.0,Naples,0.0,not-material-hotspot
412,Al Mawşil al Jadīdah,IQ,False,-0.001774579880605,True,36.33271,43.10555,-1.2638,-2.9831794002929226,3.284863078045327e-10,0.42644886198880366,-3.2113436591531404,100,-1.946519290754838,1.9957830611466788e-47,-2.0546660134340486,233,-0.004081842987202704,-1,-1,-1,True,True,True,within_polygon,1530.0,Mosul,0.0,not-material-hotspot
413,Istanbul,TR,False,-0.0017871685276213,False,41.01384,28.94966,-0.273,-0.9910939238198955,3.5524958093893997e-05,0.22869302048330423,-0.96700516885624,100,-0.2886170834401586,3.324466859590752e-05,-0.28909596385126657,233,-0.006452117539620272,-1,-1,-1,True,True,True,within_polygon,2637.0,Istanbul,0.0,not-material-hotspot
414,Fuzhou,CN,False,-0.0019431239035406,False,26.06139,119.30611,-0.3311,-1.3681060872517534,0.005751526257812845,0.4845152406847022,-1.3384580532154577,100,0.16817063838061247,0.15371052820399553,0.25172313409856684,233,-0.007953596368642263,-1,-1,-1,True,True,True,within_polygon,11621.0,Fuzhou,0.0,not-material-hotspot
415,Fuyang,CN,False,-0.0020405435224123,False,32.9,115.81667,-0.3122,-0.3568144332949025,0.08626570612682526,0.2059103908603598,-0.47171269599862903,100,-0.7051164573908328,1.1705881235839986e-30,-0.7461521900645747,233,-0.0023313403219604734,-1,-1,-1,True,True,True,within_polygon,10099.0,Fuyang,0.0,not-material-hotspot
416,Rajshahi,BD,False,-0.0021503134704165,False,24.374,88.60114,-0.5335,-0.19929511784864004,0.7934415677233632,0.7590485477989923,-0.30132297029845295,100,-1.2408045866360167,3.57271573698187e-08,-1.2841948525700064,233,-0.0008064857993361207,-1,-1,-1,True,True,True,within_polygon,2155.0,Rajshahi,0.0,not-material-hotspot
417,Antalya,TR,False,-0.0021886002904899,True,36.90812,30.69556,-0.3999,-1.2510225093455412,4.138352680592978e-07,0.23049294584075344,-1.2279071995601822,100,-0.448935028870679,1.517626773812885e-09,-0.4489932681382196,233,-0.0067899128157254685,-1,-1,-1,True,True,True,within_polygon,4529.0,Antalya,0.0,not-material-hotspot
418,Jiujiang,CN,False,-0.0022378165702468,True,29.70475,116.00206,-0.9236,-0.4189733492848227,0.3355989272597037,0.43297820678915316,-0.33014149666118564,100,0.3694823915005978,0.0012145448506450966,0.41364499610716593,233,-0.0010223261620695284,-1,-1,-1,True,True,True,within_polygon,10721.0,Jiujiang,0.0,not-material-hotspot
419,Baghdad,IQ,False,-0.0022428271673237,True,33.34058,44.40088,-0.8459,-1.4429381063948348,8.689546869022084e-07,0.27464206381180567,-1.6609050970315993,100,-0.9400483146970671,6.110148094993181e-34,-1.055134709422719,233,-0.0037946484631396354,-1,-1,-1,True,True,True,within_polygon,3307.0,Baghdad,0.0,not-material-hotspot
420,Tangier,MA,False,-0.0023111798347327,True,35.76727,-5.79975,-0.385,-2.136914144390575,2.5939303491929413e-19,0.1902073670499298,-2.255935055764471,100,-0.779004755267863,2.0167921784009972e-23,-0.7885835421758712,233,-0.012629839332683163,-1,-1,-1,True,True,True,within_polygon,3886.0,Tangier,0.0,not-material-hotspot
421,Salé,MA,False,-0.0023555736187819,True,34.0531,-6.79846,-1.5122,0.1543079884350892,0.0017169297777045553,0.04786041911900849,0.17129485192478083,100,0.09034284568488563,2.734157033964824e-09,0.09720070629758228,233,0.0002464292753935893,-1,1,1,False,False,True,within_polygon,2747.0,Rabat,0.0,not-material-hotspot
422,Dera Ismail Khan,PK,False,-0.0025807271329828,True,31.83129,70.9017,-0.7912,-0.5789330893063197,0.002594554791854088,0.18727518591592968,-0.4722042988054004,100,0.11440216207706098,0.022143816904970172,0.16752843694788946,233,-0.001893556459014581,-1,-1,-1,True,True,True,within_polygon,5492.0,Dera Ismail Khan,0.0,not-material-hotspot
423,Wuzhong,CN,False,-0.0029932514957789,True,37.9867,106.201,-0.7714,-0.49741424151702035,1.1116449966261574e-09,0.07382681885350588,-0.5361342276553971,100,-0.6808316107648164,3.0617809919302562e-90,-0.6940380886142625,233,-0.0019365390368403235,-1,-1,-1,True,True,True,within_polygon,4997.0,Wuzhong,0.0,not-material-hotspot
424,Narela,IN,False,-0.0030309944519241,True,28.85267,77.09288,-2.3689,-4.901563359616555,2.9045129187440993e-19,0.43717890483601374,-4.72377307952822,100,-5.85394050946684,9.720666081582066e-127,-5.843671280521554,233,-0.00603648578060436,-1,-1,-1,True,True,True,within_polygon,8047.0,Rasoi,0.0,not-material-hotspot
425,Zhongwei,CN,False,-0.0030726814569047,True,37.51129,105.19067,-0.7714,-0.462830255105522,5.8537873138364334e-08,0.07879813231083486,-0.5307150983696787,100,-0.5929941110173691,3.912617960425834e-77,-0.6094238738750715,233,-0.0018504078745264219,-1,-1,-1,True,True,True,within_polygon,4581.0,Zhongwei,0.0,not-material-hotspot
426,Rohini,IN,False,-0.0031157366630228,True,28.74322,77.06778,-2.3689,-4.901563359616555,2.9045129187440993e-19,0.43717890483601374,-4.72377307952822,100,-5.85394050946684,9.720666081582066e-127,-5.843671280521554,233,-0.006205824790747778,-1,-1,-1,True,True,True,within_polygon,7963.0,New Delhi,0.0,not-material-hotspot
427,Anqing,CN,False,-0.0032250734790999,False,30.51365,117.04723,-0.6228,-0.02095559387585356,0.9507382673376932,0.3383311899520482,0.0873073992514619,100,0.38717498151722496,9.352693960006753e-06,0.40390543423509895,233,-0.00010918405832197053,-1,-1,1,True,False,True,within_polygon,10813.0,Anqing,0.0,not-material-hotspot
428,Niigata,JP,False,-0.0034359910290833,True,37.92259,139.04125,-0.4162,0.6300984492948722,0.1054700168878387,0.3856200467932188,0.4666841629143905,100,-2.7704842387740376,4.5010150286471564e-32,-2.7687556381887806,233,4.440892098500626e-16,-1,1,1,False,False,True,within_polygon,4907.0,Niigata,0.0,not-material-hotspot
429,San Francisco,US,False,-0.0037395549434221,True,37.77493,-122.41942,-0.6298,0.489910260328232,0.4000710252420769,0.5796543593876633,0.031137612723474765,100,-1.4505905560521088,9.669007598166042e-19,-1.6504993845093998,233,0.002937938697505471,-1,1,1,False,False,True,within_polygon,1461.0,San Francisco,0.0,not-material-hotspot
430,Guadalajara,MX,False,-0.0037921671925452,True,20.67738,-103.34749,-1.65,-1.4252957502234425,7.031263411166574e-08,0.24437219931068907,-1.5218472660010116,100,-0.7491653398566642,1.166110906468722e-19,-0.7526783580864118,233,-0.0032861124613108583,-1,-1,-1,True,True,True,within_polygon,3105.0,Guadalajara,0.0,not-material-hotspot
431,Mosul,IQ,False,-0.003823520628428,True,36.335,43.11889,-1.2638,-2.9831794002929226,3.284863078045327e-10,0.42644886198880366,-3.2113436591531404,100,-1.946519290754838,1.9957830611466788e-47,-2.0546660134340486,233,-0.008822291378672492,-1,-1,-1,True,True,True,within_polygon,1530.0,Mosul,0.0,not-material-hotspot
432,Pest,HU,False,-0.0038863109117462,True,47.5,19.08333,-0.5819,-0.759024259568825,0.000914506582149843,0.22194318440855113,-0.8242491839355472,100,-0.39107732162478603,1.2924586027679662e-08,-0.3894220100955704,233,-0.005062599483051433,-1,-1,-1,True,True,True,within_polygon,964.0,Budapest,0.0,not-material-hotspot
433,Bayan Nur,CN,False,-0.0042411337674424,True,40.74143,107.38599,-1.1558,-0.617613608018925,2.3689431226149075e-08,0.10166587043783996,-0.6712691805100273,100,-0.7090179524226351,4.1610806965238033e-88,-0.7239358052743456,233,-0.0022814765170967866,-1,-1,-1,True,True,True,within_polygon,4165.0,Bayannur,0.0,not-material-hotspot
434,Rangpur,BD,False,-0.0051411198019189,False,25.74664,89.25166,-1.0354,-0.6734852979948499,0.37425142299249253,0.7545104207730372,-0.8480982838270921,100,-1.760685118009137,1.65088078039625e-14,-1.8069230032114063,233,-0.003356885205927751,-1,-1,-1,True,True,True,within_polygon,2389.0,Rangpur,0.0,not-material-hotspot
435,Diyarbakır,TR,False,-0.0055730278091667,True,37.91363,40.21721,-1.6686,-2.588784137407484,4.67994244116461e-10,0.37405579534558187,-2.657099319685588,100,-1.6408356634488566,5.871953199641183e-39,-1.6995970863881626,233,-0.00854491734782413,-1,-1,-1,True,True,True,within_polygon,6477.0,Diyarbakir,0.0,not-material-hotspot
436,Turin,IT,False,-0.0058121023331525,True,45.07049,7.68682,-1.5459,-1.173461038098161,1.9227660295925562e-06,0.2316958456173614,-1.1136449300801523,100,-0.6451138969782073,5.51207388463955e-18,-0.6405228533728946,233,-0.004432067418629393,-1,-1,-1,True,True,True,within_polygon,70.0,Turin,0.0,not-material-hotspot
437,Puebla,MX,False,-0.006715498408346,True,19.04778,-98.20723,-1.7035,-1.4053431873885134,8.362643297646737e-08,0.24257500164844184,-1.4803842422001072,100,-0.7825644909571816,6.54484423950245e-22,-0.7756862483723385,233,-0.005560016804980333,-1,-1,-1,True,True,True,within_polygon,5853.0,Puebla,0.0,not-material-hotspot
438,Seattle,US,False,-0.0067245943704312,True,47.60621,-122.33207,-1.0623,-1.1289466677622793,0.008771505759633588,0.4221231533712741,-1.0439910810135382,100,-0.1964471293248845,0.11788625869694466,-0.17483273095701424,233,-0.007142593592729118,-1,-1,-1,True,True,True,within_polygon,5098.0,Seattle,0.0,not-material-hotspot
439,Srinagar,IN,False,-0.0086285932427188,True,34.08565,74.80555,-2.9142,-2.3165460586141466,2.738929224302059e-11,0.3083558315484408,-2.349887302880556,100,-0.7747055938174817,6.0812542004173666e-15,-0.7720103423880261,233,-0.006913488049882843,-1,-1,-1,True,True,True,within_polygon,1991.0,Srinagar,0.0,not-material-hotspot
440,Faridabad,IN,False,-0.0096483135253369,True,28.41124,77.31316,-2.3689,-4.4802594223178565,1.4138477690115256e-17,0.4295528449731184,-4.269882096410198,100,-5.423528606380046,6.16894297973793e-120,-5.40893540358317,233,-0.017795728464369415,-1,-1,-1,True,True,True,within_polygon,7963.0,New Delhi,0.0,not-material-hotspot
441,Delhi,IN,True,-0.0113766608006131,True,28.65195,77.23149,-2.3689,-4.901563359616555,2.9045129187440993e-19,0.43717890483601374,-4.72377307952822,100,-5.85394050946684,9.720666081582066e-127,-5.843671280521554,233,-0.022900260819346485,-1,-1,-1,True,True,True,within_polygon,7963.0,New Delhi,0.0,csr-gsfc-ghsl-robust
442,Lahore,PK,True,-0.0140276495434888,True,31.558,74.35071,-4.3053,-2.7664028810129992,4.913289977426517e-16,0.28461831563907247,-2.6482037055248733,100,-1.8671424386858193,4.3180384371052e-72,-1.7875669843742705,233,-0.009193039381494031,-1,-1,-1,True,True,True,within_polygon,7794.0,Lahore,0.0,csr-gsfc-ghsl-robust
443,Ludhiana,IN,True,-0.0153533212038833,True,30.91204,75.85379,-7.7419,-4.610311654619223,3.309411039015421e-24,0.3400743555902422,-4.616234181902786,100,-4.378748380635708,5.772385876337914e-128,-4.343852978088755,233,-0.00955604107244748,-1,-1,-1,True,True,True,within_polygon,6229.0,Ludhiana,0.0,csr-gsfc-ghsl-robust
