name,country,lat,lon,population,pga_475_g,vs30,wtd,dw_km,P0,recent_trend_cm_yr,dP,dP_lo,dP_hi,fdr_sig,soft_soil_proxy_vs30_le_360,shallow_wtd_proxy_le_10m,near_water_proxy_le_5km,high_shaking_proxy_pga_ge_0p2g,susceptibility_proxy_count,screening_tier,policy_action,direction,population_million,population_weighted_abs_dP
Yokohama,JP,35.43333,139.65,3777491,0.6621291,246.6999969482422,2.6398107881285,1.834036104265288,0.5189420934283357,1.5877,0.0131823600667306,0.0052217653273863,0.0218943302879452,True,True,True,True,True,4,A material hotspot,Screen recharge or recovery plans for liquefaction sensitivity,material increase,3.777491,0.049796246510834245
Bhayandar,IN,19.30157,72.85107,809378,0.1212539,243.01022338867188,2.9297322041657594,2.301836643909409,0.469437365737197,1.4173,0.0117697302764608,0.0038161602561318,0.0205713226468663,True,True,True,True,False,3,A material hotspot,Screen recharge or recovery plans for liquefaction sensitivity,material increase,0.809378,0.00952616075170129
Mumbai,IN,19.07283,72.88261,12691836,0.120297400125448,232.39059448242188,1.8768596932936816,4.7052142468930125,0.3503606350471797,1.4173,0.0108165938122896,0.0035724974761384,0.0143549539997001,True,True,True,True,False,3,A material hotspot,Screen recharge or recovery plans for liquefaction sensitivity,material increase,12.691836,0.13728243474419438
Delhi,IN,28.65195,77.23149,11034555,0.2294909887507435,298.2158508300781,15.228503852903032,1.5667268818351607,0.1805143404350351,-2.3689,-0.0113766608006131,-0.0215404015330639,-0.0021241040234326,True,True,False,True,True,3,A material hotspot,Assess depletion jointly with subsidence and water-security loss,material decrease,11.034555,0.1255363893207093
Lahore,PK,31.558,74.35071,13004135,0.177375700015881,233.4724578857422,8.545052262150023,6.46833835525657,0.1170946389600576,-4.3053,-0.0140276495434888,-0.0226527665302359,-0.0058761489671956,True,True,True,False,False,2,A material hotspot,Assess depletion jointly with subsidence and water-security loss,material decrease,13.004135,0.18241744839621674
Ludhiana,IN,30.91204,75.85379,1618879,0.2378727929457269,233.46356201171875,10.421911955443704,9.737568862437088,0.0715854976929828,-7.7419,-0.0153533212038833,-0.0237705878345954,-0.0066860327121801,True,True,False,False,True,2,A material hotspot,Assess depletion jointly with subsidence and water-security loss,material decrease,1.618879,0.02485516927722139
Dar es Salaam,TZ,-6.82349,39.26951,5383728,0.109765000000553,261.65869140625,8.361943999389666,1.4221015900347755,0.2553153425850038,1.5505,0.0099400650158641,0.0038461988486549,0.0167379941406086,True,True,True,True,False,3,B targeted regional monitoring,Screen recharge or recovery plans for liquefaction sensitivity,sub-material increase,5.383728,0.05351460634772799
Surat,IN,21.19594,72.83023,4591246,0.09830952,225.8372497558593,8.25513084611282,2.0088310183989053,0.2809631242668905,1.4158,0.0096221809737705,0.0028024831768068,0.0167540588840118,True,True,True,True,False,3,B targeted regional monitoring,Screen recharge or recovery plans for liquefaction sensitivity,sub-material increase,4.591246,0.044177799907099906
Nashik,IN,19.99727,73.79096,1486053,0.07369488,408.8996276855469,4.516670481422182,2.7022359147238024,0.1138604375994773,2.633,0.009150408807873,0.0033004692981796,0.0160788281462742,True,False,True,True,False,2,B targeted regional monitoring,Screen recharge or recovery plans for liquefaction sensitivity,sub-material increase,1.486053,0.013597992460166096
Bhiwandi,IN,19.30023,73.05881,874032,0.125094701840259,325.197265625,3.2349126420996868,5.510253283387274,0.236638649691125,1.4173,0.0086312201636333,0.0028146479064968,0.0156682008848642,True,True,True,False,False,2,B targeted regional monitoring,Screen recharge or recovery plans for liquefaction sensitivity,sub-material increase,0.874032,0.007543962622060741
Thāne,IN,19.19704,72.96355,1841488,0.1226549788237301,373.1346740722656,2.0904859998474308,3.79749948385862,0.2278774286870117,1.4173,0.0084105762061177,0.0026785993876646,0.0124797601303733,True,False,True,True,False,2,B targeted regional monitoring,Screen recharge or recovery plans for liquefaction sensitivity,sub-material increase,1.841488,0.015487975156651273
Dombivali,IN,19.21667,73.08333,1247327,0.1242170029365362,411.0974426269531,3.8452735179675415,3.538018292708381,0.2247228330713731,1.4173,0.0083292880236759,0.0026620227838969,0.0145805491083424,True,False,True,True,False,2,B targeted regional monitoring,Screen recharge or recovery plans for liquefaction sensitivity,sub-material increase,1.247327,0.01038934584270759
Tokyo,JP,35.6895,139.69171,9733276,0.605276,253.3000030517578,5.432211795223964,7.757012464687056,0.190982890999505,1.5877,0.0083026372584477,0.0032484227166512,0.0144348148566394,True,True,True,False,True,3,B targeted regional monitoring,Screen recharge or recovery plans for liquefaction sensitivity,sub-material increase,9.733276,0.0808118599643548
Yangon,MM,16.80528,96.15611,4477638,0.2417016573252616,245.57081604003903,1.4038300144961229,3.669843247406945,0.4572328805930004,0.949,0.0078525840287735,0.0005517502052593,0.0116225022491796,True,True,True,True,True,4,B targeted regional monitoring,Screen recharge or recovery plans for liquefaction sensitivity,sub-material increase,4.477638,0.03516102864542932
Tianjin,CN,39.14222,117.17667,11090314,0.117718599999321,205.9684600830078,3.112840466926116,1.816541073776195,0.3164541546783339,1.0174,0.0073736357294239,0.0027019944033238,0.012359666617923,True,True,True,True,False,3,B targeted regional monitoring,Screen recharge or recovery plans for liquefaction sensitivity,sub-material increase,11.090314,0.08177593556093009
Varanasi,IN,25.31668,83.01041,1164404,0.0641719299859855,230.3858337402344,26.092927443350906,3.0783896695672963,0.1245190067150815,1.7399,0.0064547441040125,0.0018980329960969,0.0116378114684587,True,True,False,True,False,2,B targeted regional monitoring,Screen recharge or recovery plans for liquefaction sensitivity,sub-material increase,1.164404,0.007515929853688571
Patna,IN,25.59408,85.13563,1684297,0.0921172673310556,236.1080780029297,4.257267109178315,5.362086505644111,0.1658498027441522,1.3047,0.0060981198108892,0.000864302642856,0.0121689895101161,True,True,True,False,False,2,B targeted regional monitoring,Screen recharge or recovery plans for liquefaction sensitivity,sub-material increase,1.684297,0.010271044903121246
Kanpur,IN,26.46523,80.34975,2823249,0.0874991899999999,227.27545166015625,13.42793926909286,2.583761393982147,0.2026506374537788,1.095,0.0059558101069985,0.000963818175543,0.0116741145169482,True,True,False,True,False,2,B targeted regional monitoring,Screen recharge or recovery plans for liquefaction sensitivity,sub-material increase,2.823249,0.01681473492877341
Barcelona,VE,10.1384,-64.68769,815141,0.1565541,220.5883636474609,5.95101853971164,4.488523015994694,0.2243551139995603,0.9569,0.0055937627238466,0.0010259838369734,0.0109662133452184,True,True,True,True,False,3,B targeted regional monitoring,Screen recharge or recovery plans for liquefaction sensitivity,sub-material increase,0.815141,0.0045597053404790415
Prayagraj,IN,25.44478,81.84322,1073438,0.0632544323089667,338.3668212890625,8.484016174563237,2.307411403210911,0.1178387672953683,1.5299,0.005399910094125,0.0015612575336032,0.0101051179925019,True,True,True,True,False,3,B targeted regional monitoring,Screen recharge or recovery plans for liquefaction sensitivity,sub-material increase,1.073438,0.005796468691617352
Kalyān,IN,19.2437,73.13554,1262255,0.1256955999999282,282.4262084960937,1.1749446860456487,9.468827724119528,0.1619724372746482,1.4173,0.0053812979642205,0.0020564889245797,0.0053812979642205,True,True,True,False,False,2,B targeted regional monitoring,Screen recharge or recovery plans for liquefaction sensitivity,sub-material increase,1.262255,0.006792570261827146
Makassar,ID,-5.14861,119.43194,1423877,0.06073681,202.3162536621093,0.6408789196613043,4.150668720810128,0.4703472617673802,0.6312,0.005239330970689,0.0017247287311472,0.0053197165084566,True,True,True,True,False,3,B targeted regional monitoring,Screen recharge or recovery plans for liquefaction sensitivity,sub-material increase,1.423877,0.007460162864551742
Luzhou,CN,28.8903,105.42575,998900,0.1971011047434862,260.203125,1.586938277256479,0.8434698243891883,0.3810304064247856,0.6356,0.0050042128246746,0.001002839819391,0.0097701316210069,True,True,True,True,False,3,B targeted regional monitoring,Screen recharge or recovery plans for liquefaction sensitivity,sub-material increase,0.9989,0.004998708190567459
Diyarbakır,TR,37.91363,40.21721,1833684,0.1193813,332.98101806640625,6.530861371786102,2.866205764274273,0.1158971347607523,-1.6686,-0.0055730278091667,-0.0098053716123281,-0.0017653521782096,True,True,True,True,False,3,B targeted regional monitoring,Assess depletion jointly with subsidence and water-security loss,sub-material decrease,1.833684,0.010219171925224032
Turin,IT,45.07049,7.68682,847287,0.114485601526381,310.64501953125,18.58548867017629,1.4599486990328332,0.1326629461536492,-1.5459,-0.0058121023331525,-0.009701945002112,-0.0021619729666763,True,True,False,True,False,2,B targeted regional monitoring,Assess depletion jointly with subsidence and water-security loss,sub-material decrease,0.847287,0.004924518749549783
Puebla,MX,19.04778,-98.20723,1692181,0.2727666710441241,329.80419921875,12.4208438239109,3.050559328384657,0.1405963415821477,-1.7035,-0.006715498408346,-0.0112416530416738,-0.0023980009057791,True,True,False,True,True,3,B targeted regional monitoring,Assess depletion jointly with subsidence and water-security loss,sub-material decrease,1.692181,0.01136383881213334
Seattle,US,47.60621,-122.33207,780995,0.3056356000013193,327.0,6.8513008316166975,1.0029095226957891,0.2586282815817057,-1.0623,-0.0067245943704312,-0.0120283033292774,-0.0017603242673745,True,True,True,True,True,4,B targeted regional monitoring,Assess depletion jointly with subsidence and water-security loss,sub-material decrease,0.780995,0.005251874580334915
Srinagar,IN,34.08565,74.80555,1206419,0.3927438,228.3923797607422,3.006027313649213,10.122732983789488,0.1030244217179187,-2.9142,-0.0086285932427188,-0.013873612663999,-0.0035178658510327,True,True,True,False,True,3,B targeted regional monitoring,Assess depletion jointly with subsidence and water-security loss,sub-material decrease,1.206419,0.010409698831287572
Faridabad,IN,28.41124,77.31316,1414050,0.2051115996711991,213.6325225830078,0.686655985351365,7.956696361421535,0.1475423603360455,-2.3689,-0.0096483135253369,-0.01813399919476,-0.0018341115807303,True,True,True,False,True,3,B targeted regional monitoring,Assess depletion jointly with subsidence and water-security loss,sub-material decrease,1.41405,0.013643197740502643
Ranchi,IN,23.34316,85.3094,1120374,0.1272203,324.3065490722656,3.2806897077897474,4.519244043659992,0.1518367422826408,1.1405,0.004955914891752,0.0007176902001159,0.0095665109793553,True,True,True,True,False,3,C detectable but sub-material,Screen recharge or recovery plans for liquefaction sensitivity,sub-material increase,1.120374,0.005552478190931755
Ciudad Guayana,VE,8.35122,-62.64102,978202,0.0609216311130317,438.891357421875,24.00244144350347,3.3409581085302,0.0446043151604602,3.2946,0.004915952855939,0.0017313225857529,0.0086130693844601,True,False,False,True,False,1,C detectable but sub-material,Screen recharge or recovery plans for liquefaction sensitivity,sub-material increase,0.978202,0.004808794915585241
Haikou,CN,20.03421,110.34651,2873358,0.0606846,320.0976867675781,1.4190890363927906,2.162402121684889,0.2253662420315492,0.8239,0.0048257107875001,0.0010604850959056,0.0083566162214119,True,True,True,True,False,3,C detectable but sub-material,Screen recharge or recovery plans for liquefaction sensitivity,sub-material increase,2.873358,0.013865994696949713
Jing’an,CN,31.22,121.41583,936500,0.0507968402419307,226.0771942138672,4.104676890211351,0.870828709193776,0.3096699605681585,0.6576,0.0047006544213692,0.0013615147921282,0.0086019015606938,True,True,True,True,False,3,C detectable but sub-material,Screen recharge or recovery plans for liquefaction sensitivity,sub-material increase,0.9365,0.004402162865612256
Vijayawada,IN,16.50745,80.6466,1143232,0.06847776,478.8851623535156,5.859464408331462,3.141960075467141,0.0604693150029867,2.3443,0.0045902708923863,0.0016284815563342,0.0078356205976431,True,False,True,True,False,2,C detectable but sub-material,Screen recharge or recovery plans for liquefaction sensitivity,sub-material increase,1.143232,0.005247744572844574
Zhabei,CN,31.25861,121.45972,840000,0.0543976236497186,224.72799682617188,3.0365453574426056,1.8840728118856176,0.2809287858449564,0.6576,0.0044447278430762,0.0012136954300911,0.0078690591103459,True,True,True,True,False,3,C detectable but sub-material,Screen recharge or recovery plans for liquefaction sensitivity,sub-material increase,0.84,0.0037335713881840077
Kaifeng,CN,34.7986,114.30742,1451741,0.0997951691928758,187.62701416015625,1.7700465400168357,11.03332152556843,0.0790101665866817,2.2778,0.0043969392064603,0.0018921885863275,0.0043969392064603,True,True,True,False,False,2,C detectable but sub-material,Screen recharge or recovery plans for liquefaction sensitivity,sub-material increase,1.451741,0.006383216920525883
Qinhuangdao,CN,39.94104,119.58936,759718,0.1847800918294732,234.6234893798828,1.1596856641489808,4.0203159583287285,0.2269505878939417,0.7283,0.0042830898810408,0.0015137770350567,0.0068465577570488,True,True,True,True,False,3,C detectable but sub-material,Screen recharge or recovery plans for liquefaction sensitivity,sub-material increase,0.759718,0.003253940478244554
Nagoya,JP,35.18147,136.90641,2332176,0.4578695,156.6999969482422,12.802319371328338,10.286121018355862,0.2520813183052804,0.664,0.0041915709353172,0.0014601161438896,0.0073164946180869,True,True,False,False,True,2,C detectable but sub-material,Screen recharge or recovery plans for liquefaction sensitivity,sub-material increase,2.332176,0.009775481137644326
Putuo,CN,31.251,121.3897,1239100,0.0503584899999993,217.3177490234375,2.1972991531243338,3.3595569007410666,0.2356938019343586,0.6576,0.003967574017243,0.0011085859492778,0.0072150865603816,True,True,True,True,False,3,C detectable but sub-material,Screen recharge or recovery plans for liquefaction sensitivity,sub-material increase,1.2391,0.004916220964765802
Hanzhong,CN,33.07507,107.02214,1006557,0.1400477000011399,241.13682556152344,3.64690623331046,3.7579241939182646,0.2190058844460397,0.6823,0.003910982978689,0.0012029459282103,0.0067580173646172,True,True,True,True,False,3,C detectable but sub-material,Screen recharge or recovery plans for liquefaction sensitivity,sub-material increase,1.006557,0.0039366272940802634
Benghazi,LY,32.11486,20.06859,757490,0.0783412446839008,238.5429229736328,6.332494087129021,3.9734942709756456,0.1283176445027822,0.9766,0.0036816993522627,0.0014337018513617,0.0062601803119683,True,True,True,True,False,3,C detectable but sub-material,Screen recharge or recovery plans for liquefaction sensitivity,sub-material increase,0.75749,0.0027888504423454726
Accra,GH,5.55602,-0.1969,1963264,0.0840799599994307,338.271240234375,11.53582055390251,11.697926397713385,0.0189903692062647,5.4265,0.0036759540436972,0.001421571951441,0.0065256269737419,True,True,False,False,False,1,C detectable but sub-material,Screen recharge or recovery plans for liquefaction sensitivity,sub-material increase,1.963264,0.007216868239645139
Jabalpur,IN,23.16697,79.95006,1081677,0.1361818,382.1177368164063,2.2583352407111192,7.089875175554792,0.0696129014617209,1.6226,0.0035819517574923,0.0010560839536029,0.0050311073545877,True,False,True,False,False,1,C detectable but sub-material,Screen recharge or recovery plans for liquefaction sensitivity,sub-material increase,1.081677,0.0038745148311889986
Manila,PH,14.6042,120.9822,1600000,0.3303762000045073,222.3428497314453,2.838178072785581,2.868634674256883,0.5352704588103365,0.4215,0.0034897418002498,0.0006980618544253,0.0063995104776926,True,True,True,True,True,4,C detectable but sub-material,Screen recharge or recovery plans for liquefaction sensitivity,sub-material increase,1.6,0.005583586880399681
Nanchong,CN,30.79508,106.08473,1858875,0.0702872509812431,285.2292175292969,21.637293049515563,1.6133376582818284,0.1355041951268771,0.8565,0.0033759501018316,0.0010048234267957,0.0061062500877847,True,True,False,True,False,2,C detectable but sub-material,Screen recharge or recovery plans for liquefaction sensitivity,sub-material increase,1.858875,0.0062754692455422156
Linfen,CN,36.08889,111.51889,959198,0.1546868420043955,293.7706298828125,12.08514534218358,3.074087015091247,0.1252626239043494,0.9104,0.0033597281576323,0.0005740557914018,0.00663916967876,True,True,False,True,False,2,C detectable but sub-material,Screen recharge or recovery plans for liquefaction sensitivity,sub-material increase,0.959198,0.003222644529344587
Jamshedpur,IN,22.80278,86.18545,1339438,0.1567997419895702,378.3258056640625,18.08194094758528,3.4616104711520226,0.0918417748652872,1.161,0.003275903248584,0.0005394679193755,0.006624209526085,True,False,False,True,False,1,C detectable but sub-material,Screen recharge or recovery plans for liquefaction sensitivity,sub-material increase,1.339438,0.004387869295476856
Xuhui,CN,31.19594,121.44709,1109800,0.0507968402419307,231.6250457763672,3.31120775158314,4.619253362715052,0.169149714833768,0.6576,0.0030998488024287,0.000877337799885,0.0053684863250866,True,True,True,True,False,3,C detectable but sub-material,Screen recharge or recovery plans for liquefaction sensitivity,sub-material increase,1.1098,0.003440212200935371
Maracaibo,VE,10.64232,-71.61089,1752602,0.09229294999185,600.0,6.042572671091818,0.4958092525614138,0.0717790091622781,1.3193,0.0029827278373295,0.0011005920738077,0.0051091500449268,True,False,True,True,False,2,C detectable but sub-material,Screen recharge or recovery plans for liquefaction sensitivity,sub-material increase,1.752602,0.005227534773159357
Malingao,PH,7.16083,124.475,1121974,0.5545271999996771,208.9109344482422,0.3662165255207696,6.959409912321897,0.4150683750823353,0.3983,0.0029638183406366,0.0008033863604452,0.0029638183406366,True,True,True,False,True,3,C detectable but sub-material,Screen recharge or recovery plans for liquefaction sensitivity,sub-material increase,1.121974,0.003325327118917409
Dalian,CN,38.91222,121.60222,4913879,0.0876957999990944,406.5933532714844,16.18982223239493,2.097084195587912,0.0675900577208251,1.3534,0.002896224481439,0.0010760466035981,0.0049673568670224,True,False,False,True,False,1,C detectable but sub-material,Screen recharge or recovery plans for liquefaction sensitivity,sub-material increase,4.913879,0.01423169665862899
Budta,PH,7.20417,124.43972,1273715,0.5609091576962117,207.1705474853516,1.007095445182017,9.336091396501567,0.3195365565377467,0.3983,0.0028907748123359,0.0007181867105477,0.0053559100879757,True,True,True,False,True,3,C detectable but sub-material,Screen recharge or recovery plans for liquefaction sensitivity,sub-material increase,1.273715,0.0036820232400944205
Mombasa,KE,-4.05466,39.66359,1208333,0.0996536100001263,238.92295837402344,18.50919356069278,2.087189820522016,0.1989880344847455,0.5269,0.0028114281985759,0.0011204678584026,0.004696259038271,True,True,False,True,False,2,C detectable but sub-material,Screen recharge or recovery plans for liquefaction sensitivity,sub-material increase,1.208333,0.003397141469469813
Chennai,IN,13.08784,80.27847,4681087,0.08934973,253.99093627929688,8.041504539559014,1.7356817920194747,0.2607011320522958,0.4167,0.0026832935777019,0.0010730789082865,0.0045235594281931,True,True,True,True,False,3,C detectable but sub-material,Screen recharge or recovery plans for liquefaction sensitivity,sub-material increase,4.681087,0.012560730683763854
Cartagena,CO,10.39817,-75.49328,914552,0.0708730299999999,275.66290283203125,10.849164568551204,3.375842669104645,0.1490912597771801,0.6294,0.0026785270490979,0.0004797008400966,0.0053139105911917,True,True,False,True,False,2,C detectable but sub-material,Screen recharge or recovery plans for liquefaction sensitivity,sub-material increase,0.914552,0.002449652269806583
Virār,IN,19.45591,72.81136,1222390,0.1198278828077522,334.1005249023437,0.5951018539711868,5.855155470481908,0.1539720100433315,1.4173,0.0025991780956606,0.0019959944961017,0.0025991780956606,True,True,True,False,False,2,C detectable but sub-material,Screen recharge or recovery plans for liquefaction sensitivity,sub-material increase,1.22239,0.003177209312354561
Ziyang,CN,30.12108,104.64811,905729,0.155723199999444,397.6422424316406,13.09224078736554,1.910309214687527,0.1200477239676342,0.7209,0.0025591202315673,0.0007583093051363,0.0045653707451619,True,False,False,True,False,1,C detectable but sub-material,Screen recharge or recovery plans for liquefaction sensitivity,sub-material increase,0.905729,0.002317869408217219
Santo Domingo,DO,18.47186,-69.89232,2201941,0.4312265999999539,390.5118103027344,3.8147554741741487,0.9185420873771836,0.3070350909936708,0.3488,0.0024767920648013,0.0006809021030615,0.0046060444759537,True,False,True,True,True,3,C detectable but sub-material,Screen recharge or recovery plans for liquefaction sensitivity,sub-material increase,2.201941,0.005453749995960639
Baoshan,CN,31.40845,121.48956,2265900,0.0563865307407588,330.9303894042969,3.418020904860043,3.0932227372328467,0.1281779072849716,0.6576,0.0024670626082674,0.0006762688745617,0.0044287847171819,True,True,True,True,False,3,C detectable but sub-material,Screen recharge or recovery plans for liquefaction sensitivity,sub-material increase,2.2659,0.005590117164073101
Barranquilla,CO,10.96854,-74.78132,1206319,0.09359839,337.7365417480469,5.737392233157891,2.8900111171520977,0.1310547097035396,0.6294,0.0024053116310744,0.0004476608619669,0.0046132093407682,True,True,True,True,False,3,C detectable but sub-material,Screen recharge or recovery plans for liquefaction sensitivity,sub-material increase,1.206319,0.002901573121486039
Cebu City,PH,10.31672,123.89071,965332,0.3347104821106495,322.85845947265625,0.3356984817273769,2.9997171038362787,0.2835265651794575,0.9923,0.002276329626615,0.002276329626615,0.002276329626615,True,True,True,True,True,4,C detectable but sub-material,Screen recharge or recovery plans for liquefaction sensitivity,sub-material increase,0.965332,0.002197413831119511
Seoul,KR,37.566,126.9784,10349312,0.1291627050768389,339.9872131347656,9.628442816815491,4.389469306861391,0.1155377233384598,0.6391,0.0021926419501853,0.0007829412458853,0.0037572449414291,True,True,True,True,False,3,C detectable but sub-material,Screen recharge or recovery plans for liquefaction sensitivity,sub-material increase,10.349312,0.02269233564675613
Weinan,CN,34.50355,109.50891,1199290,0.1088599,271.04229736328125,1.1139085984588633,3.928875819636614,0.1576864338909852,0.4515,0.002007256314618,0.000599620429505,0.0036432630126096,True,True,True,True,False,3,C detectable but sub-material,Screen recharge or recovery plans for liquefaction sensitivity,sub-material increase,1.19929,0.0024072824255582208
Alexandria,EG,31.20176,29.91582,5263542,0.106489699999422,223.88836669921875,6.28671702143896,1.4910171735848954,0.2299702968344735,0.331,0.0019576794418436,0.0005205754538679,0.0035887035945086,True,True,True,True,False,3,C detectable but sub-material,Screen recharge or recovery plans for liquefaction sensitivity,sub-material increase,5.263542,0.010304327964680346
Sapporo,JP,43.06667,141.35,1973832,0.1806720360283885,164.8000030517578,0.9918364232852924,12.62179004769341,0.1197325813076629,0.5472,0.001933859674291,0.0004334499423983,0.003525010037273,True,True,True,False,False,2,C detectable but sub-material,Screen recharge or recovery plans for liquefaction sensitivity,sub-material increase,1.973832,0.003817114108625153
Nantong,CN,32.03028,120.87472,2273326,0.0583333852838798,215.8314666748047,3.006027313649213,5.051191452121848,0.1827601729327332,0.3838,0.0019166321843848,0.0001011155867964,0.0040727350437453,True,True,True,False,False,2,C detectable but sub-material,Screen recharge or recovery plans for liquefaction sensitivity,sub-material increase,2.273326,0.00435712977719876
Auckland,NZ,-36.84853,174.76349,1547200,0.1584837125632816,421.1944580078125,27.13054093232625,0.6990959187734161,0.101268245898653,0.6243,0.0019078322068631,0.0006904732473526,0.0032412682258164,True,False,False,True,False,1,C detectable but sub-material,Screen recharge or recovery plans for liquefaction sensitivity,sub-material increase,1.5472,0.002951797990458588
Xianyang,CN,34.33778,108.70261,1034081,0.0907892488942864,288.21337890625,3.0365453574426056,3.281209554576678,0.1452936253862427,0.4512,0.0018758121915692,0.0006174797351954,0.0033192355079055,True,True,True,True,False,3,C detectable but sub-material,Screen recharge or recovery plans for liquefaction sensitivity,sub-material increase,1.034081,0.0019397417468700702
Hamamatsu,JP,34.7,137.73333,791707,0.7980442000000426,282.1000061035156,0.2441443503471987,5.597182522288186,0.3491192316542594,0.2575,0.0018496808038376,0.0005196211928647,0.0018496808038376,True,True,True,False,True,3,C detectable but sub-material,Screen recharge or recovery plans for liquefaction sensitivity,sub-material increase,0.791707,0.001464405240163855
Karachi,PK,24.8608,67.0104,11624219,0.2104098999919154,214.9311370849609,11.779964904249653,4.867763345184103,0.1435331805189991,0.44,0.0018106153343679,0.0004986582433334,0.0032892303975454,True,True,False,True,True,3,C detectable but sub-material,Screen recharge or recovery plans for liquefaction sensitivity,sub-material increase,11.624219,0.021046989171450696
Shanghai,CN,31.22222,121.45806,24874500,0.05296031,228.847396850586,0.2899214160372594,3.107094983087166,0.2416987034188102,0.6576,0.0017738693845824,0.0011479908468059,0.0017738693845824,True,True,True,True,False,3,C detectable but sub-material,Screen recharge or recovery plans for liquefaction sensitivity,sub-material increase,24.8745,0.04412411400679491
Tainan,TW,22.99083,120.21333,1856642,0.6576578501474174,208.4755249023437,4.486152437628789,5.071396979016769,0.4951055488073359,0.1935,0.001610778367505,0.0003473925302693,0.0031410837688323,True,True,True,False,True,3,C detectable but sub-material,Screen recharge or recovery plans for liquefaction sensitivity,sub-material increase,1.856642,0.002990638769801218
Kitakyushu,JP,33.85181,130.85034,940978,0.2292976253441503,391.7000122070313,0.4882887006943406,5.658078522498746,0.1356510418815042,0.407,0.0015969601989614,0.0003990257258993,0.0019178033808634,True,False,True,False,True,2,C detectable but sub-material,Screen recharge or recovery plans for liquefaction sensitivity,sub-material increase,0.940978,0.0015027044140983002
Lanzhou,CN,36.05701,103.83987,3000000,0.0837336089308837,243.3724822998047,17.456321049820758,3.397202569436719,0.106565346687678,0.4924,0.0015712382400322,0.0005254058927755,0.0026973148455408,True,True,False,True,False,2,C detectable but sub-material,Screen recharge or recovery plans for liquefaction sensitivity,sub-material increase,3.0,0.0047137147200966
Hiroshima,JP,34.4,132.45,1200754,0.350937245802441,207.5,0.6408789196613043,5.409366507511519,0.4147114489219935,0.1934,0.0015640616549372,0.0002325757333331,0.0031389375482984,True,True,True,False,True,3,C detectable but sub-material,Screen recharge or recovery plans for liquefaction sensitivity,sub-material increase,1.200754,0.0018780532884124627
Neijiang,CN,29.58354,105.06216,1251095,0.2026418999999999,394.89263916015625,41.30617227435727,2.451926539738705,0.0494244737783714,0.9115,0.0014456937895842,0.0004341375853454,0.0025665249670705,True,False,False,True,True,2,C detectable but sub-material,Screen recharge or recovery plans for liquefaction sensitivity,sub-material increase,1.251095,0.0018087002716798447
Santiago de los Caballeros,DO,19.45036,-70.69085,1200000,0.5522715806493135,349.0228271484375,18.02090485999849,1.893056959046609,0.191695307122232,0.2709,0.0014016720464758,0.0002620946555143,0.0027149906755611,True,True,False,True,True,3,C detectable but sub-material,Screen recharge or recovery plans for liquefaction sensitivity,sub-material increase,1.2,0.00168200645577096
Port-au-Prince,HT,18.54349,-72.33881,1234742,0.412546161369622,422.4088745117188,10.833905546654478,0.8166687863346503,0.1923156002357485,0.2663,0.0013811960865968,0.0003490050206672,0.0025979786018036,True,False,False,True,True,2,C detectable but sub-material,Screen recharge or recovery plans for liquefaction sensitivity,sub-material increase,1.234742,0.001705420818356706
Hyderabad,PK,25.39689,68.37718,1921275,0.1405366,322.2336120605469,9.781033035782457,5.298445403991156,0.0616979801656388,0.6834,0.0013306612472312,0.0003534559071621,0.0024121508614403,True,True,True,False,False,2,C detectable but sub-material,Screen recharge or recovery plans for liquefaction sensitivity,sub-material increase,1.921275,0.002556566187774124
Zhengzhou,CN,34.75778,113.64861,4253913,0.0933468099999583,200.2095489501953,1.831082627603621,16.15501701056385,0.0249693860924796,1.526,0.0012674802393856,0.0003708182977496,0.0015282868465959,True,True,True,False,False,2,C detectable but sub-material,Screen recharge or recovery plans for liquefaction sensitivity,sub-material increase,4.253913,0.005391750667565516
Anyang,CN,36.096,114.38278,1146839,0.0894178111152896,245.30303955078125,5.004959182116465,16.82503865070662,0.0127701912005034,2.7657,0.0012147377205101,0.0004180393231679,0.0021176154165551,True,True,True,False,False,2,C detectable but sub-material,Screen recharge or recovery plans for liquefaction sensitivity,sub-material increase,1.146839,0.0013931085926520825
Fukuoka,JP,33.6,130.41667,1612392,0.2703739154132848,194.5,0.1373311970702957,2.396636241031313,0.5548847109336004,0.407,0.0011292210388418,0.0008565886039953,0.0011292210388418,True,True,True,True,True,4,C detectable but sub-material,Screen recharge or recovery plans for liquefaction sensitivity,sub-material increase,1.612392,0.0018207469692602075
Quezon City,PH,14.6488,121.0509,3084270,0.3776324,280.5470886230469,6.759746700236519,11.550313649240405,0.1028732344892735,0.3367,0.0010393864693847,0.0001278362339753,0.002107218975152,True,True,True,False,True,3,C detectable but sub-material,Screen recharge or recovery plans for liquefaction sensitivity,sub-material increase,3.08427,0.0032057485059291484
Chongqing,CN,29.56026,106.55771,7457599,0.1132862,432.7224426269531,42.42008087281607,0.3210616400895512,0.0527023509040116,0.585,0.0009810779997386,0.0001384336500808,0.0018902126279857,True,False,False,True,False,1,C detectable but sub-material,Screen recharge or recovery plans for liquefaction sensitivity,sub-material increase,7.457599,0.007316486309772583
Pasig City,PH,14.58691,121.0614,853050,0.3756936,235.3219757080078,34.13443198290992,9.33741833388168,0.09217958183859,0.3367,0.0009425574639516,0.0001068769301092,0.0018619490104443,True,True,False,False,True,2,C detectable but sub-material,Screen recharge or recovery plans for liquefaction sensitivity,sub-material increase,0.85305,0.0008040486446239123
Goyang-si,KR,37.65639,126.835,1061752,0.1293693534595363,446.4551086425781,0.4425116350042231,6.414666309623628,0.0649212863447575,0.6391,0.0009003048747226,0.0004644921017719,0.0009003048747226,True,False,True,False,False,1,C detectable but sub-material,Screen recharge or recovery plans for liquefaction sensitivity,sub-material increase,1.061752,0.0009559005013464701
Tianshui,CN,34.57952,105.74238,1212791,0.2934561000002377,528.0335083007812,1.3275349050126124,5.532523941838416,0.0499841282868138,0.562,0.000896197666793,0.0003110550326181,0.0015946017783014,True,False,True,False,True,2,C detectable but sub-material,Screen recharge or recovery plans for liquefaction sensitivity,sub-material increase,1.212791,0.0010869004645075492
Changwon,KR,35.22806,128.68111,1025702,0.2072810476453046,425.8367614746094,1.6327153429465395,6.908779725169293,0.0747000136905247,0.376,0.0008700584934065,0.0001483121294334,0.0016925404970798,True,False,True,False,True,2,C detectable but sub-material,Screen recharge or recovery plans for liquefaction sensitivity,sub-material increase,1.025702,0.0008924207368040337
Vadodara,IN,22.29941,73.20812,1822221,0.0722415566693286,230.3549652099609,8.30090791180288,16.9649676405298,0.0140510981190628,1.6367,0.0007753986476834,0.0002025649499052,0.0014310177372404,True,True,True,False,False,2,C detectable but sub-material,Screen recharge or recovery plans for liquefaction sensitivity,sub-material increase,1.822221,0.001412947699180293
Langfang,CN,39.52079,116.71471,868066,0.1032498746941712,184.2429351806641,10.69657434958424,12.859938284997147,0.0420755965995724,0.5703,0.0007721279813353,0.0002566857307108,0.0013174704850387,True,True,False,False,False,1,C detectable but sub-material,Screen recharge or recovery plans for liquefaction sensitivity,sub-material increase,0.868066,0.0006702580482458085
Caloocan,PH,14.64953,120.96788,1712945,0.3198267016083664,240.3080596923828,0.091554131380235,2.699549179196848,0.5268838785496096,0.4215,0.0007599218058339,0.0007599218058339,0.0007599218058339,True,True,True,True,True,4,C detectable but sub-material,Screen recharge or recovery plans for liquefaction sensitivity,sub-material increase,1.712945,0.0013017042576941498
Dongying,CN,37.46271,118.49165,998968,0.0850820200001394,203.51611328125,1.1596856641489808,17.180003744732034,0.0194504661258786,2.0596,0.0007503506881893,0.0004929263375389,0.0007503506881893,True,True,True,False,False,2,C detectable but sub-material,Screen recharge or recovery plans for liquefaction sensitivity,sub-material increase,0.998968,0.0007495763262790887
Incheon,KR,37.45646,126.70515,3015482,0.1299214000302797,387.766357421875,21.896696421759373,7.101012323889473,0.0362147303831938,0.6391,0.0007501877106964,0.0002689295014475,0.0012369028753423,True,False,False,False,False,0,C detectable but sub-material,Screen recharge or recovery plans for liquefaction sensitivity,sub-material increase,3.015482,0.0022621775382262017
Taiyuan,CN,37.86944,112.56028,4303673,0.1791104881897064,256.29119873046875,0.1373311970702957,3.390299386532964,0.205668978830565,0.6424,0.0007481143005881,0.0006934087391053,0.0007481143005881,True,True,True,True,False,3,C detectable but sub-material,Screen recharge or recovery plans for liquefaction sensitivity,sub-material increase,4.303673,0.00321963931635489
Giza,EG,30.00944,31.20861,4367343,0.2299891999999745,236.0592193603516,17.608911268787722,1.197937229773541,0.1899640951263256,0.1375,0.00070556806689,0.0001094598125627,0.0013921614717881,True,True,False,True,True,3,C detectable but sub-material,Screen recharge or recovery plans for liquefaction sensitivity,sub-material increase,4.367343,0.0030814577579555734
Ankang,CN,32.68,109.01722,870126,0.0616723443335407,509.4773864746094,23.49889372091252,2.1926193258491864,0.0360688719453292,0.5842,0.0006825083072401,0.0001954378221154,0.0012248434299897,True,False,False,True,False,1,C detectable but sub-material,Screen recharge or recovery plans for liquefaction sensitivity,sub-material increase,0.870126,0.0005938682233455992
Suwon,KR,37.29111,127.00889,1234582,0.1291057000001796,338.2337341308594,2.655069810025225,12.496469967354347,0.0305140964307564,0.6391,0.0006359158262189,0.0002248553384981,0.0011049711007059,True,True,True,False,False,2,C detectable but sub-material,Screen recharge or recovery plans for liquefaction sensitivity,sub-material increase,1.234582,0.000785090232564982
Pimpri-Chinchwad,IN,18.61867,73.80375,1727692,0.1354138,311.8620300292969,5.645838101777713,19.61213425550888,0.0070768836363395,2.5294,0.0006171175405221,0.0002232672410458,0.0010910841725212,True,True,True,False,False,2,C detectable but sub-material,Screen recharge or recovery plans for liquefaction sensitivity,sub-material increase,1.727692,0.001066189037819708
Chiba,JP,35.6,140.11667,979768,0.7891407000048927,260.20001220703125,0.0762951094835102,3.375080387177573,0.4113296161094694,1.0304,0.0006153195528436,0.0006153195528436,0.0006153195528436,True,True,True,True,True,4,C detectable but sub-material,Screen recharge or recovery plans for liquefaction sensitivity,sub-material increase,0.979768,0.0006028704076504683
Barquisimeto,VE,10.0647,-69.35703,1240714,0.4172064835994755,279.1226806640625,19.62310215915164,17.463442359662942,0.0112790643540553,1.5713,0.0005986854645656,0.0002231788041404,0.0010451086370402,True,True,False,False,True,2,C detectable but sub-material,Screen recharge or recovery plans for liquefaction sensitivity,sub-material increase,1.240714,0.0007427974374830439
Mysuru,IN,12.29791,76.63925,920550,0.0643349354158487,454.8702697753906,3.189135576409569,13.861406656238096,0.007556444717322,2.2097,0.0005723038697131,0.0002009788193956,0.00083953289685,True,False,True,False,False,1,C detectable but sub-material,Screen recharge or recovery plans for liquefaction sensitivity,sub-material increase,0.92055,0.0005268343272643942
Bucheon-si,KR,37.49889,126.78306,850731,0.1299450930209851,455.4380493164063,3.570611123827007,9.98754344425012,0.0273183104753989,0.6391,0.000571231348487,0.0002000369447814,0.0009909100519071,True,False,True,False,False,1,C detectable but sub-material,Screen recharge or recovery plans for liquefaction sensitivity,sub-material increase,0.850731,0.000485964216329694
Tripoli,LY,32.88743,13.18733,1302947,0.0913415484777827,324.6783447265625,13.488975356679646,3.204420033548859,0.0772701665063333,0.2372,0.0005650613683371,0.0001188310637474,0.0010954979640199,True,True,False,True,False,2,C detectable but sub-material,Screen recharge or recovery plans for liquefaction sensitivity,sub-material increase,1.302947,0.0007362450146907195
Yibin,CN,28.7593,104.63994,836340,0.2324686612517436,390.972900390625,67.002365148394,3.38064258936918,0.0198677749140312,0.7861,0.0005162069294723,0.0001457609461879,0.0009278182293975,True,False,False,True,True,2,C detectable but sub-material,Screen recharge or recovery plans for liquefaction sensitivity,sub-material increase,0.83634,0.00043172450339486337
Havana,CU,23.13302,-82.38304,2163824,0.0697232325262081,328.41571044921875,4.592965590905635,2.7575855890063075,0.1581549806806647,0.1134,0.0005034226792101,4.3504630703865296e-05,0.001020372433894,True,True,True,True,False,3,C detectable but sub-material,Screen recharge or recovery plans for liquefaction sensitivity,sub-material increase,2.163824,0.0010893180754191153
San Jose,US,37.33939,-121.89496,997368,0.5581442998560356,272.7223205566406,1.2207217517357662,17.783360745851873,0.0164949884085017,0.9056,0.000496426350033,4.1933674113270494e-05,0.0006725883656629,True,True,True,False,True,3,C detectable but sub-material,Screen recharge or recovery plans for liquefaction sensitivity,sub-material increase,0.997368,0.0004951197558797131
Jiaozuo,CN,35.23925,113.23914,865413,0.0894723600000021,353.5187683105469,4.974441138323073,17.785109917555534,0.0053303015640954,2.4451,0.0004495476012168,0.0001540478204035,0.0008058822757498,True,True,True,False,False,2,C detectable but sub-material,Screen recharge or recovery plans for liquefaction sensitivity,sub-material increase,0.865413,0.0003890443382118345
Linyi,CN,35.06306,118.34278,2743843,0.0818507500000001,224.00645446777344,0.5951018539711868,16.843507285824703,0.019352023834308,0.8114,0.0003796795217104,0.0001432454484555,0.0003796795217104,True,True,True,False,False,2,C detectable but sub-material,Screen recharge or recovery plans for liquefaction sensitivity,sub-material increase,2.743843,0.001041780997888429
Pimpri,IN,18.62292,73.80696,1284606,0.1354138,440.5750732421875,5.645838101777713,19.05087445115642,0.0041057847594442,2.5294,0.000359197196582,0.0001274083604583,0.0006371388735635,True,False,True,False,False,1,C detectable but sub-material,Screen recharge or recovery plans for liquefaction sensitivity,sub-material increase,1.284606,0.00046142687391241663
Bhubaneswar,IN,20.27241,85.83385,885363,0.0658473024412692,377.0162048339844,13.229571984435836,16.17039247653336,0.0076663980994504,1.3414,0.0003474043925275,7.139984301811629e-05,0.0006828435154962,True,False,False,False,False,0,C detectable but sub-material,Screen recharge or recovery plans for liquefaction sensitivity,sub-material increase,0.885363,0.00030757899518132496
Natal,BR,-5.795,-35.20944,896708,0.0874660044554751,545.1959838867188,26.21499961852448,3.385927282411228,0.0338794378118827,0.3037,0.0003325867328523,0.0001241945875274,0.0005651338887189,True,False,False,True,False,1,C detectable but sub-material,Screen recharge or recovery plans for liquefaction sensitivity,sub-material increase,0.896708,0.0002982331840425202
Antipolo,PH,14.62578,121.12251,913712,0.3849308817020014,341.6148681640625,0.3967345693141624,17.099947866912323,0.030323246181374,0.3367,0.0003314198522643,4.701257432291259e-05,0.0003908803154227,True,True,True,False,True,3,C detectable but sub-material,Screen recharge or recovery plans for liquefaction sensitivity,sub-material increase,0.913712,0.00030282229605211805
Wenzhou,CN,27.99942,120.66682,2650000,0.0686242899999701,239.22329711914065,0.0457770656901175,2.5667036269480707,0.3178377257589561,0.2598,0.0003306022888904,0.0002252022240566,0.0003306022888904,True,True,True,True,False,3,C detectable but sub-material,Screen recharge or recovery plans for liquefaction sensitivity,sub-material increase,2.65,0.0008760960655595599
Panjin,CN,41.121,122.0739,1166481,0.1240245000000066,181.6923828125,0.9460593575952316,22.182548288641573,0.0099419021655215,1.571,0.0003149296385248,0.0002065743309335,0.0003149296385248,True,True,True,False,False,2,C detectable but sub-material,Screen recharge or recovery plans for liquefaction sensitivity,sub-material increase,1.166481,0.0003673594396760473
Beijing,CN,39.9075,116.39723,18960744,0.1370146489373686,230.7723083496093,5.218585488670215,17.88414889483644,0.0133751988593272,0.5703,0.0002529408037319,8.536362684613057e-05,0.0004465976104572,True,True,True,False,False,2,C detectable but sub-material,Screen recharge or recovery plans for liquefaction sensitivity,sub-material increase,18.960744,0.0047959458267148
Xi’an,CN,34.25833,108.92861,9600000,0.1007263999999999,228.13194274902344,8.6366063935302,15.901550564097764,0.016892645328862,0.4515,0.0002515117993584,7.72506997488152e-05,0.0004475284629426,True,True,True,False,False,2,C detectable but sub-material,Screen recharge or recovery plans for liquefaction sensitivity,sub-material increase,9.6,0.00241451327384064
Jepara,ID,-6.5924,110.671,1257912,0.1135043000000001,321.5424194335937,0.0305180437934495,1.7422983269701109,0.400457100555966,0.4829,0.0002440175633789,0.0002440175633789,0.0002440175633789,True,True,True,True,False,3,C detectable but sub-material,Screen recharge or recovery plans for liquefaction sensitivity,sub-material increase,1.257912,0.00030695262118507884
Zigong,CN,29.34162,104.77689,1262064,0.209717,256.50396728515625,0.9918364232852924,22.404711089733848,0.0079218983412121,0.9115,0.0002421462513756,7.48659079897334e-05,0.000263836947325,True,True,True,False,True,3,C detectable but sub-material,Screen recharge or recovery plans for liquefaction sensitivity,sub-material increase,1.262064,0.00030560406659609524
Bengaluru,IN,12.97194,77.59369,8495492,0.1020980081948443,469.5596618652344,4.119935912108076,20.12931906823692,0.0023411441177844,2.6353,0.0002141837252329,7.655866955664931e-05,0.0003433422367366,True,False,True,False,False,1,C detectable but sub-material,Screen recharge or recovery plans for liquefaction sensitivity,sub-material increase,8.495492,0.0018195961242463002
Kingston,JM,17.99702,-76.79358,937700,0.3996163345675977,377.14495849609375,0.0305180437934495,3.620369011699103,0.2016100692516548,0.2704,0.0001636288480058,0.0001636288480058,0.0001636288480058,True,False,True,True,True,3,C detectable but sub-material,Screen recharge or recovery plans for liquefaction sensitivity,sub-material increase,0.9377,0.00015343477077503864
Medan,ID,3.58333,98.66667,2435252,0.1908047019318471,219.6578826904297,0.1831082627604132,21.390082899961,0.0255405632082807,1.2442,0.0001521960233025,0.0001521960233025,0.0001521960233025,True,True,True,False,False,2,C detectable but sub-material,Screen recharge or recovery plans for liquefaction sensitivity,sub-material increase,2.435252,0.00037063567013945973
Setagaya,JP,35.64188,139.64715,940071,0.6109242,249.1000061035156,0.0305180437934495,10.097668151213991,0.1613457977560709,1.5877,0.0001375596194314,0.0001375596194314,0.0001375596194314,True,True,True,False,True,3,C detectable but sub-material,Screen recharge or recovery plans for liquefaction sensitivity,sub-material increase,0.940071,0.00012931580899849563
Luoyang,CN,34.67345,112.43684,1390581,0.09239673,241.1519927978516,10.86442359044787,25.4490277070789,0.0019496602288644,1.4284,9.478375575265922e-05,2.845138052769508e-05,0.000172501886557,True,True,False,False,False,1,C detectable but sub-material,Screen recharge or recovery plans for liquefaction sensitivity,sub-material increase,1.390581,0.0001318044898582886
Baoji,CN,34.36775,107.23705,1437802,0.2637275969052465,526.0692138671875,69.19966430151828,5.648410099470091,0.0053612930528943,0.4814,8.616546833398013e-05,2.737423294727152e-05,0.000149496377631,True,False,False,False,True,1,C detectable but sub-material,Screen recharge or recovery plans for liquefaction sensitivity,sub-material increase,1.437802,0.0001238888827015333
Xinxiang,CN,35.19033,113.80151,1047088,0.0947264799999963,209.1026763916016,8.072022583352464,31.997927031209127,0.0007207940461426,2.2778,5.675551645155852e-05,1.8903826858062e-05,0.000102643866433,True,True,True,False,False,2,C detectable but sub-material,Screen recharge or recovery plans for liquefaction sensitivity,sub-material increase,1.047088,5.9428020210229514e-05
Jinzhong,CN,37.68403,112.75471,1226617,0.1660062000160998,337.4549865722656,19.43999389639129,20.00991202641643,0.0025700084532017,0.6424,5.542377266519764e-05,1.0828303741720153e-05,0.0001059204786682,True,True,False,False,False,1,C detectable but sub-material,Screen recharge or recovery plans for liquefaction sensitivity,sub-material increase,1.226617,6.798374175526674e-05
Sholapur,IN,17.67152,75.91044,997281,0.1578071376906078,364.1421813964844,10.727092393377632,28.71134655604204,0.0005749277161406,2.7252,5.45804768456626e-05,1.9556750409579385e-05,9.625853792857328e-05,True,False,False,False,False,0,C detectable but sub-material,Screen recharge or recovery plans for liquefaction sensitivity,sub-material increase,0.997281,5.443207252911924e-05
Petaling Jaya,MY,3.10726,101.60671,807879,0.0509691800000053,313.5376892089844,18.142977035172063,27.05673898641926,0.0013851567847111,0.8591,4.014157512375032e-05,1.319430191007989e-05,7.036400848204903e-05,True,True,False,False,False,1,C detectable but sub-material,Screen recharge or recovery plans for liquefaction sensitivity,sub-material increase,0.807879,3.242953556940029e-05
Chengdu,CN,30.66667,104.06667,13568357,0.2469592000001928,210.071044921875,8.361943999389666,28.736710454830003,0.0023246181498894,0.495,3.854409003034229e-05,9.608372054199508e-06,7.144820214034363e-05,True,True,True,False,True,3,C detectable but sub-material,Screen recharge or recovery plans for liquefaction sensitivity,sub-material increase,13.568357,0.000522979973771825
Changzhi,CN,36.18389,113.10528,1214940,0.0989742381105521,218.19586181640625,9.35378042267496,34.22981005080626,0.0004179096207422,2.4451,3.543453867513183e-05,1.2034516440258153e-05,6.345309384537258e-05,True,True,True,False,False,2,C detectable but sub-material,Screen recharge or recovery plans for liquefaction sensitivity,sub-material increase,1.21494,4.305083841796466e-05
Liaocheng,CN,36.45064,116.00247,1229768,0.0541538398080472,202.4702911376953,1.0681315327688026,32.76515284883505,0.0006969838850868,1.6904,2.521880481458296e-05,1.3086491701864336e-05,2.521880481458296e-05,True,True,True,False,False,2,C detectable but sub-material,Screen recharge or recovery plans for liquefaction sensitivity,sub-material increase,1.229768,3.1013279159220055e-05
Valencia,VE,10.16153,-68.00044,1619470,0.1146405999959031,256.42413330078125,1.3427939269093372,34.51950388715642,0.000540082254466,1.6437,2.46839178901176e-05,1.1271279868977578e-05,2.46839178901176e-05,True,True,True,False,False,2,C detectable but sub-material,Screen recharge or recovery plans for liquefaction sensitivity,sub-material increase,1.61947,3.9974864505508745e-05
Kallakurichi,IN,11.73379,78.95925,1682687,0.07896554,308.8377990722656,7.858396276798658,32.00793720256394,0.0004031115818851,1.7572,2.428137778359885e-05,7.709834764843025e-06,4.388277053135459e-05,True,True,True,False,False,2,C detectable but sub-material,Screen recharge or recovery plans for liquefaction sensitivity,sub-material increase,1.682687,4.0857958738550604e-05
Heze,CN,35.23929,115.47358,1346717,0.1273150867469405,183.7837677001953,0.2594033722438666,28.87308810728661,0.0026021367727783,0.9261,2.251571264893885e-05,1.4880687693274455e-05,2.251571264893885e-05,True,True,True,False,False,2,C detectable but sub-material,Screen recharge or recovery plans for liquefaction sensitivity,sub-material increase,1.346717,3.032229299144098e-05
Shivaji Nagar,IN,18.53017,73.85263,1000000,0.1458257,414.0531311035156,0.2899214160372594,22.23207608840188,0.002312920031486,2.5294,2.238555473123944e-05,2.238555473123944e-05,2.238555473123944e-05,True,False,True,False,False,1,C detectable but sub-material,Screen recharge or recovery plans for liquefaction sensitivity,sub-material increase,1.0,2.238555473123944e-05
Caracas,VE,10.48801,-66.87919,3000000,0.1730225400287133,258.7844543457031,0.0152590218967247,13.53134292509169,0.0419369684137747,1.2007,2.042034761258471e-05,2.042034761258471e-05,2.042034761258471e-05,True,True,True,False,False,2,C detectable but sub-material,Screen recharge or recovery plans for liquefaction sensitivity,sub-material increase,3.0,6.126104283775413e-05
Handan,CN,36.60999,114.48764,1358318,0.1106007000579147,222.9814910888672,3.8147554741741487,39.82701572687744,0.0001551145054168,2.7657,1.4961671246194909e-05,5.279814060405384e-06,2.1006966030205707e-05,True,True,True,False,False,2,C detectable but sub-material,Screen recharge or recovery plans for liquefaction sensitivity,sub-material increase,1.358318,2.0322707363788976e-05
Indore,IN,22.71792,75.8333,1994397,0.0668241401186886,253.0897979736328,0.6408789196613043,32.10972620014968,0.0006930996580622,2.336,1.4940004805608672e-05,1.4940004805608672e-05,1.4940004805608672e-05,True,True,True,False,False,2,C detectable but sub-material,Screen recharge or recovery plans for liquefaction sensitivity,sub-material increase,1.994397,2.9796300764291518e-05
Pune,IN,18.51957,73.85535,3124458,0.1458257,407.9278259277344,0.1678492408636884,22.971530526555007,0.00205348391947,2.5294,1.1486070368725823e-05,1.1486070368725823e-05,1.1486070368725823e-05,True,False,True,False,False,1,C detectable but sub-material,Screen recharge or recovery plans for liquefaction sensitivity,sub-material increase,3.124458,3.588774445212835e-05
Aurangabad,IN,19.87757,75.34226,1175116,0.0945352192163259,415.62115478515625,9.796292057679125,35.78221898546021,9.16834520767329e-05,2.7271,8.714882584437593e-06,3.096644419045499e-06,1.5308654333125667e-05,True,False,True,False,False,1,C detectable but sub-material,Screen recharge or recovery plans for liquefaction sensitivity,sub-material increase,1.175116,1.0240997963093967e-05
Shenyang,CN,41.79222,123.43278,7050000,0.0998792262887538,251.6791534423828,1.3275349050126124,38.95666934077452,0.0001640311709176,1.7943,7.412707708519327e-06,3.896806972735612e-06,7.412707708519327e-06,True,True,True,False,False,2,C detectable but sub-material,Screen recharge or recovery plans for liquefaction sensitivity,sub-material increase,7.05,5.225958934506125e-05
Kuala Lumpur,MY,3.1412,101.68653,1453975,0.0504047260380783,369.849609375,1.7395284962234427,36.42053579388946,0.0002509336037781,0.8591,7.280506355712159e-06,2.469142439068733e-06,1.3017520717775924e-05,True,False,True,False,False,1,C detectable but sub-material,Screen recharge or recovery plans for liquefaction sensitivity,sub-material increase,1.453975,1.0585674228546587e-05
Xuchang,CN,34.03189,113.86299,1265536,0.0894938719935299,210.1138610839844,4.058899824521291,44.30804607910388,6.937819780327166e-05,1.526,3.616357162117631e-06,1.0736648918023115e-06,6.577038676394808e-06,True,True,True,False,False,2,C detectable but sub-material,Screen recharge or recovery plans for liquefaction sensitivity,sub-material increase,1.265536,4.576630177517698e-06
Anshan,CN,41.12361,122.99,1450000,0.1456538782815366,236.4249267578125,0.1983672846570812,35.47408126492566,0.0004493579955278,1.7737,2.976771155298167e-06,2.976771155298167e-06,2.976771155298167e-06,True,True,True,False,False,2,C detectable but sub-material,Screen recharge or recovery plans for liquefaction sensitivity,sub-material increase,1.45,4.3163181751823425e-06
Addis Ababa,ET,9.02497,38.74689,3860000,0.0987208442743054,459.8425598144531,16.52552071412225,39.539854059055386,3.5216725296544107e-05,2.3129,2.8194569339276605e-06,1.0492545368157678e-06,4.871783681492349e-06,True,False,False,False,False,0,C detectable but sub-material,Screen recharge or recovery plans for liquefaction sensitivity,sub-material increase,3.86,1.088310376496077e-05
Jerusalem,IL,31.76904,35.21633,971800,0.2469425443693514,456.1331481933594,29.907682917525,28.666171782012192,0.0001938295178774,0.2634,1.707265361990725e-06,3.38023119115846e-07,3.1575186939809707e-06,True,False,False,False,True,1,C detectable but sub-material,Screen recharge or recovery plans for liquefaction sensitivity,sub-material increase,0.9718,1.6591204787825865e-06
Pyongyang,KP,39.03385,125.75432,3222000,0.1516701309305629,615.4934692382812,29.480430304417496,35.74982510574854,3.1692283420142506e-05,1.418,1.532334130254123e-06,5.846690779227911e-07,2.617020214579421e-06,True,False,False,False,False,0,C detectable but sub-material,Screen recharge or recovery plans for liquefaction sensitivity,sub-material increase,3.222,4.9371805676787845e-06
Kyoto,JP,35.02107,135.75385,1463723,0.3363467999654756,328.29998779296875,1.022354467078685,48.01917459566171,4.023278565693553e-05,0.664,8.994660704178545e-07,3.099619194728326e-07,1.3932253853739571e-06,True,True,True,False,True,3,C detectable but sub-material,Screen recharge or recovery plans for liquefaction sensitivity,sub-material increase,1.463723,1.3165691749902332e-06
Medellín,CO,6.245,-75.57151,1999979,0.1971214240095512,323.5350341796875,0.0152590218967247,31.29479489760368,0.0016883992300085,0.5965,8.566869730858729e-07,8.566869730858729e-07,8.566869730858729e-07,True,True,True,False,False,2,C detectable but sub-material,Screen recharge or recovery plans for liquefaction sensitivity,sub-material increase,1.999979,1.713355955745311e-06
Gwangju,KR,35.15472,126.91556,1401235,0.1201671,404.3482055664063,0.3356984817273769,41.7209189048076,5.93785546995185e-05,0.3956,6.674624721634217e-07,2.2547002244670325e-07,6.674624721634217e-07,True,False,True,False,False,1,C detectable but sub-material,Screen recharge or recovery plans for liquefaction sensitivity,sub-material increase,1.401235,9.352717771819122e-07
Amman,JO,31.95522,35.94503,1275857,0.1517072145721601,422.46490478515625,2.105745021744156,37.72202782183565,7.266128652353663e-05,0.2634,6.400844697075083e-07,1.4208049177877262e-07,1.2055758735370843e-06,True,False,True,False,False,1,C detectable but sub-material,Screen recharge or recovery plans for liquefaction sensitivity,sub-material increase,1.275857,8.166562512676124e-07
Salem,IN,11.65376,78.15538,917414,0.08556316,280.0541687011719,0.1525902189670205,40.93274648833618,9.810469988748984e-05,2.2328,4.997142860270237e-07,4.997142860270237e-07,4.997142860270237e-07,True,True,True,False,False,2,C detectable but sub-material,Screen recharge or recovery plans for liquefaction sensitivity,sub-material increase,0.917414,4.5844488200119595e-07
Tiruppur,IN,11.11541,77.35456,963173,0.0790061099999997,364.5045471191406,6.439307240405924,49.11430994792621,7.4594840108496915e-06,1.306,3.315665642735338e-07,9.981095702207494e-08,5.967254161289375e-07,True,False,True,False,False,1,C detectable but sub-material,Screen recharge or recovery plans for liquefaction sensitivity,sub-material increase,0.963173,3.1935596241103236e-07
Fushun,CN,41.88669,123.94363,1400646,0.0714560299394532,305.089599609375,0.4730296787976158,48.02573761554028,1.6597277522305454e-05,1.9705,2.6350394759514496e-07,2.6350394759514496e-07,2.6350394759514496e-07,True,True,True,False,False,2,C detectable but sub-material,Screen recharge or recovery plans for liquefaction sensitivity,sub-material increase,1.400646,3.690757501833494e-07
Meishan,CN,30.04392,103.83696,1107742,0.3372052999999958,266.9643859863281,9.704737926298948,54.449201404115385,9.68313919586411e-06,0.7209,2.3526340848704938e-07,7.163183756303862e-08,4.320314027484881e-07,True,True,True,False,True,3,C detectable but sub-material,Screen recharge or recovery plans for liquefaction sensitivity,sub-material increase,1.107742,2.6061115864426106e-07
Tangshan,CN,39.64381,118.18319,3372102,0.3162972999999999,319.5663452148437,0.2288853284504739,48.69996845772576,2.078769123479149e-05,0.9489,1.5904333389553664e-07,1.5904333389553664e-07,1.5904333389553664e-07,True,True,True,False,True,3,C detectable but sub-material,Screen recharge or recovery plans for liquefaction sensitivity,sub-material increase,3.372102,5.363103443158069e-07
Weifang,CN,36.71,119.10194,2044028,0.0536312100003509,227.6941070556641,0.2441443503471987,50.28162268134629,1.651501549718634e-05,1.4478,1.348122234628772e-07,1.348122234628772e-07,1.348122234628772e-07,True,True,True,False,False,2,C detectable but sub-material,Screen recharge or recovery plans for liquefaction sensitivity,sub-material increase,2.044028,2.7555995950037796e-07
Soweto,ZA,-26.26781,27.85849,1695047,0.108932,395.2037963867188,47.48607614251927,45.4579183309256,4.0812799005565885e-06,0.8554,1.1792560651695025e-07,4.019079591783912e-08,2.0570514855870442e-07,True,False,False,False,False,0,C detectable but sub-material,Screen recharge or recovery plans for liquefaction sensitivity,sub-material increase,1.695047,1.9988944554973695e-07
Lucknow,IN,26.83928,80.92313,2472011,0.092923407530698,235.35450744628903,1.0986495765621953,60.69847212010058,2.508398865434588e-06,1.095,9.315278130211076e-08,1.4893206708783154e-08,9.346896860413581e-08,True,True,True,False,False,2,C detectable but sub-material,Screen recharge or recovery plans for liquefaction sensitivity,sub-material increase,2.472011,2.3027470005941215e-07
Xining,CN,36.62554,101.75739,1677177,0.1094059,415.0482177734375,27.60357061112387,49.35382130959234,2.7493342803258933e-06,0.6531,6.044792135420331e-08,2.0045646660558372e-08,1.0632543071983912e-07,True,False,False,False,False,0,C detectable but sub-material,Screen recharge or recovery plans for liquefaction sensitivity,sub-material increase,1.677177,1.0138186339307864e-07
Daejeon,KR,36.34913,127.38493,1441203,0.1340866,315.70611572265625,15.53368429083696,56.11089282215968,3.026727325143254e-06,0.59,6.005393629582567e-08,1.4050030416033321e-08,1.0555903554456245e-07,True,True,False,False,False,1,C detectable but sub-material,Screen recharge or recovery plans for liquefaction sensitivity,sub-material increase,1.441203,8.654991315135284e-08
Dodoma,TZ,-6.17221,35.73947,765179,0.189315614930807,299.6851806640625,44.876783398184216,58.66457806656322,5.667095039637116e-07,2.8545,5.6511767885969806e-08,2.1313259787174363e-08,9.743680761301445e-08,True,True,False,False,False,1,C detectable but sub-material,Screen recharge or recovery plans for liquefaction sensitivity,sub-material increase,0.765179,4.3241618039218494e-08
Gwalior,IN,26.22983,78.17337,1054420,0.0816219629180576,430.6668395996094,44.38849469748993,51.2505965193506,1.190361765577402e-06,1.1912,4.8166977239862135e-08,1.0535698401449972e-08,9.030520670976156e-08,True,False,False,False,False,0,C detectable but sub-material,Screen recharge or recovery plans for liquefaction sensitivity,sub-material increase,1.05442,5.0788224141255426e-08
Johannesburg,ZA,-26.20227,28.04363,9418183,0.1584781514039589,355.59576416015625,70.71030746929125,52.32961775105311,6.438070122101373e-07,0.8554,1.8602399924541268e-08,6.2453812007353724e-09,3.2311783951533915e-08,True,True,False,False,False,1,C detectable but sub-material,Screen recharge or recovery plans for liquefaction sensitivity,sub-material increase,9.418183,1.7520080672851588e-07
Zarqa,JO,32.07275,36.08796,792665,0.1103541999999981,292.1699523925781,50.58365758754866,50.65887089580094,1.749095335924001e-06,0.2634,1.5409152664978725e-08,3.309658655774288e-09,2.856355898794109e-08,True,True,False,False,False,1,C detectable but sub-material,Screen recharge or recovery plans for liquefaction sensitivity,sub-material increase,0.792665,1.221429599718536e-08
Sanhe,CN,39.98049,117.06887,965075,0.1181934999923526,218.5737762451172,12.481879911497684,68.0306212679399,3.7244578235370537e-07,1.0174,1.2834426076257588e-08,4.801340883648031e-09,2.25221151904398e-08,True,True,False,False,False,1,C detectable but sub-material,Screen recharge or recovery plans for liquefaction sensitivity,sub-material increase,0.965075,1.2386183745544291e-08
Rājkot,IN,22.29161,70.79322,1390640,0.1954547999956735,312.34197998046875,4.287785152971708,69.71446055523188,2.140293235596366e-07,1.2249,8.910568479958237e-09,2.550288198008713e-09,1.6517173464236514e-08,True,True,True,False,False,2,C detectable but sub-material,Screen recharge or recovery plans for liquefaction sensitivity,sub-material increase,1.39064,1.2391392950969123e-08
Ashgabat,TM,37.95,58.38333,1030063,0.2575801691258474,283.0121154785156,12.298771648737327,70.01556202069145,1.678461876942227e-07,1.2063,6.8795958355776e-09,2.673858275565346e-09,1.1681407278896481e-08,True,True,False,False,True,2,C detectable but sub-material,Screen recharge or recovery plans for liquefaction sensitivity,sub-material increase,1.030063,7.0864171251825694e-09
Mianyang,CN,31.46784,104.68168,1550000,0.2671537664423017,382.3655395507813,0.4882887006943406,68.66857540647992,2.731168392827404e-07,0.4989,4.477183212607225e-09,1.048098565654492e-09,4.477183212607225e-09,True,False,True,False,True,2,C detectable but sub-material,Screen recharge or recovery plans for liquefaction sensitivity,sub-material increase,1.55,6.939633979541199e-09
Ahmedabad,IN,23.02579,72.58727,6357693,0.0785870407568552,272.7284545898437,16.14404516670487,73.45552146818392,6.94700437295348e-08,1.128,2.659089633979322e-09,6.02484860461415e-10,4.968097169876147e-09,True,True,False,False,False,1,C detectable but sub-material,Screen recharge or recovery plans for liquefaction sensitivity,sub-material increase,6.357693,1.6905675552322896e-08
Hubballi,IN,15.34776,75.13378,943788,0.0547479081197656,464.9909057617188,1.37331197070273,73.64393719685143,3.837254522836757e-08,2.2387,1.7955698116368267e-09,1.0197903201284428e-09,1.7955698116368267e-09,True,False,True,False,False,1,C detectable but sub-material,Screen recharge or recovery plans for liquefaction sensitivity,sub-material increase,0.943788,1.6946372413850974e-09
Xingtai,CN,37.06217,114.49272,798770,0.1481206,230.0706481933593,5.004959182116465,86.12211140604973,1.142212387886344e-08,2.0652,8.13152979229807e-10,2.9207090157748325e-10,1.4154820797774927e-09,True,True,True,False,False,2,C detectable but sub-material,Screen recharge or recovery plans for liquefaction sensitivity,sub-material increase,0.79877,6.49522205219393e-10
Nairobi,KE,-1.28333,36.81667,4397073,0.0624027300000072,394.0188293457031,0.106813153276903,74.96640039668605,4.544787030866318e-08,1.1129,1.6194035317150484e-10,1.6194035317150484e-10,1.6194035317150484e-10,True,False,True,False,False,1,C detectable but sub-material,Screen recharge or recovery plans for liquefaction sensitivity,sub-material increase,4.397073,7.120635545408882e-10
Coimbatore,IN,11.00555,76.96612,2136916,0.0912118499914439,322.4190979003906,2.2125581750210017,91.243074911898,2.4398304841092003e-09,1.76,1.4726694366623784e-10,4.9425487201716965e-11,1.8655024607090488e-10,True,True,True,False,False,2,C detectable but sub-material,Screen recharge or recovery plans for liquefaction sensitivity,sub-material increase,2.136916,3.1469708819148226e-10
Zaozhuang,CN,34.86472,117.55417,899753,0.0514844965701924,253.9835968017578,7.904173342488775,89.10527496928707,3.573080349681337e-09,0.5173,6.208339533298919e-11,4.138151729356894e-12,1.283391950671215e-10,True,True,True,False,False,2,C detectable but sub-material,Screen recharge or recovery plans for liquefaction sensitivity,sub-material increase,0.899753,5.5859721201043025e-11
Madurai,IN,9.919,78.11953,1465625,0.0518413650634364,229.1698608398437,12.314030670634054,96.29667618826151,9.385351897581616e-10,0.863,2.7362822284118792e-11,5.401651876001717e-12,5.314701728864284e-11,True,True,False,False,False,1,C detectable but sub-material,Screen recharge or recovery plans for liquefaction sensitivity,sub-material increase,1.465625,4.0103636410161605e-11
Baoding,CN,38.87288,115.46246,2739887,0.1072925044906819,201.0353240966797,10.040436408026268,97.73415394827522,1.0100572790042162e-09,0.7306,2.4875028401400063e-11,8.673928572200365e-12,4.321537689269801e-11,True,True,False,False,False,1,C detectable but sub-material,Screen recharge or recovery plans for liquefaction sensitivity,sub-material increase,2.739887,6.815476694162682e-11
Pekanbaru,ID,0.51667,101.44167,1085000,0.1002372737678649,203.2120513916016,0.6256198977645795,102.23814659471654,1.724240074095032e-09,0.389,2.248057758831729e-11,6.600422360437899e-12,3.629812847984543e-11,True,True,True,False,False,2,C detectable but sub-material,Screen recharge or recovery plans for liquefaction sensitivity,sub-material increase,1.085,2.4391426683324257e-11
Shangqiu,CN,34.4143,115.65613,1859723,0.0612330999999998,205.05328369140625,0.4730296787976158,100.64752208277586,6.83190217490947e-10,0.9261,1.0846740032236544e-11,4.076048185910191e-12,1.0846740032236544e-11,True,True,True,False,False,2,C detectable but sub-material,Screen recharge or recovery plans for liquefaction sensitivity,sub-material increase,1.859723,2.0171931912971042e-11
Kigali,RW,-1.94995,30.05885,1132686,0.0795449316772242,438.3205871582031,146.8070496681163,81.99603921595634,7.319348696132549e-11,3.3303,8.584281793849532e-12,3.262071047371868e-12,1.4875974755294908e-11,True,False,False,False,False,0,C detectable but sub-material,Screen recharge or recovery plans for liquefaction sensitivity,sub-material increase,1.132686,9.723295807948252e-12
Taiz,YE,13.57952,44.02091,940600,0.0585731727777385,518.7100830078125,90.21133745326928,78.44383653665069,4.67000085026699e-10,0.3041,4.753116036940412e-12,1.0058057625953393e-12,8.95860757882085e-12,True,False,False,False,False,0,C detectable but sub-material,Screen recharge or recovery plans for liquefaction sensitivity,sub-material increase,0.9406,4.470780944346152e-12
Changchun,CN,43.88,125.32278,4714996,0.0634228002268415,344.11676025390625,0.0457770656901175,89.42604805737493,2.4307989623123874e-09,1.0533,3.708277976184314e-12,3.708277976184314e-12,3.708277976184314e-12,True,True,True,False,False,2,C detectable but sub-material,Screen recharge or recovery plans for liquefaction sensitivity,sub-material increase,4.714996,1.7484515824597136e-11
Teni,IN,10.01115,77.47772,1034724,0.0889033836992875,238.12823486328125,0.3509575036240449,119.18791036897882,1.5713325216523356e-11,0.7001,1.8471710406842525e-13,6.501805241307181e-14,1.8471710406842525e-13,True,True,True,False,False,2,C detectable but sub-material,Screen recharge or recovery plans for liquefaction sensitivity,sub-material increase,1.034724,1.9113122079009726e-13
Ulan Bator,MN,47.90771,106.88324,844818,0.0670028685074193,389.903564453125,0.9308003356985068,117.51593605491983,4.995217178720972e-12,0.7594,1.2792988126430438e-13,4.9406072772576495e-14,1.572545226667369e-13,True,False,True,False,False,1,C detectable but sub-material,Screen recharge or recovery plans for liquefaction sensitivity,sub-material increase,0.844818,1.080774664299471e-13
Hyderabad,IN,17.38405,78.45636,6993262,0.0742353288629107,457.4314575195313,2.868696116578974,124.9129820000264,1.0264636424274304e-12,2.9418,1.028918604337368e-13,3.761268764456147e-14,1.028918604337368e-13,True,False,True,False,False,1,C detectable but sub-material,Screen recharge or recovery plans for liquefaction sensitivity,sub-material increase,6.993262,7.19549737680555e-13
Ibb,YE,13.96667,44.18333,771514,0.0532805400032114,606.5333251953125,90.9132524605173,101.15049582871416,3.1482346231131906e-12,0.3041,3.2042659010053763e-14,6.944385737651232e-15,6.089330108224892e-14,True,False,False,False,False,0,C detectable but sub-material,Screen recharge or recovery plans for liquefaction sensitivity,sub-material increase,0.771514,2.472136002348262e-14
Navi Mumbai,IN,19.03681,73.01582,2600000,0.1217893695201236,331.6882019042969,5.684341886080804e-14,2.9449367549001586,0.3809485933664936,1.4173,4.996003610813204e-16,4.996003610813204e-16,4.996003610813204e-16,True,True,True,True,False,3,C detectable but sub-material,Screen recharge or recovery plans for liquefaction sensitivity,sub-material increase,2.6,1.2989609388114333e-15
Sakai,JP,34.58216,135.46653,826161,0.3961307725316076,159.6999969482422,5.684341886080804e-14,4.702428708779064,0.5145080846281008,0.3534,4.440892098500626e-16,4.440892098500626e-16,4.440892098500626e-16,True,True,True,True,True,4,C detectable but sub-material,Screen recharge or recovery plans for liquefaction sensitivity,sub-material increase,0.826161,3.668891856989376e-16
Pudong,CN,31.23995,121.50094,5681512,0.0548643,234.18467712402344,5.684341886080804e-14,0.9628049965868484,0.3249474211770942,0.6576,4.440892098500626e-16,4.440892098500626e-16,4.440892098500626e-16,True,True,True,True,False,3,C detectable but sub-material,Screen recharge or recovery plans for liquefaction sensitivity,sub-material increase,5.681512,2.523098174833649e-15
Kawasaki,JP,35.52056,139.71722,1538262,0.6526173009763581,150.6999969482422,5.684341886080804e-14,4.7299740992182135,0.6042994598328536,1.5877,4.440892098500626e-16,4.440892098500626e-16,4.440892098500626e-16,True,True,True,True,True,4,C detectable but sub-material,Screen recharge or recovery plans for liquefaction sensitivity,sub-material increase,1.538262,6.83125556122377e-16
Taguig,PH,14.5243,121.0792,1308085,0.3682486999999998,215.34266662597656,5.684341886080804e-14,10.262590930682526,0.2355606880829783,0.3367,3.8857805861880484e-16,3.8857805861880484e-16,3.8857805861880484e-16,True,True,True,False,True,3,C detectable but sub-material,Screen recharge or recovery plans for liquefaction sensitivity,sub-material increase,1.308085,5.082931298083793e-16
Shubrā al Khaymah,EG,30.12511,31.25053,1240289,0.2214394999999993,240.82977294921875,5.684341886080804e-14,0.7160351281105645,0.3066321982836076,0.1375,3.8857805861880484e-16,3.8857805861880484e-16,3.8857805861880484e-16,True,True,True,True,True,4,C detectable but sub-material,Screen recharge or recovery plans for liquefaction sensitivity,sub-material increase,1.240289,4.819490917462588e-16
Yangpu,CN,31.26193,121.51904,1210800,0.0545040442712518,238.46218872070312,5.684341886080804e-14,1.4397563704997285,0.2960850909603779,0.6576,3.8857805861880484e-16,3.8857805861880484e-16,3.8857805861880484e-16,True,True,True,True,False,3,C detectable but sub-material,Screen recharge or recovery plans for liquefaction sensitivity,sub-material increase,1.2108,4.704903133756489e-16
Zamboanga,PH,6.91028,122.07389,1018849,0.2637117133536004,251.51161193847656,5.684341886080804e-14,1.848680897817665,0.4424022693033588,0.2715,3.8857805861880484e-16,3.8857805861880484e-16,3.8857805861880484e-16,True,True,True,True,True,4,C detectable but sub-material,Screen recharge or recovery plans for liquefaction sensitivity,sub-material increase,1.018849,3.9590236644571067e-16
Rui’an,CN,27.77605,120.65859,927383,0.0790537299212845,225.30406188964844,5.684341886080804e-14,2.6020261697394584,0.3469115079394907,0.2598,3.8857805861880484e-16,3.8857805861880484e-16,3.8857805861880484e-16,True,True,True,True,False,3,C detectable but sub-material,Screen recharge or recovery plans for liquefaction sensitivity,sub-material increase,0.927383,3.603606857360831e-16
Osaka,JP,34.69379,135.50107,2753862,0.3697804212391887,260.20001220703125,5.684341886080804e-14,8.060177663586122,0.172397564419732,0.3534,3.05311331771918e-16,3.05311331771918e-16,3.05311331771918e-16,True,True,True,False,True,3,C detectable but sub-material,Screen recharge or recovery plans for liquefaction sensitivity,sub-material increase,2.753862,8.407852747360776e-16
Cairo,EG,30.06263,31.24967,9606916,0.2230294118225173,218.0430908203125,5.684341886080804e-14,5.9000890831617525,0.1560809083036773,0.1375,2.498001805406602e-16,2.498001805406602e-16,2.498001805406602e-16,True,True,True,False,True,3,C detectable but sub-material,Screen recharge or recovery plans for liquefaction sensitivity,sub-material increase,9.606916,2.3998093512389573e-15
Huludao,CN,40.75243,120.83552,944495,0.0637216438575618,206.0533447265625,5.684341886080804e-14,7.778257301568918,0.1098320019487978,1.2492,1.8041124150158799e-16,1.8041124150158799e-16,1.8041124150158799e-16,True,True,True,False,False,2,C detectable but sub-material,Screen recharge or recovery plans for liquefaction sensitivity,sub-material increase,0.944495,1.7039751554204235e-16
Wanzhou,CN,30.76451,108.39586,1545900,0.0686881409288709,555.062255859375,5.684341886080804e-14,2.542458612805788,0.0757466344569816,0.8416,1.249000902703301e-16,1.249000902703301e-16,1.249000902703301e-16,True,False,True,True,False,2,C detectable but sub-material,Screen recharge or recovery plans for liquefaction sensitivity,sub-material increase,1.5459,1.9308304954890332e-16
Aden,YE,12.77957,45.03852,1079670,0.1397681999999957,423.1080017089844,5.684341886080804e-14,2.570549106771659,0.0819829554570582,0.2321,1.249000902703301e-16,1.249000902703301e-16,1.249000902703301e-16,True,False,True,True,False,2,C detectable but sub-material,Screen recharge or recovery plans for liquefaction sensitivity,sub-material increase,1.07967,1.348508804621673e-16
Bhopal,IN,23.25469,77.40289,1798218,0.0656964099919073,396.8281555175781,5.684341886080804e-14,5.806972527642484,0.0683674161947415,1.675,1.1102230246251563e-16,1.1102230246251563e-16,1.1102230246251563e-16,True,False,True,False,False,1,C detectable but sub-material,Screen recharge or recovery plans for liquefaction sensitivity,sub-material increase,1.798218,1.9964230268953994e-16
Kakamega,KE,0.28422,34.75229,1867579,0.0544357799794899,375.9353332519531,20.080872816052533,163.28163872308917,5.229399026762879e-16,3.8168,7.087400801883261e-17,2.667913240162617e-17,1.2473330492245596e-16,True,False,False,False,False,0,C detectable but sub-material,Screen recharge or recovery plans for liquefaction sensitivity,sub-material increase,1.867579,1.323628090218034e-16
Lilongwe,MW,-13.96692,33.78725,1115815,0.1319032000000003,288.5593566894531,4.1962310215915295,163.50372875700162,1.0943603801378829e-15,1.3916,5.1906355558566127e-17,1.1318842818538046e-17,9.536612556699404e-17,True,True,True,False,False,2,C detectable but sub-material,Screen recharge or recovery plans for liquefaction sensitivity,sub-material increase,1.115815,5.791789012758146e-17
Saitama,JP,35.90807,139.65657,1324854,0.5603807087562043,200.3999938964844,5.684341886080804e-14,21.692457016899937,0.0233895105436295,1.5877,4.163336342344337e-17,4.163336342344337e-17,4.163336342344337e-17,True,True,True,False,True,3,C detectable but sub-material,Screen recharge or recovery plans for liquefaction sensitivity,sub-material increase,1.324854,5.515812806500264e-17
Shijiazhuang,CN,38.04139,114.47861,3938513,0.118746899999866,221.0971069335937,7.202258335240742,168.2098827174035,4.955505700614727e-16,2.0652,3.5278765281167854e-17,1.291435915151446e-17,6.082965559604477e-17,True,True,True,False,False,2,C detectable but sub-material,Screen recharge or recovery plans for liquefaction sensitivity,sub-material increase,3.938513,1.3894587568382824e-16
Kampung Baru Subang,MY,3.15,101.53333,833571,0.0515035017817863,263.61822509765625,5.684341886080804e-14,20.40473050758888,0.0137350515846297,0.8591,2.4286128663675305e-17,2.4286128663675305e-17,2.4286128663675305e-17,True,True,True,False,False,2,C detectable but sub-material,Screen recharge or recovery plans for liquefaction sensitivity,sub-material increase,0.833571,2.0244212556308488e-17
Shiyan,CN,32.6475,110.77806,3460000,0.0575011800151797,298.7441101074219,5.684341886080804e-14,18.2416409761922,0.0083469353879359,0.5956,1.3877787807814457e-17,1.3877787807814457e-17,1.3877787807814457e-17,True,True,True,False,False,2,C detectable but sub-material,Screen recharge or recovery plans for liquefaction sensitivity,sub-material increase,3.46,4.801714581503802e-17
Cúcuta,CO,7.90745,-72.5049,777106,0.3421606999999999,394.21624755859375,5.684341886080804e-14,31.744940504524337,0.0009125291671957,1.5072,1.734723475976807e-18,1.734723475976807e-18,1.734723475976807e-18,True,False,True,False,True,2,C detectable but sub-material,Screen recharge or recovery plans for liquefaction sensitivity,sub-material increase,0.777106,1.3480640215224326e-18
Yancheng,CN,33.3575,120.1573,1615717,0.0926327899996998,206.17608642578125,5.684341886080804e-14,43.20952082615922,0.0001188561862358,0.2108,2.1684043449710093e-19,2.1684043449710093e-19,2.1684043449710093e-19,True,True,True,False,False,2,C detectable but sub-material,Screen recharge or recovery plans for liquefaction sensitivity,sub-material increase,1.615717,3.5035277630435246e-19
Cheongju-si,KR,36.63722,127.48972,852147,0.1316890549833704,470.4707336425781,5.684341886080804e-14,52.69009154855256,4.649488768202305e-06,0.59,7.623296525288703e-21,7.623296525288703e-21,7.623296525288703e-21,True,False,True,False,False,1,C detectable but sub-material,Screen recharge or recovery plans for liquefaction sensitivity,sub-material increase,0.852147,6.496169264135193e-21
Benxi,CN,41.28861,123.765,987717,0.0821459299999999,656.154541015625,21.637293049515563,93.11246825330252,0.0,1.9705,0.0,0.0,0.0,True,False,False,False,False,0,C detectable but sub-material,Maintain periodic groundwater and hazard-map updates,near zero,0.987717,0.0
Longyan,CN,25.07485,117.01775,1025087,0.071305121177354,668.2405395507812,5.684341886080804e-14,3.988065928335818,0.0,-0.5993,0.0,0.0,0.0,True,False,True,True,False,2,C detectable but sub-material,Maintain periodic groundwater and hazard-map updates,near zero,1.025087,0.0
Guang’an,CN,30.47413,106.63696,858159,0.0617389367804756,900.0,11.383230334935549,36.57955758059786,0.0,0.8708,0.0,0.0,0.0,True,False,False,False,False,0,C detectable but sub-material,Maintain periodic groundwater and hazard-map updates,near zero,0.858159,0.0
Wanxian,CN,30.81601,108.37407,859662,0.06553053,879.706298828125,143.40428778515297,3.5505628796640183,0.0,0.8416,0.0,0.0,0.0,True,False,False,True,False,1,C detectable but sub-material,Maintain periodic groundwater and hazard-map updates,near zero,0.859662,0.0
Seongnam-si,KR,37.43861,127.13778,914832,0.1251497073317258,841.6481323242188,0.8697642481117214,8.27514052387191,0.0,0.6391,0.0,0.0,0.0,True,False,True,False,False,1,C detectable but sub-material,Maintain periodic groundwater and hazard-map updates,near zero,0.914832,0.0
Xiamen,CN,24.47979,118.08187,4617251,0.0827425507996686,700.76904296875,0.0152590218967247,0.2851776679329127,0.0,-0.1349,0.0,0.0,0.0,True,False,True,True,False,2,C detectable but sub-material,Maintain periodic groundwater and hazard-map updates,near zero,4.617251,0.0
Weihai,CN,37.50914,122.11356,844310,0.11579407809397,900.0,2.792401007095464,2.1526573331981536,0.0,1.0586,0.0,0.0,0.0,True,False,True,True,False,2,C detectable but sub-material,Maintain periodic groundwater and hazard-map updates,near zero,0.84431,0.0
Kobe,JP,34.6913,135.183,1525152,0.3464501999999914,775.5,0.4119935912108303,1.8435619871600344,0.0,0.3534,0.0,0.0,0.0,True,False,True,True,True,3,C detectable but sub-material,Maintain periodic groundwater and hazard-map updates,near zero,1.525152,0.0
Bazhong,CN,31.8694,106.74432,2712894,0.0669995699998099,864.8499755859375,101.89974822613874,72.91542454912583,0.0,0.688,0.0,0.0,0.0,True,False,False,False,False,0,C detectable but sub-material,Maintain periodic groundwater and hazard-map updates,near zero,2.712894,0.0
Zunyi,CN,27.68667,106.90722,2037775,0.0692180620677416,900.0,26.21499961852448,37.40682924827924,0.0,-0.5637,0.0,0.0,0.0,True,False,False,False,False,0,C detectable but sub-material,Maintain periodic groundwater and hazard-map updates,near zero,2.037775,0.0
Montréal,CA,45.50884,-73.58781,1762949,0.1345321564491395,900.0,45.10566872663463,3.906986263742583,0.0,-0.1184,0.0,0.0,0.0,True,False,False,True,False,1,C detectable but sub-material,Maintain periodic groundwater and hazard-map updates,near zero,1.762949,0.0
La Paz,BO,-16.5,-68.15,2004652,0.2280680000698181,826.513671875,33.09681849393456,83.35432659603939,0.0,-0.9263,0.0,0.0,0.0,True,False,False,False,True,1,C detectable but sub-material,Maintain periodic groundwater and hazard-map updates,near zero,2.004652,0.0
Yantai,CN,37.47649,121.44081,2227733,0.06942275,887.8772583007812,21.515220874341992,2.638846042441408,0.0,1.0586,0.0,0.0,0.0,True,False,False,True,False,1,C detectable but sub-material,Maintain periodic groundwater and hazard-map updates,near zero,2.227733,0.0
Bukavu,CD,-2.49077,28.84281,816811,0.2586775108511142,696.26416015625,11.581597619592628,2.505964048618972,0.0,2.157,0.0,0.0,0.0,True,False,False,True,True,2,C detectable but sub-material,Maintain periodic groundwater and hazard-map updates,near zero,0.816811,0.0
Guiyang,CN,26.58333,106.71667,3037159,0.0515039400000423,713.9971313476562,25.3757534142062,49.840495897988895,0.0,-0.4032,0.0,0.0,0.0,True,False,False,False,False,0,C detectable but sub-material,Maintain periodic groundwater and hazard-map updates,near zero,3.037159,0.0
Quetta,PK,30.18414,67.00141,1565546,0.2636647003322439,349.1476745605469,31.494621194781416,285.74772380420507,3.3659313823889644e-27,-0.3758,-4.185927386786497e-29,-8.46358463028733e-29,-3.669633093374232e-30,True,True,False,False,True,2,C detectable but sub-material,Assess depletion jointly with subsidence and water-security loss,sub-material decrease,1.565546,6.553261876674053e-29
Ürümqi,CN,43.80096,87.60046,3029372,0.2520546002296858,329.3302307128906,0.7171740291447577,218.11113452115293,1.1145676948944192e-20,-3.8585,-1.3439003471778378e-21,-2.151649087138632e-21,-5.759310867985472e-22,True,True,True,False,True,3,C detectable but sub-material,Assess depletion jointly with subsidence and water-security loss,sub-material decrease,3.029372,4.071174082530821e-21
Qom,IR,34.6401,50.8764,900000,0.2228387004565928,246.07989501953125,8.85023270008395,190.1913582029917,4.3909513827929786e-18,-0.769,-1.1101468390129985e-19,-1.9943380202824729e-19,-3.2091442500580633e-20,True,True,True,False,True,3,C detectable but sub-material,Assess depletion jointly with subsidence and water-security loss,sub-material decrease,0.9,9.991321551116986e-20
Shiraz,IR,29.61031,52.53113,1249942,0.2974346085091356,284.4859619140625,2.166781109330941,167.06127136375858,5.2290787139338675e-16,-1.3286,-2.263038642283979e-17,-3.846708834544004e-17,-7.895122050772375e-18,True,True,True,False,True,3,C detectable but sub-material,Assess depletion jointly with subsidence and water-security loss,sub-material decrease,1.249942,2.8286670466137214e-17
Jodhpur,IN,26.26841,73.00594,1056191,0.0838126802212359,333.015625,18.60074769207296,163.01573723634954,3.8000499463390326e-16,-2.6459,-3.204903241899323e-17,-5.319472350538727e-17,-1.2194991767971264e-17,True,True,False,False,False,1,C detectable but sub-material,Assess depletion jointly with subsidence and water-security loss,sub-material decrease,1.056191,3.384989959964888e-17
Bishkek,KG,42.87,74.59,900000,0.2286191,446.03271484375,6.240939955748843,141.11167410704277,4.126370568394903e-14,-0.6183,-8.4090793201569055e-16,-1.4486370010423885e-15,-2.6938618686137437e-16,True,False,True,False,True,2,C detectable but sub-material,Assess depletion jointly with subsidence and water-security loss,sub-material decrease,0.9,7.568171388141215e-16
Konya,TR,37.87135,32.48464,1433861,0.1308908002953623,228.1295166015625,5.8136873426413445,151.85653315660343,1.4210275223892351e-14,-3.7459,-1.666471201814658e-15,-2.6872412985793534e-15,-6.98627446874893e-16,True,True,True,False,False,2,C detectable but sub-material,Assess depletion jointly with subsidence and water-security loss,sub-material decrease,1.433861,2.3894880639051672e-15
Gorakhpur,IN,29.44768,75.67206,1324570,0.1145384535457551,226.0667419433593,34.1954680704967,134.67239888467972,1.7912201700453594e-13,-8.4765,-4.405112279938319e-14,-6.74860297602858e-14,-1.9751829331127902e-14,True,True,False,False,False,1,C detectable but sub-material,Assess depletion jointly with subsidence and water-security loss,sub-material decrease,1.32457,5.8348795726379e-14
Sulaymaniyah,IQ,35.56496,45.4329,878146,0.2492028713214842,525.6239624023438,3.555352101930282,120.1914653154235,3.0047582591419828e-12,-1.2696,-1.243862992681345e-13,-2.1762402249592465e-13,-3.4621116535669494e-14,True,False,True,False,True,2,C detectable but sub-material,Assess depletion jointly with subsidence and water-security loss,sub-material decrease,0.878146,1.0922933115711525e-13
Shymkent,KZ,42.30988,69.60042,1200000,0.1657323680398688,309.73211669921875,0.0762951094835102,108.02027800594988,8.491563493643454e-11,-0.7951,-2.218793898742697e-12,-3.77174814807983e-12,-7.297660480222229e-13,True,True,True,False,False,2,C detectable but sub-material,Assess depletion jointly with subsidence and water-security loss,sub-material decrease,1.2,2.6625526784912363e-12
Tehran,IR,35.69439,51.42151,7153309,0.4330289000001777,369.8034057617188,1.2359807736324342,106.9502179461994,8.740793514792776e-11,-3.2319,-8.918518202711793e-12,-1.4358194472828006e-11,-3.649244488309716e-12,True,False,True,False,True,2,C detectable but sub-material,Assess depletion jointly with subsidence and water-security loss,sub-material decrease,7.153309,6.37969165261221e-11
Marrakesh,MA,31.63416,-7.99994,995871,0.1452008,279.8376770019531,34.6227206836042,98.7940385848495,1.8513776601248576e-10,-1.5947,-9.574982613199164e-12,-1.5851267027810963e-11,-4.003189355131074e-12,True,True,False,False,False,1,C detectable but sub-material,Assess depletion jointly with subsidence and water-security loss,sub-material decrease,0.995871,9.535447509989265e-12
Hermosillo,MX,29.08874,-110.96677,812229,0.070163362633263,294.76593017578125,23.025864042114904,90.54734758483518,1.0704711143308707e-09,-0.3792,-1.3432238777995403e-11,-2.3301327946760155e-11,-4.030273583533583e-12,True,True,False,False,False,1,C detectable but sub-material,Assess depletion jointly with subsidence and water-security loss,sub-material decrease,0.812229,1.0910053870412428e-11
Karaj,IR,35.83266,50.99155,1448075,0.3347232003058362,458.1684265136719,6.713969634546459,100.93446446943916,1.556156393289929e-10,-3.2319,-1.5877973888164904e-11,-2.5609298869176305e-11,-6.469481155770007e-12,True,False,True,False,True,2,C detectable but sub-material,Assess depletion jointly with subsidence and water-security loss,sub-material decrease,1.448075,2.2992497038104395e-11
Ordos,CN,39.6086,109.78157,1940653,0.0849750370641149,324.4867553710937,14.969100480659222,96.54588073187392,3.7277357178635927e-10,-2.8592,-3.3855016304000286e-11,-5.36327345875348e-11,-1.4056937527079584e-11,True,True,False,False,False,1,C detectable but sub-material,Assess depletion jointly with subsidence and water-security loss,sub-material decrease,1.940653,6.570083895540707e-11
Quito,EC,-0.22985,-78.52495,2781641,0.5291945128205688,608.2095947265625,39.597161821927216,75.13167151041071,1.1122646050752852e-08,-0.2457,-9.063210276745264e-11,-1.8113116501485388e-10,-7.699795781960066e-12,True,False,False,False,True,1,C detectable but sub-material,Assess depletion jointly with subsidence and water-security loss,sub-material decrease,2.781641,2.5210597297415975e-10
Kirkuk,IQ,35.46806,44.39222,1031000,0.1908058061616414,370.6116027832031,3.006027313649213,87.89915362368748,3.327875631510059e-09,-1.313,-1.42369293986186e-10,-2.5529865622817533e-10,-4.0805937149165777e-11,True,False,True,False,False,1,C detectable but sub-material,Assess depletion jointly with subsidence and water-security loss,sub-material decrease,1.031,1.4678274209975775e-10
Aleppo,SY,36.20124,37.16117,2098210,0.1731152907777781,324.3851013183594,22.247653925383418,80.944667912458,9.12886553909108e-09,-1.1913,-3.5505559854338794e-10,-6.163774325166101e-10,-1.1900178343148768e-10,True,True,False,False,False,1,C detectable but sub-material,Assess depletion jointly with subsidence and water-security loss,sub-material decrease,2.09821,7.44981207419722e-10
Córdoba,AR,-31.40648,-64.18853,2106734,0.0992516499400665,346.3520812988281,0.0152590218967247,82.129533711114,1.4100887189073153e-08,-2.4175,-1.090670243149346e-09,-1.774284087383009e-09,-4.5640295083424515e-10,True,True,True,False,False,2,C detectable but sub-material,Assess depletion jointly with subsidence and water-security loss,sub-material decrease,2.106734,2.2977520840309942e-09
Bannu,PK,32.98527,70.60403,1357890,0.2527685959281018,283.909912109375,15.640497444113862,77.0479338800971,3.6631721514280415e-08,-1.1579,-1.385564428971799e-09,-2.32415339828662e-09,-5.359865970471603e-10,True,True,False,False,True,2,C detectable but sub-material,Assess depletion jointly with subsidence and water-security loss,sub-material decrease,1.35789,1.8814440824565164e-09
Jaipur,IN,26.91962,75.78781,3046163,0.0645149268963529,382.1997375488281,11.810482948043044,78.01301884391924,1.4245384858270133e-08,-4.5934,-2.020510392213274e-09,-3.212790213387525e-09,-8.36645331352179e-10,True,False,False,False,False,0,C detectable but sub-material,Assess depletion jointly with subsidence and water-security loss,sub-material decrease,3.046163,6.154803997875563e-09
Hohhot,CN,40.81056,111.65222,2350000,0.1767671363819321,238.4240264892578,3.204394598306294,77.35917199553887,6.290806186603758e-08,-1.0557,-2.173099577262619e-09,-3.587872826139794e-09,-8.519759310205301e-10,True,True,True,False,False,2,C detectable but sub-material,Assess depletion jointly with subsidence and water-security loss,sub-material decrease,2.35,5.106784006567155e-09
Eskişehir,TR,39.77667,30.52056,921630,0.2589663756735736,255.2709350585937,0.8545052262150534,81.96021192692872,2.8483904913031635e-08,-2.8862,-2.6101603665541622e-09,-4.1759406656902e-09,-1.0735410134495811e-09,True,True,True,False,True,3,C detectable but sub-material,Assess depletion jointly with subsidence and water-security loss,sub-material decrease,0.92163,2.4056020986273123e-09
Almaty,KZ,43.25249,76.9115,1977011,0.3968644310264769,454.9982604980469,5.684341886080804e-14,73.56998639267314,6.55831151062378e-08,-1.4642,-3.1209875317509502e-09,-5.2087187281280015e-09,-1.201082590442087e-09,True,False,True,False,True,2,C detectable but sub-material,Assess depletion jointly with subsidence and water-security loss,sub-material decrease,1.977011,6.170226681134478e-09
Homs,SY,34.72405,36.72559,775404,0.2051711999995663,286.3260498046875,3.616388189517068,68.52741857313096,2.971263683660909e-07,-0.3894,-3.827970111359048e-09,-7.483651880952341e-09,-5.81271080193037e-10,True,True,True,False,True,3,C detectable but sub-material,Assess depletion jointly with subsidence and water-security loss,sub-material decrease,0.775404,2.968223336228251e-09
León de los Aldama,MX,21.12183,-101.68253,1579803,0.0725108399999994,298.2978515625,4.27252613107504,73.25153582460912,8.11754619308019e-08,-3.2531,-8.334039205856399e-09,-1.3708384369227336e-08,-3.310893265787154e-09,True,True,True,False,False,2,C detectable but sub-material,Assess depletion jointly with subsidence and water-security loss,sub-material decrease,1.579803,1.3166140139529557e-08
Santiago,CL,-33.45694,-70.64827,4837295,0.4173637999999916,307.89996337890625,2.395666437781358,67.17842696066505,4.670852977813373e-07,-0.5445,-8.392798256101334e-09,-1.5448759357344206e-08,-1.9397937976486042e-09,True,True,True,False,True,3,C detectable but sub-material,Assess depletion jointly with subsidence and water-security loss,sub-material decrease,4.837295,4.0598441040247706e-08
Kabul,AF,34.52813,69.17233,4434550,0.3410787,372.2310180664063,2.441443503471476,62.74509247334692,7.119544339759629e-07,-1.1962,-2.7802184407922652e-08,-4.553788189166373e-08,-1.028001900619313e-08,True,False,True,False,True,2,C detectable but sub-material,Assess depletion jointly with subsidence and water-security loss,sub-material decrease,4.43455,1.2329017686615338e-07
Erbil,IQ,36.19117,44.00943,1612700,0.1994300000000405,343.24786376953125,1.4190890363927906,62.98119082862433,8.064000658008629e-07,-1.313,-3.4498440596081335e-08,-6.191109863237112e-08,-1.018387188205456e-08,True,True,True,False,False,2,C detectable but sub-material,Assess depletion jointly with subsidence and water-security loss,sub-material decrease,1.6127,5.563563514930037e-08
Tashkent,UZ,41.26465,69.21627,1978028,0.170258,301.8589782714844,15.182726787212973,55.30665842023168,2.6939658649995846e-06,-1.8495,-1.6091052581911517e-07,-2.66971159432134e-07,-6.315944253534603e-08,True,True,False,False,False,1,C detectable but sub-material,Assess depletion jointly with subsidence and water-security loss,sub-material decrease,1.978028,3.182855255649327e-07
Santiago de Querétaro,MX,20.58806,-100.38806,1594212,0.1017961999998979,283.23876953125,0.3356984817273769,57.65609446211876,2.7979482576912805e-06,-3.1198,-2.7608675705370773e-07,-4.498423934873231e-07,-1.1020909837811637e-07,True,True,True,False,False,2,C detectable but sub-material,Assess depletion jointly with subsidence and water-security loss,sub-material decrease,1.594212,4.401408211361055e-07
Ankara,TR,39.91987,32.85427,3517182,0.1666255618933042,432.7453308105469,9.079118028534424,47.80716762693401,7.448007050467005e-06,-2.1996,-5.260375942224583e-07,-8.558670136731087e-07,-2.076114534365986e-07,True,False,True,False,False,1,C detectable but sub-material,Assess depletion jointly with subsidence and water-security loss,sub-material decrease,3.517182,1.8501699577225344e-06
Çankaya,TR,39.9179,32.86268,792189,0.1666255618933042,451.9446411132813,0.5340657663844013,47.093533997494,1.0546700209910275e-05,-2.1996,-7.44889846432645e-07,-1.2259773281186705e-06,-2.970004881385722e-07,True,False,True,False,False,1,C detectable but sub-material,Assess depletion jointly with subsidence and water-security loss,sub-material decrease,0.792189,5.900935425556307e-07
Peshawar,PK,34.008,71.57849,4758762,0.2901222617456738,287.96417236328125,8.209353780422703,50.23090092866646,1.3142100944880227e-05,-2.2067,-9.310823135779052e-07,-1.5141309844905847e-06,-3.556942186080514e-07,True,True,True,False,True,3,C detectable but sub-material,Assess depletion jointly with subsidence and water-security loss,sub-material decrease,4.758762,4.430799132726619e-06
Ciudad Nezahualcoyotl,MX,19.40061,-99.01483,1077208,0.2175630999998143,198.61001586914065,5.684341886080804e-14,54.83326678530531,1.3251017793287787e-05,-2.4499,-1.0381060441043847e-06,-1.7119991033606754e-06,-4.082429525561493e-07,True,True,True,False,True,3,C detectable but sub-material,Assess depletion jointly with subsidence and water-security loss,sub-material decrease,1.077208,1.118256135557596e-06
Ecatepec de Morelos,MX,19.60492,-99.06064,1645352,0.1769872000143959,500.3542175292969,16.510261692225583,42.08730703197381,1.6441702495208754e-05,-2.4499,-1.288065626981514e-06,-2.104704539939585e-06,-4.990809217931159e-07,True,False,False,False,False,0,C detectable but sub-material,Assess depletion jointly with subsidence and water-security loss,sub-material decrease,1.645352,2.119321355485288e-06
Lusaka,ZM,-15.40669,28.28713,2212301,0.0653223858044363,315.5809936523437,16.60181582360576,42.70270298602353,2.7791972952167508e-05,-1.4279,-1.2905227307220935e-06,-2.2945342255049898e-06,-3.150152492160321e-07,True,True,False,False,False,1,C detectable but sub-material,Assess depletion jointly with subsidence and water-security loss,sub-material decrease,2.212301,2.8550247276992183e-06
Gustavo Adolfo Madero,MX,19.49392,-99.11075,1185772,0.208636099855132,467.4730529785156,14.023041123064049,42.26764365722688,2.095295117152477e-05,-2.4499,-1.6414762387937892e-06,-2.708910760907068e-06,-6.398349213374255e-07,True,False,False,False,True,1,C detectable but sub-material,Assess depletion jointly with subsidence and water-security loss,sub-material decrease,1.185772,1.946416562626989e-06
Rawalpindi,PK,33.59733,73.0479,3357612,0.3984775999894386,265.31805419921875,6.500343327992709,48.5603920148053,3.195855593760266e-05,-1.9647,-2.02388264592984e-06,-3.374196933001512e-06,-7.959856320249399e-07,True,True,True,False,True,3,C detectable but sub-material,Assess depletion jointly with subsidence and water-security loss,sub-material decrease,3.357612,6.795412658565782e-06
Gaziantep,TR,37.05944,37.3825,2222415,0.192733631962112,428.8000793457031,0.1220721751736277,43.13763314856911,3.0050663042978227e-05,-2.1107,-2.0395743919534905e-06,-3.30829799412355e-06,-7.805590673588195e-07,True,False,True,False,False,1,C detectable but sub-material,Assess depletion jointly with subsidence and water-security loss,sub-material decrease,2.222415,4.532780722293316e-06
Culiacán,MX,24.80209,-107.39421,808416,0.1008736010758394,375.4324951171875,19.94354161898224,34.02929276481546,0.000111008518238,-0.5729,-2.0974711869263264e-06,-3.849334304154958e-06,-6.063913344336484e-07,True,False,False,False,False,0,C detectable but sub-material,Assess depletion jointly with subsidence and water-security loss,sub-material decrease,0.808416,1.6956292670502332e-06
Iztapalapa,MX,19.35529,-99.06224,1835486,0.2343617999998143,186.9036407470703,5.684341886080804e-14,49.31674439288145,4.739393972824898e-05,-2.4499,-3.7128006164988185e-06,-5.999057356772325e-06,-1.4438530159135775e-06,True,True,True,False,True,3,C detectable but sub-material,Assess depletion jointly with subsidence and water-security loss,sub-material decrease,1.835486,6.81479355237495e-06
Santa Cruz de la Sierra,BO,-17.78629,-63.18117,1831434,0.2547707,268.4552001953125,1.5106431677729688,42.13985582001263,0.0001404673396714,-0.9932,-4.5691481460386255e-06,-7.594745089395625e-06,-1.682403409471638e-06,True,True,True,False,True,3,C detectable but sub-material,Assess depletion jointly with subsidence and water-security loss,sub-material decrease,1.831434,8.368093265692104e-06
Mexico City,MX,19.42847,-99.12766,12294193,0.2219640727916876,212.8583984375,5.684341886080804e-14,43.43998910849127,0.0001212613123174,-2.4499,-9.498860505506256e-06,-1.5587775004513678e-05,-3.7989064044121168e-06,True,True,True,False,True,3,C detectable but sub-material,Assess depletion jointly with subsidence and water-security loss,sub-material decrease,12.294193,0.00011678082433477148
Sargodha,PK,32.08586,72.67418,975886,0.184708032842362,224.9229888916016,16.69336995498594,34.150165997595764,0.0003467951619116,-1.1823,-1.3383785385165867e-05,-2.3378780716511515e-05,-4.683958086746289e-06,True,True,False,False,False,1,C detectable but sub-material,Assess depletion jointly with subsidence and water-security loss,sub-material decrease,0.975886,1.3061048784387978e-05
Faisalabad,PK,31.41554,73.08969,3800193,0.2352902999999999,224.0375213623047,16.174563210498263,36.52755469068954,0.0002317519911347,-2.1694,-1.6148091151211018e-05,-2.59428699413732e-05,-6.188443709814304e-06,True,True,False,False,True,2,C detectable but sub-material,Assess depletion jointly with subsidence and water-security loss,sub-material decrease,3.800193,6.136586295619406e-05
Lüliang,CN,37.5192,111.14436,3346500,0.08261043,405.2712707519531,0.1831082627604132,31.717494205758204,0.000257230974228,-1.9793,-1.640366162603918e-05,-2.6952506599491925e-05,-6.610182891997799e-06,True,False,True,False,False,1,C detectable but sub-material,Assess depletion jointly with subsidence and water-security loss,sub-material decrease,3.3465,5.489485363154011e-05
Naucalpan de Juárez,MX,19.47851,-99.23963,834434,0.2131674108778622,398.6851806640625,19.699397268635096,32.02633587517517,0.0002202033695439,-2.4499,-1.7247795541052162e-05,-2.8743298789274497e-05,-6.756428245433805e-06,True,False,False,False,True,1,C detectable but sub-material,Assess depletion jointly with subsidence and water-security loss,sub-material decrease,0.834434,1.439214702450232e-05
Meerut,IN,28.98002,77.70636,1223184,0.1854663015917488,245.0377349853516,7.84313725490199,35.588906420345765,0.0003893833920947,-2.3689,-2.9525356371625216e-05,-5.579846699585178e-05,-5.803159131214348e-06,True,True,True,False,False,2,C detectable but sub-material,Assess depletion jointly with subsidence and water-security loss,sub-material decrease,1.223184,3.611494350807002e-05
Chandigarh,IN,30.73629,76.7884,970602,0.2426430999999998,319.9261779785156,5.61532005798432,37.932361302421846,0.0001785899187733,-5.6908,-3.082547473202998e-05,-4.6989156038011776e-05,-1.262234826974209e-05,True,True,True,False,True,3,C detectable but sub-material,Assess depletion jointly with subsidence and water-security loss,sub-material decrease,0.970602,2.9919267425857757e-05
Bucharest,RO,44.43225,26.10626,1877155,0.3229623135362622,267.0908203125,0.2899214160372594,35.102746784109364,0.0004701459536148,-2.1168,-3.198525018772758e-05,-5.194403491787572e-05,-1.3047401301552488e-05,True,True,True,False,True,3,C detectable but sub-material,Assess depletion jointly with subsidence and water-security loss,sub-material decrease,1.877155,6.004127231614376e-05
Datong,CN,40.09361,113.29139,1850000,0.2004275999999999,263.5890808105469,4.1809719996948616,28.052323729160864,0.0013707668878951,-0.7504,-3.378351124176497e-05,-5.7123486451394006e-05,-1.2431503136114845e-05,True,True,True,False,True,3,C detectable but sub-material,Assess depletion jointly with subsidence and water-security loss,sub-material decrease,1.85,6.24994957972652e-05
Gujranwala,PK,32.15567,74.18705,2511118,0.1442940429027946,230.1870574951172,17.807278553444746,34.60648428963618,0.0002962394826117,-3.8148,-3.533074269846222e-05,-5.579101306513858e-05,-1.4867690872729045e-05,True,True,False,False,False,1,C detectable but sub-material,Assess depletion jointly with subsidence and water-security loss,sub-material decrease,2.511118,8.871966394347706e-05
Amritsar,IN,31.62234,74.87534,1159227,0.2266374003158889,236.2508087158203,14.450293736171544,36.24051650161184,0.0002723848986916,-6.1073,-5.011482914793282e-05,-7.79040712043593e-05,-2.180987116470521e-05,True,True,False,False,True,2,C detectable but sub-material,Assess depletion jointly with subsidence and water-security loss,sub-material decrease,1.159227,5.8094463048670726e-05
Cochabamba,BO,-17.38195,-66.15995,841276,0.2752713000102564,283.78692626953125,0.0152590218967247,26.976166774381,0.0024375299502243,-1.3577,-0.0001074989858086,-0.0001804165887303,-4.060396653719591e-05,True,True,True,False,True,3,C detectable but sub-material,Assess depletion jointly with subsidence and water-security loss,sub-material decrease,0.841276,9.043631678511577e-05
Milan,IT,45.46427,9.18951,1371498,0.0906286899990103,236.84722900390625,10.055695429922991,26.356962115957,0.0020290022551299,-1.7761,-0.0001163008848194,-0.0001946314980619,-4.3637031731898985e-05,True,True,False,False,False,1,C detectable but sub-material,Assess depletion jointly with subsidence and water-security loss,sub-material decrease,1.371498,0.00015950643092803746
Karbala,IQ,32.61603,44.02488,1218732,0.1316135122730927,266.0051574707031,3.93682764934772,18.32849958572826,0.0074522122323339,-0.5238,-0.0001279146362438,-0.0002407945510793,-3.165225261132366e-05,True,True,True,False,False,2,C detectable but sub-material,Assess depletion jointly with subsidence and water-security loss,sub-material decrease,1.218732,0.00015589366045867884
Gurugram,IN,28.4601,77.02635,886519,0.245183804485506,272.1584167480469,5.706874189364498,27.08891191930653,0.0018697660882393,-2.3689,-0.0001415826789553,-0.000271382421135,-2.749716969021741e-05,True,True,True,False,True,3,C detectable but sub-material,Assess depletion jointly with subsidence and water-security loss,sub-material decrease,0.886519,0.0001255157349647736
Abū Ghurayb,IQ,33.30563,44.18477,900000,0.0786549269613512,229.891357421875,20.73701075761045,17.7403234107251,0.0055141522004658,-0.8459,-0.0001523367858627,-0.0002689665148605,-4.045294125252053e-05,True,True,False,False,False,1,C detectable but sub-material,Assess depletion jointly with subsidence and water-security loss,sub-material decrease,0.9,0.00013710310727643
Jalandhar,IN,31.32556,75.57917,868929,0.2688223032851797,234.9681854248047,8.682383459220318,32.012843260117485,0.0008477983053429,-6.1073,-0.0001559091938008,-0.0002427801923025,-6.756998820772736e-05,True,True,True,False,True,3,C detectable but sub-material,Assess depletion jointly with subsidence and water-security loss,sub-material decrease,0.868929,0.00013547401986013533
Bursa,TR,40.19559,29.06013,3101833,0.4104262999848779,534.7181396484375,2.1362630655375483,18.907002207839582,0.0035514111433837,-1.8334,-0.0002096325866145,-0.0003562723065775,-7.945096041619885e-05,True,False,True,False,True,2,C detectable but sub-material,Assess depletion jointly with subsidence and water-security loss,sub-material decrease,3.101833,0.0006502452750362143
İzmir,TR,38.41273,27.13838,2938292,0.7108020999973488,527.6024169921875,90.42496375982302,2.3178310335841,0.007263523014183,-1.1472,-0.0002703422480119,-0.0004684167380123,-9.227558934960866e-05,True,False,False,True,True,2,C detectable but sub-material,Assess depletion jointly with subsidence and water-security loss,sub-material decrease,2.938292,0.0007943444645953817
Trujillo,PE,-8.11599,-79.02998,919899,0.6669608730816291,292.241455078125,18.76859693293665,7.293542108476252,0.0573726295128801,-0.166,-0.0002982185846655,-0.0005774184386381,-3.3486568258275434e-05,True,True,False,False,True,2,C detectable but sub-material,Assess depletion jointly with subsidence and water-security loss,sub-material decrease,0.919899,0.0002743309778152088
Algiers,DZ,36.73225,3.08746,2364230,0.360220200010265,441.31878662109375,52.33844510566877,2.5318003149771924,0.0274659699264211,-0.3448,-0.0003050398441828,-0.0005143570435713,-0.0001120205104485,True,False,False,True,True,2,C detectable but sub-material,Assess depletion jointly with subsidence and water-security loss,sub-material decrease,2.36423,0.0007211843508123012
Malatya,TR,38.35018,38.31667,750491,0.2950226995043289,395.4807434082031,0.8850232700084462,19.097429352391543,0.0052124798876807,-1.8667,-0.0003126091903371,-0.0005327654926493,-0.0001068075362519,True,False,True,False,True,2,C detectable but sub-material,Assess depletion jointly with subsidence and water-security loss,sub-material decrease,0.750491,0.00023461038386528052
Sofia,BG,42.69751,23.32415,1152556,0.2816335999999533,298.1591796875,12.61921110856798,21.31815767610219,0.004160351125015,-2.487,-0.0003294000406889,-0.0005440296769141,-0.0001328204251581,True,True,False,False,True,2,C detectable but sub-material,Assess depletion jointly with subsidence and water-security loss,sub-material decrease,1.152556,0.0003796519932962358
Kayseri,TR,38.73222,35.48528,1452458,0.1602327415417343,237.0069732666016,0.671396963454697,25.2353942423577,0.0031482191456256,-3.4303,-0.0003388840098605,-0.0005384482264562,-0.0001406184876456,True,True,True,False,False,2,C detectable but sub-material,Assess depletion jointly with subsidence and water-security loss,sub-material decrease,1.452458,0.0004922147911939622
Lima,PE,-12.04318,-77.02824,7737002,0.5729318000000077,326.41680908203125,8.041504539559014,8.338886876920188,0.0513040289325409,-0.2668,-0.0004307030093199,-0.0008481933934658,-7.231655320688636e-05,True,True,True,False,True,3,C detectable but sub-material,Assess depletion jointly with subsidence and water-security loss,sub-material decrease,7.737002,0.003332350044514085
Tbilisi,GE,41.69143,44.83412,1049498,0.2589542,537.6358032226562,43.32036316472119,1.715992670810635,0.025422337319182,-0.59,-0.000482262754851,-0.0009315776647431,-6.32724690076167e-05,True,False,False,True,True,2,C detectable but sub-material,Assess depletion jointly with subsidence and water-security loss,sub-material decrease,1.049498,0.0005061337966906148
Adana,TR,36.98615,35.32531,1816750,0.244605180957939,237.5637664794922,12.268253604943936,21.956628132559462,0.0056747011359794,-3.1756,-0.0005665372238081,-0.0009055858770178,-0.0002289927560383,True,True,False,False,True,2,C detectable but sub-material,Assess depletion jointly with subsidence and water-security loss,sub-material decrease,1.81675,0.0010292565013533656
Budapest,HU,47.49835,19.04045,1741041,0.0753313029959833,425.91802978515625,39.71923399710079,1.0130254947993622,0.0327839337810982,-0.5819,-0.0006089050159503,-0.0010581943835471,-0.0001769050994264,True,False,False,True,False,1,C detectable but sub-material,Assess depletion jointly with subsidence and water-security loss,sub-material decrease,1.741041,0.0010601285978751262
Yinchuan,CN,38.46806,106.27306,1487579,0.1974322000193669,228.0862274169922,13.992523079270654,16.630109896740148,0.0121897697164931,-1.7919,-0.0006979767837894,-0.0011318619419471,-0.0002857498733156,True,True,False,False,False,1,C detectable but sub-material,Assess depletion jointly with subsidence and water-security loss,sub-material decrease,1.487579,0.001038295606052652
Najafgarh,IN,28.60922,76.97982,1365000,0.2602816118756782,234.36016845703125,3.7079423208972457,25.294214139545574,0.003834939790283,-6.5892,-0.0007532157173897,-0.0011857467973317,-0.0003209768532652,True,True,True,False,True,3,C detectable but sub-material,Assess depletion jointly with subsidence and water-security loss,sub-material decrease,1.365,0.0010281394542369403
Baotou,CN,40.6516,109.84389,2150000,0.1640915259445369,258.5539245605469,6.62241550316628,15.137723399665887,0.016489428415869,-1.46,-0.0007702065404044,-0.0012794852015627,-0.000306123870599,True,True,True,False,False,2,C detectable but sub-material,Assess depletion jointly with subsidence and water-security loss,sub-material decrease,2.15,0.00165594406186946
Sialkot,PK,32.49268,74.53134,911817,0.2226351088871861,252.8179931640625,6.042572671091818,21.967043960570752,0.0065735248430045,-3.8148,-0.0007796467880671,-0.0012732168507318,-0.0003230324885508,True,True,True,False,True,3,C detectable but sub-material,Assess depletion jointly with subsidence and water-security loss,sub-material decrease,0.911817,0.000710895195354979
Erzurum,TR,39.90861,41.27694,767848,0.3338670945674483,477.9228515625,0.5798428320745188,8.1118468446616,0.0360108843718067,-0.781,-0.0008920058235072,-0.0017476022308302,-9.38045852690119e-05,True,False,True,False,True,2,C detectable but sub-material,Assess depletion jointly with subsidence and water-security loss,sub-material decrease,0.767848,0.0006849248875683565
Vienna,AT,48.20849,16.37208,1691468,0.0797164551533543,373.5909118652344,11.062790875104952,4.038805725414847,0.059810513091459,-0.538,-0.0009995313420966,-0.0018493210557953,-0.0002742804008959,True,False,False,True,False,1,C detectable but sub-material,Assess depletion jointly with subsidence and water-security loss,sub-material decrease,1.691468,0.0016906752801534519
Fes,MA,34.03313,-5.00028,1191905,0.217885838432581,349.4361572265625,22.09506370641645,9.304042507932788,0.0230504613517648,-1.5972,-0.0011678201209472,-0.0018875402084058,-0.0004854730630471,True,True,False,False,True,2,C detectable but sub-material,Assess depletion jointly with subsidence and water-security loss,sub-material decrease,1.191905,0.0013919306412575724
Oran,DZ,35.69906,-0.63588,803329,0.35129380212298,469.12841796875,32.42542153047992,2.3825713674305344,0.0399269411081834,-0.9452,-0.0011892114031741,-0.0019511476856671,-0.0004825635113866,True,False,False,True,True,2,C detectable but sub-material,Assess depletion jointly with subsidence and water-security loss,sub-material decrease,0.803329,0.0009553280073004465
Sadr City,IQ,33.3889,44.4583,1211849,0.08109344,229.61187744140625,14.05355916685744,8.401801457459626,0.0459556637075838,-0.8459,-0.0012193354934096,-0.0022528382921374,-0.0003308124415848,True,True,False,False,False,1,C detectable but sub-material,Assess depletion jointly with subsidence and water-security loss,sub-material decrease,1.211849,0.0014776504983529304
Rome,IT,41.89193,12.51133,2318895,0.1219487,282.4848022460937,22.308690012970203,3.0196185810197647,0.105247335258477,-0.4269,-0.0013312110117336,-0.0025592423348869,-0.0002556384910843,True,True,False,True,False,2,C detectable but sub-material,Assess depletion jointly with subsidence and water-security loss,sub-material decrease,2.318895,0.0030869385590539867
Rabat,MA,34.01325,-6.83255,1655753,0.0716719748318391,361.2696228027344,40.05493247882811,3.0863421126778765,0.0286211470369681,-1.5122,-0.0013672601883325,-0.0022683023972634,-0.0005635135417278,True,False,False,True,False,1,C detectable but sub-material,Assess depletion jointly with subsidence and water-security loss,sub-material decrease,1.655753,0.0022638451586121018
Ghāziābād,IN,28.66535,77.43915,1199191,0.2054343120910291,221.97930908203125,5.188067444876822,17.451651417204314,0.0201880796637859,-2.3689,-0.0015027174288339,-0.0026870973454081,-0.0002799456369703,True,True,True,False,True,3,C detectable but sub-material,Assess depletion jointly with subsidence and water-security loss,sub-material decrease,1.199191,0.0018020452162007532
Zapopan,MX,20.72111,-103.38742,1476491,0.1116775796298197,363.3905944824219,25.78774700541697,6.832237292742613,0.0293971474352457,-1.65,-0.0015278527572131,-0.0026180225730679,-0.0005501823259167,True,False,False,False,False,0,C detectable but sub-material,Assess depletion jointly with subsidence and water-security loss,sub-material decrease,1.476491,0.0022558608453503272
Callao,PE,-12.05162,-77.13452,1300000,0.5972655999999986,283.4322509765625,5.684341886080804e-14,2.6418648431257825,0.2324282421087445,-0.2668,-0.0015812622489771,-0.0031700957272176,-0.0002894820556845,True,True,True,True,True,4,C detectable but sub-material,Assess depletion jointly with subsidence and water-security loss,sub-material decrease,1.3,0.0020556409236702302
Belgrade,RS,44.80401,20.46513,1273651,0.1254296751815343,421.4849853515625,41.76394293125816,2.018777414849737,0.0327170503423768,-1.5542,-0.0015988441037686,-0.0026410700836102,-0.0006020328219734,True,False,False,True,False,1,C detectable but sub-material,Assess depletion jointly with subsidence and water-security loss,sub-material decrease,1.273651,0.002036369391608981
Valencia,ES,39.47391,-0.37966,824340,0.0695070899995153,227.9642944335937,9.674219882505554,4.272835929379792,0.1263657683060338,-0.483,-0.0017649770510182,-0.0030276464699829,-0.0005990059938588,True,True,True,True,False,3,C detectable but sub-material,Assess depletion jointly with subsidence and water-security loss,sub-material decrease,0.82434,0.001454941182236343
Naples,IT,40.85216,14.26811,909048,0.1617050012910862,375.1390075683594,0.5951018539711868,1.492898685712159,0.1902317465980152,-0.3455,-0.0017659817446177,-0.0034909986258976,-0.0002052574509794,True,False,True,True,False,2,C detectable but sub-material,Assess depletion jointly with subsidence and water-security loss,sub-material decrease,0.909048,0.0016053621729812308
Al Mawşil al Jadīdah,IQ,36.33271,43.10555,2065597,0.1837698,412.71783447265625,22.247653925383418,3.827131002888901,0.0450062328482258,-1.2638,-0.001774579880605,-0.0031202558218043,-0.0004885908602784,True,False,False,True,False,1,C detectable but sub-material,Assess depletion jointly with subsidence and water-security loss,sub-material decrease,2.065597,0.003665566877638046
Antalya,TR,36.90812,30.69556,1335002,0.2329981000000742,337.7432861328125,5.684341886080804e-14,2.047429226417349,0.2084369065286542,-0.3999,-0.0021886002904899,-0.0043491335527832,-0.0002732846968439,True,True,True,True,True,4,C detectable but sub-material,Assess depletion jointly with subsidence and water-security loss,sub-material decrease,1.335002,0.0029217857650045975
Jiujiang,CN,29.70475,116.00206,1164268,0.09921758,478.6948852539063,1.144426642252256,4.377298825555467,0.0801261444717096,-0.9236,-0.0022378165702468,-0.0044801322025249,-0.0001805872682601,True,False,True,True,False,2,C detectable but sub-material,Assess depletion jointly with subsidence and water-security loss,sub-material decrease,1.164268,0.0026054182226081016
Baghdad,IQ,33.34058,44.40088,7216000,0.080273361037564,312.2768859863281,15.10643167772946,1.939212298038724,0.0883574488893154,-0.8459,-0.0022428271673237,-0.0040484601641921,-0.0005772699298073,True,True,False,True,False,2,C detectable but sub-material,Assess depletion jointly with subsidence and water-security loss,sub-material decrease,7.216,0.016184240839407817
Tangier,MA,35.76727,-5.79975,1035141,0.2055809999960579,265.04656982421875,2.441443503471476,3.107309122440449,0.2370975303798771,-0.385,-0.0023111798347327,-0.0038695817045767,-0.0008934101483922,True,True,True,True,True,4,C detectable but sub-material,Assess depletion jointly with subsidence and water-security loss,sub-material decrease,1.035141,0.002392397005305042
Salé,MA,34.0531,-6.79846,972299,0.0743428500016187,375.8569946289063,23.20897230487526,2.64350922087538,0.0503858900239499,-1.5122,-0.0023555736187819,-0.0038641278465221,-0.0009695452317892,True,False,False,True,False,1,C detectable but sub-material,Assess depletion jointly with subsidence and water-security loss,sub-material decrease,0.972299,0.0022903218739680226
Dera Ismail Khan,PK,31.83129,70.9017,763195,0.2558566188558271,201.0021514892578,18.8448920424201,6.302280692276117,0.1113616654950628,-0.7912,-0.0025807271329828,-0.0042516121400004,-0.0008994970944913,True,True,False,False,True,2,C detectable but sub-material,Assess depletion jointly with subsidence and water-security loss,sub-material decrease,0.763195,0.0019695980442568078
Wuzhong,CN,37.9867,106.201,7202654,0.1972265914121957,217.73866271972656,20.73701075761045,3.640405239119404,0.1361601080334201,-0.7714,-0.0029932514957789,-0.004984272778288,-0.0011516684455915,True,True,False,True,False,2,C detectable but sub-material,Assess depletion jointly with subsidence and water-security loss,sub-material decrease,7.202654,0.021559354859077878
Narela,IN,28.85267,77.09288,800000,0.2424865001761759,298.9594116210937,5.142290379186704,10.981015819752884,0.0415599378777003,-2.3689,-0.0030309944519241,-0.005544488407111,-0.0005864615662208,True,True,True,False,True,3,C detectable but sub-material,Assess depletion jointly with subsidence and water-security loss,sub-material decrease,0.8,0.0024247955615392803
Zhongwei,CN,37.51129,105.19067,1174600,0.2145857,231.5487365722656,22.308690012970203,2.7071899826771264,0.1404566097692591,-0.7714,-0.0030726814569047,-0.0052376337872752,-0.0011620013187897,True,True,False,True,True,3,C detectable but sub-material,Assess depletion jointly with subsidence and water-security loss,sub-material decrease,1.1746,0.003609171639280261
Rohini,IN,28.74322,77.06778,860000,0.2509831,226.6600799560547,3.7232013427939705,13.716744392586502,0.0427720455253444,-2.3689,-0.0031157366630228,-0.0055608427013886,-0.0005994433806034,True,True,True,False,True,3,C detectable but sub-material,Assess depletion jointly with subsidence and water-security loss,sub-material decrease,0.86,0.0026795335301996077
Niigata,JP,37.92259,139.04125,797591,0.2601448673891304,194.5,5.684341886080804e-14,3.067905673733997,0.5473504769314488,-0.4162,-0.0034359910290833,-0.0061704708228575,-0.0010020278703774,True,True,True,True,True,4,C detectable but sub-material,Assess depletion jointly with subsidence and water-security loss,sub-material decrease,0.797591,0.0027405155208775783
San Francisco,US,37.77493,-122.41942,827526,0.414144,285.6695251464844,6.530861371786102,2.871752612667218,0.2341235220522893,-0.6298,-0.0037395549434221,-0.0078360229018302,-0.0001859330755958,True,True,True,True,True,4,C detectable but sub-material,Assess depletion jointly with subsidence and water-security loss,sub-material decrease,0.827526,0.0030945789441103166
Guadalajara,MX,20.67738,-103.34749,1385629,0.1157240041523691,277.2016906738281,0.106813153276903,8.683764003819196,0.0764918984978809,-1.65,-0.0037921671925452,-0.0063788784594663,-0.0013566773495619,True,True,True,False,False,2,C detectable but sub-material,Assess depletion jointly with subsidence and water-security loss,sub-material decrease,1.385629,0.005254536834839213
Mosul,IQ,36.335,43.11889,1683000,0.1837698,336.7250366210937,15.73205157549404,2.635228999131869,0.1029920750375725,-1.2638,-0.003823520628428,-0.0067303943940812,-0.0010362661211535,True,True,False,True,False,2,C detectable but sub-material,Assess depletion jointly with subsidence and water-security loss,sub-material decrease,1.683,0.006434985217644324
Pest,HU,47.5,19.08333,1001748,0.07254013,184.59002685546875,6.62241550316628,2.255203042932137,0.2795983572402427,-0.5819,-0.0038863109117462,-0.006880978777887,-0.0011959561149553,True,True,True,True,False,3,C detectable but sub-material,Assess depletion jointly with subsidence and water-security loss,sub-material decrease,1.001748,0.0038931041832199324
Bayan Nur,CN,40.74143,107.38599,1760000,0.1635738308048777,202.82696533203125,9.277485313191448,6.001112074112899,0.1282253536540238,-1.1558,-0.0042411337674424,-0.0072119275960323,-0.0016960185757149,True,True,True,False,False,2,C detectable but sub-material,Assess depletion jointly with subsidence and water-security loss,sub-material decrease,1.76,0.007464395430698624
Chattogram,BD,22.3384,91.83168,3920222,0.2789350093955502,296.0547790527344,1.724269474326718,1.1638933942429677,0.5749226779348066,0.7765,0.0063066447842901,-0.0012531086229764,0.0139683037844325,False,True,True,True,True,4,D routine periodic update,Screen recharge or recovery plans for liquefaction sensitivity,sub-material increase,3.920222,0.024723447629559303
Howrah,IN,22.57688,88.31857,1027672,0.116651700000003,238.06759643554688,2.075226977950763,2.4225415226283515,0.3548242848339327,0.6662,0.0050947550306674,-0.0013186095983712,0.0126397746681977,False,True,True,True,False,3,D routine periodic update,Screen recharge or recovery plans for liquefaction sensitivity,sub-material increase,1.027672,0.005235737091876028
Kolkata,IN,22.56263,88.36304,4631392,0.119528,239.5285186767578,2.059967956054038,2.616875486305042,0.3545118937969244,0.6662,0.0050927696458126,-0.0013093987025666,0.0125765557450847,False,True,True,True,False,3,D routine periodic update,Screen recharge or recovery plans for liquefaction sensitivity,sub-material increase,4.631392,0.02358661259545931
Luohe,CN,33.57424,114.03261,1294974,0.0534729595322506,199.6250915527344,11.520561532005845,0.9652806881183412,0.2784297573608975,0.5955,0.0040014589304054,-4.663995172381743e-05,0.0086341412393811,False,True,False,True,False,2,D routine periodic update,Screen recharge or recovery plans for liquefaction sensitivity,sub-material increase,1.294974,0.005181785276942802
Mandalay,MM,21.97473,96.08359,1208099,0.3333079,217.5217742919922,4.516670481422182,3.9087577784911054,0.2940001137521673,0.3728,0.0025833231311815,-0.0031775825944254,0.0088124923529758,False,True,True,True,True,4,D routine periodic update,Screen recharge or recovery plans for liquefaction sensitivity,sub-material increase,1.208099,0.003120910091457239
Surabaya,ID,-7.24917,112.75083,2874314,0.1756715000089241,203.4541473388672,2.3346303501945727,3.964466797522865,0.3942564303649725,0.2774,0.0022082061862322,-0.0010019565736869,0.0058522855372327,False,True,True,True,False,3,D routine periodic update,Screen recharge or recovery plans for liquefaction sensitivity,sub-material increase,2.874314,0.0063470779559738205
Davao,PH,7.07306,125.61278,1848947,0.4845108999999862,238.9282684326172,0.6103608758679115,2.289362460020071,0.5353409432689337,0.1836,0.0015205006009754,-0.0001473050299545,0.0033683151395163,False,True,True,True,True,4,D routine periodic update,Screen recharge or recovery plans for liquefaction sensitivity,sub-material increase,1.848947,0.0028113250246716627
Nay Pyi Taw,MM,19.745,96.12972,925000,0.7756317,259.0514831542969,0.7476920729381504,11.665951490205869,0.1003806871864824,0.4398,0.0013303005997146,-0.0011687162776094,0.0022708897998283,False,True,True,False,True,3,D routine periodic update,Screen recharge or recovery plans for liquefaction sensitivity,sub-material increase,0.925,0.001230528054736005
Panzhihua,CN,26.58509,101.71276,787177,0.1657901999999992,576.024169921875,5.020218204013133,0.4427418883550131,0.0928087369678428,0.3991,0.0011250293667992,-5.167743531071313e-05,0.0025901623236461,False,False,True,True,False,2,D routine periodic update,Screen recharge or recovery plans for liquefaction sensitivity,sub-material increase,0.787177,0.0008855972418688938
Bandar Lampung,ID,-5.42917,105.26111,1166066,0.2649017,439.3459167480469,20.38605325398646,2.6500488079175253,0.1430623059457703,0.2514,0.0010293927583578,-0.0004333286283527,0.002609123871258,False,False,False,True,True,2,D routine periodic update,Screen recharge or recovery plans for liquefaction sensitivity,sub-material increase,1.166066,0.0012003398961672465
Yangjiang,CN,21.85563,111.96272,1292987,0.1137957653696654,314.6648864746094,1.0986495765621953,1.542818629129887,0.3591211154223999,0.1299,0.0009961720420938,-0.0012508917079017,0.0035528166136206,False,True,True,True,False,3,D routine periodic update,Screen recharge or recovery plans for liquefaction sensitivity,sub-material increase,1.292987,0.0012880375001907364
Jakarta,ID,-6.21462,106.84513,8540121,0.2440006999996528,214.3814392089844,1.464866102082908,12.46998739766137,0.1326802771040632,0.2499,0.0009605569416031,-3.502980449082149e-05,0.0020729046187427,False,True,True,False,True,3,D routine periodic update,Screen recharge or recovery plans for liquefaction sensitivity,sub-material increase,8.540121,0.008203272508680406
Haiphong,VN,20.86481,106.68345,2625200,0.0714270100110461,600.0,4.53192950331885,2.5877902915309345,0.0705699675803501,0.3986,0.0008755768894566,-3.366235461207609e-05,0.0019457533547552,False,False,True,True,False,2,D routine periodic update,Screen recharge or recovery plans for liquefaction sensitivity,sub-material increase,2.6252,0.0022985644502014663
Kaohsiung,TW,22.61626,120.31333,2737660,0.3681412361152513,209.506576538086,1.1596856641489808,2.8664741308134767,0.550557823687945,0.0956,0.0007876052972501,-0.0005893739314591,0.0021888046072442,False,True,True,True,True,4,D routine periodic update,Screen recharge or recovery plans for liquefaction sensitivity,sub-material increase,2.73766,0.0021561955180697087
Hanoi,VN,21.0245,105.84117,8053663,0.08338389,273.5119934082031,0.3662165255207696,1.9750752720214384,0.3120306007830926,0.1071,0.0007661094018628,-0.0021939410903894,0.0026238545484459,False,True,True,True,False,3,D routine periodic update,Screen recharge or recovery plans for liquefaction sensitivity,sub-material increase,8.053663,0.006169986943734564
Zhenjiang,CN,32.21086,119.45508,950516,0.05357852,267.0880126953125,9.048599984741031,2.524998885224889,0.1635861008846122,0.1582,0.0007220839788225,-0.0003598339920611,0.0018659706994761,False,True,True,True,False,3,D routine periodic update,Screen recharge or recovery plans for liquefaction sensitivity,sub-material increase,0.950516,0.0006863523752144475
Cali,CO,3.43054,-76.5199,2392877,0.3503494944669512,270.05010986328125,0.106813153276903,7.326531954680867,0.219772849063623,0.1145,0.0006105155087874,-0.0003694286458395,0.0006105155087874,False,True,True,False,True,3,D routine periodic update,Screen recharge or recovery plans for liquefaction sensitivity,sub-material increase,2.392877,0.0014608885191206673
Tangerang,ID,-6.17806,106.63,1912679,0.2445076999837557,217.17312622070312,0.7324330510414825,15.863102948470502,0.0759682402147267,0.2499,0.0005862220146996,-1.036897514979511e-05,0.0012504614267452,False,True,True,False,True,3,D routine periodic update,Screen recharge or recovery plans for liquefaction sensitivity,sub-material increase,1.912679,0.0011212545368536162
Beirut,LB,33.89332,35.50157,1916100,0.3636114465008213,455.3077697753906,19.30266269932099,1.7684668153955374,0.0964759755954885,0.1822,0.0005301694941249,-4.2965875097498296e-05,0.0011539892591182,False,False,False,True,True,2,D routine periodic update,Screen recharge or recovery plans for liquefaction sensitivity,sub-material increase,1.9161,0.0010158577676927208
Guwahati,IN,26.1844,91.7458,962334,0.5471443669493168,300.69305419921875,11.734187838559592,5.507508815566938,0.1974719355127817,0.0952,0.0005028785885829,-0.0038115577722043,0.0047189884872142,False,True,False,False,True,2,D routine periodic update,Screen recharge or recovery plans for liquefaction sensitivity,sub-material increase,0.962334,0.0004839371636653365
Dhaka,BD,23.7104,90.40744,10356500,0.1949473000000002,267.74822998046875,0.4882887006943406,1.8597388917786213,0.4583674750582135,0.0607,0.000501866092094,-0.0083603291251546,0.0040394659854371,False,True,True,True,False,3,D routine periodic update,Screen recharge or recovery plans for liquefaction sensitivity,sub-material increase,10.3565,0.005197576182771511
Kota,IN,25.18254,75.83907,1001694,0.0572934900065894,464.3928527832031,26.108186465247627,3.573697289176253,0.026377928760844,0.5691,0.000491096082124,-7.974285590479305e-05,0.0011051613465398,False,False,False,True,False,1,D routine periodic update,Screen recharge or recovery plans for liquefaction sensitivity,sub-material increase,1.001694,0.0004919279988871181
Taipei,TW,25.05306,121.52639,7871900,0.3369818386905979,121.80533599853516,0.2288853284504739,12.4933029549212,0.4608737629638713,0.0507,0.0004195205423698,-0.0009367516973735,0.0018943580637169,False,True,True,False,True,3,D routine periodic update,Screen recharge or recovery plans for liquefaction sensitivity,sub-material increase,7.8719,0.0033024237574808286
Agra,IN,27.18333,78.01667,1430055,0.0807868441135139,415.8485412597656,16.983291371023142,0.851027348032077,0.0848422495441395,0.1594,0.0004130453731711,-0.0017174006004168,0.0026945205828749,False,False,False,True,False,1,D routine periodic update,Screen recharge or recovery plans for liquefaction sensitivity,sub-material increase,1.430055,0.0005906776011301974
New Taipei City,TW,25.06199,121.45703,4004367,0.3321715041340599,189.5024871826172,0.5188067444877333,8.201788204387995,0.4174407368464747,0.0507,0.0004106270631025,-0.0009592436771925,0.0017061431927624,False,True,True,False,True,3,D routine periodic update,Screen recharge or recovery plans for liquefaction sensitivity,sub-material increase,4.004367,0.0016443014607945687
Bekasi,ID,-6.2349,106.9896,2564940,0.2359025999999658,233.7062225341797,0.793469138628268,17.295904322981052,0.0463903408915793,0.2499,0.0003695291061639,-1.5281822307495295e-05,0.0008120990981101,False,True,True,False,True,3,D routine periodic update,Screen recharge or recovery plans for liquefaction sensitivity,sub-material increase,2.56494,0.0009478199855640336
Pingdingshan,CN,33.73091,113.31554,979130,0.0720692848428089,246.779052734375,0.1525902189670205,8.930517090704994,0.0736118894928046,0.2273,0.0003472585029559,-0.0003447612982385,0.0003472585029559,False,True,True,False,False,2,D routine periodic update,Screen recharge or recovery plans for liquefaction sensitivity,sub-material increase,0.97913,0.00034001121799921035
Ulsan,KR,35.53722,129.31667,1098421,0.1786687466094599,401.5296936035156,0.106813153276903,5.140750290729801,0.1068451568941453,0.1467,0.0003399052354951,-0.0001007864517297,0.0003399052354951,False,False,True,False,False,1,D routine periodic update,Screen recharge or recovery plans for liquefaction sensitivity,sub-material increase,1.098421,0.00037335904867776324
Managua,NI,12.13282,-86.2504,973087,0.6997626999999993,394.2102355957031,0.5951018539711868,17.885559097502387,0.0157043530645353,0.5376,0.0002791380982256,-2.0822950800446715e-05,0.0003092822223204,False,False,True,False,True,2,D routine periodic update,Screen recharge or recovery plans for liquefaction sensitivity,sub-material increase,0.973087,0.00027162565458805444
Ottawa,CA,45.41117,-75.69812,1017449,0.1030978999999999,348.5962219238281,13.519493400473038,3.602642792835557,0.0879345788274279,0.1017,0.0002719925024275,-0.0005799173362205,0.0011579694106342,False,True,False,True,False,2,D routine periodic update,Screen recharge or recovery plans for liquefaction sensitivity,sub-material increase,1.017449,0.00027673849960235743
Busan,KR,35.10168,129.03004,3285147,0.1661660969867312,608.4011840820312,28.53437094682232,0.811974975748829,0.0524515855827366,0.139,0.0002305254564494,-2.961295205615027e-05,0.0005285626858169,False,False,False,True,False,1,D routine periodic update,Screen recharge or recovery plans for liquefaction sensitivity,sub-material increase,3.285147,0.0007573100116783771
Daegu,KR,35.87028,128.59111,2365523,0.212614409616326,323.8189697265625,2.532997634851654,10.96860095030915,0.0466839979334255,0.1467,0.000217891965716,-4.738158337195125e-05,0.0005185310712878,False,True,True,False,True,3,D routine periodic update,Screen recharge or recovery plans for liquefaction sensitivity,sub-material increase,2.365523,0.0005154284564164095
South Tangerang,ID,-6.28862,106.71789,1404785,0.2550163,250.1710205078125,1.2359807736324342,21.760221773268544,0.0177029681563705,0.2499,0.0001452925843284,-5.66335235179672e-06,0.0003115024032867,False,True,True,False,True,3,D routine periodic update,Screen recharge or recovery plans for liquefaction sensitivity,sub-material increase,1.404785,0.0002041048430757714
Sendai,JP,38.26667,140.86667,1096704,0.358443995853743,389.0,14.785992217898864,12.49914195880178,0.0208528948865343,0.1848,0.0001260206090287,-7.861829944299652e-05,0.000362938321055,False,False,False,False,True,1,D routine periodic update,Screen recharge or recovery plans for liquefaction sensitivity,sub-material increase,1.096704,0.0001382073060042114
Bogotá,CO,4.60971,-74.08175,7674366,0.2128795999903159,354.3930969238281,0.8545052262150534,18.026550080255937,0.0114460375604362,0.3176,0.0001202890283737,8.971757932850203e-07,0.0002612947540153,False,True,True,False,True,3,D routine periodic update,Screen recharge or recovery plans for liquefaction sensitivity,sub-material increase,7.674366,0.0009231420295241586
Palembang,ID,-2.91673,104.7458,1668848,0.0647146814960711,226.7239532470703,0.3967345693141624,10.250407505539895,0.1507886813957171,0.0212,9.042149292762258e-05,-0.0009522385945874,0.0010529707629897,False,True,True,False,False,2,D routine periodic update,Screen recharge or recovery plans for liquefaction sensitivity,sub-material increase,1.668848,0.0001508997276292771
Al Başrah al Qadīmah,IQ,30.50316,47.81507,2015483,0.0807779799930052,232.0545959472656,0.106813153276903,3.935100805466994,0.1572685462359222,0.0194,8.563931653143841e-05,-0.0006747978514863,0.0004719862410388,False,True,True,True,False,3,D routine periodic update,Screen recharge or recovery plans for liquefaction sensitivity,sub-material increase,2.015483,0.0001726045866007331
Kennedy,CO,4.6165,-74.14597,979914,0.209905099994845,209.766357421875,3.4943160143434966,25.18164934703556,0.0065936056848633,0.3176,6.96374397448048e-05,1.914682824359031e-06,0.0001531480798861,False,True,True,False,True,3,D routine periodic update,Screen recharge or recovery plans for liquefaction sensitivity,sub-material increase,0.979914,6.823870213009065e-05
Basrah,IQ,30.50852,47.7804,1326564,0.0802772099999999,226.5775604248047,1.129167620355588,6.029802912522257,0.1091692866888849,0.0194,6.284218389836227e-05,-0.0005363741804631,0.0006473403597988,False,True,True,False,False,2,D routine periodic update,Screen recharge or recovery plans for liquefaction sensitivity,sub-material increase,1.326564,8.336417884094705e-05
Khulna,BD,22.80979,89.56439,1500689,0.1785707941310001,233.6809234619141,4.364080262455218,28.99120641137531,0.0030253865580151,0.6085,6.173769196178179e-05,-3.6399457566724814e-05,0.0001682660431178,False,True,True,False,False,2,D routine periodic update,Screen recharge or recovery plans for liquefaction sensitivity,sub-material increase,1.500689,9.264907521243434e-05
Liupanshui,CN,26.59444,104.83333,1320825,0.1616298438553274,562.401123046875,0.9918364232852924,10.173406163953889,0.0187493752155183,0.0844,5.1777484746426405e-05,-0.0001855291584751,0.0003010308450114,False,False,True,False,False,1,D routine periodic update,Screen recharge or recovery plans for liquefaction sensitivity,sub-material increase,1.320825,6.838899629019865e-05
Taizhou,CN,32.49069,119.90812,1607108,0.0583105917944863,229.90362548828125,6.042572671091818,21.407592189123765,0.0060287234603625,0.1582,3.165049655297781e-05,-1.3803285001313947e-05,8.166913538271398e-05,False,True,True,False,False,2,D routine periodic update,Screen recharge or recovery plans for liquefaction sensitivity,sub-material increase,1.607108,5.086576621426306e-05
Gazipur,BD,23.99844,90.42234,2674697,0.1960511,227.94357299804688,1.6174563210498718,22.780264572050623,0.0147161089374849,0.0607,2.933684224548129e-05,-0.0004664023227612,0.0005103280681219,False,True,True,False,False,2,D routine periodic update,Screen recharge or recovery plans for liquefaction sensitivity,sub-material increase,2.674697,7.846716394346207e-05
Multan,PK,30.19679,71.47824,2169915,0.1521000982379538,319.241943359375,22.41550316624705,13.936799976815438,0.0075914858467483,0.1093,2.747009937493442e-05,-4.53495615671783e-05,0.0001070450825594,False,True,False,False,False,1,D routine periodic update,Screen recharge or recovery plans for liquefaction sensitivity,sub-material increase,2.169915,5.9607780685160825e-05
Baoshan,CN,25.11626,99.16366,935618,0.199426,374.0596008300781,1.2817578393225515,27.31000489710512,0.0013213182569047,0.4075,1.8027984983073723e-05,-5.613866501711013e-06,4.415809875403149e-05,False,False,True,False,False,1,D routine periodic update,Screen recharge or recovery plans for liquefaction sensitivity,sub-material increase,0.935618,1.686730725389347e-05
Depok,ID,-6.4,106.81861,2145400,0.2647448,264.6269226074219,11.779964904249653,33.02210438613376,0.0016635305155515,0.2499,1.387779415677878e-05,-6.751747451740191e-07,3.0709690838986406e-05,False,True,False,False,True,2,D routine periodic update,Screen recharge or recovery plans for liquefaction sensitivity,sub-material increase,2.1454,2.9773419583953195e-05
Kolwezi,CD,-10.71484,25.46674,790248,0.0596853308455603,369.0949096679688,30.991073472190465,24.34280768624897,0.0006868235540204,0.5986,1.3818388655759344e-05,-4.482444750276959e-06,3.4034170878670785e-05,False,False,False,False,False,0,D routine periodic update,Screen recharge or recovery plans for liquefaction sensitivity,sub-material increase,0.790248,1.0919953998436509e-05
Taichung,TW,24.1469,120.6839,2850285,0.5903575,443.689697265625,2.3651483939879654,21.470808951212064,0.0074233281682323,0.0511,1.254850314375e-05,-2.823964905314729e-05,5.458721124056537e-05,False,False,True,False,True,2,D routine periodic update,Screen recharge or recovery plans for liquefaction sensitivity,sub-material increase,2.850285,3.576681028308347e-05
Blantyre,MW,-15.78499,35.00854,902588,0.1351129930442335,327.522216796875,4.104676890211351,28.12492530203392,0.0011691096561136,0.1713,6.680133844755168e-06,-1.5906286748168853e-05,3.1573808699378185e-05,False,True,True,False,False,2,D routine periodic update,Screen recharge or recovery plans for liquefaction sensitivity,sub-material increase,0.902588,6.029408646669877e-06
Lubumbashi,CD,-11.66089,27.47938,2221925,0.1269135000001872,223.46115112304688,43.121995880064105,34.81068401711484,0.000166971716702,0.5065,2.839621737117903e-06,-2.055881142380865e-06,8.265659299909714e-06,False,True,False,False,False,1,D routine periodic update,Screen recharge or recovery plans for liquefaction sensitivity,sub-material increase,2.221925,6.309426528245697e-06
Comilla,BD,23.46186,91.18503,1030000,0.2488164092290879,228.96910095214844,3.0518043793393304,45.97290692276194,0.000138575833351,0.5728,2.6682216159197027e-06,-2.120612320383724e-06,8.002515629297542e-06,False,True,True,False,True,3,D routine periodic update,Screen recharge or recovery plans for liquefaction sensitivity,sub-material increase,1.03,2.7482682643972937e-06
Malang,ID,-7.9797,112.6304,847182,0.2511457000002879,299.45806884765625,0.5798428320745188,47.38555879812772,9.457789772597152e-05,0.2774,8.776195985724528e-07,-4.286829669709554e-07,1.843749421766088e-06,False,True,True,False,True,3,D routine periodic update,Screen recharge or recovery plans for liquefaction sensitivity,sub-material increase,0.847182,7.435035267578077e-07
Damascus,SY,33.5102,36.29128,1569394,0.1947431999999904,267.14776611328125,0.6561379415579722,40.74972040179098,0.0001106042548333,0.1822,6.73029755562284e-07,-6.858677208543415e-08,1.5263009740733853e-06,False,True,True,False,False,2,D routine periodic update,Screen recharge or recovery plans for liquefaction sensitivity,sub-material increase,1.569394,1.056248860200915e-06
Puning,CN,23.31072,116.16869,874954,0.0537996565096425,328.3429870605469,0.6256198977645795,35.778460739919204,0.0002586319497916,0.0714,6.155005010132267e-07,-2.5165490213427013e-06,3.80580650850266e-06,False,True,True,False,False,2,D routine periodic update,Screen recharge or recovery plans for liquefaction sensitivity,sub-material increase,0.874954,5.385346253635268e-07
Qingyang,CN,35.70976,107.64455,2125400,0.0669624900083473,293.6593017578125,93.69039444571604,25.244481686979565,7.713386080048027e-05,0.2095,5.39952270602856e-07,-3.568037880193735e-08,1.1492777003394965e-06,False,True,False,False,False,1,D routine periodic update,Screen recharge or recovery plans for liquefaction sensitivity,sub-material increase,2.1254,1.1476145559393102e-06
Kunming,CN,25.03889,102.71833,3855346,0.2247326999966429,233.0612030029297,0.3204394598306521,45.263394465658926,8.099939513921492e-05,0.1242,3.356685715909279e-07,-9.62276305586635e-07,8.68871601920486e-07,False,True,True,False,True,3,D routine periodic update,Screen recharge or recovery plans for liquefaction sensitivity,sub-material increase,3.855346,1.2941184848087976e-06
Bandung,ID,-6.92222,107.60694,2444160,0.2817743936394322,294.5260925292969,0.9002822919051141,67.33540343947566,1.2160496912106169e-06,0.1929,7.836513003651931e-09,1.4749793502180374e-10,1.6997754705064748e-08,False,True,True,False,True,3,D routine periodic update,Screen recharge or recovery plans for liquefaction sensitivity,sub-material increase,2.44416,1.9153691623005903e-08
Zhaotong,CN,27.31667,103.71667,787845,0.3048376300465372,305.1794738769531,0.0152590218967247,51.307922653639714,1.5225658574540946e-05,0.3715,7.738392314048773e-09,-2.9846304062414846e-08,7.738392314048773e-09,False,True,True,False,True,3,D routine periodic update,Screen recharge or recovery plans for liquefaction sensitivity,sub-material increase,0.787845,6.096653692661756e-09
Dhanbad,IN,23.79759,86.42992,1196214,0.1588235880529,401.5318908691406,16.006713969634575,69.05409564434167,1.297263327667773e-07,0.6117,2.6695712131150403e-09,-7.490940017832946e-10,6.875465776671108e-09,False,False,False,False,False,0,D routine periodic update,Screen recharge or recovery plans for liquefaction sensitivity,sub-material increase,1.196214,3.193378459125195e-09
Suzhou,CN,33.63611,116.97889,1647642,0.0637811998549458,210.9528961181641,8.6366063935302,79.85345813219351,3.5628951137555466e-08,0.1665,1.9809157802246184e-10,-2.5770553090049097e-10,6.73465148618371e-10,False,True,True,False,False,2,D routine periodic update,Screen recharge or recovery plans for liquefaction sensitivity,sub-material increase,1.647642,3.2638400379608506e-10
Nanyang,CN,33.00524,112.54659,1811812,0.066139472892516,212.85964965820312,0.3509575036240449,82.15549548699089,3.1896476121986683e-08,0.1323,1.4083278971349363e-10,-1.5509417483272608e-10,3.7495720530250695e-10,False,True,True,False,False,2,D routine periodic update,Screen recharge or recovery plans for liquefaction sensitivity,sub-material increase,1.811812,2.551625383963843e-10
Suqian,CN,33.94917,118.29583,1437685,0.0827449899982909,279.94952392578125,5.844205386434737,82.64939249859692,1.4294183051919225e-08,0.2545,1.2165583482653268e-10,-7.789419009070889e-12,2.760051491423e-10,False,True,True,False,False,2,D routine periodic update,Screen recharge or recovery plans for liquefaction sensitivity,sub-material increase,1.437685,1.7490276889258364e-10
Bijie,CN,27.30193,105.28627,1137383,0.1369299999813432,416.3954162597656,0.0152590218967247,71.60428136551405,1.0814710223536957e-07,0.0892,5.496625048199433e-11,-1.065696451260294e-09,5.496625048199433e-11,False,False,True,False,False,1,D routine periodic update,Screen recharge or recovery plans for liquefaction sensitivity,sub-material increase,1.137383,6.251767887196215e-11
Nampula,MZ,-15.11646,39.2666,770379,0.0543753599773965,335.9989929199219,31.14366369115743,88.78034614095527,1.2813391870822595e-09,0.1819,7.784971441841527e-12,-9.42126002955584e-12,2.662370208466065e-11,False,True,False,False,False,1,D routine periodic update,Screen recharge or recovery plans for liquefaction sensitivity,sub-material increase,0.770379,5.997378514394435e-12
Semarang,ID,-6.99306,110.42083,1653524,0.1518648833245408,372.357421875,5.684341886080804e-14,3.687673874702902,0.2296674806670572,0.2262,3.6082248300317592e-16,-0.0004933538792646,3.6082248300317592e-16,False,False,True,True,False,2,D routine periodic update,Screen recharge or recovery plans for liquefaction sensitivity,sub-material increase,1.653524,5.966286353853435e-16
Padang,ID,-0.94924,100.35427,909040,0.4070697,252.6883544921875,5.684341886080804e-14,3.10603770717609,0.6512807931448363,0.1255,3.3306690738754696e-16,-0.0001770874606929,3.3306690738754696e-16,False,True,True,True,True,4,D routine periodic update,Screen recharge or recovery plans for liquefaction sensitivity,sub-material increase,0.90904,3.0277114149157566e-16
Ra’s Bayrūt,LB,33.9,35.48333,1251739,0.4060524820209177,483.7886962890625,5.684341886080804e-14,1.1125840621137226,0.1669841221833473,0.1491,2.7755575615628914e-16,-0.0001004742140573,2.7755575615628914e-16,False,False,True,True,True,3,D routine periodic update,Screen recharge or recovery plans for liquefaction sensitivity,sub-material increase,1.251739,3.4742736465531718e-16
Yichang,CN,30.71444,111.28472,1350150,0.0836621915854064,546.5783081054688,5.684341886080804e-14,1.7291175805312542,0.0878438109842943,0.1956,1.3877787807814454e-16,-0.0005955826419802,1.3877787807814454e-16,False,False,True,True,False,2,D routine periodic update,Screen recharge or recovery plans for liquefaction sensitivity,sub-material increase,1.35015,1.8737095208720684e-16
Jieyang,CN,23.5418,116.36581,1899394,0.0664599161984411,244.671630859375,5.684341886080804e-14,21.10861264207552,0.009864262612354,0.0714,1.7347234759768068e-17,-9.94749100220133e-05,1.7347234759768068e-17,False,True,True,False,False,2,D routine periodic update,Screen recharge or recovery plans for liquefaction sensitivity,sub-material increase,1.899394,3.294923361929491e-17
Changzhou,CN,31.77359,119.95401,3290918,0.055045040004099,230.5048370361328,5.684341886080804e-14,20.263042692707568,0.0093814658477213,0.0957,1.5612511283791264e-17,-8.584803131571893e-05,1.5612511283791264e-17,False,True,True,False,False,2,D routine periodic update,Screen recharge or recovery plans for liquefaction sensitivity,sub-material increase,3.290918,5.137949440903178e-17
Wuwei,CN,37.92672,102.63202,1010295,0.2731125054061775,334.6279296875,18.58548867017629,170.31982168581172,1.100945967028966e-16,0.0388,1.4233855647727016e-19,-3.7795465423478454e-19,7.102772633003267e-19,False,True,False,False,True,2,D routine periodic update,Screen recharge or recovery plans for liquefaction sensitivity,sub-material increase,1.010295,1.4380393191620366e-19
Bogor,ID,-6.59444,106.78917,1127408,0.3060344748976977,319.47705078125,5.684341886080804e-14,51.29852903280589,6.021644137780506e-05,0.2499,1.0164395367051604e-19,-2.204475997892751e-08,1.0164395367051604e-19,False,True,True,False,True,3,D routine periodic update,Screen recharge or recovery plans for liquefaction sensitivity,sub-material increase,1.127408,1.1459420651976915e-19
Yixing,CN,31.36059,119.82016,1285785,0.0784322184296391,235.5490875244141,5.684341886080804e-14,67.90125332253342,5.879361412226328e-07,0.0957,1.0587911840678754e-21,-5.412979764072841e-09,1.0587911840678754e-21,False,True,True,False,False,2,D routine periodic update,Screen recharge or recovery plans for liquefaction sensitivity,sub-material increase,1.285785,1.3613778226067131e-21
Tegucigalpa,HN,14.0818,-87.20681,850848,0.3124423751018672,325.9839172363281,5.684341886080804e-14,74.75589263081783,1.257319786902784e-07,0.2957,2.1175823681357523e-22,-7.16541797340135e-10,2.1175823681357523e-22,False,True,True,False,True,3,D routine periodic update,Screen recharge or recovery plans for liquefaction sensitivity,sub-material increase,0.850848,1.8017407227635686e-22
Isfahan,IR,32.65246,51.67462,1547164,0.2009237,216.2838592529297,14.38925764858476,288.6280739341316,7.199655343828144e-27,-0.136,-3.2532077881139584e-29,-1.0096597754107631e-28,3.4720827707068265e-29,False,True,False,False,True,2,D routine periodic update,Assess depletion jointly with subsidence and water-security loss,sub-material decrease,1.547164,5.0332459742895446e-29
Sanaa,YE,15.35452,44.20646,1937451,0.0526933723888093,264.03765869140625,6.607156481269556,143.50906134517945,3.8048811994482674e-14,-0.1163,-1.4707008899986972e-16,-3.639450968687099e-16,5.082855438860688e-17,False,True,True,False,False,2,D routine periodic update,Assess depletion jointly with subsidence and water-security loss,sub-material decrease,1.937451,2.849410910028866e-16
Mashhad,IR,36.29807,59.60567,2307177,0.2156777999852094,260.73651123046875,14.023041123064049,110.84740925217056,4.056263369416008e-11,-0.0141,-1.90409029102694e-14,-2.687738605708408e-13,2.576823433672176e-13,False,True,False,False,True,2,D routine periodic update,Assess depletion jointly with subsidence and water-security loss,sub-material decrease,2.307177,4.393073325380662e-14
Lu’an,CN,31.73561,116.51688,1644344,0.0953109421185819,297.3522033691406,16.632333867399154,78.25982684319419,2.7865287737726122e-08,-0.3185,-2.9397889367935817e-10,-6.3992293397241e-10,1.6252894402078013e-11,False,True,False,False,False,1,D routine periodic update,Assess depletion jointly with subsidence and water-security loss,sub-material decrease,1.644344,4.834024299482905e-10
Hefei,CN,31.86389,117.28083,5050000,0.0983821445081414,230.1564483642578,3.082322423132723,75.70061622519975,1.2088091499001342e-07,-0.0756,-3.039325166400886e-10,-1.2375431065057098e-09,5.241775517918553e-10,False,True,True,False,False,2,D routine periodic update,Assess depletion jointly with subsidence and water-security loss,sub-material decrease,5.05,1.5348592090324473e-09
Kathmandu,NP,27.70169,85.3206,1442271,0.4388813174745403,313.22491455078125,1.3122758831159445,88.13437950287968,1.3201392371402538e-08,-0.9247,-4.0030911038414537e-10,-8.51232651203434e-10,-1.0249504305628317e-12,False,True,True,False,True,3,D routine periodic update,Assess depletion jointly with subsidence and water-security loss,sub-material decrease,1.442271,5.773542209428517e-10
Arequipa,PE,-16.39899,-71.53747,1008290,0.5941330976280723,435.9530944824219,0.8239871824216607,63.17836980936092,5.229125356603996e-07,-0.0667,-1.160156761248708e-09,-3.976255588502072e-09,1.401945356049413e-09,False,False,True,False,True,2,D routine periodic update,Assess depletion jointly with subsidence and water-security loss,sub-material decrease,1.00829,1.1697744607994597e-09
Meizhou,CN,24.28859,116.11768,992351,0.0582796099993988,219.72723388671875,12.49713893339441,69.04694859391644,4.01021955608834e-07,-0.4666,-6.1828303432702285e-09,-1.4109715695160974e-08,1.059776800311676e-09,False,True,False,False,False,1,D routine periodic update,Assess depletion jointly with subsidence and water-security loss,sub-material decrease,0.992351,6.135537873974555e-09
Chuzhou,CN,32.32194,118.29778,782671,0.0542267150809773,326.5135192871094,2.075226977950763,46.08184492991453,2.159285104264269e-05,-0.0253,-1.8183707722217105e-08,-2.113245516828131e-07,1.734286735266995e-07,False,True,True,False,False,2,D routine periodic update,Assess depletion jointly with subsidence and water-security loss,sub-material decrease,0.782671,1.4231860706655384e-08
Mexicali,MX,32.62781,-115.45446,1032686,0.6835515193668443,227.1408843994141,19.577325093461525,50.8843489175372,1.2858080145618672e-05,-0.0592,-2.532261139990073e-08,-9.14874438590039e-08,3.634128271638823e-08,False,True,False,False,True,2,D routine periodic update,Assess depletion jointly with subsidence and water-security loss,sub-material decrease,1.032686,2.6150306276117885e-08
Tijuana,MX,32.5027,-117.00371,1922523,0.1454692999529328,576.450927734375,62.3941405355917,11.304429362805186,0.0011659267682605,-0.0297,-1.151200746594928e-06,-8.61807277024217e-06,6.229961109227143e-06,False,False,False,False,False,0,D routine periodic update,Assess depletion jointly with subsidence and water-security loss,sub-material decrease,1.922523,2.213209912945921e-06
Los Angeles,US,34.05223,-118.24368,3820914,0.4290697,310.8283386230469,27.450980392156907,21.770203780158184,0.0021991142102822,-0.0272,-1.986593470939321e-06,-2.124800784483157e-05,1.7076949560803635e-05,False,True,False,False,True,2,D routine periodic update,Assess depletion jointly with subsidence and water-security loss,sub-material decrease,3.820914,7.590602805420645e-06
Chaozhou,CN,23.65396,116.62262,1750945,0.0802770209793662,287.3603515625,0.7171740291447577,25.946520627101503,0.0028142120884351,-0.022,-2.0551410850402907e-06,-4.102121911110196e-05,3.375605471594736e-05,False,True,True,False,False,2,D routine periodic update,Assess depletion jointly with subsidence and water-security loss,sub-material decrease,1.750945,3.5984390071458716e-06
Alīgarh,IN,27.88145,78.07464,753207,0.1183113748902241,234.1776428222656,6.424048218509199,38.97481484924177,0.0001797756009565,-0.726,-4.293349599803528e-06,-1.1549577945672411e-05,1.993952718682647e-06,False,True,True,False,False,2,D routine periodic update,Assess depletion jointly with subsidence and water-security loss,sub-material decrease,0.753207,3.2337809720192157e-06
Ahvaz,IR,31.31901,48.6842,841145,0.2630809,210.4767303466797,14.328221560997974,30.53754593657927,0.000930236336246,-0.1475,-4.5536664083144045e-06,-1.4402410702187776e-05,4.714191225658201e-06,False,True,False,False,True,2,D routine periodic update,Assess depletion jointly with subsidence and water-security loss,sub-material decrease,0.841145,3.83029373102162e-06
Maoming,CN,21.66625,110.91364,1307802,0.0668608739610053,287.4617614746094,11.230640115968583,18.24871947576607,0.010676190802561,-0.0184,-6.469737210338181e-06,-0.0001312136000971,0.0001279543872335,False,True,False,False,False,1,D routine periodic update,Assess depletion jointly with subsidence and water-security loss,sub-material decrease,1.307802,8.461135263154694e-06
San Pedro Sula,HN,15.50585,-88.02588,801259,0.3644254999999999,385.2497253417969,14.0993362325475,19.502948465874848,0.0066739641507215,-0.041,-9.045056744078246e-06,-3.6048466342922894e-05,1.6166682733552284e-05,False,False,False,False,True,1,D routine periodic update,Assess depletion jointly with subsidence and water-security loss,sub-material decrease,0.801259,7.247433121703392e-06
Yerevan,AM,40.17765,44.5126,1144700,0.2668403281842528,409.4377136230469,13.778896772716903,22.49153647086504,0.001472756759294,-0.2119,-1.0340446264539603e-05,-2.9803519389473283e-05,8.19946965215963e-06,False,False,False,False,True,1,D routine periodic update,Assess depletion jointly with subsidence and water-security loss,sub-material decrease,1.1447,1.1836708839018484e-05
Guatemala City,GT,14.64072,-90.51327,994938,0.7158972990198481,303.26348876953125,28.61066605630583,27.688106183355178,0.0012573230904254,-0.2942,-1.2242415083635633e-05,-3.765156383778279e-05,1.1850376584762966e-05,False,True,False,False,True,2,D routine periodic update,Assess depletion jointly with subsidence and water-security loss,sub-material decrease,0.994938,1.218044397848227e-05
Anshun,CN,26.25,105.93333,765313,0.101610587258357,444.9998474121094,0.1831082627604132,19.84573500266476,0.0038336146440643,-0.2598,-3.289734126340777e-05,-8.37086298092159e-05,1.622475776468685e-05,False,False,True,False,False,1,D routine periodic update,Assess depletion jointly with subsidence and water-security loss,sub-material decrease,0.765313,2.517676293432239e-05
Nanjing,CN,32.06167,118.77778,9314685,0.058399089010373,239.259017944336,8.865491721980675,7.597868102461106,0.0826596094127975,-0.0253,-6.38610302273468e-05,-0.0007661967354288,0.0006612420659628,False,True,True,False,False,2,D routine periodic update,Assess depletion jointly with subsidence and water-security loss,sub-material decrease,9.314685,0.0005948453803432138
Qujing,CN,25.48333,103.78333,1408500,0.1917821182272825,601.1237182617188,5.684341886080804e-14,11.376667567385027,0.0134985596858929,-0.1679,-7.425047756744359e-05,-0.0002780649257559,2.4286128663675305e-17,False,False,True,False,False,1,D routine periodic update,Assess depletion jointly with subsidence and water-security loss,sub-material decrease,1.4085,0.0001045817976537443
San Diego,US,32.71571,-117.16472,1404452,0.2093355109849011,345.15380859375,13.656824597543334,1.0087655487028435,0.1311130580315669,-0.0297,-0.000112629316547,-0.0008413409075963,0.0005773998155393,False,True,False,True,True,3,D routine periodic update,Assess depletion jointly with subsidence and water-security loss,sub-material decrease,1.404452,0.00015818246888306726
Putian,CN,25.43944,119.01028,1539389,0.0725754700111157,454.3734130859375,1.6937514305333252,9.506761385672382,0.0258183566022248,-0.1389,-0.0001160814337147,-0.0003430863121956,9.601594607911772e-05,False,False,True,False,False,1,D routine periodic update,Assess depletion jointly with subsidence and water-security loss,sub-material decrease,1.539389,0.0001786944821646383
Xinyang,CN,32.12278,114.06556,1230042,0.05836012,239.5323028564453,0.686655985351365,14.430962681166656,0.0287548633815467,-0.1653,-0.0001533313902071,-0.0004598741479754,0.0001338049415957,False,True,True,False,False,2,D routine periodic update,Assess depletion jointly with subsidence and water-security loss,sub-material decrease,1.230042,0.0001886040498731217
Jinjiang,CN,24.81978,118.57415,1416151,0.071012860000007,456.3364868164063,10.009918364232874,4.433820347710244,0.0506282259400885,-0.1389,-0.0002218569216648,-0.0006651719334536,0.0001878833103089,False,False,False,True,False,1,D routine periodic update,Assess depletion jointly with subsidence and water-security loss,sub-material decrease,1.416151,0.00031418290147252817
Huainan,CN,32.62639,116.99694,1666826,0.0631583100000002,436.29193115234375,11.459525444419056,4.074616659629847,0.0485658133332436,-0.1504,-0.0002308977935756,-0.0006613655522774,0.0001799603731291,False,False,False,True,False,1,D routine periodic update,Assess depletion jointly with subsidence and water-security loss,sub-material decrease,1.666826,0.000384866445674443
Bahawalpur,PK,29.39779,71.6752,903795,0.1190218000000238,218.0327911376953,22.384985122453656,6.163876555104304,0.0667663458956642,-0.1318,-0.0002729492771905,-0.0012489901208316,0.0006687955105099,False,True,False,False,False,1,D routine periodic update,Assess depletion jointly with subsidence and water-security loss,sub-material decrease,0.903795,0.000246690191978388
Bengbu,CN,32.94083,117.36083,972784,0.0847586799999958,232.01014709472656,6.927595941100208,4.665622431255438,0.1577664663164499,-0.0756,-0.0003342250636843,-0.0013091394337331,0.0005748197452756,False,True,True,True,False,3,D routine periodic update,Assess depletion jointly with subsidence and water-security loss,sub-material decrease,0.972784,0.0003251287943510681
Huizhou,CN,23.11147,114.41523,2900113,0.0866846999999999,333.48883056640625,18.49393453879611,0.2290439187071343,0.2174236067730859,-0.0666,-0.0003771200649233,-0.0023433196503335,0.0015858234163735,False,True,False,True,False,2,D routine periodic update,Assess depletion jointly with subsidence and water-security loss,sub-material decrease,2.900113,0.0010936908028449065
Quanzhou,CN,24.91389,118.58583,1469157,0.0701559140831337,282.0137634277344,5.935759517814915,3.4805807584817794,0.1603104550502151,-0.1389,-0.0006216479062742,-0.0018348755505674,0.000487004650798,False,True,True,True,False,3,D routine periodic update,Assess depletion jointly with subsidence and water-security loss,sub-material decrease,1.469157,0.0009132983730380849
Guayaquil,EC,-2.19616,-79.88621,2723665,0.6265439059161264,600.0,10.299839780270132,2.146082664993562,0.0888101889045923,-0.2419,-0.0006497006440756,-0.0013736761939493,5.753163707841513e-06,False,False,False,True,True,2,D routine periodic update,Assess depletion jointly with subsidence and water-security loss,sub-material decrease,2.723665,0.0017695669047461692
Wuhu,CN,31.35259,118.42947,1598165,0.0523950000000047,220.0023803710937,0.0610360875868423,9.887412838679904,0.0832824798097464,-0.3578,-0.0009051439761154,-0.00212743052924,0.0001553058966943,False,True,True,False,False,2,D routine periodic update,Assess depletion jointly with subsidence and water-security loss,sub-material decrease,1.598165,0.0014465694225884683
Köln,DE,50.93333,6.95,1024621,0.071448900103232,310.1999206542969,20.40131227588313,1.0260347523658857,0.1157383773456804,-0.2829,-0.0009606448421492,-0.0021828353392496,0.0001066657107355,False,True,False,True,False,2,D routine periodic update,Assess depletion jointly with subsidence and water-security loss,sub-material decrease,1.024621,0.0009842968788077555
Istanbul,TR,41.01384,28.94966,15701602,0.4327548,350.5603332519531,2.6398107881285,0.5690703834498371,0.2697860120091842,-0.273,-0.0017871685276213,-0.0040680138338839,0.0003848638543282,False,True,True,True,True,4,D routine periodic update,Assess depletion jointly with subsidence and water-security loss,sub-material decrease,15.701602,0.02806140892763566
Fuzhou,CN,26.06139,119.30611,3740000,0.051719552891057,245.52935791015625,6.744487678339851,2.5539335553755724,0.2293796563400478,-0.3311,-0.0019431239035406,-0.0047462480917001,0.0005248478189355,False,True,True,True,False,3,D routine periodic update,Assess depletion jointly with subsidence and water-security loss,sub-material decrease,3.74,0.007267283399241844
Fuyang,CN,32.9,115.81667,1768947,0.06560592,196.7847900390625,3.8452735179675415,3.0721340287966603,0.2692389500801895,-0.3122,-0.0020405435224123,-0.004374364646277,7.37581042206112e-06,False,True,True,True,False,3,D routine periodic update,Assess depletion jointly with subsidence and water-security loss,sub-material decrease,1.768947,0.0036096133423406712
Rajshahi,BD,24.374,88.60114,763580,0.127690699939077,235.15640258789065,5.684341886080804e-14,8.642371791434504,0.14196571924355,-0.5335,-0.0021503134704165,-0.0068592905408669,2.220446049250313e-16,False,True,True,False,False,2,D routine periodic update,Assess depletion jointly with subsidence and water-security loss,sub-material decrease,0.76358,0.0016419363597406313
Anqing,CN,30.51365,117.04723,804493,0.0734550466256087,327.2950439453125,5.684341886080804e-14,2.890169741685439,0.1942183917304285,-0.6228,-0.0032250734790999,-0.0069603266215168,3.3306690738754696e-16,False,True,True,True,False,3,D routine periodic update,Assess depletion jointly with subsidence and water-security loss,sub-material decrease,0.804493,0.0025945490384215158
Rangpur,BD,25.74664,89.25166,1031388,0.2707102941607577,205.8676147460937,2.4719615472648684,11.447750903358232,0.1849507700859311,-1.0354,-0.0051411198019189,-0.0112239080686437,0.0005236888568471,False,True,True,False,True,3,D routine periodic update,Assess depletion jointly with subsidence and water-security loss,sub-material decrease,1.031388,0.00530248927026153
