name,country,lat,lon,population,population_million,P0,dP,dP_lo,dP_hi,p_two_zero_aware,zero_exact_dP,fdr_bh_zero_aware,fdr_by_zero_aware,material_bh_zero_aware,material_by_zero_aware,static_counterfactual_tier,observed_tier_bh,observed_tier_by,direction_side,ab_followup_bh,ab_followup_by,detectable_update_bh,detectable_update_by,screening_tier,policy_action,susceptibility_proxy_count
Yokohama,JP,35.43333,139.65,3777491,3.777491,0.5189420934283357,0.0131823600667306,0.0052217653273863,0.0218943302879452,0.000249937515621,False,True,True,True,True,D static-routine baseline,A material adjustment,A material adjustment,increase-side,True,True,True,True,A material hotspot,Screen recharge or recovery plans for liquefaction sensitivity,4
Bhayandar,IN,19.30157,72.85107,809378,0.809378,0.469437365737197,0.0117697302764608,0.0038161602561318,0.0205713226468663,0.000249937515621,False,True,True,True,True,D static-routine baseline,A material adjustment,A material adjustment,increase-side,True,True,True,True,A material hotspot,Screen recharge or recovery plans for liquefaction sensitivity,3
Mumbai,IN,19.07283,72.88261,12691836,12.691836,0.3503606350471797,0.0108165938122896,0.0035724974761384,0.0143549539997001,0.000249937515621,False,True,True,True,True,D static-routine baseline,A material adjustment,A material adjustment,increase-side,True,True,True,True,A material hotspot,Screen recharge or recovery plans for liquefaction sensitivity,3
Delhi,IN,28.65195,77.23149,11034555,11.034555,0.1805143404350351,-0.0113766608006131,-0.0215404015330639,-0.0021241040234326,0.0175,False,True,False,True,False,D static-routine baseline,A material adjustment,D static-routine baseline,depletion-side,True,False,True,False,A material hotspot,Assess depletion jointly with subsidence and water-security loss,3
Lahore,PK,31.558,74.35071,13004135,13.004135,0.1170946389600576,-0.0140276495434888,-0.0226527665302359,-0.0058761489671956,0.000249937515621,False,True,True,True,True,D static-routine baseline,A material adjustment,A material adjustment,depletion-side,True,True,True,True,A material hotspot,Assess depletion jointly with subsidence and water-security loss,2
Ludhiana,IN,30.91204,75.85379,1618879,1.618879,0.0715854976929828,-0.0153533212038833,-0.0237705878345954,-0.0066860327121801,0.000249937515621,False,True,True,True,True,D static-routine baseline,A material adjustment,A material adjustment,depletion-side,True,True,True,True,A material hotspot,Assess depletion jointly with subsidence and water-security loss,2
Dar es Salaam,TZ,-6.82349,39.26951,5383728,5.383728,0.2553153425850038,0.0099400650158641,0.0038461988486549,0.0167379941406086,0.000249937515621,False,True,True,False,False,D static-routine baseline,B targeted follow-up,B targeted follow-up,increase-side,True,True,True,True,B targeted regional monitoring,Screen recharge or recovery plans for liquefaction sensitivity,3
Surat,IN,21.19594,72.83023,4591246,4.591246,0.2809631242668905,0.0096221809737705,0.0028024831768068,0.0167540588840118,0.0009999999999998,False,True,True,False,False,D static-routine baseline,B targeted follow-up,B targeted follow-up,increase-side,True,True,True,True,B targeted regional monitoring,Screen recharge or recovery plans for liquefaction sensitivity,3
Nashik,IN,19.99727,73.79096,1486053,1.486053,0.1138604375994773,0.009150408807873,0.0033004692981796,0.0160788281462742,0.000249937515621,False,True,True,False,False,D static-routine baseline,B targeted follow-up,B targeted follow-up,increase-side,True,True,True,True,B targeted regional monitoring,Screen recharge or recovery plans for liquefaction sensitivity,2
Bhiwandi,IN,19.30023,73.05881,874032,0.874032,0.236638649691125,0.0086312201636333,0.0028146479064968,0.0156682008848642,0.000249937515621,False,True,True,False,False,D static-routine baseline,B targeted follow-up,B targeted follow-up,increase-side,True,True,True,True,B targeted regional monitoring,Screen recharge or recovery plans for liquefaction sensitivity,2
Thāne,IN,19.19704,72.96355,1841488,1.841488,0.2278774286870117,0.0084105762061177,0.0026785993876646,0.0124797601303733,0.000249937515621,False,True,True,False,False,D static-routine baseline,B targeted follow-up,B targeted follow-up,increase-side,True,True,True,True,B targeted regional monitoring,Screen recharge or recovery plans for liquefaction sensitivity,2
Dombivali,IN,19.21667,73.08333,1247327,1.247327,0.2247228330713731,0.0083292880236759,0.0026620227838969,0.0145805491083424,0.000249937515621,False,True,True,False,False,D static-routine baseline,B targeted follow-up,B targeted follow-up,increase-side,True,True,True,True,B targeted regional monitoring,Screen recharge or recovery plans for liquefaction sensitivity,2
Tokyo,JP,35.6895,139.69171,9733276,9.733276,0.190982890999505,0.0083026372584477,0.0032484227166512,0.0144348148566394,0.000249937515621,False,True,True,False,False,D static-routine baseline,B targeted follow-up,B targeted follow-up,increase-side,True,True,True,True,B targeted regional monitoring,Screen recharge or recovery plans for liquefaction sensitivity,3
Tianjin,CN,39.14222,117.17667,11090314,11.090314,0.3164541546783339,0.0073736357294239,0.0027019944033238,0.012359666617923,0.000249937515621,False,True,True,False,False,D static-routine baseline,B targeted follow-up,B targeted follow-up,increase-side,True,True,True,True,B targeted regional monitoring,Screen recharge or recovery plans for liquefaction sensitivity,3
Varanasi,IN,25.31668,83.01041,1164404,1.164404,0.1245190067150815,0.0064547441040125,0.0018980329960969,0.0116378114684587,0.0004999999999999,False,True,True,False,False,D static-routine baseline,B targeted follow-up,B targeted follow-up,increase-side,True,True,True,True,B targeted regional monitoring,Screen recharge or recovery plans for liquefaction sensitivity,2
Patna,IN,25.59408,85.13563,1684297,1.684297,0.1658498027441522,0.0060981198108892,0.000864302642856,0.0121689895101161,0.0304999999999999,False,True,False,False,False,D static-routine baseline,B targeted follow-up,D static-routine baseline,increase-side,True,False,True,False,B targeted regional monitoring,Screen recharge or recovery plans for liquefaction sensitivity,2
Kanpur,IN,26.46523,80.34975,2823249,2.823249,0.2026506374537788,0.0059558101069985,0.000963818175543,0.0116741145169482,0.0264999999999999,False,True,False,False,False,D static-routine baseline,B targeted follow-up,D static-routine baseline,increase-side,True,False,True,False,B targeted regional monitoring,Screen recharge or recovery plans for liquefaction sensitivity,2
Barcelona,VE,10.1384,-64.68769,815141,0.815141,0.2243551139995603,0.0055937627238466,0.0010259838369734,0.0109662133452184,0.0215,False,True,False,False,False,D static-routine baseline,B targeted follow-up,D static-routine baseline,increase-side,True,False,True,False,B targeted regional monitoring,Screen recharge or recovery plans for liquefaction sensitivity,3
Prayagraj,IN,25.44478,81.84322,1073438,1.073438,0.1178387672953683,0.005399910094125,0.0015612575336032,0.0101051179925019,0.002,False,True,True,False,False,D static-routine baseline,B targeted follow-up,B targeted follow-up,increase-side,True,True,True,True,B targeted regional monitoring,Screen recharge or recovery plans for liquefaction sensitivity,3
Kalyān,IN,19.2437,73.13554,1262255,1.262255,0.1619724372746482,0.0053812979642205,0.0020564889245797,0.0053812979642205,0.0004999999999999,False,True,True,False,False,D static-routine baseline,B targeted follow-up,B targeted follow-up,increase-side,True,True,True,True,B targeted regional monitoring,Screen recharge or recovery plans for liquefaction sensitivity,2
Makassar,ID,-5.14861,119.43194,1423877,1.423877,0.4703472617673802,0.005239330970689,0.0017247287311472,0.0053197165084566,0.000249937515621,False,True,True,False,False,D static-routine baseline,B targeted follow-up,B targeted follow-up,increase-side,True,True,True,True,B targeted regional monitoring,Screen recharge or recovery plans for liquefaction sensitivity,3
Luzhou,CN,28.8903,105.42575,998900,0.9989,0.3810304064247856,0.0050042128246746,0.001002839819391,0.0097701316210069,0.0169999999999999,False,True,False,False,False,D static-routine baseline,B targeted follow-up,D static-routine baseline,increase-side,True,False,True,False,B targeted regional monitoring,Screen recharge or recovery plans for liquefaction sensitivity,3
Diyarbakır,TR,37.91363,40.21721,1833684,1.833684,0.1158971347607523,-0.0055730278091667,-0.0098053716123281,-0.0017653521782096,0.000249937515621,False,True,True,False,False,D static-routine baseline,B targeted follow-up,B targeted follow-up,depletion-side,True,True,True,True,B targeted regional monitoring,Assess depletion jointly with subsidence and water-security loss,3
Turin,IT,45.07049,7.68682,847287,0.847287,0.1326629461536492,-0.0058121023331525,-0.009701945002112,-0.0021619729666763,0.000249937515621,False,True,True,False,False,D static-routine baseline,B targeted follow-up,B targeted follow-up,depletion-side,True,True,True,True,B targeted regional monitoring,Assess depletion jointly with subsidence and water-security loss,2
Puebla,MX,19.04778,-98.20723,1692181,1.692181,0.1405963415821477,-0.006715498408346,-0.0112416530416738,-0.0023980009057791,0.000249937515621,False,True,True,False,False,D static-routine baseline,B targeted follow-up,B targeted follow-up,depletion-side,True,True,True,True,B targeted regional monitoring,Assess depletion jointly with subsidence and water-security loss,3
Seattle,US,47.60621,-122.33207,780995,0.780995,0.2586282815817057,-0.0067245943704312,-0.0120283033292774,-0.0017603242673745,0.0035,False,True,True,False,False,D static-routine baseline,B targeted follow-up,B targeted follow-up,depletion-side,True,True,True,True,B targeted regional monitoring,Assess depletion jointly with subsidence and water-security loss,4
Srinagar,IN,34.08565,74.80555,1206419,1.206419,0.1030244217179187,-0.0086285932427188,-0.013873612663999,-0.0035178658510327,0.000249937515621,False,True,True,False,False,D static-routine baseline,B targeted follow-up,B targeted follow-up,depletion-side,True,True,True,True,B targeted regional monitoring,Assess depletion jointly with subsidence and water-security loss,3
Faridabad,IN,28.41124,77.31316,1414050,1.41405,0.1475423603360455,-0.0096483135253369,-0.01813399919476,-0.0018341115807303,0.0205,False,True,False,False,False,D static-routine baseline,B targeted follow-up,D static-routine baseline,depletion-side,True,False,True,False,B targeted regional monitoring,Assess depletion jointly with subsidence and water-security loss,3
Ranchi,IN,23.34316,85.3094,1120374,1.120374,0.1518367422826408,0.004955914891752,0.0007176902001159,0.0095665109793553,0.0324999999999999,False,True,False,False,False,D static-routine baseline,C detectable sub-material update,D static-routine baseline,increase-side,False,False,True,False,C detectable but sub-material,Screen recharge or recovery plans for liquefaction sensitivity,3
Ciudad Guayana,VE,8.35122,-62.64102,978202,0.978202,0.0446043151604602,0.004915952855939,0.0017313225857529,0.0086130693844601,0.000249937515621,False,True,True,False,False,D static-routine baseline,C detectable sub-material update,C detectable sub-material update,increase-side,False,False,True,True,C detectable but sub-material,Screen recharge or recovery plans for liquefaction sensitivity,1
Haikou,CN,20.03421,110.34651,2873358,2.873358,0.2253662420315492,0.0048257107875001,0.0010604850959056,0.0083566162214119,0.008,False,True,True,False,False,D static-routine baseline,C detectable sub-material update,C detectable sub-material update,increase-side,False,False,True,True,C detectable but sub-material,Screen recharge or recovery plans for liquefaction sensitivity,3
Jing’an,CN,31.22,121.41583,936500,0.9365,0.3096699605681585,0.0047006544213692,0.0013615147921282,0.0086019015606938,0.0004999999999999,False,True,True,False,False,D static-routine baseline,C detectable sub-material update,C detectable sub-material update,increase-side,False,False,True,True,C detectable but sub-material,Screen recharge or recovery plans for liquefaction sensitivity,3
Vijayawada,IN,16.50745,80.6466,1143232,1.143232,0.0604693150029867,0.0045902708923863,0.0016284815563342,0.0078356205976431,0.000249937515621,False,True,True,False,False,D static-routine baseline,C detectable sub-material update,C detectable sub-material update,increase-side,False,False,True,True,C detectable but sub-material,Screen recharge or recovery plans for liquefaction sensitivity,2
Zhabei,CN,31.25861,121.45972,840000,0.84,0.2809287858449564,0.0044447278430762,0.0012136954300911,0.0078690591103459,0.0015,False,True,True,False,False,D static-routine baseline,C detectable sub-material update,C detectable sub-material update,increase-side,False,False,True,True,C detectable but sub-material,Screen recharge or recovery plans for liquefaction sensitivity,3
Kaifeng,CN,34.7986,114.30742,1451741,1.451741,0.0790101665866817,0.0043969392064603,0.0018921885863275,0.0043969392064603,0.000249937515621,False,True,True,False,False,D static-routine baseline,C detectable sub-material update,C detectable sub-material update,increase-side,False,False,True,True,C detectable but sub-material,Screen recharge or recovery plans for liquefaction sensitivity,2
Qinhuangdao,CN,39.94104,119.58936,759718,0.759718,0.2269505878939417,0.0042830898810408,0.0015137770350567,0.0068465577570488,0.000249937515621,False,True,True,False,False,D static-routine baseline,C detectable sub-material update,C detectable sub-material update,increase-side,False,False,True,True,C detectable but sub-material,Screen recharge or recovery plans for liquefaction sensitivity,3
Nagoya,JP,35.18147,136.90641,2332176,2.332176,0.2520813183052804,0.0041915709353172,0.0014601161438896,0.0073164946180869,0.000249937515621,False,True,True,False,False,D static-routine baseline,C detectable sub-material update,C detectable sub-material update,increase-side,False,False,True,True,C detectable but sub-material,Screen recharge or recovery plans for liquefaction sensitivity,2
Putuo,CN,31.251,121.3897,1239100,1.2391,0.2356938019343586,0.003967574017243,0.0011085859492778,0.0072150865603816,0.0009999999999998,False,True,True,False,False,D static-routine baseline,C detectable sub-material update,C detectable sub-material update,increase-side,False,False,True,True,C detectable but sub-material,Screen recharge or recovery plans for liquefaction sensitivity,3
Hanzhong,CN,33.07507,107.02214,1006557,1.006557,0.2190058844460397,0.003910982978689,0.0012029459282103,0.0067580173646172,0.0009999999999998,False,True,True,False,False,D static-routine baseline,C detectable sub-material update,C detectable sub-material update,increase-side,False,False,True,True,C detectable but sub-material,Screen recharge or recovery plans for liquefaction sensitivity,3
Benghazi,LY,32.11486,20.06859,757490,0.75749,0.1283176445027822,0.0036816993522627,0.0014337018513617,0.0062601803119683,0.000249937515621,False,True,True,False,False,D static-routine baseline,C detectable sub-material update,C detectable sub-material update,increase-side,False,False,True,True,C detectable but sub-material,Screen recharge or recovery plans for liquefaction sensitivity,3
Accra,GH,5.55602,-0.1969,1963264,1.963264,0.0189903692062647,0.0036759540436972,0.001421571951441,0.0065256269737419,0.000249937515621,False,True,True,False,False,D static-routine baseline,C detectable sub-material update,C detectable sub-material update,increase-side,False,False,True,True,C detectable but sub-material,Screen recharge or recovery plans for liquefaction sensitivity,1
Jabalpur,IN,23.16697,79.95006,1081677,1.081677,0.0696129014617209,0.0035819517574923,0.0010560839536029,0.0050311073545877,0.0004999999999999,False,True,True,False,False,D static-routine baseline,C detectable sub-material update,C detectable sub-material update,increase-side,False,False,True,True,C detectable but sub-material,Screen recharge or recovery plans for liquefaction sensitivity,1
Manila,PH,14.6042,120.9822,1600000,1.6,0.5352704588103365,0.0034897418002498,0.0006980618544253,0.0063995104776926,0.0115,False,True,False,False,False,D static-routine baseline,C detectable sub-material update,D static-routine baseline,increase-side,False,False,True,False,C detectable but sub-material,Screen recharge or recovery plans for liquefaction sensitivity,4
Nanchong,CN,30.79508,106.08473,1858875,1.858875,0.1355041951268771,0.0033759501018316,0.0010048234267957,0.0061062500877847,0.0009999999999998,False,True,True,False,False,D static-routine baseline,C detectable sub-material update,C detectable sub-material update,increase-side,False,False,True,True,C detectable but sub-material,Screen recharge or recovery plans for liquefaction sensitivity,2
Linfen,CN,36.08889,111.51889,959198,0.959198,0.1252626239043494,0.0033597281576323,0.0005740557914018,0.00663916967876,0.0249999999999999,False,True,False,False,False,D static-routine baseline,C detectable sub-material update,D static-routine baseline,increase-side,False,False,True,False,C detectable but sub-material,Screen recharge or recovery plans for liquefaction sensitivity,2
Jamshedpur,IN,22.80278,86.18545,1339438,1.339438,0.0918417748652872,0.003275903248584,0.0005394679193755,0.006624209526085,0.0235,False,True,False,False,False,D static-routine baseline,C detectable sub-material update,D static-routine baseline,increase-side,False,False,True,False,C detectable but sub-material,Screen recharge or recovery plans for liquefaction sensitivity,1
Xuhui,CN,31.19594,121.44709,1109800,1.1098,0.169149714833768,0.0030998488024287,0.000877337799885,0.0053684863250866,0.0009999999999998,False,True,True,False,False,D static-routine baseline,C detectable sub-material update,C detectable sub-material update,increase-side,False,False,True,True,C detectable but sub-material,Screen recharge or recovery plans for liquefaction sensitivity,3
Maracaibo,VE,10.64232,-71.61089,1752602,1.752602,0.0717790091622781,0.0029827278373295,0.0011005920738077,0.0051091500449268,0.000249937515621,False,True,True,False,False,D static-routine baseline,C detectable sub-material update,C detectable sub-material update,increase-side,False,False,True,True,C detectable but sub-material,Screen recharge or recovery plans for liquefaction sensitivity,2
Malingao,PH,7.16083,124.475,1121974,1.121974,0.4150683750823353,0.0029638183406366,0.0008033863604452,0.0029638183406366,0.004,False,True,True,False,False,D static-routine baseline,C detectable sub-material update,C detectable sub-material update,increase-side,False,False,True,True,C detectable but sub-material,Screen recharge or recovery plans for liquefaction sensitivity,3
Dalian,CN,38.91222,121.60222,4913879,4.913879,0.0675900577208251,0.002896224481439,0.0010760466035981,0.0049673568670224,0.000249937515621,False,True,True,False,False,D static-routine baseline,C detectable sub-material update,C detectable sub-material update,increase-side,False,False,True,True,C detectable but sub-material,Screen recharge or recovery plans for liquefaction sensitivity,1
Budta,PH,7.20417,124.43972,1273715,1.273715,0.3195365565377467,0.0028907748123359,0.0007181867105477,0.0053559100879757,0.0055,False,True,True,False,False,D static-routine baseline,C detectable sub-material update,C detectable sub-material update,increase-side,False,False,True,True,C detectable but sub-material,Screen recharge or recovery plans for liquefaction sensitivity,3
Mombasa,KE,-4.05466,39.66359,1208333,1.208333,0.1989880344847455,0.0028114281985759,0.0011204678584026,0.004696259038271,0.000249937515621,False,True,True,False,False,D static-routine baseline,C detectable sub-material update,C detectable sub-material update,increase-side,False,False,True,True,C detectable but sub-material,Screen recharge or recovery plans for liquefaction sensitivity,2
Chennai,IN,13.08784,80.27847,4681087,4.681087,0.2607011320522958,0.0026832935777019,0.0010730789082865,0.0045235594281931,0.000249937515621,False,True,True,False,False,D static-routine baseline,C detectable sub-material update,C detectable sub-material update,increase-side,False,False,True,True,C detectable but sub-material,Screen recharge or recovery plans for liquefaction sensitivity,3
Cartagena,CO,10.39817,-75.49328,914552,0.914552,0.1490912597771801,0.0026785270490979,0.0004797008400966,0.0053139105911917,0.0204999999999999,False,True,False,False,False,D static-routine baseline,C detectable sub-material update,D static-routine baseline,increase-side,False,False,True,False,C detectable but sub-material,Screen recharge or recovery plans for liquefaction sensitivity,2
Virār,IN,19.45591,72.81136,1222390,1.22239,0.1539720100433315,0.0025991780956606,0.0019959944961017,0.0025991780956606,0.000249937515621,False,True,True,False,False,D static-routine baseline,C detectable sub-material update,C detectable sub-material update,increase-side,False,False,True,True,C detectable but sub-material,Screen recharge or recovery plans for liquefaction sensitivity,2
Ziyang,CN,30.12108,104.64811,905729,0.905729,0.1200477239676342,0.0025591202315673,0.0007583093051363,0.0045653707451619,0.0004999999999999,False,True,True,False,False,D static-routine baseline,C detectable sub-material update,C detectable sub-material update,increase-side,False,False,True,True,C detectable but sub-material,Screen recharge or recovery plans for liquefaction sensitivity,1
Santo Domingo,DO,18.47186,-69.89232,2201941,2.201941,0.3070350909936708,0.0024767920648013,0.0006809021030615,0.0046060444759537,0.002,False,True,True,False,False,D static-routine baseline,C detectable sub-material update,C detectable sub-material update,increase-side,False,False,True,True,C detectable but sub-material,Screen recharge or recovery plans for liquefaction sensitivity,3
Baoshan,CN,31.40845,121.48956,2265900,2.2659,0.1281779072849716,0.0024670626082674,0.0006762688745617,0.0044287847171819,0.002,False,True,True,False,False,D static-routine baseline,C detectable sub-material update,C detectable sub-material update,increase-side,False,False,True,True,C detectable but sub-material,Screen recharge or recovery plans for liquefaction sensitivity,3
Barranquilla,CO,10.96854,-74.78132,1206319,1.206319,0.1310547097035396,0.0024053116310744,0.0004476608619669,0.0046132093407682,0.0184999999999999,False,True,False,False,False,D static-routine baseline,C detectable sub-material update,D static-routine baseline,increase-side,False,False,True,False,C detectable but sub-material,Screen recharge or recovery plans for liquefaction sensitivity,3
Cebu City,PH,10.31672,123.89071,965332,0.965332,0.2835265651794575,0.002276329626615,0.002276329626615,0.002276329626615,0.000249937515621,False,True,True,False,False,D static-routine baseline,C detectable sub-material update,C detectable sub-material update,increase-side,False,False,True,True,C detectable but sub-material,Screen recharge or recovery plans for liquefaction sensitivity,4
Seoul,KR,37.566,126.9784,10349312,10.349312,0.1155377233384598,0.0021926419501853,0.0007829412458853,0.0037572449414291,0.000249937515621,False,True,True,False,False,D static-routine baseline,C detectable sub-material update,C detectable sub-material update,increase-side,False,False,True,True,C detectable but sub-material,Screen recharge or recovery plans for liquefaction sensitivity,3
Weinan,CN,34.50355,109.50891,1199290,1.19929,0.1576864338909852,0.002007256314618,0.000599620429505,0.0036432630126096,0.0004999999999999,False,True,True,False,False,D static-routine baseline,C detectable sub-material update,C detectable sub-material update,increase-side,False,False,True,True,C detectable but sub-material,Screen recharge or recovery plans for liquefaction sensitivity,3
Alexandria,EG,31.20176,29.91582,5263542,5.263542,0.2299702968344735,0.0019576794418436,0.0005205754538679,0.0035887035945086,0.0015,False,True,True,False,False,D static-routine baseline,C detectable sub-material update,C detectable sub-material update,increase-side,False,False,True,True,C detectable but sub-material,Screen recharge or recovery plans for liquefaction sensitivity,3
Sapporo,JP,43.06667,141.35,1973832,1.973832,0.1197325813076629,0.001933859674291,0.0004334499423983,0.003525010037273,0.01,False,True,False,False,False,D static-routine baseline,C detectable sub-material update,D static-routine baseline,increase-side,False,False,True,False,C detectable but sub-material,Screen recharge or recovery plans for liquefaction sensitivity,2
Auckland,NZ,-36.84853,174.76349,1547200,1.5472,0.101268245898653,0.0019078322068631,0.0006904732473526,0.0032412682258164,0.000249937515621,False,True,True,False,False,D static-routine baseline,C detectable sub-material update,C detectable sub-material update,increase-side,False,False,True,True,C detectable but sub-material,Screen recharge or recovery plans for liquefaction sensitivity,1
Xianyang,CN,34.33778,108.70261,1034081,1.034081,0.1452936253862427,0.0018758121915692,0.0006174797351954,0.0033192355079055,0.000249937515621,False,True,True,False,False,D static-routine baseline,C detectable sub-material update,C detectable sub-material update,increase-side,False,False,True,True,C detectable but sub-material,Screen recharge or recovery plans for liquefaction sensitivity,3
Hamamatsu,JP,34.7,137.73333,791707,0.791707,0.3491192316542594,0.0018496808038376,0.0005196211928647,0.0018496808038376,0.0044999999999999,False,True,True,False,False,D static-routine baseline,C detectable sub-material update,C detectable sub-material update,increase-side,False,False,True,True,C detectable but sub-material,Screen recharge or recovery plans for liquefaction sensitivity,3
Karachi,PK,24.8608,67.0104,11624219,11.624219,0.1435331805189991,0.0018106153343679,0.0004986582433334,0.0032892303975454,0.0004999999999999,False,True,True,False,False,D static-routine baseline,C detectable sub-material update,C detectable sub-material update,increase-side,False,False,True,True,C detectable but sub-material,Screen recharge or recovery plans for liquefaction sensitivity,3
Shanghai,CN,31.22222,121.45806,24874500,24.8745,0.2416987034188102,0.0017738693845824,0.0011479908468059,0.0017738693845824,0.0009999999999998,False,True,True,False,False,D static-routine baseline,C detectable sub-material update,C detectable sub-material update,increase-side,False,False,True,True,C detectable but sub-material,Screen recharge or recovery plans for liquefaction sensitivity,3
Tainan,TW,22.99083,120.21333,1856642,1.856642,0.4951055488073359,0.001610778367505,0.0003473925302693,0.0031410837688323,0.012,False,True,False,False,False,D static-routine baseline,C detectable sub-material update,D static-routine baseline,increase-side,False,False,True,False,C detectable but sub-material,Screen recharge or recovery plans for liquefaction sensitivity,3
Kitakyushu,JP,33.85181,130.85034,940978,0.940978,0.1356510418815042,0.0015969601989614,0.0003990257258993,0.0019178033808634,0.0024999999999999,False,True,True,False,False,D static-routine baseline,C detectable sub-material update,C detectable sub-material update,increase-side,False,False,True,True,C detectable but sub-material,Screen recharge or recovery plans for liquefaction sensitivity,2
Lanzhou,CN,36.05701,103.83987,3000000,3.0,0.106565346687678,0.0015712382400322,0.0005254058927755,0.0026973148455408,0.000249937515621,False,True,True,False,False,D static-routine baseline,C detectable sub-material update,C detectable sub-material update,increase-side,False,False,True,True,C detectable but sub-material,Screen recharge or recovery plans for liquefaction sensitivity,2
Hiroshima,JP,34.4,132.45,1200754,1.200754,0.4147114489219935,0.0015640616549372,0.0002325757333331,0.0031389375482984,0.032,False,True,False,False,False,D static-routine baseline,C detectable sub-material update,D static-routine baseline,increase-side,False,False,True,False,C detectable but sub-material,Screen recharge or recovery plans for liquefaction sensitivity,3
Neijiang,CN,29.58354,105.06216,1251095,1.251095,0.0494244737783714,0.0014456937895842,0.0004341375853454,0.0025665249670705,0.000249937515621,False,True,True,False,False,D static-routine baseline,C detectable sub-material update,C detectable sub-material update,increase-side,False,False,True,True,C detectable but sub-material,Screen recharge or recovery plans for liquefaction sensitivity,2
Santiago de los Caballeros,DO,19.45036,-70.69085,1200000,1.2,0.191695307122232,0.0014016720464758,0.0002620946555143,0.0027149906755611,0.016,False,True,False,False,False,D static-routine baseline,C detectable sub-material update,D static-routine baseline,increase-side,False,False,True,False,C detectable but sub-material,Screen recharge or recovery plans for liquefaction sensitivity,3
Port-au-Prince,HT,18.54349,-72.33881,1234742,1.234742,0.1923156002357485,0.0013811960865968,0.0003490050206672,0.0025979786018036,0.0055,False,True,True,False,False,D static-routine baseline,C detectable sub-material update,C detectable sub-material update,increase-side,False,False,True,True,C detectable but sub-material,Screen recharge or recovery plans for liquefaction sensitivity,2
Hyderabad,PK,25.39689,68.37718,1921275,1.921275,0.0616979801656388,0.0013306612472312,0.0003534559071621,0.0024121508614403,0.0015,False,True,True,False,False,D static-routine baseline,C detectable sub-material update,C detectable sub-material update,increase-side,False,False,True,True,C detectable but sub-material,Screen recharge or recovery plans for liquefaction sensitivity,2
Zhengzhou,CN,34.75778,113.64861,4253913,4.253913,0.0249693860924796,0.0012674802393856,0.0003708182977496,0.0015282868465959,0.000249937515621,False,True,True,False,False,D static-routine baseline,C detectable sub-material update,C detectable sub-material update,increase-side,False,False,True,True,C detectable but sub-material,Screen recharge or recovery plans for liquefaction sensitivity,2
Anyang,CN,36.096,114.38278,1146839,1.146839,0.0127701912005034,0.0012147377205101,0.0004180393231679,0.0021176154165551,0.000249937515621,False,True,True,False,False,D static-routine baseline,C detectable sub-material update,C detectable sub-material update,increase-side,False,False,True,True,C detectable but sub-material,Screen recharge or recovery plans for liquefaction sensitivity,2
Fukuoka,JP,33.6,130.41667,1612392,1.612392,0.5548847109336004,0.0011292210388418,0.0008565886039953,0.0011292210388418,0.0035,False,True,True,False,False,D static-routine baseline,C detectable sub-material update,C detectable sub-material update,increase-side,False,False,True,True,C detectable but sub-material,Screen recharge or recovery plans for liquefaction sensitivity,4
Quezon City,PH,14.6488,121.0509,3084270,3.08427,0.1028732344892735,0.0010393864693847,0.0001278362339753,0.002107218975152,0.0409999999999999,False,True,False,False,False,D static-routine baseline,C detectable sub-material update,D static-routine baseline,increase-side,False,False,True,False,C detectable but sub-material,Screen recharge or recovery plans for liquefaction sensitivity,3
Chongqing,CN,29.56026,106.55771,7457599,7.457599,0.0527023509040116,0.0009810779997386,0.0001384336500808,0.0018902126279857,0.0329999999999999,False,True,False,False,False,D static-routine baseline,C detectable sub-material update,D static-routine baseline,increase-side,False,False,True,False,C detectable but sub-material,Screen recharge or recovery plans for liquefaction sensitivity,1
Pasig City,PH,14.58691,121.0614,853050,0.85305,0.09217958183859,0.0009425574639516,0.0001068769301092,0.0018619490104443,0.0435,False,True,False,False,False,D static-routine baseline,C detectable sub-material update,D static-routine baseline,increase-side,False,False,True,False,C detectable but sub-material,Screen recharge or recovery plans for liquefaction sensitivity,2
Goyang-si,KR,37.65639,126.835,1061752,1.061752,0.0649212863447575,0.0009003048747226,0.0004644921017719,0.0009003048747226,0.000249937515621,False,True,True,False,False,D static-routine baseline,C detectable sub-material update,C detectable sub-material update,increase-side,False,False,True,True,C detectable but sub-material,Screen recharge or recovery plans for liquefaction sensitivity,1
Tianshui,CN,34.57952,105.74238,1212791,1.212791,0.0499841282868138,0.000896197666793,0.0003110550326181,0.0015946017783014,0.000249937515621,False,True,True,False,False,D static-routine baseline,C detectable sub-material update,C detectable sub-material update,increase-side,False,False,True,True,C detectable but sub-material,Screen recharge or recovery plans for liquefaction sensitivity,2
Changwon,KR,35.22806,128.68111,1025702,1.025702,0.0747000136905247,0.0008700584934065,0.0001483121294334,0.0016925404970798,0.0224999999999999,False,True,False,False,False,D static-routine baseline,C detectable sub-material update,D static-routine baseline,increase-side,False,False,True,False,C detectable but sub-material,Screen recharge or recovery plans for liquefaction sensitivity,2
Vadodara,IN,22.29941,73.20812,1822221,1.822221,0.0140510981190628,0.0007753986476834,0.0002025649499052,0.0014310177372404,0.002,False,True,True,False,False,D static-routine baseline,C detectable sub-material update,C detectable sub-material update,increase-side,False,False,True,True,C detectable but sub-material,Screen recharge or recovery plans for liquefaction sensitivity,2
Langfang,CN,39.52079,116.71471,868066,0.868066,0.0420755965995724,0.0007721279813353,0.0002566857307108,0.0013174704850387,0.000249937515621,False,True,True,False,False,D static-routine baseline,C detectable sub-material update,C detectable sub-material update,increase-side,False,False,True,True,C detectable but sub-material,Screen recharge or recovery plans for liquefaction sensitivity,1
Caloocan,PH,14.64953,120.96788,1712945,1.712945,0.5268838785496096,0.0007599218058339,0.0007599218058339,0.0007599218058339,0.0089999999999998,False,True,False,False,False,D static-routine baseline,C detectable sub-material update,D static-routine baseline,increase-side,False,False,True,False,C detectable but sub-material,Screen recharge or recovery plans for liquefaction sensitivity,4
Dongying,CN,37.46271,118.49165,998968,0.998968,0.0194504661258786,0.0007503506881893,0.0004929263375389,0.0007503506881893,0.000249937515621,False,True,True,False,False,D static-routine baseline,C detectable sub-material update,C detectable sub-material update,increase-side,False,False,True,True,C detectable but sub-material,Screen recharge or recovery plans for liquefaction sensitivity,2
Incheon,KR,37.45646,126.70515,3015482,3.015482,0.0362147303831938,0.0007501877106964,0.0002689295014475,0.0012369028753423,0.000249937515621,False,True,True,False,False,D static-routine baseline,C detectable sub-material update,C detectable sub-material update,increase-side,False,False,True,True,C detectable but sub-material,Screen recharge or recovery plans for liquefaction sensitivity,0
Taiyuan,CN,37.86944,112.56028,4303673,4.303673,0.205668978830565,0.0007481143005881,0.0006934087391053,0.0007481143005881,0.0155,False,True,False,False,False,D static-routine baseline,C detectable sub-material update,D static-routine baseline,increase-side,False,False,True,False,C detectable but sub-material,Screen recharge or recovery plans for liquefaction sensitivity,3
Giza,EG,30.00944,31.20861,4367343,4.367343,0.1899640951263256,0.00070556806689,0.0001094598125627,0.0013921614717881,0.03,False,True,False,False,False,D static-routine baseline,C detectable sub-material update,D static-routine baseline,increase-side,False,False,True,False,C detectable but sub-material,Screen recharge or recovery plans for liquefaction sensitivity,3
Ankang,CN,32.68,109.01722,870126,0.870126,0.0360688719453292,0.0006825083072401,0.0001954378221154,0.0012248434299897,0.0004999999999999,False,True,True,False,False,D static-routine baseline,C detectable sub-material update,C detectable sub-material update,increase-side,False,False,True,True,C detectable but sub-material,Screen recharge or recovery plans for liquefaction sensitivity,1
Suwon,KR,37.29111,127.00889,1234582,1.234582,0.0305140964307564,0.0006359158262189,0.0002248553384981,0.0011049711007059,0.000249937515621,False,True,True,False,False,D static-routine baseline,C detectable sub-material update,C detectable sub-material update,increase-side,False,False,True,True,C detectable but sub-material,Screen recharge or recovery plans for liquefaction sensitivity,2
Pimpri-Chinchwad,IN,18.61867,73.80375,1727692,1.727692,0.0070768836363395,0.0006171175405221,0.0002232672410458,0.0010910841725212,0.000249937515621,False,True,True,False,False,D static-routine baseline,C detectable sub-material update,C detectable sub-material update,increase-side,False,False,True,True,C detectable but sub-material,Screen recharge or recovery plans for liquefaction sensitivity,2
Chiba,JP,35.6,140.11667,979768,0.979768,0.4113296161094694,0.0006153195528436,0.0006153195528436,0.0006153195528436,0.000249937515621,False,True,True,False,False,D static-routine baseline,C detectable sub-material update,C detectable sub-material update,increase-side,False,False,True,True,C detectable but sub-material,Screen recharge or recovery plans for liquefaction sensitivity,4
Barquisimeto,VE,10.0647,-69.35703,1240714,1.240714,0.0112790643540553,0.0005986854645656,0.0002231788041404,0.0010451086370402,0.000249937515621,False,True,True,False,False,D static-routine baseline,C detectable sub-material update,C detectable sub-material update,increase-side,False,False,True,True,C detectable but sub-material,Screen recharge or recovery plans for liquefaction sensitivity,2
Mysuru,IN,12.29791,76.63925,920550,0.92055,0.007556444717322,0.0005723038697131,0.0002009788193956,0.00083953289685,0.000249937515621,False,True,True,False,False,D static-routine baseline,C detectable sub-material update,C detectable sub-material update,increase-side,False,False,True,True,C detectable but sub-material,Screen recharge or recovery plans for liquefaction sensitivity,1
Bucheon-si,KR,37.49889,126.78306,850731,0.850731,0.0273183104753989,0.000571231348487,0.0002000369447814,0.0009909100519071,0.000249937515621,False,True,True,False,False,D static-routine baseline,C detectable sub-material update,C detectable sub-material update,increase-side,False,False,True,True,C detectable but sub-material,Screen recharge or recovery plans for liquefaction sensitivity,1
Tripoli,LY,32.88743,13.18733,1302947,1.302947,0.0772701665063333,0.0005650613683371,0.0001188310637474,0.0010954979640199,0.01,False,True,False,False,False,D static-routine baseline,C detectable sub-material update,D static-routine baseline,increase-side,False,False,True,False,C detectable but sub-material,Screen recharge or recovery plans for liquefaction sensitivity,2
Yibin,CN,28.7593,104.63994,836340,0.83634,0.0198677749140312,0.0005162069294723,0.0001457609461879,0.0009278182293975,0.0015,False,True,True,False,False,D static-routine baseline,C detectable sub-material update,C detectable sub-material update,increase-side,False,False,True,True,C detectable but sub-material,Screen recharge or recovery plans for liquefaction sensitivity,2
Havana,CU,23.13302,-82.38304,2163824,2.163824,0.1581549806806647,0.0005034226792101,4.3504630703865296e-05,0.001020372433894,0.0629999999999999,False,True,False,False,False,D static-routine baseline,C detectable sub-material update,D static-routine baseline,increase-side,False,False,True,False,C detectable but sub-material,Screen recharge or recovery plans for liquefaction sensitivity,3
San Jose,US,37.33939,-121.89496,997368,0.997368,0.0164949884085017,0.000496426350033,4.1933674113270494e-05,0.0006725883656629,0.052,False,True,False,False,False,D static-routine baseline,C detectable sub-material update,D static-routine baseline,increase-side,False,False,True,False,C detectable but sub-material,Screen recharge or recovery plans for liquefaction sensitivity,3
Jiaozuo,CN,35.23925,113.23914,865413,0.865413,0.0053303015640954,0.0004495476012168,0.0001540478204035,0.0008058822757498,0.000249937515621,False,True,True,False,False,D static-routine baseline,C detectable sub-material update,C detectable sub-material update,increase-side,False,False,True,True,C detectable but sub-material,Screen recharge or recovery plans for liquefaction sensitivity,2
Linyi,CN,35.06306,118.34278,2743843,2.743843,0.019352023834308,0.0003796795217104,0.0001432454484555,0.0003796795217104,0.0009999999999998,False,True,True,False,False,D static-routine baseline,C detectable sub-material update,C detectable sub-material update,increase-side,False,False,True,True,C detectable but sub-material,Screen recharge or recovery plans for liquefaction sensitivity,2
Pimpri,IN,18.62292,73.80696,1284606,1.284606,0.0041057847594442,0.000359197196582,0.0001274083604583,0.0006371388735635,0.000249937515621,False,True,True,False,False,D static-routine baseline,C detectable sub-material update,C detectable sub-material update,increase-side,False,False,True,True,C detectable but sub-material,Screen recharge or recovery plans for liquefaction sensitivity,1
Bhubaneswar,IN,20.27241,85.83385,885363,0.885363,0.0076663980994504,0.0003474043925275,7.139984301811629e-05,0.0006828435154962,0.016,False,True,False,False,False,D static-routine baseline,C detectable sub-material update,D static-routine baseline,increase-side,False,False,True,False,C detectable but sub-material,Screen recharge or recovery plans for liquefaction sensitivity,0
Natal,BR,-5.795,-35.20944,896708,0.896708,0.0338794378118827,0.0003325867328523,0.0001241945875274,0.0005651338887189,0.000249937515621,False,True,True,False,False,D static-routine baseline,C detectable sub-material update,C detectable sub-material update,increase-side,False,False,True,True,C detectable but sub-material,Screen recharge or recovery plans for liquefaction sensitivity,1
Antipolo,PH,14.62578,121.12251,913712,0.913712,0.030323246181374,0.0003314198522643,4.701257432291259e-05,0.0003908803154227,0.038,False,True,False,False,False,D static-routine baseline,C detectable sub-material update,D static-routine baseline,increase-side,False,False,True,False,C detectable but sub-material,Screen recharge or recovery plans for liquefaction sensitivity,3
Wenzhou,CN,27.99942,120.66682,2650000,2.65,0.3178377257589561,0.0003306022888904,0.0002252022240566,0.0003306022888904,0.0375,False,True,False,False,False,D static-routine baseline,C detectable sub-material update,D static-routine baseline,increase-side,False,False,True,False,C detectable but sub-material,Screen recharge or recovery plans for liquefaction sensitivity,3
Panjin,CN,41.121,122.0739,1166481,1.166481,0.0099419021655215,0.0003149296385248,0.0002065743309335,0.0003149296385248,0.000249937515621,False,True,True,False,False,D static-routine baseline,C detectable sub-material update,C detectable sub-material update,increase-side,False,False,True,True,C detectable but sub-material,Screen recharge or recovery plans for liquefaction sensitivity,2
Beijing,CN,39.9075,116.39723,18960744,18.960744,0.0133751988593272,0.0002529408037319,8.536362684613057e-05,0.0004465976104572,0.000249937515621,False,True,True,False,False,D static-routine baseline,C detectable sub-material update,C detectable sub-material update,increase-side,False,False,True,True,C detectable but sub-material,Screen recharge or recovery plans for liquefaction sensitivity,2
Xi’an,CN,34.25833,108.92861,9600000,9.6,0.016892645328862,0.0002515117993584,7.72506997488152e-05,0.0004475284629426,0.0004999999999999,False,True,True,False,False,D static-routine baseline,C detectable sub-material update,C detectable sub-material update,increase-side,False,False,True,True,C detectable but sub-material,Screen recharge or recovery plans for liquefaction sensitivity,2
Jepara,ID,-6.5924,110.671,1257912,1.257912,0.400457100555966,0.0002440175633789,0.0002440175633789,0.0002440175633789,0.014,False,True,False,False,False,D static-routine baseline,C detectable sub-material update,D static-routine baseline,increase-side,False,False,True,False,C detectable but sub-material,Screen recharge or recovery plans for liquefaction sensitivity,3
Zigong,CN,29.34162,104.77689,1262064,1.262064,0.0079218983412121,0.0002421462513756,7.48659079897334e-05,0.000263836947325,0.0004999999999999,False,True,True,False,False,D static-routine baseline,C detectable sub-material update,C detectable sub-material update,increase-side,False,False,True,True,C detectable but sub-material,Screen recharge or recovery plans for liquefaction sensitivity,3
Bengaluru,IN,12.97194,77.59369,8495492,8.495492,0.0023411441177844,0.0002141837252329,7.655866955664931e-05,0.0003433422367366,0.000249937515621,False,True,True,False,False,D static-routine baseline,C detectable sub-material update,C detectable sub-material update,increase-side,False,False,True,True,C detectable but sub-material,Screen recharge or recovery plans for liquefaction sensitivity,1
Kingston,JM,17.99702,-76.79358,937700,0.9377,0.2016100692516548,0.0001636288480058,0.0001636288480058,0.0001636288480058,0.000249937515621,False,True,True,False,False,D static-routine baseline,C detectable sub-material update,C detectable sub-material update,increase-side,False,False,True,True,C detectable but sub-material,Screen recharge or recovery plans for liquefaction sensitivity,3
Medan,ID,3.58333,98.66667,2435252,2.435252,0.0255405632082807,0.0001521960233025,0.0001521960233025,0.0001521960233025,0.000249937515621,False,True,True,False,False,D static-routine baseline,C detectable sub-material update,C detectable sub-material update,increase-side,False,False,True,True,C detectable but sub-material,Screen recharge or recovery plans for liquefaction sensitivity,2
Setagaya,JP,35.64188,139.64715,940071,0.940071,0.1613457977560709,0.0001375596194314,0.0001375596194314,0.0001375596194314,0.000249937515621,False,True,True,False,False,D static-routine baseline,C detectable sub-material update,C detectable sub-material update,increase-side,False,False,True,True,C detectable but sub-material,Screen recharge or recovery plans for liquefaction sensitivity,3
Luoyang,CN,34.67345,112.43684,1390581,1.390581,0.0019496602288644,9.478375575265922e-05,2.845138052769508e-05,0.000172501886557,0.0004999999999999,False,True,True,False,False,D static-routine baseline,C detectable sub-material update,C detectable sub-material update,increase-side,False,False,True,True,C detectable but sub-material,Screen recharge or recovery plans for liquefaction sensitivity,1
Baoji,CN,34.36775,107.23705,1437802,1.437802,0.0053612930528943,8.616546833398013e-05,2.737423294727152e-05,0.000149496377631,0.000249937515621,False,True,True,False,False,D static-routine baseline,C detectable sub-material update,C detectable sub-material update,increase-side,False,False,True,True,C detectable but sub-material,Screen recharge or recovery plans for liquefaction sensitivity,1
Xinxiang,CN,35.19033,113.80151,1047088,1.047088,0.0007207940461426,5.675551645155852e-05,1.8903826858062e-05,0.000102643866433,0.000249937515621,False,True,True,False,False,D static-routine baseline,C detectable sub-material update,C detectable sub-material update,increase-side,False,False,True,True,C detectable but sub-material,Screen recharge or recovery plans for liquefaction sensitivity,2
Jinzhong,CN,37.68403,112.75471,1226617,1.226617,0.0025700084532017,5.542377266519764e-05,1.0828303741720153e-05,0.0001059204786682,0.01,False,True,False,False,False,D static-routine baseline,C detectable sub-material update,D static-routine baseline,increase-side,False,False,True,False,C detectable but sub-material,Screen recharge or recovery plans for liquefaction sensitivity,1
Sholapur,IN,17.67152,75.91044,997281,0.997281,0.0005749277161406,5.45804768456626e-05,1.9556750409579385e-05,9.625853792857328e-05,0.000249937515621,False,True,True,False,False,D static-routine baseline,C detectable sub-material update,C detectable sub-material update,increase-side,False,False,True,True,C detectable but sub-material,Screen recharge or recovery plans for liquefaction sensitivity,0
Petaling Jaya,MY,3.10726,101.60671,807879,0.807879,0.0013851567847111,4.014157512375032e-05,1.319430191007989e-05,7.036400848204903e-05,0.000249937515621,False,True,True,False,False,D static-routine baseline,C detectable sub-material update,C detectable sub-material update,increase-side,False,False,True,True,C detectable but sub-material,Screen recharge or recovery plans for liquefaction sensitivity,1
Chengdu,CN,30.66667,104.06667,13568357,13.568357,0.0023246181498894,3.854409003034229e-05,9.608372054199508e-06,7.144820214034363e-05,0.0044999999999999,False,True,True,False,False,D static-routine baseline,C detectable sub-material update,C detectable sub-material update,increase-side,False,False,True,True,C detectable but sub-material,Screen recharge or recovery plans for liquefaction sensitivity,3
Changzhi,CN,36.18389,113.10528,1214940,1.21494,0.0004179096207422,3.543453867513183e-05,1.2034516440258153e-05,6.345309384537258e-05,0.000249937515621,False,True,True,False,False,D static-routine baseline,C detectable sub-material update,C detectable sub-material update,increase-side,False,False,True,True,C detectable but sub-material,Screen recharge or recovery plans for liquefaction sensitivity,2
Liaocheng,CN,36.45064,116.00247,1229768,1.229768,0.0006969838850868,2.521880481458296e-05,1.3086491701864336e-05,2.521880481458296e-05,0.000249937515621,False,True,True,False,False,D static-routine baseline,C detectable sub-material update,C detectable sub-material update,increase-side,False,False,True,True,C detectable but sub-material,Screen recharge or recovery plans for liquefaction sensitivity,2
Valencia,VE,10.16153,-68.00044,1619470,1.61947,0.000540082254466,2.46839178901176e-05,1.1271279868977578e-05,2.46839178901176e-05,0.000249937515621,False,True,True,False,False,D static-routine baseline,C detectable sub-material update,C detectable sub-material update,increase-side,False,False,True,True,C detectable but sub-material,Screen recharge or recovery plans for liquefaction sensitivity,2
Kallakurichi,IN,11.73379,78.95925,1682687,1.682687,0.0004031115818851,2.428137778359885e-05,7.709834764843025e-06,4.388277053135459e-05,0.000249937515621,False,True,True,False,False,D static-routine baseline,C detectable sub-material update,C detectable sub-material update,increase-side,False,False,True,True,C detectable but sub-material,Screen recharge or recovery plans for liquefaction sensitivity,2
Heze,CN,35.23929,115.47358,1346717,1.346717,0.0026021367727783,2.251571264893885e-05,1.4880687693274455e-05,2.251571264893885e-05,0.0235,False,True,False,False,False,D static-routine baseline,C detectable sub-material update,D static-routine baseline,increase-side,False,False,True,False,C detectable but sub-material,Screen recharge or recovery plans for liquefaction sensitivity,2
Shivaji Nagar,IN,18.53017,73.85263,1000000,1.0,0.002312920031486,2.238555473123944e-05,2.238555473123944e-05,2.238555473123944e-05,0.000249937515621,False,True,True,False,False,D static-routine baseline,C detectable sub-material update,C detectable sub-material update,increase-side,False,False,True,True,C detectable but sub-material,Screen recharge or recovery plans for liquefaction sensitivity,1
Caracas,VE,10.48801,-66.87919,3000000,3.0,0.0419369684137747,2.042034761258471e-05,2.042034761258471e-05,2.042034761258471e-05,0.004,False,True,True,False,False,D static-routine baseline,C detectable sub-material update,C detectable sub-material update,increase-side,False,False,True,True,C detectable but sub-material,Screen recharge or recovery plans for liquefaction sensitivity,2
Handan,CN,36.60999,114.48764,1358318,1.358318,0.0001551145054168,1.4961671246194909e-05,5.279814060405384e-06,2.1006966030205707e-05,0.000249937515621,False,True,True,False,False,D static-routine baseline,C detectable sub-material update,C detectable sub-material update,increase-side,False,False,True,True,C detectable but sub-material,Screen recharge or recovery plans for liquefaction sensitivity,2
Indore,IN,22.71792,75.8333,1994397,1.994397,0.0006930996580622,1.4940004805608672e-05,1.4940004805608672e-05,1.4940004805608672e-05,0.000249937515621,False,True,True,False,False,D static-routine baseline,C detectable sub-material update,C detectable sub-material update,increase-side,False,False,True,True,C detectable but sub-material,Screen recharge or recovery plans for liquefaction sensitivity,2
Pune,IN,18.51957,73.85535,3124458,3.124458,0.00205348391947,1.1486070368725823e-05,1.1486070368725823e-05,1.1486070368725823e-05,0.000249937515621,False,True,True,False,False,D static-routine baseline,C detectable sub-material update,C detectable sub-material update,increase-side,False,False,True,True,C detectable but sub-material,Screen recharge or recovery plans for liquefaction sensitivity,1
Aurangabad,IN,19.87757,75.34226,1175116,1.175116,9.16834520767329e-05,8.714882584437593e-06,3.096644419045499e-06,1.5308654333125667e-05,0.000249937515621,False,True,True,False,False,D static-routine baseline,C detectable sub-material update,C detectable sub-material update,increase-side,False,False,True,True,C detectable but sub-material,Screen recharge or recovery plans for liquefaction sensitivity,1
Shenyang,CN,41.79222,123.43278,7050000,7.05,0.0001640311709176,7.412707708519327e-06,3.896806972735612e-06,7.412707708519327e-06,0.000249937515621,False,True,True,False,False,D static-routine baseline,C detectable sub-material update,C detectable sub-material update,increase-side,False,False,True,True,C detectable but sub-material,Screen recharge or recovery plans for liquefaction sensitivity,2
Kuala Lumpur,MY,3.1412,101.68653,1453975,1.453975,0.0002509336037781,7.280506355712159e-06,2.469142439068733e-06,1.3017520717775924e-05,0.000249937515621,False,True,True,False,False,D static-routine baseline,C detectable sub-material update,C detectable sub-material update,increase-side,False,False,True,True,C detectable but sub-material,Screen recharge or recovery plans for liquefaction sensitivity,1
Xuchang,CN,34.03189,113.86299,1265536,1.265536,6.937819780327166e-05,3.616357162117631e-06,1.0736648918023115e-06,6.577038676394808e-06,0.0004999999999999,False,True,True,False,False,D static-routine baseline,C detectable sub-material update,C detectable sub-material update,increase-side,False,False,True,True,C detectable but sub-material,Screen recharge or recovery plans for liquefaction sensitivity,2
Anshan,CN,41.12361,122.99,1450000,1.45,0.0004493579955278,2.976771155298167e-06,2.976771155298167e-06,2.976771155298167e-06,0.000249937515621,False,True,True,False,False,D static-routine baseline,C detectable sub-material update,C detectable sub-material update,increase-side,False,False,True,True,C detectable but sub-material,Screen recharge or recovery plans for liquefaction sensitivity,2
Addis Ababa,ET,9.02497,38.74689,3860000,3.86,3.5216725296544107e-05,2.8194569339276605e-06,1.0492545368157678e-06,4.871783681492349e-06,0.000249937515621,False,True,True,False,False,D static-routine baseline,C detectable sub-material update,C detectable sub-material update,increase-side,False,False,True,True,C detectable but sub-material,Screen recharge or recovery plans for liquefaction sensitivity,0
Jerusalem,IL,31.76904,35.21633,971800,0.9718,0.0001938295178774,1.707265361990725e-06,3.38023119115846e-07,3.1575186939809707e-06,0.0135,False,True,False,False,False,D static-routine baseline,C detectable sub-material update,D static-routine baseline,increase-side,False,False,True,False,C detectable but sub-material,Screen recharge or recovery plans for liquefaction sensitivity,1
Pyongyang,KP,39.03385,125.75432,3222000,3.222,3.1692283420142506e-05,1.532334130254123e-06,5.846690779227911e-07,2.617020214579421e-06,0.000249937515621,False,True,True,False,False,D static-routine baseline,C detectable sub-material update,C detectable sub-material update,increase-side,False,False,True,True,C detectable but sub-material,Screen recharge or recovery plans for liquefaction sensitivity,0
Kyoto,JP,35.02107,135.75385,1463723,1.463723,4.023278565693553e-05,8.994660704178545e-07,3.099619194728326e-07,1.3932253853739571e-06,0.000249937515621,False,True,True,False,False,D static-routine baseline,C detectable sub-material update,C detectable sub-material update,increase-side,False,False,True,True,C detectable but sub-material,Screen recharge or recovery plans for liquefaction sensitivity,3
Medellín,CO,6.245,-75.57151,1999979,1.999979,0.0016883992300085,8.566869730858729e-07,8.566869730858729e-07,8.566869730858729e-07,0.0095,False,True,False,False,False,D static-routine baseline,C detectable sub-material update,D static-routine baseline,increase-side,False,False,True,False,C detectable but sub-material,Screen recharge or recovery plans for liquefaction sensitivity,2
Gwangju,KR,35.15472,126.91556,1401235,1.401235,5.93785546995185e-05,6.674624721634217e-07,2.2547002244670325e-07,6.674624721634217e-07,0.0009999999999998,False,True,True,False,False,D static-routine baseline,C detectable sub-material update,C detectable sub-material update,increase-side,False,False,True,True,C detectable but sub-material,Screen recharge or recovery plans for liquefaction sensitivity,1
Amman,JO,31.95522,35.94503,1275857,1.275857,7.266128652353663e-05,6.400844697075083e-07,1.4208049177877262e-07,1.2055758735370843e-06,0.0129999999999999,False,True,False,False,False,D static-routine baseline,C detectable sub-material update,D static-routine baseline,increase-side,False,False,True,False,C detectable but sub-material,Screen recharge or recovery plans for liquefaction sensitivity,1
Salem,IN,11.65376,78.15538,917414,0.917414,9.810469988748984e-05,4.997142860270237e-07,4.997142860270237e-07,4.997142860270237e-07,0.000249937515621,False,True,True,False,False,D static-routine baseline,C detectable sub-material update,C detectable sub-material update,increase-side,False,False,True,True,C detectable but sub-material,Screen recharge or recovery plans for liquefaction sensitivity,2
Tiruppur,IN,11.11541,77.35456,963173,0.963173,7.4594840108496915e-06,3.315665642735338e-07,9.981095702207494e-08,5.967254161289375e-07,0.000249937515621,False,True,True,False,False,D static-routine baseline,C detectable sub-material update,C detectable sub-material update,increase-side,False,False,True,True,C detectable but sub-material,Screen recharge or recovery plans for liquefaction sensitivity,1
Fushun,CN,41.88669,123.94363,1400646,1.400646,1.6597277522305454e-05,2.6350394759514496e-07,2.6350394759514496e-07,2.6350394759514496e-07,0.000249937515621,False,True,True,False,False,D static-routine baseline,C detectable sub-material update,C detectable sub-material update,increase-side,False,False,True,True,C detectable but sub-material,Screen recharge or recovery plans for liquefaction sensitivity,2
Meishan,CN,30.04392,103.83696,1107742,1.107742,9.68313919586411e-06,2.3526340848704938e-07,7.163183756303862e-08,4.320314027484881e-07,0.0004999999999999,False,True,True,False,False,D static-routine baseline,C detectable sub-material update,C detectable sub-material update,increase-side,False,False,True,True,C detectable but sub-material,Screen recharge or recovery plans for liquefaction sensitivity,3
Tangshan,CN,39.64381,118.18319,3372102,3.372102,2.078769123479149e-05,1.5904333389553664e-07,1.5904333389553664e-07,1.5904333389553664e-07,0.000249937515621,False,True,True,False,False,D static-routine baseline,C detectable sub-material update,C detectable sub-material update,increase-side,False,False,True,True,C detectable but sub-material,Screen recharge or recovery plans for liquefaction sensitivity,3
Weifang,CN,36.71,119.10194,2044028,2.044028,1.651501549718634e-05,1.348122234628772e-07,1.348122234628772e-07,1.348122234628772e-07,0.000249937515621,False,True,True,False,False,D static-routine baseline,C detectable sub-material update,C detectable sub-material update,increase-side,False,False,True,True,C detectable but sub-material,Screen recharge or recovery plans for liquefaction sensitivity,2
Soweto,ZA,-26.26781,27.85849,1695047,1.695047,4.0812799005565885e-06,1.1792560651695025e-07,4.019079591783912e-08,2.0570514855870442e-07,0.000249937515621,False,True,True,False,False,D static-routine baseline,C detectable sub-material update,C detectable sub-material update,increase-side,False,False,True,True,C detectable but sub-material,Screen recharge or recovery plans for liquefaction sensitivity,0
Lucknow,IN,26.83928,80.92313,2472011,2.472011,2.508398865434588e-06,9.315278130211076e-08,1.4893206708783154e-08,9.346896860413581e-08,0.0289999999999999,False,True,False,False,False,D static-routine baseline,C detectable sub-material update,D static-routine baseline,increase-side,False,False,True,False,C detectable but sub-material,Screen recharge or recovery plans for liquefaction sensitivity,2
Xining,CN,36.62554,101.75739,1677177,1.677177,2.7493342803258933e-06,6.044792135420331e-08,2.004564666055837e-08,1.0632543071983912e-07,0.0004999999999999,False,True,True,False,False,D static-routine baseline,C detectable sub-material update,C detectable sub-material update,increase-side,False,False,True,True,C detectable but sub-material,Screen recharge or recovery plans for liquefaction sensitivity,0
Daejeon,KR,36.34913,127.38493,1441203,1.441203,3.026727325143254e-06,6.005393629582567e-08,1.405003041603332e-08,1.0555903554456245e-07,0.0044999999999999,False,True,True,False,False,D static-routine baseline,C detectable sub-material update,C detectable sub-material update,increase-side,False,False,True,True,C detectable but sub-material,Screen recharge or recovery plans for liquefaction sensitivity,1
Dodoma,TZ,-6.17221,35.73947,765179,0.765179,5.667095039637116e-07,5.6511767885969806e-08,2.1313259787174363e-08,9.743680761301445e-08,0.000249937515621,False,True,True,False,False,D static-routine baseline,C detectable sub-material update,C detectable sub-material update,increase-side,False,False,True,True,C detectable but sub-material,Screen recharge or recovery plans for liquefaction sensitivity,1
Gwalior,IN,26.22983,78.17337,1054420,1.05442,1.190361765577402e-06,4.8166977239862135e-08,1.0535698401449972e-08,9.030520670976156e-08,0.0084999999999999,False,True,False,False,False,D static-routine baseline,C detectable sub-material update,D static-routine baseline,increase-side,False,False,True,False,C detectable but sub-material,Screen recharge or recovery plans for liquefaction sensitivity,0
Johannesburg,ZA,-26.20227,28.04363,9418183,9.418183,6.438070122101373e-07,1.8602399924541268e-08,6.2453812007353724e-09,3.2311783951533915e-08,0.000249937515621,False,True,True,False,False,D static-routine baseline,C detectable sub-material update,C detectable sub-material update,increase-side,False,False,True,True,C detectable but sub-material,Screen recharge or recovery plans for liquefaction sensitivity,1
Zarqa,JO,32.07275,36.08796,792665,0.792665,1.749095335924001e-06,1.5409152664978725e-08,3.309658655774288e-09,2.856355898794109e-08,0.0109999999999998,False,True,False,False,False,D static-routine baseline,C detectable sub-material update,D static-routine baseline,increase-side,False,False,True,False,C detectable but sub-material,Screen recharge or recovery plans for liquefaction sensitivity,1
Sanhe,CN,39.98049,117.06887,965075,0.965075,3.7244578235370537e-07,1.2834426076257588e-08,4.801340883648031e-09,2.25221151904398e-08,0.000249937515621,False,True,True,False,False,D static-routine baseline,C detectable sub-material update,C detectable sub-material update,increase-side,False,False,True,True,C detectable but sub-material,Screen recharge or recovery plans for liquefaction sensitivity,1
Rājkot,IN,22.29161,70.79322,1390640,1.39064,2.140293235596366e-07,8.910568479958237e-09,2.550288198008713e-09,1.6517173464236514e-08,0.0029999999999998,False,True,True,False,False,D static-routine baseline,C detectable sub-material update,C detectable sub-material update,increase-side,False,False,True,True,C detectable but sub-material,Screen recharge or recovery plans for liquefaction sensitivity,2
Ashgabat,TM,37.95,58.38333,1030063,1.030063,1.678461876942227e-07,6.8795958355776e-09,2.673858275565346e-09,1.168140727889648e-08,0.000249937515621,False,True,True,False,False,D static-routine baseline,C detectable sub-material update,C detectable sub-material update,increase-side,False,False,True,True,C detectable but sub-material,Screen recharge or recovery plans for liquefaction sensitivity,2
Mianyang,CN,31.46784,104.68168,1550000,1.55,2.731168392827404e-07,4.477183212607225e-09,1.048098565654492e-09,4.477183212607225e-09,0.0075,False,True,True,False,False,D static-routine baseline,C detectable sub-material update,C detectable sub-material update,increase-side,False,False,True,True,C detectable but sub-material,Screen recharge or recovery plans for liquefaction sensitivity,2
Ahmedabad,IN,23.02579,72.58727,6357693,6.357693,6.94700437295348e-08,2.659089633979322e-09,6.02484860461415e-10,4.968097169876147e-09,0.0055,False,True,True,False,False,D static-routine baseline,C detectable sub-material update,C detectable sub-material update,increase-side,False,False,True,True,C detectable but sub-material,Screen recharge or recovery plans for liquefaction sensitivity,1
Hubballi,IN,15.34776,75.13378,943788,0.943788,3.837254522836757e-08,1.7955698116368267e-09,1.0197903201284428e-09,1.7955698116368267e-09,0.000249937515621,False,True,True,False,False,D static-routine baseline,C detectable sub-material update,C detectable sub-material update,increase-side,False,False,True,True,C detectable but sub-material,Screen recharge or recovery plans for liquefaction sensitivity,1
Xingtai,CN,37.06217,114.49272,798770,0.79877,1.142212387886344e-08,8.13152979229807e-10,2.9207090157748325e-10,1.4154820797774927e-09,0.000249937515621,False,True,True,False,False,D static-routine baseline,C detectable sub-material update,C detectable sub-material update,increase-side,False,False,True,True,C detectable but sub-material,Screen recharge or recovery plans for liquefaction sensitivity,2
Nairobi,KE,-1.28333,36.81667,4397073,4.397073,4.544787030866318e-08,1.6194035317150484e-10,1.6194035317150484e-10,1.6194035317150484e-10,0.000249937515621,False,True,True,False,False,D static-routine baseline,C detectable sub-material update,C detectable sub-material update,increase-side,False,False,True,True,C detectable but sub-material,Screen recharge or recovery plans for liquefaction sensitivity,1
Coimbatore,IN,11.00555,76.96612,2136916,2.136916,2.4398304841092003e-09,1.4726694366623784e-10,4.9425487201716965e-11,1.8655024607090488e-10,0.000249937515621,False,True,True,False,False,D static-routine baseline,C detectable sub-material update,C detectable sub-material update,increase-side,False,False,True,True,C detectable but sub-material,Screen recharge or recovery plans for liquefaction sensitivity,2
Zaozhuang,CN,34.86472,117.55417,899753,0.899753,3.573080349681337e-09,6.208339533298919e-11,4.138151729356894e-12,1.283391950671215e-10,0.0669999999999999,False,True,False,False,False,D static-routine baseline,C detectable sub-material update,D static-routine baseline,increase-side,False,False,True,False,C detectable but sub-material,Screen recharge or recovery plans for liquefaction sensitivity,2
Madurai,IN,9.919,78.11953,1465625,1.465625,9.385351897581616e-10,2.7362822284118792e-11,5.401651876001717e-12,5.3147017288642835e-11,0.018,False,True,False,False,False,D static-routine baseline,C detectable sub-material update,D static-routine baseline,increase-side,False,False,True,False,C detectable but sub-material,Screen recharge or recovery plans for liquefaction sensitivity,1
Baoding,CN,38.87288,115.46246,2739887,2.739887,1.0100572790042162e-09,2.4875028401400063e-11,8.673928572200365e-12,4.321537689269801e-11,0.000249937515621,False,True,True,False,False,D static-routine baseline,C detectable sub-material update,C detectable sub-material update,increase-side,False,False,True,True,C detectable but sub-material,Screen recharge or recovery plans for liquefaction sensitivity,1
Pekanbaru,ID,0.51667,101.44167,1085000,1.085,1.724240074095032e-09,2.248057758831729e-11,6.600422360437899e-12,3.629812847984543e-11,0.0009999999999998,False,True,True,False,False,D static-routine baseline,C detectable sub-material update,C detectable sub-material update,increase-side,False,False,True,True,C detectable but sub-material,Screen recharge or recovery plans for liquefaction sensitivity,2
Shangqiu,CN,34.4143,115.65613,1859723,1.859723,6.83190217490947e-10,1.0846740032236544e-11,4.076048185910191e-12,1.0846740032236544e-11,0.016,False,True,False,False,False,D static-routine baseline,C detectable sub-material update,D static-routine baseline,increase-side,False,False,True,False,C detectable but sub-material,Screen recharge or recovery plans for liquefaction sensitivity,2
Kigali,RW,-1.94995,30.05885,1132686,1.132686,7.319348696132549e-11,8.584281793849532e-12,3.262071047371868e-12,1.4875974755294908e-11,0.000249937515621,False,True,True,False,False,D static-routine baseline,C detectable sub-material update,C detectable sub-material update,increase-side,False,False,True,True,C detectable but sub-material,Screen recharge or recovery plans for liquefaction sensitivity,0
Taiz,YE,13.57952,44.02091,940600,0.9406,4.67000085026699e-10,4.753116036940412e-12,1.0058057625953393e-12,8.95860757882085e-12,0.0135,False,True,False,False,False,D static-routine baseline,C detectable sub-material update,D static-routine baseline,increase-side,False,False,True,False,C detectable but sub-material,Screen recharge or recovery plans for liquefaction sensitivity,0
Changchun,CN,43.88,125.32278,4714996,4.714996,2.4307989623123874e-09,3.708277976184314e-12,3.708277976184314e-12,3.708277976184314e-12,0.000249937515621,False,True,True,False,False,D static-routine baseline,C detectable sub-material update,C detectable sub-material update,increase-side,False,False,True,True,C detectable but sub-material,Screen recharge or recovery plans for liquefaction sensitivity,2
Teni,IN,10.01115,77.47772,1034724,1.034724,1.5713325216523356e-11,1.8471710406842525e-13,6.501805241307181e-14,1.8471710406842525e-13,0.018,False,True,False,False,False,D static-routine baseline,C detectable sub-material update,D static-routine baseline,increase-side,False,False,True,False,C detectable but sub-material,Screen recharge or recovery plans for liquefaction sensitivity,2
Ulan Bator,MN,47.90771,106.88324,844818,0.844818,4.995217178720972e-12,1.2792988126430438e-13,4.9406072772576495e-14,1.572545226667369e-13,0.000249937515621,False,True,True,False,False,D static-routine baseline,C detectable sub-material update,C detectable sub-material update,increase-side,False,False,True,True,C detectable but sub-material,Screen recharge or recovery plans for liquefaction sensitivity,1
Hyderabad,IN,17.38405,78.45636,6993262,6.993262,1.0264636424274304e-12,1.028918604337368e-13,3.761268764456147e-14,1.028918604337368e-13,0.000249937515621,False,True,True,False,False,D static-routine baseline,C detectable sub-material update,C detectable sub-material update,increase-side,False,False,True,True,C detectable but sub-material,Screen recharge or recovery plans for liquefaction sensitivity,1
Ibb,YE,13.96667,44.18333,771514,0.771514,3.1482346231131906e-12,3.2042659010053763e-14,6.944385737651232e-15,6.089330108224892e-14,0.0124999999999999,False,True,False,False,False,D static-routine baseline,C detectable sub-material update,D static-routine baseline,increase-side,False,False,True,False,C detectable but sub-material,Screen recharge or recovery plans for liquefaction sensitivity,0
Navi Mumbai,IN,19.03681,73.01582,2600000,2.6,0.3809485933664936,4.996003610813204e-16,4.996003610813204e-16,4.996003610813204e-16,0.0004999999999999,False,True,True,False,False,D static-routine baseline,C detectable sub-material update,C detectable sub-material update,increase-side,False,False,True,True,C detectable but sub-material,Screen recharge or recovery plans for liquefaction sensitivity,3
Sakai,JP,34.58216,135.46653,826161,0.826161,0.5145080846281008,4.440892098500626e-16,4.440892098500626e-16,4.440892098500626e-16,0.0009999999999998,False,True,True,False,False,D static-routine baseline,C detectable sub-material update,C detectable sub-material update,increase-side,False,False,True,True,C detectable but sub-material,Screen recharge or recovery plans for liquefaction sensitivity,4
Pudong,CN,31.23995,121.50094,5681512,5.681512,0.3249474211770942,4.440892098500626e-16,4.440892098500626e-16,4.440892098500626e-16,0.0004999999999999,False,True,True,False,False,D static-routine baseline,C detectable sub-material update,C detectable sub-material update,increase-side,False,False,True,True,C detectable but sub-material,Screen recharge or recovery plans for liquefaction sensitivity,3
Kawasaki,JP,35.52056,139.71722,1538262,1.538262,0.6042994598328536,4.440892098500626e-16,4.440892098500626e-16,4.440892098500626e-16,0.000249937515621,False,True,True,False,False,D static-routine baseline,C detectable sub-material update,C detectable sub-material update,increase-side,False,False,True,True,C detectable but sub-material,Screen recharge or recovery plans for liquefaction sensitivity,4
Taguig,PH,14.5243,121.0792,1308085,1.308085,0.2355606880829783,3.885780586188048e-16,3.885780586188048e-16,3.885780586188048e-16,0.0464999999999999,False,True,False,False,False,D static-routine baseline,C detectable sub-material update,D static-routine baseline,increase-side,False,False,True,False,C detectable but sub-material,Screen recharge or recovery plans for liquefaction sensitivity,3
Shubrā al Khaymah,EG,30.12511,31.25053,1240289,1.240289,0.3066321982836076,3.885780586188048e-16,3.885780586188048e-16,3.885780586188048e-16,0.0404999999999999,False,True,False,False,False,D static-routine baseline,C detectable sub-material update,D static-routine baseline,increase-side,False,False,True,False,C detectable but sub-material,Screen recharge or recovery plans for liquefaction sensitivity,4
Yangpu,CN,31.26193,121.51904,1210800,1.2108,0.2960850909603779,3.885780586188048e-16,3.885780586188048e-16,3.885780586188048e-16,0.0009999999999998,False,True,True,False,False,D static-routine baseline,C detectable sub-material update,C detectable sub-material update,increase-side,False,False,True,True,C detectable but sub-material,Screen recharge or recovery plans for liquefaction sensitivity,3
Zamboanga,PH,6.91028,122.07389,1018849,1.018849,0.4424022693033588,3.885780586188048e-16,3.885780586188048e-16,3.885780586188048e-16,0.000249937515621,False,True,True,False,False,D static-routine baseline,C detectable sub-material update,C detectable sub-material update,increase-side,False,False,True,True,C detectable but sub-material,Screen recharge or recovery plans for liquefaction sensitivity,4
Rui’an,CN,27.77605,120.65859,927383,0.927383,0.3469115079394907,3.885780586188048e-16,3.885780586188048e-16,3.885780586188048e-16,0.0275,False,True,False,False,False,D static-routine baseline,C detectable sub-material update,D static-routine baseline,increase-side,False,False,True,False,C detectable but sub-material,Screen recharge or recovery plans for liquefaction sensitivity,3
Osaka,JP,34.69379,135.50107,2753862,2.753862,0.172397564419732,3.05311331771918e-16,3.05311331771918e-16,3.05311331771918e-16,0.000249937515621,False,True,True,False,False,D static-routine baseline,C detectable sub-material update,C detectable sub-material update,increase-side,False,False,True,True,C detectable but sub-material,Screen recharge or recovery plans for liquefaction sensitivity,3
Cairo,EG,30.06263,31.24967,9606916,9.606916,0.1560809083036773,2.498001805406602e-16,2.498001805406602e-16,2.498001805406602e-16,0.0349999999999999,False,True,False,False,False,D static-routine baseline,C detectable sub-material update,D static-routine baseline,increase-side,False,False,True,False,C detectable but sub-material,Screen recharge or recovery plans for liquefaction sensitivity,3
Huludao,CN,40.75243,120.83552,944495,0.944495,0.1098320019487978,1.8041124150158799e-16,1.8041124150158799e-16,1.8041124150158799e-16,0.000249937515621,False,True,True,False,False,D static-routine baseline,C detectable sub-material update,C detectable sub-material update,increase-side,False,False,True,True,C detectable but sub-material,Screen recharge or recovery plans for liquefaction sensitivity,2
Wanzhou,CN,30.76451,108.39586,1545900,1.5459,0.0757466344569816,1.249000902703301e-16,1.249000902703301e-16,1.249000902703301e-16,0.0044999999999999,False,True,True,False,False,D static-routine baseline,C detectable sub-material update,C detectable sub-material update,increase-side,False,False,True,True,C detectable but sub-material,Screen recharge or recovery plans for liquefaction sensitivity,2
Aden,YE,12.77957,45.03852,1079670,1.07967,0.0819829554570582,1.249000902703301e-16,1.249000902703301e-16,1.249000902703301e-16,0.000249937515621,False,True,True,False,False,D static-routine baseline,C detectable sub-material update,C detectable sub-material update,increase-side,False,False,True,True,C detectable but sub-material,Screen recharge or recovery plans for liquefaction sensitivity,2
Bhopal,IN,23.25469,77.40289,1798218,1.798218,0.0683674161947415,1.1102230246251563e-16,1.1102230246251563e-16,1.1102230246251563e-16,0.0015,False,True,True,False,False,D static-routine baseline,C detectable sub-material update,C detectable sub-material update,increase-side,False,False,True,True,C detectable but sub-material,Screen recharge or recovery plans for liquefaction sensitivity,1
Kakamega,KE,0.28422,34.75229,1867579,1.867579,5.229399026762879e-16,7.087400801883261e-17,2.667913240162617e-17,1.2473330492245596e-16,0.000249937515621,False,True,True,False,False,D static-routine baseline,C detectable sub-material update,C detectable sub-material update,increase-side,False,False,True,True,C detectable but sub-material,Screen recharge or recovery plans for liquefaction sensitivity,0
Lilongwe,MW,-13.96692,33.78725,1115815,1.115815,1.0943603801378829e-15,5.190635555856613e-17,1.1318842818538046e-17,9.536612556699404e-17,0.0104999999999999,False,True,False,False,False,D static-routine baseline,C detectable sub-material update,D static-routine baseline,increase-side,False,False,True,False,C detectable but sub-material,Screen recharge or recovery plans for liquefaction sensitivity,2
Saitama,JP,35.90807,139.65657,1324854,1.324854,0.0233895105436295,4.163336342344337e-17,4.163336342344337e-17,4.163336342344337e-17,0.000249937515621,False,True,True,False,False,D static-routine baseline,C detectable sub-material update,C detectable sub-material update,increase-side,False,False,True,True,C detectable but sub-material,Screen recharge or recovery plans for liquefaction sensitivity,3
Shijiazhuang,CN,38.04139,114.47861,3938513,3.938513,4.955505700614727e-16,3.5278765281167854e-17,1.291435915151446e-17,6.082965559604477e-17,0.000249937515621,False,True,True,False,False,D static-routine baseline,C detectable sub-material update,C detectable sub-material update,increase-side,False,False,True,True,C detectable but sub-material,Screen recharge or recovery plans for liquefaction sensitivity,2
Kampung Baru Subang,MY,3.15,101.53333,833571,0.833571,0.0137350515846297,2.4286128663675305e-17,2.4286128663675305e-17,2.4286128663675305e-17,0.000249937515621,False,True,True,False,False,D static-routine baseline,C detectable sub-material update,C detectable sub-material update,increase-side,False,False,True,True,C detectable but sub-material,Screen recharge or recovery plans for liquefaction sensitivity,2
Shiyan,CN,32.6475,110.77806,3460000,3.46,0.0083469353879359,1.3877787807814457e-17,1.3877787807814457e-17,1.3877787807814457e-17,0.004,False,True,True,False,False,D static-routine baseline,C detectable sub-material update,C detectable sub-material update,increase-side,False,False,True,True,C detectable but sub-material,Screen recharge or recovery plans for liquefaction sensitivity,2
Cúcuta,CO,7.90745,-72.5049,777106,0.777106,0.0009125291671957,1.734723475976807e-18,1.734723475976807e-18,1.734723475976807e-18,0.000249937515621,False,True,True,False,False,D static-routine baseline,C detectable sub-material update,C detectable sub-material update,increase-side,False,False,True,True,C detectable but sub-material,Screen recharge or recovery plans for liquefaction sensitivity,2
Cheongju-si,KR,36.63722,127.48972,852147,0.852147,4.649488768202305e-06,7.623296525288703e-21,7.623296525288703e-21,7.623296525288703e-21,0.0029999999999998,False,True,True,False,False,D static-routine baseline,C detectable sub-material update,C detectable sub-material update,increase-side,False,False,True,True,C detectable but sub-material,Screen recharge or recovery plans for liquefaction sensitivity,1
Quetta,PK,30.18414,67.00141,1565546,1.565546,3.3659313823889644e-27,-4.1859273867864965e-29,-8.46358463028733e-29,-3.669633093374232e-30,0.0605,False,True,False,False,False,D static-routine baseline,C detectable sub-material update,D static-routine baseline,depletion-side,False,False,True,False,C detectable but sub-material,Assess depletion jointly with subsidence and water-security loss,2
Ürümqi,CN,43.80096,87.60046,3029372,3.029372,1.1145676948944192e-20,-1.3439003471778378e-21,-2.151649087138632e-21,-5.759310867985472e-22,0.000249937515621,False,True,True,False,False,D static-routine baseline,C detectable sub-material update,C detectable sub-material update,depletion-side,False,False,True,True,C detectable but sub-material,Assess depletion jointly with subsidence and water-security loss,3
Qom,IR,34.6401,50.8764,900000,0.9,4.3909513827929786e-18,-1.1101468390129985e-19,-1.9943380202824729e-19,-3.2091442500580633e-20,0.001,False,True,True,False,False,D static-routine baseline,C detectable sub-material update,C detectable sub-material update,depletion-side,False,False,True,True,C detectable but sub-material,Assess depletion jointly with subsidence and water-security loss,3
Shiraz,IR,29.61031,52.53113,1249942,1.249942,5.2290787139338675e-16,-2.263038642283979e-17,-3.846708834544004e-17,-7.895122050772375e-18,0.000249937515621,False,True,True,False,False,D static-routine baseline,C detectable sub-material update,C detectable sub-material update,depletion-side,False,False,True,True,C detectable but sub-material,Assess depletion jointly with subsidence and water-security loss,3
Jodhpur,IN,26.26841,73.00594,1056191,1.056191,3.8000499463390326e-16,-3.204903241899323e-17,-5.319472350538727e-17,-1.2194991767971264e-17,0.000249937515621,False,True,True,False,False,D static-routine baseline,C detectable sub-material update,C detectable sub-material update,depletion-side,False,False,True,True,C detectable but sub-material,Assess depletion jointly with subsidence and water-security loss,1
Bishkek,KG,42.87,74.59,900000,0.9,4.126370568394903e-14,-8.4090793201569055e-16,-1.4486370010423885e-15,-2.6938618686137437e-16,0.000249937515621,False,True,True,False,False,D static-routine baseline,C detectable sub-material update,C detectable sub-material update,depletion-side,False,False,True,True,C detectable but sub-material,Assess depletion jointly with subsidence and water-security loss,2
Konya,TR,37.87135,32.48464,1433861,1.433861,1.4210275223892351e-14,-1.666471201814658e-15,-2.6872412985793534e-15,-6.98627446874893e-16,0.000249937515621,False,True,True,False,False,D static-routine baseline,C detectable sub-material update,C detectable sub-material update,depletion-side,False,False,True,True,C detectable but sub-material,Assess depletion jointly with subsidence and water-security loss,2
Gorakhpur,IN,29.44768,75.67206,1324570,1.32457,1.7912201700453594e-13,-4.405112279938319e-14,-6.74860297602858e-14,-1.9751829331127902e-14,0.000249937515621,False,True,True,False,False,D static-routine baseline,C detectable sub-material update,C detectable sub-material update,depletion-side,False,False,True,True,C detectable but sub-material,Assess depletion jointly with subsidence and water-security loss,1
Sulaymaniyah,IQ,35.56496,45.4329,878146,0.878146,3.0047582591419828e-12,-1.243862992681345e-13,-2.1762402249592465e-13,-3.4621116535669494e-14,0.002,False,True,True,False,False,D static-routine baseline,C detectable sub-material update,C detectable sub-material update,depletion-side,False,False,True,True,C detectable but sub-material,Assess depletion jointly with subsidence and water-security loss,2
Shymkent,KZ,42.30988,69.60042,1200000,1.2,8.491563493643454e-11,-2.218793898742697e-12,-3.77174814807983e-12,-7.297660480222229e-13,0.0005,False,True,True,False,False,D static-routine baseline,C detectable sub-material update,C detectable sub-material update,depletion-side,False,False,True,True,C detectable but sub-material,Assess depletion jointly with subsidence and water-security loss,2
Tehran,IR,35.69439,51.42151,7153309,7.153309,8.740793514792776e-11,-8.918518202711793e-12,-1.4358194472828006e-11,-3.649244488309716e-12,0.000249937515621,False,True,True,False,False,D static-routine baseline,C detectable sub-material update,C detectable sub-material update,depletion-side,False,False,True,True,C detectable but sub-material,Assess depletion jointly with subsidence and water-security loss,2
Marrakesh,MA,31.63416,-7.99994,995871,0.995871,1.8513776601248576e-10,-9.574982613199164e-12,-1.5851267027810963e-11,-4.003189355131074e-12,0.000249937515621,False,True,True,False,False,D static-routine baseline,C detectable sub-material update,C detectable sub-material update,depletion-side,False,False,True,True,C detectable but sub-material,Assess depletion jointly with subsidence and water-security loss,1
Hermosillo,MX,29.08874,-110.96677,812229,0.812229,1.0704711143308707e-09,-1.3432238777995403e-11,-2.3301327946760155e-11,-4.030273583533583e-12,0.0005,False,True,True,False,False,D static-routine baseline,C detectable sub-material update,C detectable sub-material update,depletion-side,False,False,True,True,C detectable but sub-material,Assess depletion jointly with subsidence and water-security loss,1
Karaj,IR,35.83266,50.99155,1448075,1.448075,1.556156393289929e-10,-1.5877973888164904e-11,-2.5609298869176305e-11,-6.469481155770007e-12,0.000249937515621,False,True,True,False,False,D static-routine baseline,C detectable sub-material update,C detectable sub-material update,depletion-side,False,False,True,True,C detectable but sub-material,Assess depletion jointly with subsidence and water-security loss,2
Ordos,CN,39.6086,109.78157,1940653,1.940653,3.7277357178635927e-10,-3.3855016304000286e-11,-5.36327345875348e-11,-1.4056937527079584e-11,0.000249937515621,False,True,True,False,False,D static-routine baseline,C detectable sub-material update,C detectable sub-material update,depletion-side,False,False,True,True,C detectable but sub-material,Assess depletion jointly with subsidence and water-security loss,1
Quito,EC,-0.22985,-78.52495,2781641,2.781641,1.1122646050752852e-08,-9.063210276745264e-11,-1.8113116501485388e-10,-7.699795781960066e-12,0.0635,False,True,False,False,False,D static-routine baseline,C detectable sub-material update,D static-routine baseline,depletion-side,False,False,True,False,C detectable but sub-material,Assess depletion jointly with subsidence and water-security loss,1
Kirkuk,IQ,35.46806,44.39222,1031000,1.031,3.3278756315100592e-09,-1.42369293986186e-10,-2.5529865622817533e-10,-4.0805937149165777e-11,0.0015,False,True,True,False,False,D static-routine baseline,C detectable sub-material update,C detectable sub-material update,depletion-side,False,False,True,True,C detectable but sub-material,Assess depletion jointly with subsidence and water-security loss,1
Aleppo,SY,36.20124,37.16117,2098210,2.09821,9.12886553909108e-09,-3.5505559854338794e-10,-6.163774325166101e-10,-1.1900178343148768e-10,0.000249937515621,False,True,True,False,False,D static-routine baseline,C detectable sub-material update,C detectable sub-material update,depletion-side,False,False,True,True,C detectable but sub-material,Assess depletion jointly with subsidence and water-security loss,1
Córdoba,AR,-31.40648,-64.18853,2106734,2.106734,1.4100887189073153e-08,-1.090670243149346e-09,-1.774284087383009e-09,-4.5640295083424515e-10,0.000249937515621,False,True,True,False,False,D static-routine baseline,C detectable sub-material update,C detectable sub-material update,depletion-side,False,False,True,True,C detectable but sub-material,Assess depletion jointly with subsidence and water-security loss,2
Bannu,PK,32.98527,70.60403,1357890,1.35789,3.6631721514280415e-08,-1.385564428971799e-09,-2.32415339828662e-09,-5.359865970471603e-10,0.000249937515621,False,True,True,False,False,D static-routine baseline,C detectable sub-material update,C detectable sub-material update,depletion-side,False,False,True,True,C detectable but sub-material,Assess depletion jointly with subsidence and water-security loss,2
Jaipur,IN,26.91962,75.78781,3046163,3.046163,1.4245384858270133e-08,-2.020510392213274e-09,-3.212790213387525e-09,-8.36645331352179e-10,0.000249937515621,False,True,True,False,False,D static-routine baseline,C detectable sub-material update,C detectable sub-material update,depletion-side,False,False,True,True,C detectable but sub-material,Assess depletion jointly with subsidence and water-security loss,0
Hohhot,CN,40.81056,111.65222,2350000,2.35,6.290806186603758e-08,-2.173099577262619e-09,-3.587872826139794e-09,-8.5197593102053e-10,0.000249937515621,False,True,True,False,False,D static-routine baseline,C detectable sub-material update,C detectable sub-material update,depletion-side,False,False,True,True,C detectable but sub-material,Assess depletion jointly with subsidence and water-security loss,2
Eskişehir,TR,39.77667,30.52056,921630,0.92163,2.8483904913031635e-08,-2.6101603665541622e-09,-4.1759406656902e-09,-1.0735410134495811e-09,0.000249937515621,False,True,True,False,False,D static-routine baseline,C detectable sub-material update,C detectable sub-material update,depletion-side,False,False,True,True,C detectable but sub-material,Assess depletion jointly with subsidence and water-security loss,3
Almaty,KZ,43.25249,76.9115,1977011,1.977011,6.55831151062378e-08,-3.1209875317509502e-09,-5.2087187281280015e-09,-1.201082590442087e-09,0.000249937515621,False,True,True,False,False,D static-routine baseline,C detectable sub-material update,C detectable sub-material update,depletion-side,False,False,True,True,C detectable but sub-material,Assess depletion jointly with subsidence and water-security loss,2
Homs,SY,34.72405,36.72559,775404,0.775404,2.971263683660909e-07,-3.827970111359048e-09,-7.483651880952341e-09,-5.81271080193037e-10,0.0315,False,True,False,False,False,D static-routine baseline,C detectable sub-material update,D static-routine baseline,depletion-side,False,False,True,False,C detectable but sub-material,Assess depletion jointly with subsidence and water-security loss,3
León de los Aldama,MX,21.12183,-101.68253,1579803,1.579803,8.11754619308019e-08,-8.334039205856399e-09,-1.3708384369227336e-08,-3.310893265787154e-09,0.000249937515621,False,True,True,False,False,D static-routine baseline,C detectable sub-material update,C detectable sub-material update,depletion-side,False,False,True,True,C detectable but sub-material,Assess depletion jointly with subsidence and water-security loss,2
Santiago,CL,-33.45694,-70.64827,4837295,4.837295,4.670852977813373e-07,-8.392798256101334e-09,-1.5448759357344206e-08,-1.939793797648604e-09,0.0065,False,True,True,False,False,D static-routine baseline,C detectable sub-material update,C detectable sub-material update,depletion-side,False,False,True,True,C detectable but sub-material,Assess depletion jointly with subsidence and water-security loss,3
Kabul,AF,34.52813,69.17233,4434550,4.43455,7.119544339759629e-07,-2.780218440792265e-08,-4.5537881891663734e-08,-1.028001900619313e-08,0.000249937515621,False,True,True,False,False,D static-routine baseline,C detectable sub-material update,C detectable sub-material update,depletion-side,False,False,True,True,C detectable but sub-material,Assess depletion jointly with subsidence and water-security loss,2
Erbil,IQ,36.19117,44.00943,1612700,1.6127,8.064000658008629e-07,-3.4498440596081335e-08,-6.191109863237112e-08,-1.018387188205456e-08,0.0025,False,True,True,False,False,D static-routine baseline,C detectable sub-material update,C detectable sub-material update,depletion-side,False,False,True,True,C detectable but sub-material,Assess depletion jointly with subsidence and water-security loss,2
Tashkent,UZ,41.26465,69.21627,1978028,1.978028,2.6939658649995846e-06,-1.6091052581911517e-07,-2.66971159432134e-07,-6.315944253534603e-08,0.000249937515621,False,True,True,False,False,D static-routine baseline,C detectable sub-material update,C detectable sub-material update,depletion-side,False,False,True,True,C detectable but sub-material,Assess depletion jointly with subsidence and water-security loss,1
Santiago de Querétaro,MX,20.58806,-100.38806,1594212,1.594212,2.7979482576912805e-06,-2.7608675705370773e-07,-4.498423934873231e-07,-1.1020909837811637e-07,0.000249937515621,False,True,True,False,False,D static-routine baseline,C detectable sub-material update,C detectable sub-material update,depletion-side,False,False,True,True,C detectable but sub-material,Assess depletion jointly with subsidence and water-security loss,2
Ankara,TR,39.91987,32.85427,3517182,3.517182,7.448007050467005e-06,-5.260375942224583e-07,-8.558670136731087e-07,-2.076114534365986e-07,0.000249937515621,False,True,True,False,False,D static-routine baseline,C detectable sub-material update,C detectable sub-material update,depletion-side,False,False,True,True,C detectable but sub-material,Assess depletion jointly with subsidence and water-security loss,1
Çankaya,TR,39.9179,32.86268,792189,0.792189,1.0546700209910275e-05,-7.44889846432645e-07,-1.2259773281186705e-06,-2.970004881385722e-07,0.000249937515621,False,True,True,False,False,D static-routine baseline,C detectable sub-material update,C detectable sub-material update,depletion-side,False,False,True,True,C detectable but sub-material,Assess depletion jointly with subsidence and water-security loss,1
Peshawar,PK,34.008,71.57849,4758762,4.758762,1.3142100944880227e-05,-9.310823135779052e-07,-1.5141309844905847e-06,-3.556942186080514e-07,0.000249937515621,False,True,True,False,False,D static-routine baseline,C detectable sub-material update,C detectable sub-material update,depletion-side,False,False,True,True,C detectable but sub-material,Assess depletion jointly with subsidence and water-security loss,3
Ciudad Nezahualcoyotl,MX,19.40061,-99.01483,1077208,1.077208,1.3251017793287787e-05,-1.0381060441043847e-06,-1.7119991033606754e-06,-4.082429525561493e-07,0.000249937515621,False,True,True,False,False,D static-routine baseline,C detectable sub-material update,C detectable sub-material update,depletion-side,False,False,True,True,C detectable but sub-material,Assess depletion jointly with subsidence and water-security loss,3
Ecatepec de Morelos,MX,19.60492,-99.06064,1645352,1.645352,1.6441702495208754e-05,-1.288065626981514e-06,-2.104704539939585e-06,-4.990809217931159e-07,0.000249937515621,False,True,True,False,False,D static-routine baseline,C detectable sub-material update,C detectable sub-material update,depletion-side,False,False,True,True,C detectable but sub-material,Assess depletion jointly with subsidence and water-security loss,0
Lusaka,ZM,-15.40669,28.28713,2212301,2.212301,2.7791972952167508e-05,-1.2905227307220935e-06,-2.2945342255049898e-06,-3.150152492160321e-07,0.0045,False,True,True,False,False,D static-routine baseline,C detectable sub-material update,C detectable sub-material update,depletion-side,False,False,True,True,C detectable but sub-material,Assess depletion jointly with subsidence and water-security loss,1
Gustavo Adolfo Madero,MX,19.49392,-99.11075,1185772,1.185772,2.095295117152477e-05,-1.6414762387937892e-06,-2.708910760907068e-06,-6.398349213374255e-07,0.000249937515621,False,True,True,False,False,D static-routine baseline,C detectable sub-material update,C detectable sub-material update,depletion-side,False,False,True,True,C detectable but sub-material,Assess depletion jointly with subsidence and water-security loss,1
Rawalpindi,PK,33.59733,73.0479,3357612,3.357612,3.195855593760266e-05,-2.02388264592984e-06,-3.374196933001512e-06,-7.959856320249399e-07,0.000249937515621,False,True,True,False,False,D static-routine baseline,C detectable sub-material update,C detectable sub-material update,depletion-side,False,False,True,True,C detectable but sub-material,Assess depletion jointly with subsidence and water-security loss,3
Gaziantep,TR,37.05944,37.3825,2222415,2.222415,3.0050663042978227e-05,-2.0395743919534905e-06,-3.30829799412355e-06,-7.805590673588195e-07,0.000249937515621,False,True,True,False,False,D static-routine baseline,C detectable sub-material update,C detectable sub-material update,depletion-side,False,False,True,True,C detectable but sub-material,Assess depletion jointly with subsidence and water-security loss,1
Culiacán,MX,24.80209,-107.39421,808416,0.808416,0.000111008518238,-2.0974711869263264e-06,-3.849334304154958e-06,-6.063913344336484e-07,0.0015,False,True,True,False,False,D static-routine baseline,C detectable sub-material update,C detectable sub-material update,depletion-side,False,False,True,True,C detectable but sub-material,Assess depletion jointly with subsidence and water-security loss,0
Iztapalapa,MX,19.35529,-99.06224,1835486,1.835486,4.739393972824898e-05,-3.7128006164988185e-06,-5.999057356772325e-06,-1.4438530159135775e-06,0.000249937515621,False,True,True,False,False,D static-routine baseline,C detectable sub-material update,C detectable sub-material update,depletion-side,False,False,True,True,C detectable but sub-material,Assess depletion jointly with subsidence and water-security loss,3
Santa Cruz de la Sierra,BO,-17.78629,-63.18117,1831434,1.831434,0.0001404673396714,-4.5691481460386255e-06,-7.594745089395625e-06,-1.682403409471638e-06,0.000249937515621,False,True,True,False,False,D static-routine baseline,C detectable sub-material update,C detectable sub-material update,depletion-side,False,False,True,True,C detectable but sub-material,Assess depletion jointly with subsidence and water-security loss,3
Mexico City,MX,19.42847,-99.12766,12294193,12.294193,0.0001212613123174,-9.498860505506256e-06,-1.5587775004513678e-05,-3.7989064044121168e-06,0.000249937515621,False,True,True,False,False,D static-routine baseline,C detectable sub-material update,C detectable sub-material update,depletion-side,False,False,True,True,C detectable but sub-material,Assess depletion jointly with subsidence and water-security loss,3
Sargodha,PK,32.08586,72.67418,975886,0.975886,0.0003467951619116,-1.3383785385165867e-05,-2.3378780716511515e-05,-4.683958086746289e-06,0.000249937515621,False,True,True,False,False,D static-routine baseline,C detectable sub-material update,C detectable sub-material update,depletion-side,False,False,True,True,C detectable but sub-material,Assess depletion jointly with subsidence and water-security loss,1
Faisalabad,PK,31.41554,73.08969,3800193,3.800193,0.0002317519911347,-1.6148091151211018e-05,-2.59428699413732e-05,-6.188443709814304e-06,0.000249937515621,False,True,True,False,False,D static-routine baseline,C detectable sub-material update,C detectable sub-material update,depletion-side,False,False,True,True,C detectable but sub-material,Assess depletion jointly with subsidence and water-security loss,2
Lüliang,CN,37.5192,111.14436,3346500,3.3465,0.000257230974228,-1.640366162603918e-05,-2.6952506599491925e-05,-6.610182891997799e-06,0.000249937515621,False,True,True,False,False,D static-routine baseline,C detectable sub-material update,C detectable sub-material update,depletion-side,False,False,True,True,C detectable but sub-material,Assess depletion jointly with subsidence and water-security loss,1
Naucalpan de Juárez,MX,19.47851,-99.23963,834434,0.834434,0.0002202033695439,-1.7247795541052162e-05,-2.8743298789274497e-05,-6.756428245433805e-06,0.000249937515621,False,True,True,False,False,D static-routine baseline,C detectable sub-material update,C detectable sub-material update,depletion-side,False,False,True,True,C detectable but sub-material,Assess depletion jointly with subsidence and water-security loss,1
Meerut,IN,28.98002,77.70636,1223184,1.223184,0.0003893833920947,-2.9525356371625216e-05,-5.579846699585178e-05,-5.803159131214348e-06,0.0215,False,True,False,False,False,D static-routine baseline,C detectable sub-material update,D static-routine baseline,depletion-side,False,False,True,False,C detectable but sub-material,Assess depletion jointly with subsidence and water-security loss,2
Chandigarh,IN,30.73629,76.7884,970602,0.970602,0.0001785899187733,-3.082547473202998e-05,-4.6989156038011776e-05,-1.262234826974209e-05,0.000249937515621,False,True,True,False,False,D static-routine baseline,C detectable sub-material update,C detectable sub-material update,depletion-side,False,False,True,True,C detectable but sub-material,Assess depletion jointly with subsidence and water-security loss,3
Bucharest,RO,44.43225,26.10626,1877155,1.877155,0.0004701459536148,-3.198525018772758e-05,-5.194403491787572e-05,-1.3047401301552488e-05,0.000249937515621,False,True,True,False,False,D static-routine baseline,C detectable sub-material update,C detectable sub-material update,depletion-side,False,False,True,True,C detectable but sub-material,Assess depletion jointly with subsidence and water-security loss,3
Datong,CN,40.09361,113.29139,1850000,1.85,0.0013707668878951,-3.378351124176497e-05,-5.7123486451394006e-05,-1.2431503136114845e-05,0.000249937515621,False,True,True,False,False,D static-routine baseline,C detectable sub-material update,C detectable sub-material update,depletion-side,False,False,True,True,C detectable but sub-material,Assess depletion jointly with subsidence and water-security loss,3
Gujranwala,PK,32.15567,74.18705,2511118,2.511118,0.0002962394826117,-3.533074269846222e-05,-5.579101306513858e-05,-1.4867690872729045e-05,0.000249937515621,False,True,True,False,False,D static-routine baseline,C detectable sub-material update,C detectable sub-material update,depletion-side,False,False,True,True,C detectable but sub-material,Assess depletion jointly with subsidence and water-security loss,1
Amritsar,IN,31.62234,74.87534,1159227,1.159227,0.0002723848986916,-5.011482914793282e-05,-7.79040712043593e-05,-2.180987116470521e-05,0.000249937515621,False,True,True,False,False,D static-routine baseline,C detectable sub-material update,C detectable sub-material update,depletion-side,False,False,True,True,C detectable but sub-material,Assess depletion jointly with subsidence and water-security loss,2
Cochabamba,BO,-17.38195,-66.15995,841276,0.841276,0.0024375299502243,-0.0001074989858086,-0.0001804165887303,-4.060396653719591e-05,0.000249937515621,False,True,True,False,False,D static-routine baseline,C detectable sub-material update,C detectable sub-material update,depletion-side,False,False,True,True,C detectable but sub-material,Assess depletion jointly with subsidence and water-security loss,3
Milan,IT,45.46427,9.18951,1371498,1.371498,0.0020290022551299,-0.0001163008848194,-0.0001946314980619,-4.3637031731898985e-05,0.000249937515621,False,True,True,False,False,D static-routine baseline,C detectable sub-material update,C detectable sub-material update,depletion-side,False,False,True,True,C detectable but sub-material,Assess depletion jointly with subsidence and water-security loss,1
Karbala,IQ,32.61603,44.02488,1218732,1.218732,0.0074522122323339,-0.0001279146362438,-0.0002407945510793,-3.165225261132366e-05,0.0065,False,True,True,False,False,D static-routine baseline,C detectable sub-material update,C detectable sub-material update,depletion-side,False,False,True,True,C detectable but sub-material,Assess depletion jointly with subsidence and water-security loss,2
Gurugram,IN,28.4601,77.02635,886519,0.886519,0.0018697660882393,-0.0001415826789553,-0.000271382421135,-2.749716969021741e-05,0.013,False,True,False,False,False,D static-routine baseline,C detectable sub-material update,D static-routine baseline,depletion-side,False,False,True,False,C detectable but sub-material,Assess depletion jointly with subsidence and water-security loss,3
Abū Ghurayb,IQ,33.30563,44.18477,900000,0.9,0.0055141522004658,-0.0001523367858627,-0.0002689665148605,-4.045294125252053e-05,0.004,False,True,True,False,False,D static-routine baseline,C detectable sub-material update,C detectable sub-material update,depletion-side,False,False,True,True,C detectable but sub-material,Assess depletion jointly with subsidence and water-security loss,1
Jalandhar,IN,31.32556,75.57917,868929,0.868929,0.0008477983053429,-0.0001559091938008,-0.0002427801923025,-6.756998820772736e-05,0.000249937515621,False,True,True,False,False,D static-routine baseline,C detectable sub-material update,C detectable sub-material update,depletion-side,False,False,True,True,C detectable but sub-material,Assess depletion jointly with subsidence and water-security loss,3
Bursa,TR,40.19559,29.06013,3101833,3.101833,0.0035514111433837,-0.0002096325866145,-0.0003562723065775,-7.945096041619885e-05,0.000249937515621,False,True,True,False,False,D static-routine baseline,C detectable sub-material update,C detectable sub-material update,depletion-side,False,False,True,True,C detectable but sub-material,Assess depletion jointly with subsidence and water-security loss,2
İzmir,TR,38.41273,27.13838,2938292,2.938292,0.007263523014183,-0.0002703422480119,-0.0004684167380123,-9.227558934960866e-05,0.000249937515621,False,True,True,False,False,D static-routine baseline,C detectable sub-material update,C detectable sub-material update,depletion-side,False,False,True,True,C detectable but sub-material,Assess depletion jointly with subsidence and water-security loss,2
Trujillo,PE,-8.11599,-79.02998,919899,0.919899,0.0573726295128801,-0.0002982185846655,-0.0005774184386381,-3.3486568258275434e-05,0.0475,False,True,False,False,False,D static-routine baseline,C detectable sub-material update,D static-routine baseline,depletion-side,False,False,True,False,C detectable but sub-material,Assess depletion jointly with subsidence and water-security loss,2
Algiers,DZ,36.73225,3.08746,2364230,2.36423,0.0274659699264211,-0.0003050398441828,-0.0005143570435713,-0.0001120205104485,0.000249937515621,False,True,True,False,False,D static-routine baseline,C detectable sub-material update,C detectable sub-material update,depletion-side,False,False,True,True,C detectable but sub-material,Assess depletion jointly with subsidence and water-security loss,2
Malatya,TR,38.35018,38.31667,750491,0.750491,0.0052124798876807,-0.0003126091903371,-0.0005327654926493,-0.0001068075362519,0.000249937515621,False,True,True,False,False,D static-routine baseline,C detectable sub-material update,C detectable sub-material update,depletion-side,False,False,True,True,C detectable but sub-material,Assess depletion jointly with subsidence and water-security loss,2
Sofia,BG,42.69751,23.32415,1152556,1.152556,0.004160351125015,-0.0003294000406889,-0.0005440296769141,-0.0001328204251581,0.000249937515621,False,True,True,False,False,D static-routine baseline,C detectable sub-material update,C detectable sub-material update,depletion-side,False,False,True,True,C detectable but sub-material,Assess depletion jointly with subsidence and water-security loss,2
Kayseri,TR,38.73222,35.48528,1452458,1.452458,0.0031482191456256,-0.0003388840098605,-0.0005384482264562,-0.0001406184876456,0.000249937515621,False,True,True,False,False,D static-routine baseline,C detectable sub-material update,C detectable sub-material update,depletion-side,False,False,True,True,C detectable but sub-material,Assess depletion jointly with subsidence and water-security loss,2
Lima,PE,-12.04318,-77.02824,7737002,7.737002,0.0513040289325409,-0.0004307030093199,-0.0008481933934658,-7.231655320688636e-05,0.0245,False,True,False,False,False,D static-routine baseline,C detectable sub-material update,D static-routine baseline,depletion-side,False,False,True,False,C detectable but sub-material,Assess depletion jointly with subsidence and water-security loss,3
Tbilisi,GE,41.69143,44.83412,1049498,1.049498,0.025422337319182,-0.000482262754851,-0.0009315776647431,-6.32724690076167e-05,0.0375,False,True,False,False,False,D static-routine baseline,C detectable sub-material update,D static-routine baseline,depletion-side,False,False,True,False,C detectable but sub-material,Assess depletion jointly with subsidence and water-security loss,2
Adana,TR,36.98615,35.32531,1816750,1.81675,0.0056747011359794,-0.0005665372238081,-0.0009055858770178,-0.0002289927560383,0.000249937515621,False,True,True,False,False,D static-routine baseline,C detectable sub-material update,C detectable sub-material update,depletion-side,False,False,True,True,C detectable but sub-material,Assess depletion jointly with subsidence and water-security loss,2
Budapest,HU,47.49835,19.04045,1741041,1.741041,0.0327839337810982,-0.0006089050159503,-0.0010581943835471,-0.0001769050994264,0.001,False,True,True,False,False,D static-routine baseline,C detectable sub-material update,C detectable sub-material update,depletion-side,False,False,True,True,C detectable but sub-material,Assess depletion jointly with subsidence and water-security loss,1
Yinchuan,CN,38.46806,106.27306,1487579,1.487579,0.0121897697164931,-0.0006979767837894,-0.0011318619419471,-0.0002857498733156,0.000249937515621,False,True,True,False,False,D static-routine baseline,C detectable sub-material update,C detectable sub-material update,depletion-side,False,False,True,True,C detectable but sub-material,Assess depletion jointly with subsidence and water-security loss,1
Najafgarh,IN,28.60922,76.97982,1365000,1.365,0.003834939790283,-0.0007532157173897,-0.0011857467973317,-0.0003209768532652,0.000249937515621,False,True,True,False,False,D static-routine baseline,C detectable sub-material update,C detectable sub-material update,depletion-side,False,False,True,True,C detectable but sub-material,Assess depletion jointly with subsidence and water-security loss,3
Baotou,CN,40.6516,109.84389,2150000,2.15,0.016489428415869,-0.0007702065404044,-0.0012794852015627,-0.000306123870599,0.000249937515621,False,True,True,False,False,D static-routine baseline,C detectable sub-material update,C detectable sub-material update,depletion-side,False,False,True,True,C detectable but sub-material,Assess depletion jointly with subsidence and water-security loss,2
Sialkot,PK,32.49268,74.53134,911817,0.911817,0.0065735248430045,-0.0007796467880671,-0.0012732168507318,-0.0003230324885508,0.000249937515621,False,True,True,False,False,D static-routine baseline,C detectable sub-material update,C detectable sub-material update,depletion-side,False,False,True,True,C detectable but sub-material,Assess depletion jointly with subsidence and water-security loss,3
Erzurum,TR,39.90861,41.27694,767848,0.767848,0.0360108843718067,-0.0008920058235072,-0.0017476022308302,-9.38045852690119e-05,0.049,False,True,False,False,False,D static-routine baseline,C detectable sub-material update,D static-routine baseline,depletion-side,False,False,True,False,C detectable but sub-material,Assess depletion jointly with subsidence and water-security loss,2
Vienna,AT,48.20849,16.37208,1691468,1.691468,0.059810513091459,-0.0009995313420966,-0.0018493210557953,-0.0002742804008959,0.001,False,True,True,False,False,D static-routine baseline,C detectable sub-material update,C detectable sub-material update,depletion-side,False,False,True,True,C detectable but sub-material,Assess depletion jointly with subsidence and water-security loss,1
Fes,MA,34.03313,-5.00028,1191905,1.191905,0.0230504613517648,-0.0011678201209472,-0.0018875402084058,-0.0004854730630471,0.000249937515621,False,True,True,False,False,D static-routine baseline,C detectable sub-material update,C detectable sub-material update,depletion-side,False,False,True,True,C detectable but sub-material,Assess depletion jointly with subsidence and water-security loss,2
Oran,DZ,35.69906,-0.63588,803329,0.803329,0.0399269411081834,-0.0011892114031741,-0.0019511476856671,-0.0004825635113866,0.000249937515621,False,True,True,False,False,D static-routine baseline,C detectable sub-material update,C detectable sub-material update,depletion-side,False,False,True,True,C detectable but sub-material,Assess depletion jointly with subsidence and water-security loss,2
Sadr City,IQ,33.3889,44.4583,1211849,1.211849,0.0459556637075838,-0.0012193354934096,-0.0022528382921374,-0.0003308124415848,0.0015,False,True,True,False,False,D static-routine baseline,C detectable sub-material update,C detectable sub-material update,depletion-side,False,False,True,True,C detectable but sub-material,Assess depletion jointly with subsidence and water-security loss,1
Rome,IT,41.89193,12.51133,2318895,2.318895,0.105247335258477,-0.0013312110117336,-0.0025592423348869,-0.0002556384910843,0.0185,False,True,False,False,False,D static-routine baseline,C detectable sub-material update,D static-routine baseline,depletion-side,False,False,True,False,C detectable but sub-material,Assess depletion jointly with subsidence and water-security loss,2
Rabat,MA,34.01325,-6.83255,1655753,1.655753,0.0286211470369681,-0.0013672601883325,-0.0022683023972634,-0.0005635135417278,0.000249937515621,False,True,True,False,False,D static-routine baseline,C detectable sub-material update,C detectable sub-material update,depletion-side,False,False,True,True,C detectable but sub-material,Assess depletion jointly with subsidence and water-security loss,1
Ghāziābād,IN,28.66535,77.43915,1199191,1.199191,0.0201880796637859,-0.0015027174288339,-0.0026870973454081,-0.0002799456369703,0.019,False,True,False,False,False,D static-routine baseline,C detectable sub-material update,D static-routine baseline,depletion-side,False,False,True,False,C detectable but sub-material,Assess depletion jointly with subsidence and water-security loss,3
Zapopan,MX,20.72111,-103.38742,1476491,1.476491,0.0293971474352457,-0.0015278527572131,-0.0026180225730679,-0.0005501823259167,0.000249937515621,False,True,True,False,False,D static-routine baseline,C detectable sub-material update,C detectable sub-material update,depletion-side,False,False,True,True,C detectable but sub-material,Assess depletion jointly with subsidence and water-security loss,0
Callao,PE,-12.05162,-77.13452,1300000,1.3,0.2324282421087445,-0.0015812622489771,-0.0031700957272176,-0.0002894820556845,0.0245,False,True,False,False,False,D static-routine baseline,C detectable sub-material update,D static-routine baseline,depletion-side,False,False,True,False,C detectable but sub-material,Assess depletion jointly with subsidence and water-security loss,4
Belgrade,RS,44.80401,20.46513,1273651,1.273651,0.0327170503423768,-0.0015988441037686,-0.0026410700836102,-0.0006020328219734,0.000249937515621,False,True,True,False,False,D static-routine baseline,C detectable sub-material update,C detectable sub-material update,depletion-side,False,False,True,True,C detectable but sub-material,Assess depletion jointly with subsidence and water-security loss,1
Valencia,ES,39.47391,-0.37966,824340,0.82434,0.1263657683060338,-0.0017649770510182,-0.0030276464699829,-0.0005990059938588,0.000249937515621,False,True,True,False,False,D static-routine baseline,C detectable sub-material update,C detectable sub-material update,depletion-side,False,False,True,True,C detectable but sub-material,Assess depletion jointly with subsidence and water-security loss,3
Naples,IT,40.85216,14.26811,909048,0.909048,0.1902317465980152,-0.0017659817446177,-0.0034909986258976,-0.0002052574509794,0.04,False,True,False,False,False,D static-routine baseline,C detectable sub-material update,D static-routine baseline,depletion-side,False,False,True,False,C detectable but sub-material,Assess depletion jointly with subsidence and water-security loss,2
Al Mawşil al Jadīdah,IQ,36.33271,43.10555,2065597,2.065597,0.0450062328482258,-0.001774579880605,-0.0031202558218043,-0.0004885908602784,0.001,False,True,True,False,False,D static-routine baseline,C detectable sub-material update,C detectable sub-material update,depletion-side,False,False,True,True,C detectable but sub-material,Assess depletion jointly with subsidence and water-security loss,1
Antalya,TR,36.90812,30.69556,1335002,1.335002,0.2084369065286542,-0.0021886002904899,-0.0043491335527832,-0.0002732846968439,0.0465,False,True,False,False,False,D static-routine baseline,C detectable sub-material update,D static-routine baseline,depletion-side,False,False,True,False,C detectable but sub-material,Assess depletion jointly with subsidence and water-security loss,4
Jiujiang,CN,29.70475,116.00206,1164268,1.164268,0.0801261444717096,-0.0022378165702468,-0.0044801322025249,-0.0001805872682601,0.062,False,True,False,False,False,D static-routine baseline,C detectable sub-material update,D static-routine baseline,depletion-side,False,False,True,False,C detectable but sub-material,Assess depletion jointly with subsidence and water-security loss,2
Baghdad,IQ,33.34058,44.40088,7216000,7.216,0.0883574488893154,-0.0022428271673237,-0.0040484601641921,-0.0005772699298073,0.0015,False,True,True,False,False,D static-routine baseline,C detectable sub-material update,C detectable sub-material update,depletion-side,False,False,True,True,C detectable but sub-material,Assess depletion jointly with subsidence and water-security loss,2
Tangier,MA,35.76727,-5.79975,1035141,1.035141,0.2370975303798771,-0.0023111798347327,-0.0038695817045767,-0.0008934101483922,0.000249937515621,False,True,True,False,False,D static-routine baseline,C detectable sub-material update,C detectable sub-material update,depletion-side,False,False,True,True,C detectable but sub-material,Assess depletion jointly with subsidence and water-security loss,4
Salé,MA,34.0531,-6.79846,972299,0.972299,0.0503858900239499,-0.0023555736187819,-0.0038641278465221,-0.0009695452317892,0.000249937515621,False,True,True,False,False,D static-routine baseline,C detectable sub-material update,C detectable sub-material update,depletion-side,False,False,True,True,C detectable but sub-material,Assess depletion jointly with subsidence and water-security loss,1
Dera Ismail Khan,PK,31.83129,70.9017,763195,0.763195,0.1113616654950628,-0.0025807271329828,-0.0042516121400004,-0.0008994970944913,0.000249937515621,False,True,True,False,False,D static-routine baseline,C detectable sub-material update,C detectable sub-material update,depletion-side,False,False,True,True,C detectable but sub-material,Assess depletion jointly with subsidence and water-security loss,2
Wuzhong,CN,37.9867,106.201,7202654,7.202654,0.1361601080334201,-0.0029932514957789,-0.004984272778288,-0.0011516684455915,0.000249937515621,False,True,True,False,False,D static-routine baseline,C detectable sub-material update,C detectable sub-material update,depletion-side,False,False,True,True,C detectable but sub-material,Assess depletion jointly with subsidence and water-security loss,2
Narela,IN,28.85267,77.09288,800000,0.8,0.0415599378777003,-0.0030309944519241,-0.005544488407111,-0.0005864615662208,0.016,False,True,False,False,False,D static-routine baseline,C detectable sub-material update,D static-routine baseline,depletion-side,False,False,True,False,C detectable but sub-material,Assess depletion jointly with subsidence and water-security loss,3
Zhongwei,CN,37.51129,105.19067,1174600,1.1746,0.1404566097692591,-0.0030726814569047,-0.0052376337872752,-0.0011620013187897,0.000249937515621,False,True,True,False,False,D static-routine baseline,C detectable sub-material update,C detectable sub-material update,depletion-side,False,False,True,True,C detectable but sub-material,Assess depletion jointly with subsidence and water-security loss,3
Rohini,IN,28.74322,77.06778,860000,0.86,0.0427720455253444,-0.0031157366630228,-0.0055608427013886,-0.0005994433806034,0.0185,False,True,False,False,False,D static-routine baseline,C detectable sub-material update,D static-routine baseline,depletion-side,False,False,True,False,C detectable but sub-material,Assess depletion jointly with subsidence and water-security loss,3
Niigata,JP,37.92259,139.04125,797591,0.797591,0.5473504769314488,-0.0034359910290833,-0.0061704708228575,-0.0010020278703774,0.001,False,True,True,False,False,D static-routine baseline,C detectable sub-material update,C detectable sub-material update,depletion-side,False,False,True,True,C detectable but sub-material,Assess depletion jointly with subsidence and water-security loss,4
Guadalajara,MX,20.67738,-103.34749,1385629,1.385629,0.0764918984978809,-0.0037921671925452,-0.0063788784594663,-0.0013566773495619,0.000249937515621,False,True,True,False,False,D static-routine baseline,C detectable sub-material update,C detectable sub-material update,depletion-side,False,False,True,True,C detectable but sub-material,Assess depletion jointly with subsidence and water-security loss,2
Mosul,IQ,36.335,43.11889,1683000,1.683,0.1029920750375725,-0.003823520628428,-0.0067303943940812,-0.0010362661211535,0.0025,False,True,True,False,False,D static-routine baseline,C detectable sub-material update,C detectable sub-material update,depletion-side,False,False,True,True,C detectable but sub-material,Assess depletion jointly with subsidence and water-security loss,2
Pest,HU,47.5,19.08333,1001748,1.001748,0.2795983572402427,-0.0038863109117462,-0.006880978777887,-0.0011959561149553,0.0015,False,True,True,False,False,D static-routine baseline,C detectable sub-material update,C detectable sub-material update,depletion-side,False,False,True,True,C detectable but sub-material,Assess depletion jointly with subsidence and water-security loss,3
Bayan Nur,CN,40.74143,107.38599,1760000,1.76,0.1282253536540238,-0.0042411337674424,-0.0072119275960323,-0.0016960185757149,0.000249937515621,False,True,True,False,False,D static-routine baseline,C detectable sub-material update,C detectable sub-material update,depletion-side,False,False,True,True,C detectable but sub-material,Assess depletion jointly with subsidence and water-security loss,2
Yangon,MM,16.80528,96.15611,4477638,4.477638,0.4572328805930004,0.0078525840287735,0.0005517502052593,0.0116225022491796,0.0705,False,False,False,False,False,D static-routine baseline,D static-routine baseline,D static-routine baseline,increase-side,False,False,False,False,B targeted regional monitoring,Screen recharge or recovery plans for liquefaction sensitivity,4
Chattogram,BD,22.3384,91.83168,3920222,3.920222,0.5749226779348066,0.0063066447842901,-0.0012531086229764,0.0139683037844325,0.2004999999999999,False,False,False,False,False,D static-routine baseline,D static-routine baseline,D static-routine baseline,increase-side,False,False,False,False,D routine periodic update,Screen recharge or recovery plans for liquefaction sensitivity,4
Howrah,IN,22.57688,88.31857,1027672,1.027672,0.3548242848339327,0.0050947550306674,-0.0013186095983712,0.0126397746681977,0.2224999999999999,False,False,False,False,False,D static-routine baseline,D static-routine baseline,D static-routine baseline,increase-side,False,False,False,False,D routine periodic update,Screen recharge or recovery plans for liquefaction sensitivity,3
Kolkata,IN,22.56263,88.36304,4631392,4.631392,0.3545118937969244,0.0050927696458126,-0.0013093987025666,0.0125765557450847,0.2290000000000001,False,False,False,False,False,D static-routine baseline,D static-routine baseline,D static-routine baseline,increase-side,False,False,False,False,D routine periodic update,Screen recharge or recovery plans for liquefaction sensitivity,3
Luohe,CN,33.57424,114.03261,1294974,1.294974,0.2784297573608975,0.0040014589304054,-4.663995172381743e-05,0.0086341412393811,0.1029999999999999,False,False,False,False,False,D static-routine baseline,D static-routine baseline,D static-routine baseline,increase-side,False,False,False,False,D routine periodic update,Screen recharge or recovery plans for liquefaction sensitivity,2
Mandalay,MM,21.97473,96.08359,1208099,1.208099,0.2940001137521673,0.0025833231311815,-0.0031775825944254,0.0088124923529758,0.5660000000000001,False,False,False,False,False,D static-routine baseline,D static-routine baseline,D static-routine baseline,increase-side,False,False,False,False,D routine periodic update,Screen recharge or recovery plans for liquefaction sensitivity,4
Surabaya,ID,-7.24917,112.75083,2874314,2.874314,0.3942564303649725,0.0022082061862322,-0.0010019565736869,0.0058522855372327,0.3149999999999999,False,False,False,False,False,D static-routine baseline,D static-routine baseline,D static-routine baseline,increase-side,False,False,False,False,D routine periodic update,Screen recharge or recovery plans for liquefaction sensitivity,3
Nantong,CN,32.03028,120.87472,2273326,2.273326,0.1827601729327332,0.0019166321843848,0.0001011155867964,0.0040727350437453,0.0705,False,False,False,False,False,D static-routine baseline,D static-routine baseline,D static-routine baseline,increase-side,False,False,False,False,C detectable but sub-material,Screen recharge or recovery plans for liquefaction sensitivity,2
Davao,PH,7.07306,125.61278,1848947,1.848947,0.5353409432689337,0.0015205006009754,-0.0001473050299545,0.0033683151395163,0.1525,False,False,False,False,False,D static-routine baseline,D static-routine baseline,D static-routine baseline,increase-side,False,False,False,False,D routine periodic update,Screen recharge or recovery plans for liquefaction sensitivity,4
Nay Pyi Taw,MM,19.745,96.12972,925000,0.925,0.1003806871864824,0.0013303005997146,-0.0011687162776094,0.0022708897998283,0.4479999999999999,False,False,False,False,False,D static-routine baseline,D static-routine baseline,D static-routine baseline,increase-side,False,False,False,False,D routine periodic update,Screen recharge or recovery plans for liquefaction sensitivity,3
Panzhihua,CN,26.58509,101.71276,787177,0.787177,0.0928087369678428,0.0011250293667992,-5.167743531071313e-05,0.0025901623236461,0.1220000000000001,False,False,False,False,False,D static-routine baseline,D static-routine baseline,D static-routine baseline,increase-side,False,False,False,False,D routine periodic update,Screen recharge or recovery plans for liquefaction sensitivity,2
Bandar Lampung,ID,-5.42917,105.26111,1166066,1.166066,0.1430623059457703,0.0010293927583578,-0.0004333286283527,0.002609123871258,0.294,False,False,False,False,False,D static-routine baseline,D static-routine baseline,D static-routine baseline,increase-side,False,False,False,False,D routine periodic update,Screen recharge or recovery plans for liquefaction sensitivity,2
Yangjiang,CN,21.85563,111.96272,1292987,1.292987,0.3591211154223999,0.0009961720420938,-0.0012508917079017,0.0035528166136206,0.5185,False,False,False,False,False,D static-routine baseline,D static-routine baseline,D static-routine baseline,increase-side,False,False,False,False,D routine periodic update,Screen recharge or recovery plans for liquefaction sensitivity,3
Jakarta,ID,-6.21462,106.84513,8540121,8.540121,0.1326802771040632,0.0009605569416031,-3.502980449082149e-05,0.0020729046187427,0.1225,False,False,False,False,False,D static-routine baseline,D static-routine baseline,D static-routine baseline,increase-side,False,False,False,False,D routine periodic update,Screen recharge or recovery plans for liquefaction sensitivity,3
Haiphong,VN,20.86481,106.68345,2625200,2.6252,0.0705699675803501,0.0008755768894566,-3.366235461207609e-05,0.0019457533547552,0.1169999999999999,False,False,False,False,False,D static-routine baseline,D static-routine baseline,D static-routine baseline,increase-side,False,False,False,False,D routine periodic update,Screen recharge or recovery plans for liquefaction sensitivity,2
Kaohsiung,TW,22.61626,120.31333,2737660,2.73766,0.550557823687945,0.0007876052972501,-0.0005893739314591,0.0021888046072442,0.4155,False,False,False,False,False,D static-routine baseline,D static-routine baseline,D static-routine baseline,increase-side,False,False,False,False,D routine periodic update,Screen recharge or recovery plans for liquefaction sensitivity,4
Hanoi,VN,21.0245,105.84117,8053663,8.053663,0.3120306007830926,0.0007661094018628,-0.0021939410903894,0.0026238545484459,0.7110000000000001,False,False,False,False,False,D static-routine baseline,D static-routine baseline,D static-routine baseline,increase-side,False,False,False,False,D routine periodic update,Screen recharge or recovery plans for liquefaction sensitivity,3
Zhenjiang,CN,32.21086,119.45508,950516,0.950516,0.1635861008846122,0.0007220839788225,-0.0003598339920611,0.0018659706994761,0.3334999999999999,False,False,False,False,False,D static-routine baseline,D static-routine baseline,D static-routine baseline,increase-side,False,False,False,False,D routine periodic update,Screen recharge or recovery plans for liquefaction sensitivity,3
Cali,CO,3.43054,-76.5199,2392877,2.392877,0.219772849063623,0.0006105155087874,-0.0003694286458395,0.0006105155087874,0.3594999999999999,False,False,False,False,False,D static-routine baseline,D static-routine baseline,D static-routine baseline,increase-side,False,False,False,False,D routine periodic update,Screen recharge or recovery plans for liquefaction sensitivity,3
Tangerang,ID,-6.17806,106.63,1912679,1.912679,0.0759682402147267,0.0005862220146996,-1.036897514979511e-05,0.0012504614267452,0.1109999999999999,False,False,False,False,False,D static-routine baseline,D static-routine baseline,D static-routine baseline,increase-side,False,False,False,False,D routine periodic update,Screen recharge or recovery plans for liquefaction sensitivity,3
Beirut,LB,33.89332,35.50157,1916100,1.9161,0.0964759755954885,0.0005301694941249,-4.2965875097498296e-05,0.0011539892591182,0.1505,False,False,False,False,False,D static-routine baseline,D static-routine baseline,D static-routine baseline,increase-side,False,False,False,False,D routine periodic update,Screen recharge or recovery plans for liquefaction sensitivity,2
Guwahati,IN,26.1844,91.7458,962334,0.962334,0.1974719355127817,0.0005028785885829,-0.0038115577722043,0.0047189884872142,0.9105,False,False,False,False,False,D static-routine baseline,D static-routine baseline,D static-routine baseline,increase-side,False,False,False,False,D routine periodic update,Screen recharge or recovery plans for liquefaction sensitivity,2
Dhaka,BD,23.7104,90.40744,10356500,10.3565,0.4583674750582135,0.000501866092094,-0.0083603291251546,0.0040394659854371,0.947,False,False,False,False,False,D static-routine baseline,D static-routine baseline,D static-routine baseline,increase-side,False,False,False,False,D routine periodic update,Screen recharge or recovery plans for liquefaction sensitivity,3
Kota,IN,25.18254,75.83907,1001694,1.001694,0.026377928760844,0.000491096082124,-7.974285590479305e-05,0.0011051613465398,0.1859999999999999,False,False,False,False,False,D static-routine baseline,D static-routine baseline,D static-routine baseline,increase-side,False,False,False,False,D routine periodic update,Screen recharge or recovery plans for liquefaction sensitivity,1
Taipei,TW,25.05306,121.52639,7871900,7.8719,0.4608737629638713,0.0004195205423698,-0.0009367516973735,0.0018943580637169,0.6665000000000001,False,False,False,False,False,D static-routine baseline,D static-routine baseline,D static-routine baseline,increase-side,False,False,False,False,D routine periodic update,Screen recharge or recovery plans for liquefaction sensitivity,3
Agra,IN,27.18333,78.01667,1430055,1.430055,0.0848422495441395,0.0004130453731711,-0.0017174006004168,0.0026945205828749,0.79,False,False,False,False,False,D static-routine baseline,D static-routine baseline,D static-routine baseline,increase-side,False,False,False,False,D routine periodic update,Screen recharge or recovery plans for liquefaction sensitivity,1
New Taipei City,TW,25.06199,121.45703,4004367,4.004367,0.4174407368464747,0.0004106270631025,-0.0009592436771925,0.0017061431927624,0.687,False,False,False,False,False,D static-routine baseline,D static-routine baseline,D static-routine baseline,increase-side,False,False,False,False,D routine periodic update,Screen recharge or recovery plans for liquefaction sensitivity,3
Bekasi,ID,-6.2349,106.9896,2564940,2.56494,0.0463903408915793,0.0003695291061639,-1.5281822307495295e-05,0.0008120990981101,0.1205,False,False,False,False,False,D static-routine baseline,D static-routine baseline,D static-routine baseline,increase-side,False,False,False,False,D routine periodic update,Screen recharge or recovery plans for liquefaction sensitivity,3
Pingdingshan,CN,33.73091,113.31554,979130,0.97913,0.0736118894928046,0.0003472585029559,-0.0003447612982385,0.0003472585029559,0.3925,False,False,False,False,False,D static-routine baseline,D static-routine baseline,D static-routine baseline,increase-side,False,False,False,False,D routine periodic update,Screen recharge or recovery plans for liquefaction sensitivity,2
Ulsan,KR,35.53722,129.31667,1098421,1.098421,0.1068451568941453,0.0003399052354951,-0.0001007864517297,0.0003399052354951,0.2124999999999999,False,False,False,False,False,D static-routine baseline,D static-routine baseline,D static-routine baseline,increase-side,False,False,False,False,D routine periodic update,Screen recharge or recovery plans for liquefaction sensitivity,1
Managua,NI,12.13282,-86.2504,973087,0.973087,0.0157043530645353,0.0002791380982256,-2.0822950800446715e-05,0.0003092822223204,0.1454999999999999,False,False,False,False,False,D static-routine baseline,D static-routine baseline,D static-routine baseline,increase-side,False,False,False,False,D routine periodic update,Screen recharge or recovery plans for liquefaction sensitivity,2
Ottawa,CA,45.41117,-75.69812,1017449,1.017449,0.0879345788274279,0.0002719925024275,-0.0005799173362205,0.0011579694106342,0.655,False,False,False,False,False,D static-routine baseline,D static-routine baseline,D static-routine baseline,increase-side,False,False,False,False,D routine periodic update,Screen recharge or recovery plans for liquefaction sensitivity,2
Busan,KR,35.10168,129.03004,3285147,3.285147,0.0524515855827366,0.0002305254564494,-2.961295205615027e-05,0.0005285626858169,0.1705000000000001,False,False,False,False,False,D static-routine baseline,D static-routine baseline,D static-routine baseline,increase-side,False,False,False,False,D routine periodic update,Screen recharge or recovery plans for liquefaction sensitivity,1
Daegu,KR,35.87028,128.59111,2365523,2.365523,0.0466839979334255,0.000217891965716,-4.738158337195125e-05,0.0005185310712878,0.2015,False,False,False,False,False,D static-routine baseline,D static-routine baseline,D static-routine baseline,increase-side,False,False,False,False,D routine periodic update,Screen recharge or recovery plans for liquefaction sensitivity,3
South Tangerang,ID,-6.28862,106.71789,1404785,1.404785,0.0177029681563705,0.0001452925843284,-5.66335235179672e-06,0.0003115024032867,0.123,False,False,False,False,False,D static-routine baseline,D static-routine baseline,D static-routine baseline,increase-side,False,False,False,False,D routine periodic update,Screen recharge or recovery plans for liquefaction sensitivity,3
Sendai,JP,38.26667,140.86667,1096704,1.096704,0.0208528948865343,0.0001260206090287,-7.861829944299652e-05,0.000362938321055,0.377,False,False,False,False,False,D static-routine baseline,D static-routine baseline,D static-routine baseline,increase-side,False,False,False,False,D routine periodic update,Screen recharge or recovery plans for liquefaction sensitivity,1
Bogotá,CO,4.60971,-74.08175,7674366,7.674366,0.0114460375604362,0.0001202890283737,8.971757932850203e-07,0.0002612947540153,0.0969999999999999,False,False,False,False,False,D static-routine baseline,D static-routine baseline,D static-routine baseline,increase-side,False,False,False,False,D routine periodic update,Screen recharge or recovery plans for liquefaction sensitivity,3
Palembang,ID,-2.91673,104.7458,1668848,1.668848,0.1507886813957171,9.042149292762258e-05,-0.0009522385945874,0.0010529707629897,0.8955,False,False,False,False,False,D static-routine baseline,D static-routine baseline,D static-routine baseline,increase-side,False,False,False,False,D routine periodic update,Screen recharge or recovery plans for liquefaction sensitivity,2
Al Başrah al Qadīmah,IQ,30.50316,47.81507,2015483,2.015483,0.1572685462359222,8.563931653143841e-05,-0.0006747978514863,0.0004719862410388,0.8654999999999999,False,False,False,False,False,D static-routine baseline,D static-routine baseline,D static-routine baseline,increase-side,False,False,False,False,D routine periodic update,Screen recharge or recovery plans for liquefaction sensitivity,3
Kennedy,CO,4.6165,-74.14597,979914,0.979914,0.0065936056848633,6.96374397448048e-05,1.914682824359031e-06,0.0001531480798861,0.088,False,False,False,False,False,D static-routine baseline,D static-routine baseline,D static-routine baseline,increase-side,False,False,False,False,D routine periodic update,Screen recharge or recovery plans for liquefaction sensitivity,3
Basrah,IQ,30.50852,47.7804,1326564,1.326564,0.1091692866888849,6.284218389836227e-05,-0.0005363741804631,0.0006473403597988,0.8734999999999999,False,False,False,False,False,D static-routine baseline,D static-routine baseline,D static-routine baseline,increase-side,False,False,False,False,D routine periodic update,Screen recharge or recovery plans for liquefaction sensitivity,2
Khulna,BD,22.80979,89.56439,1500689,1.500689,0.0030253865580151,6.173769196178179e-05,-3.6399457566724814e-05,0.0001682660431178,0.3640000000000001,False,False,False,False,False,D static-routine baseline,D static-routine baseline,D static-routine baseline,increase-side,False,False,False,False,D routine periodic update,Screen recharge or recovery plans for liquefaction sensitivity,2
Liupanshui,CN,26.59444,104.83333,1320825,1.320825,0.0187493752155183,5.1777484746426405e-05,-0.0001855291584751,0.0003010308450114,0.7675000000000001,False,False,False,False,False,D static-routine baseline,D static-routine baseline,D static-routine baseline,increase-side,False,False,False,False,D routine periodic update,Screen recharge or recovery plans for liquefaction sensitivity,1
Taizhou,CN,32.49069,119.90812,1607108,1.607108,0.0060287234603625,3.165049655297781e-05,-1.3803285001313947e-05,8.166913538271398e-05,0.3189999999999999,False,False,False,False,False,D static-routine baseline,D static-routine baseline,D static-routine baseline,increase-side,False,False,False,False,D routine periodic update,Screen recharge or recovery plans for liquefaction sensitivity,2
Gazipur,BD,23.99844,90.42234,2674697,2.674697,0.0147161089374849,2.933684224548129e-05,-0.0004664023227612,0.0005103280681219,0.9465,False,False,False,False,False,D static-routine baseline,D static-routine baseline,D static-routine baseline,increase-side,False,False,False,False,D routine periodic update,Screen recharge or recovery plans for liquefaction sensitivity,2
Multan,PK,30.19679,71.47824,2169915,2.169915,0.0075914858467483,2.747009937493442e-05,-4.53495615671783e-05,0.0001070450825594,0.591,False,False,False,False,False,D static-routine baseline,D static-routine baseline,D static-routine baseline,increase-side,False,False,False,False,D routine periodic update,Screen recharge or recovery plans for liquefaction sensitivity,1
Baoshan,CN,25.11626,99.16366,935618,0.935618,0.0013213182569047,1.8027984983073723e-05,-5.613866501711013e-06,4.415809875403149e-05,0.2455,False,False,False,False,False,D static-routine baseline,D static-routine baseline,D static-routine baseline,increase-side,False,False,False,False,D routine periodic update,Screen recharge or recovery plans for liquefaction sensitivity,1
Depok,ID,-6.4,106.81861,2145400,2.1454,0.0016635305155515,1.387779415677878e-05,-6.751747451740191e-07,3.0709690838986406e-05,0.1265,False,False,False,False,False,D static-routine baseline,D static-routine baseline,D static-routine baseline,increase-side,False,False,False,False,D routine periodic update,Screen recharge or recovery plans for liquefaction sensitivity,2
Kolwezi,CD,-10.71484,25.46674,790248,0.790248,0.0006868235540204,1.3818388655759344e-05,-4.482444750276959e-06,3.4034170878670785e-05,0.258,False,False,False,False,False,D static-routine baseline,D static-routine baseline,D static-routine baseline,increase-side,False,False,False,False,D routine periodic update,Screen recharge or recovery plans for liquefaction sensitivity,0
Taichung,TW,24.1469,120.6839,2850285,2.850285,0.0074233281682323,1.254850314375e-05,-2.823964905314729e-05,5.458721124056537e-05,0.6395,False,False,False,False,False,D static-routine baseline,D static-routine baseline,D static-routine baseline,increase-side,False,False,False,False,D routine periodic update,Screen recharge or recovery plans for liquefaction sensitivity,2
Blantyre,MW,-15.78499,35.00854,902588,0.902588,0.0011691096561136,6.680133844755168e-06,-1.5906286748168853e-05,3.1573808699378185e-05,0.69,False,False,False,False,False,D static-routine baseline,D static-routine baseline,D static-routine baseline,increase-side,False,False,False,False,D routine periodic update,Screen recharge or recovery plans for liquefaction sensitivity,2
Lubumbashi,CD,-11.66089,27.47938,2221925,2.221925,0.000166971716702,2.839621737117903e-06,-2.055881142380865e-06,8.265659299909714e-06,0.4225000000000001,False,False,False,False,False,D static-routine baseline,D static-routine baseline,D static-routine baseline,increase-side,False,False,False,False,D routine periodic update,Screen recharge or recovery plans for liquefaction sensitivity,1
Comilla,BD,23.46186,91.18503,1030000,1.03,0.000138575833351,2.6682216159197027e-06,-2.120612320383724e-06,8.002515629297542e-06,0.439,False,False,False,False,False,D static-routine baseline,D static-routine baseline,D static-routine baseline,increase-side,False,False,False,False,D routine periodic update,Screen recharge or recovery plans for liquefaction sensitivity,3
Malang,ID,-7.9797,112.6304,847182,0.847182,9.457789772597152e-05,8.776195985724528e-07,-4.286829669709554e-07,1.843749421766088e-06,0.3165,False,False,False,False,False,D static-routine baseline,D static-routine baseline,D static-routine baseline,increase-side,False,False,False,False,D routine periodic update,Screen recharge or recovery plans for liquefaction sensitivity,3
Damascus,SY,33.5102,36.29128,1569394,1.569394,0.0001106042548333,6.73029755562284e-07,-6.858677208543415e-08,1.5263009740733853e-06,0.1525,False,False,False,False,False,D static-routine baseline,D static-routine baseline,D static-routine baseline,increase-side,False,False,False,False,D routine periodic update,Screen recharge or recovery plans for liquefaction sensitivity,2
Puning,CN,23.31072,116.16869,874954,0.874954,0.0002586319497916,6.155005010132267e-07,-2.5165490213427013e-06,3.80580650850266e-06,0.7789999999999999,False,False,False,False,False,D static-routine baseline,D static-routine baseline,D static-routine baseline,increase-side,False,False,False,False,D routine periodic update,Screen recharge or recovery plans for liquefaction sensitivity,2
Qingyang,CN,35.70976,107.64455,2125400,2.1254,7.713386080048027e-05,5.39952270602856e-07,-3.568037880193735e-08,1.1492777003394965e-06,0.1305,False,False,False,False,False,D static-routine baseline,D static-routine baseline,D static-routine baseline,increase-side,False,False,False,False,D routine periodic update,Screen recharge or recovery plans for liquefaction sensitivity,1
Kunming,CN,25.03889,102.71833,3855346,3.855346,8.099939513921492e-05,3.356685715909279e-07,-9.62276305586635e-07,8.68871601920486e-07,0.7264999999999999,False,False,False,False,False,D static-routine baseline,D static-routine baseline,D static-routine baseline,increase-side,False,False,False,False,D routine periodic update,Screen recharge or recovery plans for liquefaction sensitivity,3
Bandung,ID,-6.92222,107.60694,2444160,2.44416,1.2160496912106169e-06,7.836513003651931e-09,1.4749793502180374e-10,1.6997754705064748e-08,0.0889999999999999,False,False,False,False,False,D static-routine baseline,D static-routine baseline,D static-routine baseline,increase-side,False,False,False,False,D routine periodic update,Screen recharge or recovery plans for liquefaction sensitivity,3
Zhaotong,CN,27.31667,103.71667,787845,0.787845,1.5225658574540946e-05,7.738392314048773e-09,-2.9846304062414846e-08,7.738392314048773e-09,0.1855,False,False,False,False,False,D static-routine baseline,D static-routine baseline,D static-routine baseline,increase-side,False,False,False,False,D routine periodic update,Screen recharge or recovery plans for liquefaction sensitivity,3
Dhanbad,IN,23.79759,86.42992,1196214,1.196214,1.297263327667773e-07,2.6695712131150403e-09,-7.490940017832946e-10,6.875465776671108e-09,0.2524999999999999,False,False,False,False,False,D static-routine baseline,D static-routine baseline,D static-routine baseline,increase-side,False,False,False,False,D routine periodic update,Screen recharge or recovery plans for liquefaction sensitivity,0
Suzhou,CN,33.63611,116.97889,1647642,1.647642,3.5628951137555466e-08,1.9809157802246184e-10,-2.5770553090049097e-10,6.73465148618371e-10,0.5465,False,False,False,False,False,D static-routine baseline,D static-routine baseline,D static-routine baseline,increase-side,False,False,False,False,D routine periodic update,Screen recharge or recovery plans for liquefaction sensitivity,2
Nanyang,CN,33.00524,112.54659,1811812,1.811812,3.1896476121986683e-08,1.4083278971349363e-10,-1.5509417483272608e-10,3.7495720530250695e-10,0.5225,False,False,False,False,False,D static-routine baseline,D static-routine baseline,D static-routine baseline,increase-side,False,False,False,False,D routine periodic update,Screen recharge or recovery plans for liquefaction sensitivity,2
Suqian,CN,33.94917,118.29583,1437685,1.437685,1.4294183051919225e-08,1.2165583482653268e-10,-7.789419009070889e-12,2.760051491423e-10,0.1334999999999999,False,False,False,False,False,D static-routine baseline,D static-routine baseline,D static-routine baseline,increase-side,False,False,False,False,D routine periodic update,Screen recharge or recovery plans for liquefaction sensitivity,2
Bijie,CN,27.30193,105.28627,1137383,1.137383,1.0814710223536957e-07,5.496625048199433e-11,-1.065696451260294e-09,5.496625048199433e-11,0.7509999999999999,False,False,False,False,False,D static-routine baseline,D static-routine baseline,D static-routine baseline,increase-side,False,False,False,False,D routine periodic update,Screen recharge or recovery plans for liquefaction sensitivity,1
Nampula,MZ,-15.11646,39.2666,770379,0.770379,1.2813391870822595e-09,7.784971441841527e-12,-9.421260029555839e-12,2.662370208466065e-11,0.5075000000000001,False,False,False,False,False,D static-routine baseline,D static-routine baseline,D static-routine baseline,increase-side,False,False,False,False,D routine periodic update,Screen recharge or recovery plans for liquefaction sensitivity,1
Semarang,ID,-6.99306,110.42083,1653524,1.653524,0.2296674806670572,3.6082248300317592e-16,-0.0004933538792646,3.6082248300317592e-16,0.2875000000000001,False,False,False,False,False,D static-routine baseline,D static-routine baseline,D static-routine baseline,increase-side,False,False,False,False,D routine periodic update,Screen recharge or recovery plans for liquefaction sensitivity,2
Padang,ID,-0.94924,100.35427,909040,0.90904,0.6512807931448363,3.3306690738754696e-16,-0.0001770874606929,3.3306690738754696e-16,0.1999999999999999,False,False,False,False,False,D static-routine baseline,D static-routine baseline,D static-routine baseline,increase-side,False,False,False,False,D routine periodic update,Screen recharge or recovery plans for liquefaction sensitivity,4
Ra’s Bayrūt,LB,33.9,35.48333,1251739,1.251739,0.1669841221833473,2.7755575615628914e-16,-0.0001004742140573,2.7755575615628914e-16,0.1884999999999999,False,False,False,False,False,D static-routine baseline,D static-routine baseline,D static-routine baseline,increase-side,False,False,False,False,D routine periodic update,Screen recharge or recovery plans for liquefaction sensitivity,3
Yichang,CN,30.71444,111.28472,1350150,1.35015,0.0878438109842943,1.3877787807814454e-16,-0.0005955826419802,1.3877787807814454e-16,0.4995,False,False,False,False,False,D static-routine baseline,D static-routine baseline,D static-routine baseline,increase-side,False,False,False,False,D routine periodic update,Screen recharge or recovery plans for liquefaction sensitivity,2
Jieyang,CN,23.5418,116.36581,1899394,1.899394,0.009864262612354,1.7347234759768068e-17,-9.94749100220133e-05,1.7347234759768068e-17,0.7849999999999999,False,False,False,False,False,D static-routine baseline,D static-routine baseline,D static-routine baseline,increase-side,False,False,False,False,D routine periodic update,Screen recharge or recovery plans for liquefaction sensitivity,2
Changzhou,CN,31.77359,119.95401,3290918,3.290918,0.0093814658477213,1.5612511283791264e-17,-8.584803131571893e-05,1.5612511283791264e-17,0.7115,False,False,False,False,False,D static-routine baseline,D static-routine baseline,D static-routine baseline,increase-side,False,False,False,False,D routine periodic update,Screen recharge or recovery plans for liquefaction sensitivity,2
Yancheng,CN,33.3575,120.1573,1615717,1.615717,0.0001188561862358,2.1684043449710093e-19,2.1684043449710093e-19,2.1684043449710093e-19,0.0734999999999999,False,False,False,False,False,D static-routine baseline,D static-routine baseline,D static-routine baseline,increase-side,False,False,False,False,C detectable but sub-material,Screen recharge or recovery plans for liquefaction sensitivity,2
Wuwei,CN,37.92672,102.63202,1010295,1.010295,1.100945967028966e-16,1.4233855647727016e-19,-3.779546542347845e-19,7.102772633003267e-19,0.724,False,False,False,False,False,D static-routine baseline,D static-routine baseline,D static-routine baseline,increase-side,False,False,False,False,D routine periodic update,Screen recharge or recovery plans for liquefaction sensitivity,2
Bogor,ID,-6.59444,106.78917,1127408,1.127408,6.021644137780506e-05,1.0164395367051604e-19,-2.204475997892751e-08,1.0164395367051604e-19,0.119,False,False,False,False,False,D static-routine baseline,D static-routine baseline,D static-routine baseline,increase-side,False,False,False,False,D routine periodic update,Screen recharge or recovery plans for liquefaction sensitivity,3
Yixing,CN,31.36059,119.82016,1285785,1.285785,5.879361412226328e-07,1.0587911840678754e-21,-5.412979764072841e-09,1.0587911840678754e-21,0.704,False,False,False,False,False,D static-routine baseline,D static-routine baseline,D static-routine baseline,increase-side,False,False,False,False,D routine periodic update,Screen recharge or recovery plans for liquefaction sensitivity,2
Tegucigalpa,HN,14.0818,-87.20681,850848,0.850848,1.257319786902784e-07,2.1175823681357523e-22,-7.16541797340135e-10,2.1175823681357523e-22,0.3429999999999999,False,False,False,False,False,D static-routine baseline,D static-routine baseline,D static-routine baseline,increase-side,False,False,False,False,D routine periodic update,Screen recharge or recovery plans for liquefaction sensitivity,3
Benxi,CN,41.28861,123.765,987717,0.987717,0.0,0.0,0.0,0.0,1.0,True,False,False,False,False,D static-routine baseline,D static-routine baseline,D static-routine baseline,near-zero,False,False,False,False,C detectable but sub-material,Maintain periodic groundwater and hazard-map updates,0
Longyan,CN,25.07485,117.01775,1025087,1.025087,0.0,0.0,0.0,0.0,1.0,True,False,False,False,False,D static-routine baseline,D static-routine baseline,D static-routine baseline,near-zero,False,False,False,False,C detectable but sub-material,Maintain periodic groundwater and hazard-map updates,2
Guang’an,CN,30.47413,106.63696,858159,0.858159,0.0,0.0,0.0,0.0,1.0,True,False,False,False,False,D static-routine baseline,D static-routine baseline,D static-routine baseline,near-zero,False,False,False,False,C detectable but sub-material,Maintain periodic groundwater and hazard-map updates,0
Wanxian,CN,30.81601,108.37407,859662,0.859662,0.0,0.0,0.0,0.0,1.0,True,False,False,False,False,D static-routine baseline,D static-routine baseline,D static-routine baseline,near-zero,False,False,False,False,C detectable but sub-material,Maintain periodic groundwater and hazard-map updates,1
Seongnam-si,KR,37.43861,127.13778,914832,0.914832,0.0,0.0,0.0,0.0,1.0,True,False,False,False,False,D static-routine baseline,D static-routine baseline,D static-routine baseline,near-zero,False,False,False,False,C detectable but sub-material,Maintain periodic groundwater and hazard-map updates,1
Xiamen,CN,24.47979,118.08187,4617251,4.617251,0.0,0.0,0.0,0.0,1.0,True,False,False,False,False,D static-routine baseline,D static-routine baseline,D static-routine baseline,near-zero,False,False,False,False,C detectable but sub-material,Maintain periodic groundwater and hazard-map updates,2
Weihai,CN,37.50914,122.11356,844310,0.84431,0.0,0.0,0.0,0.0,1.0,True,False,False,False,False,D static-routine baseline,D static-routine baseline,D static-routine baseline,near-zero,False,False,False,False,C detectable but sub-material,Maintain periodic groundwater and hazard-map updates,2
Kobe,JP,34.6913,135.183,1525152,1.525152,0.0,0.0,0.0,0.0,1.0,True,False,False,False,False,D static-routine baseline,D static-routine baseline,D static-routine baseline,near-zero,False,False,False,False,C detectable but sub-material,Maintain periodic groundwater and hazard-map updates,3
Bazhong,CN,31.8694,106.74432,2712894,2.712894,0.0,0.0,0.0,0.0,1.0,True,False,False,False,False,D static-routine baseline,D static-routine baseline,D static-routine baseline,near-zero,False,False,False,False,C detectable but sub-material,Maintain periodic groundwater and hazard-map updates,0
Zunyi,CN,27.68667,106.90722,2037775,2.037775,0.0,0.0,0.0,0.0,1.0,True,False,False,False,False,D static-routine baseline,D static-routine baseline,D static-routine baseline,near-zero,False,False,False,False,C detectable but sub-material,Maintain periodic groundwater and hazard-map updates,0
Montréal,CA,45.50884,-73.58781,1762949,1.762949,0.0,0.0,0.0,0.0,1.0,True,False,False,False,False,D static-routine baseline,D static-routine baseline,D static-routine baseline,near-zero,False,False,False,False,C detectable but sub-material,Maintain periodic groundwater and hazard-map updates,1
La Paz,BO,-16.5,-68.15,2004652,2.004652,0.0,0.0,0.0,0.0,1.0,True,False,False,False,False,D static-routine baseline,D static-routine baseline,D static-routine baseline,near-zero,False,False,False,False,C detectable but sub-material,Maintain periodic groundwater and hazard-map updates,1
Yantai,CN,37.47649,121.44081,2227733,2.227733,0.0,0.0,0.0,0.0,1.0,True,False,False,False,False,D static-routine baseline,D static-routine baseline,D static-routine baseline,near-zero,False,False,False,False,C detectable but sub-material,Maintain periodic groundwater and hazard-map updates,1
Bukavu,CD,-2.49077,28.84281,816811,0.816811,0.0,0.0,0.0,0.0,1.0,True,False,False,False,False,D static-routine baseline,D static-routine baseline,D static-routine baseline,near-zero,False,False,False,False,C detectable but sub-material,Maintain periodic groundwater and hazard-map updates,2
Guiyang,CN,26.58333,106.71667,3037159,3.037159,0.0,0.0,0.0,0.0,1.0,True,False,False,False,False,D static-routine baseline,D static-routine baseline,D static-routine baseline,near-zero,False,False,False,False,C detectable but sub-material,Maintain periodic groundwater and hazard-map updates,0
Isfahan,IR,32.65246,51.67462,1547164,1.547164,7.199655343828144e-27,-3.2532077881139584e-29,-1.0096597754107631e-28,3.4720827707068265e-29,0.487,False,False,False,False,False,D static-routine baseline,D static-routine baseline,D static-routine baseline,depletion-side,False,False,False,False,D routine periodic update,Assess depletion jointly with subsidence and water-security loss,2
Sanaa,YE,15.35452,44.20646,1937451,1.937451,3.8048811994482674e-14,-1.4707008899986972e-16,-3.639450968687099e-16,5.0828554388606877e-17,0.2745,False,False,False,False,False,D static-routine baseline,D static-routine baseline,D static-routine baseline,depletion-side,False,False,False,False,D routine periodic update,Assess depletion jointly with subsidence and water-security loss,2
Mashhad,IR,36.29807,59.60567,2307177,2.307177,4.056263369416008e-11,-1.90409029102694e-14,-2.687738605708408e-13,2.576823433672176e-13,0.945,False,False,False,False,False,D static-routine baseline,D static-routine baseline,D static-routine baseline,depletion-side,False,False,False,False,D routine periodic update,Assess depletion jointly with subsidence and water-security loss,2
Lu’an,CN,31.73561,116.51688,1644344,1.644344,2.7865287737726122e-08,-2.9397889367935817e-10,-6.3992293397241e-10,1.6252894402078013e-11,0.1295,False,False,False,False,False,D static-routine baseline,D static-routine baseline,D static-routine baseline,depletion-side,False,False,False,False,D routine periodic update,Assess depletion jointly with subsidence and water-security loss,1
Hefei,CN,31.86389,117.28083,5050000,5.05,1.2088091499001342e-07,-3.039325166400886e-10,-1.2375431065057098e-09,5.241775517918553e-10,0.617,False,False,False,False,False,D static-routine baseline,D static-routine baseline,D static-routine baseline,depletion-side,False,False,False,False,D routine periodic update,Assess depletion jointly with subsidence and water-security loss,2
Kathmandu,NP,27.70169,85.3206,1442271,1.442271,1.3201392371402538e-08,-4.0030911038414537e-10,-8.51232651203434e-10,-1.0249504305628317e-12,0.099,False,False,False,False,False,D static-routine baseline,D static-routine baseline,D static-routine baseline,depletion-side,False,False,False,False,D routine periodic update,Assess depletion jointly with subsidence and water-security loss,3
Arequipa,PE,-16.39899,-71.53747,1008290,1.00829,5.229125356603996e-07,-1.160156761248708e-09,-3.976255588502072e-09,1.401945356049413e-09,0.5285,False,False,False,False,False,D static-routine baseline,D static-routine baseline,D static-routine baseline,depletion-side,False,False,False,False,D routine periodic update,Assess depletion jointly with subsidence and water-security loss,2
Meizhou,CN,24.28859,116.11768,992351,0.992351,4.01021955608834e-07,-6.1828303432702285e-09,-1.4109715695160974e-08,1.0597768003116761e-09,0.1965,False,False,False,False,False,D static-routine baseline,D static-routine baseline,D static-routine baseline,depletion-side,False,False,False,False,D routine periodic update,Assess depletion jointly with subsidence and water-security loss,1
Chuzhou,CN,32.32194,118.29778,782671,0.782671,2.159285104264269e-05,-1.8183707722217105e-08,-2.113245516828131e-07,1.734286735266995e-07,0.892,False,False,False,False,False,D static-routine baseline,D static-routine baseline,D static-routine baseline,depletion-side,False,False,False,False,D routine periodic update,Assess depletion jointly with subsidence and water-security loss,2
Mexicali,MX,32.62781,-115.45446,1032686,1.032686,1.2858080145618672e-05,-2.532261139990073e-08,-9.14874438590039e-08,3.634128271638823e-08,0.5755,False,False,False,False,False,D static-routine baseline,D static-routine baseline,D static-routine baseline,depletion-side,False,False,False,False,D routine periodic update,Assess depletion jointly with subsidence and water-security loss,2
Tijuana,MX,32.5027,-117.00371,1922523,1.922523,0.0011659267682605,-1.151200746594928e-06,-8.61807277024217e-06,6.229961109227143e-06,0.812,False,False,False,False,False,D static-routine baseline,D static-routine baseline,D static-routine baseline,depletion-side,False,False,False,False,D routine periodic update,Assess depletion jointly with subsidence and water-security loss,0
Los Angeles,US,34.05223,-118.24368,3820914,3.820914,0.0021991142102822,-1.986593470939321e-06,-2.124800784483157e-05,1.7076949560803635e-05,0.891,False,False,False,False,False,D static-routine baseline,D static-routine baseline,D static-routine baseline,depletion-side,False,False,False,False,D routine periodic update,Assess depletion jointly with subsidence and water-security loss,2
Chaozhou,CN,23.65396,116.62262,1750945,1.750945,0.0028142120884351,-2.0551410850402907e-06,-4.102121911110196e-05,3.375605471594736e-05,0.9235,False,False,False,False,False,D static-routine baseline,D static-routine baseline,D static-routine baseline,depletion-side,False,False,False,False,D routine periodic update,Assess depletion jointly with subsidence and water-security loss,2
Alīgarh,IN,27.88145,78.07464,753207,0.753207,0.0001797756009565,-4.293349599803528e-06,-1.1549577945672411e-05,1.993952718682647e-06,0.3225,False,False,False,False,False,D static-routine baseline,D static-routine baseline,D static-routine baseline,depletion-side,False,False,False,False,D routine periodic update,Assess depletion jointly with subsidence and water-security loss,2
Ahvaz,IR,31.31901,48.6842,841145,0.841145,0.000930236336246,-4.5536664083144045e-06,-1.4402410702187776e-05,4.714191225658201e-06,0.499,False,False,False,False,False,D static-routine baseline,D static-routine baseline,D static-routine baseline,depletion-side,False,False,False,False,D routine periodic update,Assess depletion jointly with subsidence and water-security loss,2
Maoming,CN,21.66625,110.91364,1307802,1.307802,0.010676190802561,-6.469737210338181e-06,-0.0001312136000971,0.0001279543872335,0.9515,False,False,False,False,False,D static-routine baseline,D static-routine baseline,D static-routine baseline,depletion-side,False,False,False,False,D routine periodic update,Assess depletion jointly with subsidence and water-security loss,1
San Pedro Sula,HN,15.50585,-88.02588,801259,0.801259,0.0066739641507215,-9.045056744078246e-06,-3.6048466342922894e-05,1.6166682733552284e-05,0.6065,False,False,False,False,False,D static-routine baseline,D static-routine baseline,D static-routine baseline,depletion-side,False,False,False,False,D routine periodic update,Assess depletion jointly with subsidence and water-security loss,1
Yerevan,AM,40.17765,44.5126,1144700,1.1447,0.001472756759294,-1.0340446264539603e-05,-2.9803519389473283e-05,8.19946965215963e-06,0.4405,False,False,False,False,False,D static-routine baseline,D static-routine baseline,D static-routine baseline,depletion-side,False,False,False,False,D routine periodic update,Assess depletion jointly with subsidence and water-security loss,1
Guatemala City,GT,14.64072,-90.51327,994938,0.994938,0.0012573230904254,-1.2242415083635633e-05,-3.765156383778279e-05,1.1850376584762966e-05,0.458,False,False,False,False,False,D static-routine baseline,D static-routine baseline,D static-routine baseline,depletion-side,False,False,False,False,D routine periodic update,Assess depletion jointly with subsidence and water-security loss,2
Anshun,CN,26.25,105.93333,765313,0.765313,0.0038336146440643,-3.289734126340777e-05,-8.37086298092159e-05,1.622475776468685e-05,0.3335,False,False,False,False,False,D static-routine baseline,D static-routine baseline,D static-routine baseline,depletion-side,False,False,False,False,D routine periodic update,Assess depletion jointly with subsidence and water-security loss,1
Nanjing,CN,32.06167,118.77778,9314685,9.314685,0.0826596094127975,-6.38610302273468e-05,-0.0007661967354288,0.0006612420659628,0.9035,False,False,False,False,False,D static-routine baseline,D static-routine baseline,D static-routine baseline,depletion-side,False,False,False,False,D routine periodic update,Assess depletion jointly with subsidence and water-security loss,2
Qujing,CN,25.48333,103.78333,1408500,1.4085,0.0134985596858929,-7.425047756744359e-05,-0.0002780649257559,2.4286128663675305e-17,0.6225,False,False,False,False,False,D static-routine baseline,D static-routine baseline,D static-routine baseline,depletion-side,False,False,False,False,D routine periodic update,Assess depletion jointly with subsidence and water-security loss,1
San Diego,US,32.71571,-117.16472,1404452,1.404452,0.1311130580315669,-0.000112629316547,-0.0008413409075963,0.0005773998155393,0.783,False,False,False,False,False,D static-routine baseline,D static-routine baseline,D static-routine baseline,depletion-side,False,False,False,False,D routine periodic update,Assess depletion jointly with subsidence and water-security loss,3
Putian,CN,25.43944,119.01028,1539389,1.539389,0.0258183566022248,-0.0001160814337147,-0.0003430863121956,9.601594607911772e-05,0.4285,False,False,False,False,False,D static-routine baseline,D static-routine baseline,D static-routine baseline,depletion-side,False,False,False,False,D routine periodic update,Assess depletion jointly with subsidence and water-security loss,1
Xinyang,CN,32.12278,114.06556,1230042,1.230042,0.0287548633815467,-0.0001533313902071,-0.0004598741479754,0.0001338049415957,0.4405,False,False,False,False,False,D static-routine baseline,D static-routine baseline,D static-routine baseline,depletion-side,False,False,False,False,D routine periodic update,Assess depletion jointly with subsidence and water-security loss,2
Jinjiang,CN,24.81978,118.57415,1416151,1.416151,0.0506282259400885,-0.0002218569216648,-0.0006651719334536,0.0001878833103089,0.4365,False,False,False,False,False,D static-routine baseline,D static-routine baseline,D static-routine baseline,depletion-side,False,False,False,False,D routine periodic update,Assess depletion jointly with subsidence and water-security loss,1
Huainan,CN,32.62639,116.99694,1666826,1.666826,0.0485658133332436,-0.0002308977935756,-0.0006613655522774,0.0001799603731291,0.403,False,False,False,False,False,D static-routine baseline,D static-routine baseline,D static-routine baseline,depletion-side,False,False,False,False,D routine periodic update,Assess depletion jointly with subsidence and water-security loss,1
Bahawalpur,PK,29.39779,71.6752,903795,0.903795,0.0667663458956642,-0.0002729492771905,-0.0012489901208316,0.0006687955105099,0.679,False,False,False,False,False,D static-routine baseline,D static-routine baseline,D static-routine baseline,depletion-side,False,False,False,False,D routine periodic update,Assess depletion jointly with subsidence and water-security loss,1
Bengbu,CN,32.94083,117.36083,972784,0.972784,0.1577664663164499,-0.0003342250636843,-0.0013091394337331,0.0005748197452756,0.606,False,False,False,False,False,D static-routine baseline,D static-routine baseline,D static-routine baseline,depletion-side,False,False,False,False,D routine periodic update,Assess depletion jointly with subsidence and water-security loss,3
Huizhou,CN,23.11147,114.41523,2900113,2.900113,0.2174236067730859,-0.0003771200649233,-0.0023433196503335,0.0015858234163735,0.8125,False,False,False,False,False,D static-routine baseline,D static-routine baseline,D static-routine baseline,depletion-side,False,False,False,False,D routine periodic update,Assess depletion jointly with subsidence and water-security loss,2
Quanzhou,CN,24.91389,118.58583,1469157,1.469157,0.1603104550502151,-0.0006216479062742,-0.0018348755505674,0.000487004650798,0.4245,False,False,False,False,False,D static-routine baseline,D static-routine baseline,D static-routine baseline,depletion-side,False,False,False,False,D routine periodic update,Assess depletion jointly with subsidence and water-security loss,3
Guayaquil,EC,-2.19616,-79.88621,2723665,2.723665,0.0888101889045923,-0.0006497006440756,-0.0013736761939493,5.753163707841513e-06,0.104,False,False,False,False,False,D static-routine baseline,D static-routine baseline,D static-routine baseline,depletion-side,False,False,False,False,D routine periodic update,Assess depletion jointly with subsidence and water-security loss,2
Wuhu,CN,31.35259,118.42947,1598165,1.598165,0.0832824798097464,-0.0009051439761154,-0.00212743052924,0.0001553058966943,0.206,False,False,False,False,False,D static-routine baseline,D static-routine baseline,D static-routine baseline,depletion-side,False,False,False,False,D routine periodic update,Assess depletion jointly with subsidence and water-security loss,2
Köln,DE,50.93333,6.95,1024621,1.024621,0.1157383773456804,-0.0009606448421492,-0.0021828353392496,0.0001066657107355,0.1635,False,False,False,False,False,D static-routine baseline,D static-routine baseline,D static-routine baseline,depletion-side,False,False,False,False,D routine periodic update,Assess depletion jointly with subsidence and water-security loss,2
Istanbul,TR,41.01384,28.94966,15701602,15.701602,0.2697860120091842,-0.0017871685276213,-0.0040680138338839,0.0003848638543282,0.219,False,False,False,False,False,D static-routine baseline,D static-routine baseline,D static-routine baseline,depletion-side,False,False,False,False,D routine periodic update,Assess depletion jointly with subsidence and water-security loss,4
Fuzhou,CN,26.06139,119.30611,3740000,3.74,0.2293796563400478,-0.0019431239035406,-0.0047462480917001,0.0005248478189355,0.2345,False,False,False,False,False,D static-routine baseline,D static-routine baseline,D static-routine baseline,depletion-side,False,False,False,False,D routine periodic update,Assess depletion jointly with subsidence and water-security loss,3
Fuyang,CN,32.9,115.81667,1768947,1.768947,0.2692389500801895,-0.0020405435224123,-0.004374364646277,7.37581042206112e-06,0.1015,False,False,False,False,False,D static-routine baseline,D static-routine baseline,D static-routine baseline,depletion-side,False,False,False,False,D routine periodic update,Assess depletion jointly with subsidence and water-security loss,3
Rajshahi,BD,24.374,88.60114,763580,0.76358,0.14196571924355,-0.0021503134704165,-0.0068592905408669,2.220446049250313e-16,0.4295,False,False,False,False,False,D static-routine baseline,D static-routine baseline,D static-routine baseline,depletion-side,False,False,False,False,D routine periodic update,Assess depletion jointly with subsidence and water-security loss,2
Anqing,CN,30.51365,117.04723,804493,0.804493,0.1942183917304285,-0.0032250734790999,-0.0069603266215168,3.3306690738754696e-16,0.124,False,False,False,False,False,D static-routine baseline,D static-routine baseline,D static-routine baseline,depletion-side,False,False,False,False,D routine periodic update,Assess depletion jointly with subsidence and water-security loss,3
San Francisco,US,37.77493,-122.41942,827526,0.827526,0.2341235220522893,-0.0037395549434221,-0.0078360229018302,-0.0001859330755958,0.074,False,False,False,False,False,D static-routine baseline,D static-routine baseline,D static-routine baseline,depletion-side,False,False,False,False,C detectable but sub-material,Assess depletion jointly with subsidence and water-security loss,4
Rangpur,BD,25.74664,89.25166,1031388,1.031388,0.1849507700859311,-0.0051411198019189,-0.0112239080686437,0.0005236888568471,0.1485,False,False,False,False,False,D static-routine baseline,D static-routine baseline,D static-routine baseline,depletion-side,False,False,False,False,D routine periodic update,Assess depletion jointly with subsidence and water-security loss,3
