name,country,lat,lon,population,P0,pga_475_g,wtd,recent_trend_cm_yr,dP,dP_lo,dP_hi,fdr_sig,is_material_hotspot,direction,recent_cumulative_dTWS_cm,recent_cumulative_water_table_rise_m_sy010,annualized_dP_per_year,liquefaction_sensitivity_per_m_rise,water_table_rise_trigger_m_for_plus0p01,trigger_reachable_before_surface,years_to_trigger_at_recent_rise_sy010,linearized_dP_sy010,distance_to_coast_km,metro_cluster_50km,grace_scale_cluster_300km
Tainan,TW,22.99083,120.21333,1856642,0.4951055488073359,0.6576578501474174,4.486152437628789,0.1935,0.001610778367505,0.0003473925302693,0.0031410837688323,True,False,sub-material increase,1.935,0.19349999999999998,0.0001610778367505,0.008324202276772505,1.2012412971826938,True,62.07965360117281,0.0016107331405554796,5.071396979016769,55,8
Sakai,JP,34.58216,135.46653,826161,0.5145080846281008,0.3961307725316076,5.684341886080804e-14,0.3534,4.440892098500626e-16,4.440892098500626e-16,4.440892098500626e-16,True,False,sub-material increase,3.534,0.35339999999999994,4.4408920985006264e-17,0.008317990865498117,1.2030729408648497,False,34.04281100353282,0.002939577971867034,4.702428708779064,148,1
Yokohama,JP,35.43333,139.65,3777491,0.5189420934283357,0.6621291,2.6398107881285,1.5877,0.0131823600667306,0.0052217653273863,0.0218943302879452,True,True,material increase,15.876999999999999,1.5877,0.00131823600667306,0.00831305186331519,1.2040023560653168,True,7.583311432042055,0.013198632443385526,1.8340361042652882,1,1
Makassar,ID,-5.14861,119.43194,1423877,0.47034726176738023,0.06073681,0.6408789196613043,0.6312,0.005239330970689,0.0017247287311472,0.0053197165084566,True,False,sub-material increase,6.311999999999999,0.6311999999999999,0.0005239330970689,0.008295719813339746,1.2041691037840367,False,19.07745728428449,0.005236258346180047,4.150668720810128,14,7
Bhayandar,IN,19.30157,72.85107,809378,0.469437365737197,0.1212539,2.9297322041657594,1.4173,0.0117697302764608,0.0038161602561318,0.0205713226468663,True,True,material increase,14.173,1.4172999999999998,0.0011769730276460799,0.008293895315384374,1.2043897952003297,True,8.497776019193747,0.01175493783049427,2.301836643909409,2,2
Caloocan,PH,14.64953,120.96788,1712945,0.5268838785496096,0.3198267016083664,0.091554131380235,0.4215,0.0007599218058339,0.0007599218058339,0.0007599218058339,True,False,sub-material increase,4.215,0.4215,7.599218058339e-05,0.008300932660568524,1.2061466503599285,False,28.615578893473987,0.0034988431164296326,2.6995491791968473,30,11
Taipei,TW,25.05306,121.52639,7871900,0.46087376296387134,0.3369818386905979,0.2288853284504739,0.0507,0.0004195205423698,-0.0009367516973735,0.0018943580637169,False,False,sub-material increase,0.507,0.050699999999999995,4.195205423698e-05,0.008274022281260578,1.206864240930907,False,238.04028420727946,0.00041949292965991127,12.4933029549212,96,8
Dhaka,BD,23.7104,90.40744,10356500,0.45836747505821357,0.1949473000000002,0.4882887006943406,0.0607,0.000501866092094,-0.0083603291251546,0.0040394659854371,False,False,sub-material increase,0.607,0.0607,5.01866092094e-05,0.008267282204470152,1.2077251165918579,False,198.96624655549553,0.0005018240298113382,15.813506522357867,92,2
Yangon,MM,16.80528,96.15611,4477638,0.4572328805930004,0.2417016573252616,1.4038300144961229,0.949,0.0078525840287735,0.0005517502052593,0.0116225022491796,True,False,sub-material increase,9.49,0.949,0.00078525840287735,0.008264093417470995,1.2081353187948078,True,12.73061452892316,0.007842624653179975,4.078001626900382,6,4
Manila,PH,14.6042,120.9822,1600000,0.5352704588103365,0.3303762000045073,2.838178072785581,0.4215,0.0034897418002498,0.0006980618544253,0.0063995104776926,True,False,sub-material increase,4.215,0.4215,0.00034897418002498,0.008283574624685769,1.2090857026284592,True,28.685307298421332,0.0034915267043050514,2.868634674256883,30,11
Davao,PH,7.07306,125.61278,1848947,0.5353409432689337,0.4845108999999862,0.6103608758679115,0.1836,0.0015205006009754,-0.0001473050299545,0.0033683151395163,False,False,sub-material increase,1.836,0.1836,0.00015205006009754,0.008283408890371106,1.2091133667480813,False,65.85584786209593,0.001520833872272135,2.289362460020071,59,12
Niigata,JP,37.92259,139.04125,797591,0.5473504769314488,0.2601448673891304,5.684341886080804e-14,-0.4162,-0.0034359910290833,-0.0061704708228575,-0.0010020278703774,True,False,sub-material decrease,-4.162,-0.41619999999999996,-0.00034359910290832996,0.008250339146734334,1.214557817382215,False,,-0.003433791152870829,3.067905673733997,341,1
Zamboanga,PH,6.91028,122.07389,1018849,0.4424022693033588,0.2637117133536004,5.684341886080804e-14,0.2715,3.8857805861880484e-16,3.8857805861880484e-16,3.8857805861880484e-16,True,False,sub-material increase,2.7150000000000003,0.2715,3.885780586188048e-17,0.008214527297239288,1.214685315376921,False,44.73979062161771,0.0022302441612004668,1.848680897817665,195,12
Kaohsiung,TW,22.61626,120.31333,2737660,0.550557823687945,0.3681412361152513,1.1596856641489808,0.0956,0.0007876052972501,-0.0005893739314591,0.0021888046072442,False,False,sub-material increase,0.9560000000000001,0.0956,7.876052972501e-05,0.008239882085249159,1.2162605603795484,False,127.22390798949253,0.0007877327273498197,2.8664741308134767,55,8
Fukuoka,JP,33.6,130.41667,1612392,0.5548847109336004,0.2703739154132848,0.1373311970702957,0.407,0.0011292210388418,0.0008565886039953,0.0011292210388418,True,False,sub-material increase,4.069999999999999,0.4069999999999999,0.00011292210388417999,0.00822468936124098,1.2187264749186684,False,29.94413943289112,0.003347448570025078,2.396636241031313,56,1
New Taipei City,TW,25.06199,121.45703,4004367,0.4174407368464747,0.3321715041340599,0.5188067444877333,0.0507,0.0004106270631025,-0.0009592436771925,0.0017061431927624,False,False,sub-material increase,0.507,0.050699999999999995,4.106270631025e-05,0.008098026136649315,1.2308630045944942,False,242.7737681645945,0.0004105699251281202,8.201788204387995,96,8
Chattogram,BD,22.3384,91.83168,3920222,0.5749226779348066,0.2789350093955502,1.724269474326718,0.7765,0.0063066447842901,-0.0012531086229764,0.0139683037844325,False,False,sub-material increase,7.765,0.7765,0.00063066447842901,0.008138073524624874,1.232743872969733,True,15.875645498644344,0.006319214091871215,1.1638933942429677,9,2
Malingao,PH,7.16083,124.475,1121974,0.41506837508233535,0.5545271999996771,0.3662165255207696,0.3983,0.0029638183406366,0.0008033863604452,0.0029638183406366,True,False,sub-material increase,3.9829999999999997,0.39829999999999993,0.00029638183406366,0.008084794415658543,1.2327511115669487,False,30.950316634871932,0.0032201736157567973,31.168473435340843,35,12
Hiroshima,JP,34.4,132.45,1200754,0.4147114489219935,0.350937245802441,0.6408789196613043,0.1934,0.0015640616549372,0.0002325757333331,0.0031389375482984,True,False,sub-material increase,1.934,0.1934,0.00015640616549372,0.008082771239731976,1.2330406149239017,False,63.75597802088427,0.001563207957764164,5.409366507511519,58,1
Chiba,JP,35.6,140.11667,979768,0.4113296161094694,0.7891407000048927,0.0762951094835102,1.0304,0.0006153195528436,0.0006153195528436,0.0006153195528436,True,False,sub-material increase,10.304,1.0304,6.153195528436e-05,0.008063180848589507,1.2358547011885237,False,11.99393149445384,0.008308301546386627,3.375080387177573,1,1
Jepara,ID,-6.5924,110.671,1257912,0.40045710055596606,0.1135043000000001,0.0305180437934495,0.4829,0.0002440175633789,0.0002440175633789,0.0002440175633789,True,False,sub-material increase,4.829,0.4829,2.440175633789e-05,0.007995037331970156,1.2457901718228932,False,25.798098401799404,0.0038608035276083883,1.7422983269701109,108,19
Surabaya,ID,-7.24917,112.75083,2874314,0.39425643036497254,0.1756715000089241,2.3346303501945727,0.2774,0.0022082061862322,-0.0010019565736869,0.0058522855372327,False,False,sub-material increase,2.774,0.2774,0.00022082061862322002,0.007952649306112043,1.252080812482808,True,45.13629461005076,0.0022060649175154805,3.964466797522865,45,19
Kawasaki,JP,35.52056,139.71722,1538262,0.6042994598328536,0.6526173009763581,5.684341886080804e-14,1.5877,4.440892098500626e-16,4.440892098500626e-16,4.440892098500626e-16,True,False,sub-material increase,15.876999999999999,1.5877,4.4408920985006264e-17,0.007962750035196546,1.2615347488919124,False,7.94567455370607,0.012642458230881556,4.7299740992182135,1,1
Luzhou,CN,28.8903,105.42575,998900,0.3810304064247856,0.1971011047434862,1.586938277256479,0.6356,0.0050042128246746,0.001002839819391,0.0097701316210069,True,False,sub-material increase,6.356000000000001,0.6356,0.00050042128246746,0.00785367965229146,1.2670857518232042,True,19.93526985247332,0.004991798786996452,830.7680884176891,16,5
Navi Mumbai,IN,19.03681,73.01582,2600000,0.38094859336649367,0.1217893695201236,5.684341886080804e-14,1.4173,4.996003610813204e-16,4.996003610813204e-16,4.996003610813204e-16,True,False,sub-material increase,14.173,1.4172999999999998,4.9960036108132046e-17,0.007853031193866832,1.2671855108835326,False,8.940841818129773,0.011130101111067459,2.9449367549001586,2,2
Yangjiang,CN,21.85563,111.96272,1292987,0.35912111542239994,0.1137957653696654,1.0986495765621953,0.1299,0.0009961720420938,-0.0012508917079017,0.0035528166136206,False,False,sub-material increase,1.299,0.1299,9.961720420938e-05,0.007664099558009703,1.2970482033510806,False,99.84974621640345,0.0009955665325854604,1.542818629129887,69,8
Howrah,IN,22.57688,88.31857,1027672,0.3548242848339327,0.116651700000003,2.075226977950763,0.6662,0.0050947550306674,-0.0013186095983712,0.0126397746681977,False,False,sub-material increase,6.662,0.6661999999999999,0.0005094755030667401,0.007623169590476496,1.3037285439442345,True,19.569626897992112,0.0050785555811754405,42.90711402900754,15,2
Kolkata,IN,22.56263,88.36304,4631392,0.3545118937969244,0.119528,2.059967956054038,0.6662,0.0050927696458126,-0.0013093987025666,0.0125765557450847,False,False,sub-material increase,6.662,0.6661999999999999,0.00050927696458126,0.007620145924749639,1.304225064446822,True,19.577079922648185,0.005076541215068208,46.329102497783424,15,2
Mumbai,IN,19.07283,72.88261,12691836,0.35036063504717974,0.120297400125448,1.8768596932936816,1.4173,0.0108165938122896,0.0035724974761384,0.0143549539997001,True,True,material increase,14.173,1.4172999999999998,0.0010816593812289599,0.007579348413202006,1.3109653059383117,True,9.249737571003399,0.010742210506031202,4.7052142468930125,2,2
Hamamatsu,JP,34.7,137.73333,791707,0.3491192316542594,0.7980442000000426,0.2441443503471987,0.2575,0.0018496808038376,0.0005196211928647,0.0018496808038376,True,False,sub-material increase,2.575,0.2575,0.00018496808038376001,0.007566925291655186,1.3130329191046561,False,50.991569673967234,0.0019484832626012103,5.597182522288186,53,1
Rui’an,CN,27.77605,120.65859,927383,0.34691150793949077,0.0790537299212845,5.684341886080804e-14,0.2598,3.8857805861880484e-16,3.8857805861880484e-16,3.8857805861880484e-16,True,False,sub-material increase,2.598,0.2598,3.885780586188048e-17,0.007544578322834693,1.3167701147787891,False,50.683992100800204,0.001960081448272453,2.6020261697394584,103,8
Padang,ID,-0.94924,100.35427,909040,0.6512807931448363,0.4070697,5.684341886080804e-14,0.1255,3.3306690738754696e-16,-0.0001770874606929,3.3306690738754696e-16,False,False,sub-material increase,1.255,0.12549999999999997,3.3306690738754695e-17,0.007562900250128126,1.3313286118184149,False,106.08196110106891,0.0009491439813910796,3.10603770717609,197,37
Pudong,CN,31.23995,121.50094,5681512,0.32494742117709424,0.0548643,5.684341886080804e-14,0.6576,4.440892098500626e-16,4.440892098500626e-16,4.440892098500626e-16,True,False,sub-material increase,6.576,0.6576,4.4408920985006264e-17,0.007304574601760099,1.3583981534657414,False,20.656906226668823,0.0048034882581174405,14.674166305950324,20,5
Budta,PH,7.20417,124.43972,1273715,0.3195365565377467,0.5609091576962117,1.007095445182017,0.3983,0.0028907748123359,0.0007181867105477,0.0053559100879757,True,False,sub-material increase,3.9829999999999997,0.39829999999999993,0.00028907748123359,0.007240517087605746,1.3699858454060472,False,34.39582840587616,0.002883897955993368,25.739019749367824,35,12
Wenzhou,CN,27.99942,120.66682,2650000,0.31783772575895614,0.0686242899999701,0.0457770656901175,0.2598,0.0003306022888904,0.0002252022240566,0.0003306022888904,True,False,sub-material increase,2.598,0.2598,3.306022888904e-05,0.007220002964582914,1.3737408004517877,False,52.876859139791684,0.0018757567701986409,2.5667036269480707,103,8
Tianjin,CN,39.14222,117.17667,11090314,0.31645415467833393,0.117718599999321,3.112840466926116,1.0174,0.0073736357294239,0.0027019944033238,0.012359666617923,True,False,sub-material increase,10.174000000000001,1.0174,0.0007373635729423899,0.007203153724749663,1.3768411025407823,True,13.5329379058461,0.007328488599560308,46.59886225953735,7,5
Hanoi,VN,21.0245,105.84117,8053663,0.3120306007830926,0.08338389,0.3662165255207696,0.1071,0.0007661094018628,-0.0021939410903894,0.0026238545484459,False,False,sub-material increase,1.071,0.10709999999999999,7.661094018628e-05,0.007148427915102562,1.3870125562218256,False,129.5063077704786,0.0007655966297074843,83.13297666480142,77,25
Jing’an,CN,31.22,121.41583,936500,0.30966996056815854,0.0507968402419307,4.104676890211351,0.6576,0.0047006544213692,0.0013615147921282,0.0086019015606938,True,False,sub-material increase,6.576,0.6576,0.00047006544213692005,0.0071186900537927944,1.3926057670518583,True,21.177094997747243,0.004681250579374141,20.43301578224395,20,5
Santo Domingo,DO,18.47186,-69.89232,2201941,0.3070350909936708,0.4312265999999539,3.8147554741741487,0.3488,0.0024767920648013,0.0006809021030615,0.0046060444759537,True,False,sub-material increase,3.488,0.3488,0.00024767920648013,0.007085059311609566,1.3989880469677716,True,40.10860226398428,0.0024712686878894164,0.9185420873771835,42,17
Shubrā al Khaymah,EG,30.12511,31.25053,1240289,0.30663219828360766,0.2214394999999993,5.684341886080804e-14,0.1375,3.8857805861880484e-16,3.8857805861880484e-16,3.8857805861880484e-16,True,False,sub-material increase,1.375,0.13749999999999998,3.885780586188048e-17,0.007079876145537021,1.3999770990149474,False,101.81651629199617,0.0009734829700113404,117.80216392670157,81,20
Yangpu,CN,31.26193,121.51904,1210800,0.2960850909603779,0.0545040442712518,5.684341886080804e-14,0.6576,3.8857805861880484e-16,3.8857805861880484e-16,3.8857805861880484e-16,True,False,sub-material increase,6.576,0.6576,3.885780586188048e-17,0.006940343038716377,1.427158958920852,False,21.702538913029993,0.00456396958225989,11.86946615086639,20,5
Mandalay,MM,21.97473,96.08359,1208099,0.2940001137521673,0.3333079,4.516670481422182,0.3728,0.0025833231311815,-0.0031775825944254,0.0088124923529758,False,False,sub-material increase,3.728,0.37279999999999996,0.00025833231311815,0.0069118827606338045,1.432837862281287,True,38.43449201398302,0.0025767498931642823,333.3522309149601,40,16
Cebu City,PH,10.31672,123.89071,965332,0.2835265651794575,0.3347104821106495,0.3356984817273769,0.9923,0.002276329626615,0.002276329626615,0.002276329626615,True,False,sub-material increase,9.923,0.9923,0.0002276329626615,0.006764537092165979,1.4629998106369329,False,14.743523235280994,0.006712450156556301,2.9997171038362787,44,18
Surat,IN,21.19594,72.83023,4591246,0.2809631242668905,0.09830952,8.25513084611282,1.4158,0.0096221809737705,0.0028024831768068,0.0167540588840118,True,False,sub-material increase,14.158,1.4157999999999997,0.0009622180973770499,0.00672736080740031,1.4708172943524012,True,10.38859510066677,0.009524597431117356,7.635069984909337,4,2
Zhabei,CN,31.25861,121.45972,840000,0.2809287858449564,0.0543976236497186,3.0365453574426056,0.6576,0.0044447278430762,0.0012136954300911,0.0078690591103459,True,False,sub-material increase,6.576,0.6576,0.00044447278430762,0.006726859844183547,1.4709232230312528,True,22.368053878212486,0.0044235830335351,14.506848567773114,20,5
Pest,HU,47.5,19.08333,1001748,0.27959835724024273,0.07254013,6.62241550316628,-0.5819,-0.0038863109117462,-0.006880978777887,-0.0011959561149553,True,False,sub-material decrease,-5.819,-0.5819,-0.00038863109117462,0.006707389758431052,1.475052329043045,True,,-0.003903030100431029,420.6259584508852,313,75
Luohe,CN,33.57424,114.03261,1294974,0.27842975736089753,0.0534729595322506,11.520561532005845,0.5955,0.0040014589304054,-4.663995172381743e-05,0.0086341412393811,False,False,sub-material increase,5.955,0.5954999999999999,0.00040014589304054,0.00669019069830908,1.4787196283110842,True,24.831563867524505,0.003984008560843057,491.4947661133379,25,5
Istanbul,TR,41.01384,28.94966,15701602,0.2697860120091842,0.4327548,2.6398107881285,-0.273,-0.0017871685276213,-0.0040680138338839,0.0003848638543282,False,False,sub-material decrease,-2.7300000000000004,-0.273,-0.00017871685276213,0.006560150607121039,1.507063769833142,True,,-0.0017909211157440437,0.5690703834498371,330,28
Fuyang,CN,32.9,115.81667,1768947,0.2692389500801895,0.06560592,3.8452735179675415,-0.3122,-0.0020405435224123,-0.004374364646277,7.37581042206112e-06,False,False,sub-material decrease,-3.122,-0.3122,-0.00020405435224123,0.006551752950068895,1.508932410976898,True,,-0.002045457271011509,360.62236970725553,332,5
Chennai,IN,13.08784,80.27847,4681087,0.2607011320522958,0.08934973,8.041504539559014,0.4167,0.0026832935777019,0.0010730789082865,0.0045235594281931,True,False,sub-material increase,4.167,0.41669999999999996,0.00026832935777019,0.006418110524904943,1.539320085237202,True,36.94072678754984,0.0026744266557278892,1.7356817920194747,38,14
Seattle,US,47.60621,-122.33207,780995,0.2586282815817057,0.3056356000013193,6.8513008316166975,-1.0623,-0.0067245943704312,-0.0120283033292774,-0.0017603242673745,True,False,sub-material decrease,-10.623000000000001,-1.0623,-0.00067245943704312,0.0063849317951417284,1.5470586523094099,True,,-0.006782713045979058,1.0029095226957891,348,81
Dar es Salaam,TZ,-6.82349,39.26951,5383728,0.2553153425850038,0.109765000000553,8.361943999389666,1.5505,0.0099400650158641,0.0038461988486549,0.0167379941406086,True,False,sub-material increase,15.504999999999999,1.5504999999999998,0.00099400650158641,0.006331309633576009,1.5597343040348939,True,10.059556943146688,0.0098166955868596,1.4221015900347755,3,3
Nagoya,JP,35.18147,136.90641,2332176,0.2520813183052804,0.4578695,12.802319371328338,0.664,0.0041915709353172,0.0014601161438896,0.0073164946180869,True,False,sub-material increase,6.640000000000001,0.6639999999999999,0.00041915709353172,0.006278259697982853,1.572484393372388,True,23.681993876090182,0.004168764439460614,10.286121018355862,24,1
Shanghai,CN,31.22222,121.45806,24874500,0.24169870341881028,0.05296031,0.2899214160372594,0.6576,0.0017738693845824,0.0011479908468059,0.0017738693845824,True,False,sub-material increase,6.576,0.6576,0.00017738693845824,0.00610323865814306,1.6160937937363276,False,24.575635549518367,0.004013489741594876,18.061217478741458,20,5
Tangier,MA,35.76727,-5.79975,1035141,0.2370975303798771,0.2055809999960579,2.441443503471476,-0.385,-0.0023111798347327,-0.0038695817045767,-0.0008934101483922,True,False,sub-material decrease,-3.85,-0.38499999999999995,-0.00023111798347327,0.006023380305872425,1.636818099083387,True,,-0.0023190014177608834,3.107309122440449,336,59
Bhiwandi,IN,19.30023,73.05881,874032,0.23663864969112508,0.125094701840259,3.2349126420996868,1.4173,0.0086312201636333,0.0028146479064968,0.0156682008848642,True,False,sub-material increase,14.173,1.4172999999999998,0.00086312201636333,0.0060153386121440874,1.6389349266945763,True,11.563782732622425,0.008525539414991814,5.510253283387274,2,2
Putuo,CN,31.251,121.3897,1239100,0.23569380193435863,0.0503584899999993,2.1972991531243338,0.6576,0.003967574017243,0.0011085859492778,0.0072150865603816,True,False,sub-material increase,6.576,0.6576,0.0003967574017243,0.0059987363810140625,1.643322755500985,True,24.98970126978384,0.003944769044154847,19.621425547411096,20,5
Taguig,PH,14.5243,121.0792,1308085,0.2355606880829783,0.3682486999999998,5.684341886080804e-14,0.3367,3.8857805861880484e-16,3.8857805861880484e-16,3.8857805861880484e-16,True,False,sub-material increase,3.367,0.33669999999999994,3.885780586188048e-17,0.005996392615417975,1.6439441110289226,False,48.82518892274793,0.0020189853936112318,10.262590930682526,30,11
San Francisco,US,37.77493,-122.41942,827526,0.2341235220522893,0.414144,6.530861371786102,-0.6298,-0.0037395549434221,-0.0078360229018302,-0.0001859330755958,True,False,sub-material decrease,-6.298,-0.6297999999999999,-0.00037395549434221,0.005971012959188214,1.6507031212941279,True,,-0.0037605439616967364,2.871752612667218,342,30
Callao,PE,-12.05162,-77.13452,1300000,0.23242824210874458,0.5972655999999986,5.684341886080804e-14,-0.2668,-0.0015812622489771,-0.0031700957272176,-0.0002894820556845,True,False,sub-material decrease,-2.6679999999999997,-0.2667999999999999,-0.00015812622489771,0.0059408983008201474,1.6587965281744597,False,,-0.001585031666658815,2.6418648431257825,310,74
Alexandria,EG,31.20176,29.91582,5263542,0.22997029683447354,0.106489699999422,6.28671702143896,0.331,0.0019576794418436,0.0005205754538679,0.0035887035945086,True,False,sub-material increase,3.31,0.33099999999999996,0.00019576794418436,0.005896895848297645,1.6707678715239853,True,50.47637074090591,0.0019518725257865201,1.4910171735848954,48,20
Semarang,ID,-6.99306,110.42083,1653524,0.22966748066705722,0.1518648833245408,5.684341886080804e-14,0.2262,3.6082248300317592e-16,-0.0004933538792646,3.6082248300317592e-16,False,False,sub-material increase,2.262,0.2262,3.6082248300317595e-17,0.005891446955403767,1.6722624838533677,False,73.9284917707059,0.0013326453013123322,3.687673874702902,196,19
Fuzhou,CN,26.06139,119.30611,3740000,0.22937965634004787,0.051719552891057,6.744487678339851,-0.3311,-0.0019431239035406,-0.0047462480917001,0.0005248478189355,False,False,sub-material decrease,-3.311,-0.3311,-0.00019431239035405998,0.0058862621655924015,1.673687168526492,True,,-0.001948941403027644,2.5539335553755724,331,8
Thāne,IN,19.19704,72.96355,1841488,0.22787742868701172,0.1226549788237301,2.0904859998474308,1.4173,0.0084105762061177,0.0026785993876646,0.0124797601303733,True,False,sub-material increase,14.173,1.4172999999999998,0.0008410576206117701,0.0058591118958608536,1.6811878568472318,True,11.861905431787426,0.008304119290003586,3.7974994838586196,2,2
Qinhuangdao,CN,39.94104,119.58936,759718,0.2269505878939417,0.1847800918294732,1.1596856641489808,0.7283,0.0042830898810408,0.0015137770350567,0.0068465577570488,True,False,sub-material increase,7.2829999999999995,0.7282999999999998,0.00042830898810407997,0.005842285817666247,1.6858705635553366,False,23.14802366545842,0.0042549367610063265,4.0203159583287285,23,5
Haikou,CN,20.03421,110.34651,2873358,0.22536624203154929,0.0606846,1.4190890363927906,0.8239,0.0048257107875001,0.0010604850959056,0.0083566162214119,True,False,sub-material increase,8.238999999999999,0.8238999999999999,0.00048257107875001004,0.00581339075617141,1.6939739440360926,False,20.56043141201715,0.0047896526440096236,2.162402121684889,19,8
Dombivali,IN,19.21667,73.08333,1247327,0.2247228330713731,0.1242170029365362,3.8452735179675415,1.4173,0.0083292880236759,0.0026620227838969,0.0145805491083424,True,False,sub-material increase,14.173,1.4172999999999998,0.00083292880236759,0.005801608629546038,1.6973008029228005,True,11.975593049621114,0.008222619910655598,3.538018292708381,2,2
Barcelona,VE,10.1384,-64.68769,815141,0.22435511399956032,0.1565541,5.95101853971164,0.9569,0.0055937627238466,0.0010259838369734,0.0109662133452184,True,False,sub-material increase,9.568999999999999,0.9569,0.0005593762723846601,0.0057948625641660945,1.6992116111424136,True,17.757462756217095,0.005545103987650536,4.488523015994694,12,6
Cali,CO,3.43054,-76.5199,2392877,0.21977284906362302,0.3503494944669512,0.106813153276903,0.1145,0.0006105155087874,-0.0003694286458395,0.0006105155087874,False,False,sub-material increase,1.145,0.11449999999999999,6.105155087874e-05,0.005710042371140098,1.7236133131049012,False,150.53391380828833,0.0006537998514955412,71.88524431338931,84,26
Hanzhong,CN,33.07507,107.02214,1006557,0.21900588444603977,0.1400477000011399,3.64690623331046,0.6823,0.003910982978689,0.0012029459282103,0.0067580173646172,True,False,sub-material increase,6.823,0.6822999999999999,0.0003910982978689,0.005695708823900788,1.7278070397516994,True,25.32327480216473,0.003886182130547507,1129.9503386779763,26,5
Huizhou,CN,23.11147,114.41523,2900113,0.21742360677308598,0.0866846999999999,18.49393453879611,-0.0666,-0.0003771200649233,-0.0023433196503335,0.0015858234163735,False,False,sub-material decrease,-0.666,-0.06659999999999999,-3.771200649233e-05,0.00566601438029592,1.7365610202914405,True,,-0.0003773565577277082,44.76148478230771,309,8
Antalya,TR,36.90812,30.69556,1335002,0.2084369065286542,0.2329981000000742,5.684341886080804e-14,-0.3999,-0.0021886002904899,-0.0043491335527832,-0.0002732846968439,True,False,sub-material decrease,-3.9989999999999997,-0.3999,-0.00021886002904899002,0.0054941990520964625,1.789025110972689,False,,-0.0021971302009333752,2.047429226417349,334,28
Taiyuan,CN,37.86944,112.56028,4303673,0.205668978830565,0.1791104881897064,0.1373311970702957,0.6424,0.0007481143005881,0.0006934087391053,0.0007481143005881,True,False,sub-material increase,6.4239999999999995,0.6423999999999999,7.481143005881e-05,0.005440196024246009,1.8061824265481006,False,28.116164796825977,0.0034947819259756358,443.08074964770356,79,5
Kanpur,IN,26.46523,80.34975,2823249,0.2026506374537788,0.0874991899999999,13.42793926909286,1.095,0.0059558101069985,0.000963818175543,0.0116741145169482,True,False,sub-material increase,10.95,1.0949999999999998,0.00059558101069985,0.0053807257745587525,1.8254649754920933,True,16.670913018192635,0.005891894723141833,878.4503563959049,11,2
Kingston,JM,17.99702,-76.79358,937700,0.20161006925165487,0.3996163345675977,0.0305180437934495,0.2704,0.0001636288480058,0.0001636288480058,0.0001636288480058,True,False,sub-material increase,2.7039999999999997,0.2704,1.636288480058e-05,0.005360082859292327,1.8322556504590901,False,67.76093381875334,0.001449366405152645,3.620369011699103,111,34
Mombasa,KE,-4.05466,39.66359,1208333,0.19898803448474553,0.0996536100001263,18.50919356069278,0.5269,0.0028114281985759,0.0011204678584026,0.004696259038271,True,False,sub-material increase,5.269,0.5268999999999999,0.00028114281985759,0.005307746827334221,1.849702546803729,True,35.1053814158992,0.0027966518033224006,2.0871898205220156,37,13
Guwahati,IN,26.1844,91.7458,962334,0.1974719355127817,0.5471443669493168,11.734187838559592,0.0952,0.0005028785885829,-0.0038115577722043,0.0047189884872142,False,False,sub-material increase,0.9520000000000001,0.0952,5.028785885829e-05,0.005277276447580663,1.860015387319848,True,195.37976757561427,0.0005023967178096791,308.36586213907407,91,2
Anqing,CN,30.51365,117.04723,804493,0.19421839173042857,0.0734550466256087,5.684341886080804e-14,-0.6228,-0.0032250734790999,-0.0069603266215168,3.3306690738754696e-16,False,False,sub-material decrease,-6.228,-0.6227999999999999,-0.00032250734790999,0.005211370347867677,1.8827229435713575,False,,-0.003245641452651989,299.47439343765177,340,5
Port-au-Prince,HT,18.54349,-72.33881,1234742,0.19231560023574856,0.412546161369622,10.833905546654478,0.2663,0.0013811960865968,0.0003490050206672,0.0025979786018036,True,False,sub-material increase,2.663,0.2663,0.00013811960865968,0.00517249932771902,1.8963795630875098,True,71.21215032247503,0.0013774365709715748,0.8166687863346503,62,17
Santiago de los Caballeros,DO,19.45036,-70.69085,1200000,0.191695307122232,0.5522715806493135,18.02090485999849,0.2709,0.0014016720464758,0.0002620946555143,0.0027149906755611,True,False,sub-material increase,2.7089999999999996,0.2708999999999999,0.00014016720464758,0.005159775604439854,1.9008932732091,True,70.16955604315615,0.001397783211242756,35.85531780944298,61,17
Tokyo,JP,35.6895,139.69171,9733276,0.190982890999505,0.605276,5.432211795223964,1.5877,0.0083026372584477,0.0032484227166512,0.0144348148566394,True,False,sub-material increase,15.876999999999999,1.5877,0.0008302637258447701,0.0051451305972877075,1.9061154212602043,True,12.005513769983024,0.008168923849313692,7.757012464687056,1,1
Naples,IT,40.85216,14.26811,909048,0.19023174659801528,0.1617050012910862,0.5951018539711868,-0.3455,-0.0017659817446177,-0.0034909986258976,-0.0002052574509794,True,False,sub-material decrease,-3.4549999999999996,-0.3455,-0.00017659817446177,0.005129652851836651,1.9116660133772339,False,,-0.0017722950603095628,1.492898685712159,328,78
Giza,EG,30.00944,31.20861,4367343,0.18996409512632562,0.2299891999999745,17.608911268787722,0.1375,0.00070556806689,0.0001094598125627,0.0013921614717881,True,False,sub-material increase,1.375,0.13749999999999998,7.0556806689e-05,0.0051241286650490925,1.9136549764400579,True,139.17490737745877,0.0007045676914442502,117.00910956090338,81,20
Rangpur,BD,25.74664,89.25166,1031388,0.1849507700859311,0.2707102941607577,2.4719615472648684,-1.0354,-0.0051411198019189,-0.0112239080686437,0.0005236888568471,False,False,sub-material decrease,-10.354000000000001,-1.0354,-0.0005141119801918899,0.005019774624927387,1.9520260981437991,True,,-0.005197474646649817,270.54707284113647,344,2
Nantong,CN,32.03028,120.87472,2273326,0.1827601729327332,0.0583333852838798,3.006027313649213,0.3838,0.0019166321843848,0.0001011155867964,0.0040727350437453,True,False,sub-material increase,3.8379999999999996,0.3838,0.00019166321843848002,0.004973651107673611,1.9694839686523578,True,51.31537177312032,0.001908887295125132,5.051191452121848,50,5
Delhi,IN,28.65195,77.23149,11034555,0.18051434043503517,0.2294909887507435,15.228503852903032,-2.3689,-0.0113766608006131,-0.0215404015330639,-0.0021241040234326,True,True,material decrease,-23.689,-2.3688999999999996,-0.00113766608006131,0.004926032813966903,1.9878404756047463,True,,-0.011669279133006194,830.6819162416839,283,2
Osaka,JP,34.69379,135.50107,2753862,0.172397564419732,0.3697804212391887,5.684341886080804e-14,0.3534,3.05311331771918e-16,3.05311331771918e-16,3.05311331771918e-16,True,False,sub-material increase,3.534,0.35339999999999994,3.05311331771918e-17,0.004751132251922484,2.058323855320856,False,58.243459403533,0.0016790501378294055,8.060177663586122,148,1
Xuhui,CN,31.19594,121.44709,1109800,0.16914971483376806,0.0507968402419307,3.31120775158314,0.6576,0.0030998488024287,0.000877337799885,0.0053684863250866,True,False,sub-material increase,6.576,0.6576,0.00030998488024287,0.004679918357220586,2.088484169791376,True,31.759187496827497,0.0030775143117082572,21.138516773749032,20,5
Ra’s Bayrūt,LB,33.9,35.48333,1251739,0.16698412218334738,0.4060524820209177,5.684341886080804e-14,0.1491,2.7755575615628914e-16,-0.0001004742140573,2.7755575615628914e-16,False,False,sub-material increase,1.491,0.1491,2.7755575615628914e-17,0.004632044156562743,2.1092643276658163,False,141.46642036658727,0.000690637783743505,1.1125840621137226,88,28
Patna,IN,25.59408,85.13563,1684297,0.16584980274415223,0.0921172673310556,4.257267109178315,1.3047,0.0060981198108892,0.000864302642856,0.0121689895101161,True,False,sub-material increase,13.047,1.3047,0.00060981198108892,0.004606843400940139,2.1203708233359846,True,16.251788329393616,0.006010548585206599,450.97540562966645,10,2
Zhenjiang,CN,32.21086,119.45508,950516,0.16358610088461223,0.05357852,9.048599984741031,0.1582,0.0007220839788225,-0.0003598339920611,0.0018659706994761,False,False,sub-material increase,1.582,0.1582,7.220839788225e-05,0.004556295426449992,2.143006637137382,True,135.46186075457535,0.0007208059364643887,14.288676948335562,80,5
Kalyān,IN,19.2437,73.13554,1262255,0.16197243727464822,0.1256955999999282,1.1749446860456487,1.4173,0.0053812979642205,0.0020564889245797,0.0053812979642205,True,False,sub-material increase,14.173,1.4172999999999998,0.00053812979642205,0.004520054315704014,2.159537056061847,False,15.236979157989467,0.006406272981647298,9.468827724119528,2,2
Setagaya,JP,35.64188,139.64715,940071,0.16134579775607094,0.6109242,0.0305180437934495,1.5877,0.0001375596194314,0.0001375596194314,0.0001375596194314,True,False,sub-material increase,15.876999999999999,1.5877,1.3755961943139999e-05,0.004505933932374182,2.1660472945989233,False,13.642673644888353,0.007154071304430489,10.097668151213993,1,1
Quanzhou,CN,24.91389,118.58583,1469157,0.1603104550502151,0.0701559140831337,5.935759517814915,-0.1389,-0.0006216479062742,-0.0018348755505674,0.000487004650798,False,False,sub-material decrease,-1.389,-0.1389,-6.216479062742e-05,0.004482546734625208,2.1769172392148515,True,,-0.0006226257414394414,3.4805807584817794,300,8
Havana,CU,23.13302,-82.38304,2163824,0.15815498068066472,0.0697232325262081,4.592965590905635,0.1134,0.0005034226792101,4.3504630703865296e-05,0.001020372433894,True,False,sub-material increase,1.134,0.11339999999999999,5.034226792101e-05,0.004433628026126558,2.200012062416661,True,194.00459104203358,0.0005027734181627516,2.7575855890063075,90,29
Bengbu,CN,32.94083,117.36083,972784,0.1577664663164499,0.0847586799999958,6.927595941100208,-0.0756,-0.0003342250636843,-0.0013091394337331,0.0005748197452756,False,False,sub-material decrease,-0.756,-0.0756,-3.342250636843e-05,0.004424777740468264,2.204243042393976,True,,-0.0003345131971794008,220.6940121983459,301,5
Weinan,CN,34.50355,109.50891,1199290,0.15768643389098527,0.1088599,1.1139085984588633,0.4515,0.002007256314618,0.000599620429505,0.0036432630126096,True,False,sub-material increase,4.515000000000001,0.4515,0.0002007256314618,0.004422953367842383,2.205117238187468,False,48.839805939921774,0.0019969634455808357,850.6161481238713,47,5
Al Başrah al Qadīmah,IQ,30.50316,47.81507,2015483,0.1572685462359222,0.0807779799930052,0.106813153276903,0.0194,8.563931653143841e-05,-0.0006747978514863,0.0004719862410388,False,False,sub-material increase,0.194,0.0194,8.563931653143842e-06,0.004413420515005369,2.209696509412818,False,1139.0188192849578,8.562035799110415e-05,45.51758219650021,118,36
Cairo,EG,30.06263,31.24967,9606916,0.15608090830367738,0.2230294118225173,5.684341886080804e-14,0.1375,2.498001805406602e-16,2.498001805406602e-16,2.498001805406602e-16,True,False,sub-material increase,1.375,0.13749999999999998,2.4980018054066023e-17,0.004386264623613656,2.2228466980862964,False,161.66157804263975,0.0006031113857468777,115.2200572729352,81,20
Virār,IN,19.45591,72.81136,1222390,0.15397201004333153,0.1198278828077522,0.5951018539711868,1.4173,0.0025991780956606,0.0019959944961017,0.0025991780956606,True,False,sub-material increase,14.173,1.4172999999999998,0.00025991780956606,0.00433781218454604,2.2467045237871925,False,15.852003977895947,0.006147981209157102,5.855155470481908,2,2
Ranchi,IN,23.34316,85.3094,1120374,0.15183674228264088,0.1272203,3.2806897077897474,1.1405,0.004955914891752,0.0007176902001159,0.0095665109793553,True,False,sub-material increase,11.405000000000001,1.1405,0.0004955914891752,0.004288452120988672,2.2715442066901446,True,19.917090808330947,0.0048909796439875804,275.0819977502876,17,2
Palembang,ID,-2.91673,104.7458,1668848,0.15078868139571713,0.0647146814960711,0.3967345693141624,0.0212,9.042149292762258e-05,-0.0009522385945874,0.0010529707629897,False,False,sub-material increase,0.212,0.021199999999999997,9.042149292762258e-06,0.0042641134501233136,2.2839964913700013,False,1077.3568355518873,9.039920514261423e-05,28.14153616014119,116,24
Cartagena,CO,10.39817,-75.49328,914552,0.14909125977718016,0.0708730299999999,10.849164568551204,0.6294,0.0026785270490979,0.0004797008400966,0.0053139105911917,True,False,sub-material increase,6.294,0.6294,0.00026785270490979,0.004224539765973277,2.3045388022682536,True,36.61485227626715,0.0026589253287035803,3.3758426691046455,39,15
Faridabad,IN,28.41124,77.31316,1414050,0.1475423603360455,0.2051115996711991,0.686655985351365,-2.3689,-0.0096483135253369,-0.01813399919476,-0.0018341115807303,True,False,sub-material decrease,-23.689,-2.3688999999999996,-0.0009648313525336899,0.004188261287675717,2.3236994023407247,False,,-0.009921572164375005,812.6623595288831,283,2
Xianyang,CN,34.33778,108.70261,1034081,0.14529362538624271,0.0907892488942864,3.0365453574426056,0.4512,0.0018758121915692,0.0006174797351954,0.0033192355079055,True,False,sub-material increase,4.512,0.45119999999999993,0.00018758121915692002,0.004135306814018551,2.352249003949318,True,52.13317827901857,0.0018658504344851701,922.2147508686434,52,5
Karachi,PK,24.8608,67.0104,11624219,0.1435331805189991,0.2104098999919154,11.779964904249653,0.44,0.0018106153343679,0.0004986582433334,0.0032892303975454,True,False,sub-material increase,4.4,0.44,0.00018106153343678999,0.0040936158400830145,2.375226596225326,True,53.98242264148469,0.0018011909696365265,4.867763345184103,54,23
Bandar Lampung,ID,-5.42917,105.26111,1166066,0.14306230594577038,0.2649017,20.38605325398646,0.2514,0.0010293927583578,-0.0004333286283527,0.002609123871258,False,False,sub-material increase,2.5140000000000002,0.2514,0.00010293927583578,0.004082429569356198,2.3814687080851584,True,94.72827001134281,0.0010263227937361483,2.6500488079175253,68,24
Rajshahi,BD,24.374,88.60114,763580,0.14196571924355006,0.127690699939077,5.684341886080804e-14,-0.5335,-0.0021503134704165,-0.0068592905408669,2.220446049250313e-16,False,False,sub-material decrease,-5.335,-0.5335,-0.00021503134704165,0.0040563214116469464,2.396166426295432,False,,-0.002164047473113646,195.63163033793506,333,2
Puebla,MX,19.04778,-98.20723,1692181,0.14059634158214776,0.2727666710441241,12.4208438239109,-1.7035,-0.006715498408346,-0.0112416530416738,-0.0023980009057791,True,False,sub-material decrease,-17.035,-1.7035,-0.0006715498408346,0.004023606043518264,2.4148428569359424,True,,-0.006854212895133363,200.868183667313,347,64
Zhongwei,CN,37.51129,105.19067,1174600,0.14045660976925914,0.2145857,22.308690012970203,-0.7714,-0.0030726814569047,-0.0052376337872752,-0.0011620013187897,True,False,sub-material decrease,-7.7139999999999995,-0.7714,-0.00030726814569047,0.004020260733028127,2.4167691021097797,True,,-0.003101229129457897,1087.5946877633924,339,5
Wuzhong,CN,37.9867,106.201,7202654,0.1361601080334201,0.1972265914121957,20.73701075761045,-0.7714,-0.0029932514957789,-0.004984272778288,-0.0011516684455915,True,False,sub-material decrease,-7.7139999999999995,-0.7714,-0.00029932514957789,0.003916763749357791,2.4779260747348166,True,,-0.0030213915562546,991.6090929263705,338,5
Kitakyushu,JP,33.85181,130.85034,940978,0.13565104188150426,0.2292976253441503,0.4882887006943406,0.407,0.0015969601989614,0.0003990257258993,0.0019178033808634,True,False,sub-material increase,4.069999999999999,0.4069999999999999,0.00015969601989614,0.00390441956270829,2.485428364897352,False,61.067035992563945,0.0015890987620222736,5.658078522498746,56,1
Nanchong,CN,30.79508,106.08473,1858875,0.13550419512687714,0.0702872509812431,21.637293049515563,0.8565,0.0033759501018316,0.0010048234267957,0.0061062500877847,True,False,sub-material increase,8.565000000000001,0.8565000000000002,0.00033759501018316,0.0039008555140554817,2.4876029385601193,True,29.043817146060942,0.0033410827477885208,1012.4516424409682,31,5
Jakarta,ID,-6.21462,106.84513,8540121,0.1326802771040632,0.2440006999996528,1.464866102082908,0.2499,0.0009605569416031,-3.502980449082149e-05,0.0020729046187427,False,False,sub-material increase,2.499,0.2499,9.605569416030999e-05,0.0038320381650160185,2.530353056708287,False,101.25462411797866,0.000957626337437503,12.46998739766137,71,24
Turin,IT,45.07049,7.68682,847287,0.1326629461536492,0.114485601526381,18.58548867017629,-1.5459,-0.0058121023331525,-0.009701945002112,-0.0021619729666763,True,False,sub-material decrease,-15.459,-1.5459,-0.00058121023331525,0.0038316141794203897,2.5306210131290223,True,,-0.005923292359965981,105.13715676565238,346,71
San Diego,US,32.71571,-117.16472,1404452,0.13111305803156692,0.2093355109849011,13.656824597543334,-0.0297,-0.000112629316547,-0.0008413409075963,0.0005773998155393,False,False,sub-material decrease,-0.297,-0.029699999999999997,-1.12629316547e-05,0.0037936167207044237,2.5548687007539974,True,,-0.00011267041660492138,1.0087655487028435,267,66
Barranquilla,CO,10.96854,-74.78132,1206319,0.13105470970353966,0.09359839,5.737392233157891,0.6294,0.0024053116310744,0.0004476608619669,0.0046132093407682,True,False,sub-material increase,6.294,0.6294,0.00024053116310744,0.003792183113176418,2.555792675659206,True,40.60681086207828,0.0023868000514332376,12.302692225036285,43,15
Benghazi,LY,32.11486,20.06859,757490,0.12831764450278224,0.0783412446839008,6.332494087129021,0.9766,0.0036816993522627,0.0014337018513617,0.0062601803119683,True,False,sub-material increase,9.766,0.9765999999999999,0.00036816993522627,0.003724679146180927,2.6000722239488065,True,26.623717222494435,0.003637521654160293,3.9734942709756456,27,9
Bayan Nur,CN,40.74143,107.38599,1760000,0.12822535365402382,0.1635738308048777,9.277485313191448,-1.1558,-0.0042411337674424,-0.0072119275960323,-0.0016960185757149,True,False,sub-material decrease,-11.558,-1.1558,-0.00042411337674423997,0.0037223942907330006,2.6015979430199025,True,,-0.004302343321229202,896.9539671163469,343,5
Baoshan,CN,31.40845,121.48956,2265900,0.12817790728497164,0.0563865307407588,3.418020904860043,0.6576,0.0024670626082674,0.0006762688745617,0.0044287847171819,True,False,sub-material increase,6.576,0.6576,0.00024670626082674,0.003721219434588262,2.602383156450835,True,39.573953109045554,0.002447073900185241,4.424349034141255,20,5
Valencia,ES,39.47391,-0.37966,824340,0.1263657683060338,0.0695070899995153,9.674219882505554,-0.483,-0.0017649770510182,-0.0030276464699829,-0.0005990059938588,True,False,sub-material decrease,-4.83,-0.483,-0.00017649770510182,0.0036762354481851053,2.632810101360451,True,,-0.0017756217214734058,4.272835929379792,327,80
Linfen,CN,36.08889,111.51889,959198,0.12526262390434942,0.1546868420043955,12.08514534218358,0.9104,0.0033597281576323,0.0005740557914018,0.00663916967876,True,False,sub-material increase,9.104,0.9103999999999999,0.00033597281576323,0.003648744235266333,2.6517590601595797,True,29.127406196831945,0.003321816751786469,602.191625485961,32,5
Varanasi,IN,25.31668,83.01041,1164404,0.12451900671508154,0.0641719299859855,26.092927443350906,1.7399,0.0064547441040125,0.0018980329960969,0.0116378114684587,True,False,sub-material increase,17.399,1.7399,0.00064547441040125,0.003630166988602975,2.664719586833039,True,15.315360577234546,0.006316127543470316,592.5893601891714,8,2
Ziyang,CN,30.12108,104.64811,905729,0.12004772396763427,0.155723199999444,13.09224078736554,0.7209,0.0025591202315673,0.0007583093051363,0.0045653707451619,True,False,sub-material increase,7.209,0.7209,0.00025591202315672996,0.0035176877223295714,2.7459893781426827,True,38.0911274537756,0.002535901079027388,986.1558434912772,41,5
Sapporo,JP,43.06667,141.35,1973832,0.11973258130766293,0.1806720360283885,0.9918364232852924,0.5472,0.001933859674291,0.0004334499423983,0.003525010037273,True,False,sub-material increase,5.472,0.5472,0.0001933859674291,0.0035097097863595254,2.7519430024753015,False,50.29135603938782,0.0019205131950959325,13.933948512859327,49,21
Prayagraj,IN,25.44478,81.84322,1073438,0.11783876729536837,0.0632544323089667,8.484016174563237,1.5299,0.005399910094125,0.0015612575336032,0.0101051179925019,True,False,sub-material increase,15.299,1.5298999999999998,0.0005399910094125,0.003461627980848624,2.7883803081022287,True,18.22589913133034,0.005295944647900309,691.1029152189233,13,2
Lahore,PK,31.558,74.35071,13004135,0.11709463896005767,0.177375700015881,8.545052262150023,-4.3053,-0.0140276495434888,-0.0226527665302359,-0.0058761489671956,True,True,material decrease,-43.053,-4.305299999999999,-0.00140276495434888,0.0034426700334128186,2.8030144858445865,True,,-0.014821727294852205,1012.2014915492502,350,2
Diyarbakır,TR,37.91363,40.21721,1833684,0.1158971347607523,0.1193813,6.530861371786102,-1.6686,-0.0055730278091667,-0.0098053716123281,-0.0017653521782096,True,False,sub-material decrease,-16.686,-1.6686,-0.0005573027809166701,0.003412084130869511,2.826952255084385,True,,-0.005693403580768867,334.4560483732396,345,28
Köln,DE,50.93333,6.95,1024621,0.11573837734568049,0.071448900103232,20.40131227588313,-0.2829,-0.0009606448421492,-0.0021828353392496,0.0001066657107355,False,False,sub-material decrease,-2.8289999999999997,-0.28289999999999993,-9.606448421492e-05,0.00340802207832381,2.8301622704657783,True,,-0.0009641294459578056,187.21509890200605,319,76
Seoul,KR,37.566,126.9784,10349312,0.1155377233384598,0.1291627050768389,9.628442816815491,0.6391,0.0021926419501853,0.0007829412458853,0.0037572449414291,True,False,sub-material increase,6.391,0.6390999999999999,0.00021926419501853002,0.0034028856355467034,2.8342318020915958,True,44.347235207191304,0.002174784209677898,21.22411175263533,46,1
Nashik,IN,19.99727,73.79096,1486053,0.11386043759947732,0.07369488,4.516670481422182,2.633,0.009150408807873,0.0033004692981796,0.0160788281462742,True,False,sub-material increase,26.33,2.6329999999999996,0.0009150408807873,0.0033598447370261244,2.8687995038258807,True,10.895554515100192,0.008846471192589784,108.51776551336009,5,2
Dera Ismail Khan,PK,31.83129,70.9017,763195,0.11136166549506284,0.2558566188558271,18.8448920424201,-0.7912,-0.0025807271329828,-0.0042516121400004,-0.0008994970944913,True,False,sub-material decrease,-7.912,-0.7911999999999999,-0.00025807271329827996,0.0032953761569425115,2.922188410758303,True,,-0.0026073016153729148,818.3143717477113,337,2
Huludao,CN,40.75243,120.83552,944495,0.10983200194879789,0.0637216438575618,5.684341886080804e-14,1.2492,1.8041124150158796e-16,1.8041124150158796e-16,1.8041124150158796e-16,True,False,sub-material increase,12.492,1.2491999999999999,1.8041124150158797e-17,0.003255705478780681,2.956043406318097,False,23.6634918853514,0.0040670272840928265,7.778257301568918,198,5
Basrah,IQ,30.50852,47.7804,1326564,0.10916928668888494,0.0802772099999999,1.129167620355588,0.0194,6.284218389836227e-05,-0.0005363741804631,0.0006473403597988,False,False,sub-material increase,0.194,0.0194,6.284218389836227e-06,0.0032384700726397425,2.9709985479504355,False,1531.4425504899152,6.2826319409211e-05,47.03506158568831,118,36
Ulsan,KR,35.53722,129.31667,1098421,0.10684515689414531,0.1786687466094599,0.106813153276903,0.1467,0.0003399052354951,-0.0001007864517297,0.0003399052354951,False,False,sub-material increase,1.467,0.1467,3.399052354951e-05,0.0031777946691022795,3.0248761348540154,False,206.19469221908764,0.0004661824779573044,5.140750290729801,101,1
Lanzhou,CN,36.05701,103.83987,3000000,0.106565346687678,0.0837336089308837,17.456321049820758,0.4924,0.0015712382400322,0.0005254058927755,0.0026973148455408,True,False,sub-material increase,4.924,0.49240000000000006,0.00015712382400322,0.0031704654799813332,3.0315171565964847,True,61.56614859050538,0.0015611372023428087,1243.2896109344408,57,5
Rome,IT,41.89193,12.51133,2318895,0.10524733525847707,0.1219487,22.308690012970203,-0.4269,-0.0013312110117336,-0.0025592423348869,-0.0002556384910843,True,False,sub-material decrease,-4.269,-0.42689999999999995,-0.00013312110117336002,0.003135872111526245,3.0632613493823415,True,,-0.0013387038044105537,25.221986745636492,323,78
Srinagar,IN,34.08565,74.80555,1206419,0.10302442171791876,0.3927438,3.006027313649213,-2.9142,-0.0086285932427188,-0.013873612663999,-0.0035178658510327,True,False,sub-material decrease,-29.142000000000003,-2.9142,-0.0008628593242718801,0.0030772659952453194,3.1185897681362946,False,,-0.00896776856334391,1240.8147436561674,349,2
Mosul,IQ,36.335,43.11889,1683000,0.10299207503757257,0.1837698,15.73205157549404,-1.2638,-0.003823520628428,-0.0067303943940812,-0.0010362661211535,True,False,sub-material decrease,-12.638,-1.2637999999999998,-0.0003823520628428,0.0030764107603170193,3.119412015029437,True,,-0.0038879679188886483,545.0557627389962,329,57
Quezon City,PH,14.6488,121.0509,3084270,0.10287323448927357,0.3776324,6.759746700236519,0.3367,0.0010393864693847,0.0001278362339753,0.002107218975152,True,False,sub-material increase,3.367,0.33669999999999994,0.00010393864693846999,0.0030732680594291175,3.122437234338438,True,92.73647859633022,0.0010347693556097836,11.550313649240403,30,11
Auckland,NZ,-36.84853,174.76349,1547200,0.101268245898653,0.1584837125632816,27.13054093232625,0.6243,0.0019078322068631,0.0006904732473526,0.0032412682258164,True,False,sub-material increase,6.242999999999999,0.6242999999999999,0.00019078322068631,0.003030732509433057,3.1639692452704105,True,50.68026982653229,0.0018920863056390569,0.6990959187734161,51,22
Nay Pyi Taw,MM,19.745,96.12972,925000,0.10038068718648242,0.7756317,0.7476920729381504,0.4398,0.0013303005997146,-0.0011687162776094,0.0022708897998283,False,False,sub-material increase,4.398000000000001,0.4398,0.00013303005997146,0.0030071366807208517,3.1874897552764043,False,72.47589257108696,0.0013225387121810306,219.3212919700261,64,16
Beirut,LB,33.89332,35.50157,1916100,0.09647597559548854,0.3636114465008213,19.30266269932099,0.1822,0.0005301694941249,-4.2965875097498296e-05,0.0011539892591182,False,False,sub-material increase,1.822,0.1822,5.301694941249e-05,0.002902706445555296,3.2959410357910683,True,180.89687353408718,0.0005288731143801749,1.7684668153955374,88,28
Panzhihua,CN,26.58509,101.71276,787177,0.09280873696784285,0.1657901999999992,5.020218204013133,0.3991,0.0011250293667992,-5.167743531071313e-05,0.0025901623236461,False,False,sub-material increase,3.991,0.3991,0.00011250293667992,0.0028037026678322113,3.40581961917406,True,85.33749985402306,0.0011189577347318356,796.2797423780884,67,5
Pasig City,PH,14.58691,121.0614,853050,0.09217958183859007,0.3756936,34.13443198290992,0.3367,0.0009425574639516,0.0001068769301092,0.0018619490104443,True,False,sub-material increase,3.367,0.33669999999999994,9.425574639516e-05,0.0027866274674707365,3.4255175293480016,True,101.73797235960801,0.0009382574682973968,9.33741833388168,30,11
Jamshedpur,IN,22.80278,86.18545,1339438,0.09184177486528729,0.1567997419895702,18.08194094758528,1.161,0.003275903248584,0.0005394679193755,0.006624209526085,True,False,sub-material increase,11.61,1.1609999999999998,0.0003275903248584,0.0027774485463875434,3.436201027259241,True,29.596908072861684,0.0032246177623559374,172.78464176813023,33,2
Guayaquil,EC,-2.19616,-79.88621,2723665,0.08881018890459233,0.6265439059161264,10.299839780270132,-0.2419,-0.0006497006440756,-0.0013736761939493,5.753163707841513e-06,False,False,sub-material decrease,-2.419,-0.24189999999999998,-6.497006440756001e-05,0.0026947338770690545,3.535575685357765,True,,-0.0006518561248630042,2.146082664993562,314,61
Baghdad,IQ,33.34058,44.40088,7216000,0.08835744888931547,0.080273361037564,15.10643167772946,-0.8459,-0.0022428271673237,-0.0040484601641921,-0.0005772699298073,True,False,sub-material decrease,-8.459,-0.8459,-0.00022428271673236998,0.0026823286568324134,3.5509787131204424,True,,-0.0022689818108145385,490.8381793961381,296,57
Ottawa,CA,45.41117,-75.69812,1017449,0.0879345788274279,0.1030978999999999,13.519493400473038,0.1017,0.0002719925024275,-0.0005799173362205,0.0011579694106342,False,False,sub-material increase,1.017,0.10169999999999998,2.719925024275e-05,0.002670729552839897,3.5655030622639523,True,350.59027160904157,0.0002716131955238175,89.74838565754294,106,33
Yichang,CN,30.71444,111.28472,1350150,0.0878438109842943,0.0836621915854064,5.684341886080804e-14,0.1956,1.3877787807814454e-16,-0.0005955826419802,1.3877787807814454e-16,False,False,sub-material increase,1.956,0.1956,1.3877787807814454e-17,0.002668238286006461,3.5686381722717235,False,182.44571432882023,0.0005219074087428637,806.1116976381144,199,5
Agra,IN,27.18333,78.01667,1430055,0.08484224954413953,0.0807868441135139,16.983291371023142,0.1594,0.0004130453731711,-0.0017174006004168,0.0026945205828749,False,False,sub-material increase,1.5939999999999999,0.1594,4.130453731711e-05,0.002585546606473102,3.6759325127604305,True,230.61057169136956,0.00041213612907181244,750.4945894853691,97,2
Wuhu,CN,31.35259,118.42947,1598165,0.08328247980974642,0.0523950000000047,0.0610360875868423,-0.3578,-0.0009051439761154,-0.00212743052924,0.0001553058966943,False,False,sub-material decrease,-3.5780000000000003,-0.35780000000000006,-9.051439761154e-05,0.0025423387286039704,3.734610382084644,False,,-0.0009096487970945007,145.54786706301556,318,5
Nanjing,CN,32.06167,118.77778,9314685,0.08265960941279751,0.058399089010373,8.865491721980675,-0.0253,-6.38610302273468e-05,-0.0007661967354288,0.0006612420659628,False,False,sub-material decrease,-0.253,-0.0253,-6.386103022734679e-06,0.0025250390462045586,3.7586339913945164,True,,-6.388348786897533e-05,79.43092602390773,290,5
Aden,YE,12.77957,45.03852,1079670,0.08198295545705829,0.1397681999999957,5.684341886080804e-14,0.2321,1.249000902703301e-16,1.249000902703301e-16,1.249000902703301e-16,True,False,sub-material increase,2.321,0.2321,1.2490009027033011e-17,0.002506216290703757,3.7851271854530064,False,163.08174000228377,0.000581692801072342,2.570549106771659,201,48
Jiujiang,CN,29.70475,116.00206,1164268,0.08012614447170961,0.09921758,1.144426642252256,-0.9236,-0.0022378165702468,-0.0044801322025249,-0.0001805872682601,True,False,sub-material decrease,-9.236,-0.9236000000000001,-0.00022378165702468,0.0024544079832788178,3.8600202103582792,False,,-0.002266891213356316,403.08891956425464,335,5
Kaifeng,CN,34.7986,114.30742,1451741,0.07901016658668171,0.0997951691928758,1.7700465400168357,2.2778,0.0043969392064603,0.0018921885863275,0.0043969392064603,True,False,sub-material increase,22.778,2.2777999999999996,0.00043969392064603,0.002423159753415463,3.9066462320970974,False,17.150962472987523,0.005519473286329741,445.5516253742311,22,5
Tripoli,LY,32.88743,13.18733,1302947,0.07727016650633332,0.0913415484777827,13.488975356679646,0.2372,0.0005650613683371,0.0001188310637474,0.0010954979640199,True,False,sub-material increase,2.372,0.23719999999999997,5.650613683371e-05,0.0023742729462180815,3.9819006945820554,True,167.8710242235268,0.0005631775428429288,3.204420033548859,87,27
Guadalajara,MX,20.67738,-103.34749,1385629,0.07649189849788098,0.1157240041523691,0.106813153276903,-1.65,-0.0037921671925452,-0.0063788784594663,-0.0013566773495619,True,False,sub-material decrease,-16.5,-1.65,-0.00037921671925452,0.0023523415691369593,4.0166139675884605,False,,-0.0038813635890759825,196.3675702995357,325,64
Tangerang,ID,-6.17806,106.63,1912679,0.07596824021472673,0.2445076999837557,0.7324330510414825,0.2499,0.0005862220146996,-1.036897514979511e-05,0.0012504614267452,False,False,sub-material increase,2.499,0.2499,5.862220146996e-05,0.002337562320890364,4.040351090740973,False,161.6787151156852,0.000584156823990502,15.863102948470502,71,24
Wanzhou,CN,30.76451,108.39586,1545900,0.07574663445698164,0.0686881409288709,5.684341886080804e-14,0.8416,1.249000902703301e-16,1.249000902703301e-16,1.249000902703301e-16,True,False,sub-material increase,8.416,0.8415999999999999,1.2490009027033011e-17,0.0023313024247865544,4.050490214034717,False,48.128448360678675,0.001962024120700364,980.0522639653781,200,5
Changwon,KR,35.22806,128.68111,1025702,0.07470001369052473,0.2072810476453046,1.6327153429465395,0.376,0.0008700584934065,0.0001483121294334,0.0016925404970798,True,False,sub-material increase,3.76,0.37599999999999995,8.700584934065e-05,0.0023016933907838333,4.099147654870657,False,109.0198844380494,0.0008654367149347212,6.908779725169293,74,1
Pingdingshan,CN,33.73091,113.31554,979130,0.07361188949280463,0.0720692848428089,0.1525902189670205,0.2273,0.0003472585029559,-0.0003447612982385,0.0003472585029559,False,False,sub-material increase,2.273,0.2273,3.472585029559e-05,0.0022708328679628548,4.151125236394713,False,182.6275950899566,0.0005161603108879569,551.2254817717252,100,5
Maracaibo,VE,10.64232,-71.61089,1752602,0.07177900916227815,0.09229294999185,6.042572671091818,1.3193,0.0029827278373295,0.0011005920738077,0.0051091500449268,True,False,sub-material increase,13.193,1.3193,0.00029827278373295,0.0022186718740984596,4.242050025962592,True,32.15379387525652,0.0029270938034980975,0.49580925256141384,34,6
Ludhiana,IN,30.91204,75.85379,1618879,0.07158549769298282,0.2378727929457269,10.421911955443704,-7.7419,-0.0153533212038833,-0.0237705878345954,-0.0066860327121801,True,True,material decrease,-77.419,-7.741899999999999,-0.00153533212038833,0.002213151773293925,4.251906706054429,True,,-0.017133999713664236,1003.3049650644491,351,2
Haiphong,VN,20.86481,106.68345,2625200,0.07056996758035017,0.0714270100110461,4.53192950331885,0.3986,0.0008755768894566,-3.366235461207609e-05,0.0019457533547552,False,False,sub-material increase,3.986,0.39859999999999995,8.755768894566e-05,0.002184141913626748,4.304471039611593,True,107.98974008057182,0.0008705989667716217,2.5877902915309345,73,25
Jabalpur,IN,23.16697,79.95006,1081677,0.06961290146172097,0.1361818,2.2583352407111192,1.6226,0.0035819517574923,0.0010560839536029,0.0050311073545877,True,False,sub-material increase,16.226,1.6225999999999998,0.00035819517574923,0.002156739282212997,4.3553344172299076,False,26.84170107993287,0.0034995251593188084,665.5472025327381,29,2
Bhopal,IN,23.25469,77.40289,1798218,0.06836741619474151,0.0656964099919073,5.684341886080804e-14,1.675,1.1102230246251563e-16,1.1102230246251563e-16,1.1102230246251563e-16,True,False,sub-material increase,16.75,1.675,1.1102230246251563e-17,0.0021209873094999642,4.423536338323236,False,26.409172169093942,0.0035526537434124403,469.21167706231944,202,2
Dalian,CN,38.91222,121.60222,4913879,0.0675900577208251,0.0876957999990944,16.18982223239493,1.3534,0.002896224481439,0.0010760466035981,0.0049673568670224,True,False,sub-material increase,13.533999999999999,1.3533999999999997,0.0002896224481439,0.002098620672543417,4.46730397405922,True,33.00800926599099,0.00284027321822026,2.097084195587912,36,5
Bahawalpur,PK,29.39779,71.6752,903795,0.06676634589566421,0.1190218000000238,22.384985122453656,-0.1318,-0.0002729492771905,-0.0012489901208316,0.0006687955105099,False,False,sub-material decrease,-1.318,-0.1318,-2.729492771905e-05,0.002074876411681778,4.514728041222243,True,,-0.00027346871105965833,665.9705025914461,303,2
Goyang-si,KR,37.65639,126.835,1061752,0.06492128634475759,0.1293693534595363,0.4425116350042231,0.6391,0.0009003048747226,0.0004644921017719,0.0009003048747226,True,False,sub-material increase,6.391,0.6390999999999999,9.003048747226e-05,0.0020215268803725163,4.625056215831292,False,72.36827125381463,0.0012919578292460748,7.319332468093911,46,1
Hyderabad,PK,25.39689,68.37718,1921275,0.06169798016563883,0.1405366,9.781033035782457,0.6834,0.0013306612472312,0.0003534559071621,0.0024121508614403,True,False,sub-material increase,6.834,0.6833999999999999,0.00013306612472312,0.0019277816023236716,4.832616524834294,True,70.71431847869907,0.001317445947027997,134.0437269130351,63,23
Vijayawada,IN,16.50745,80.6466,1143232,0.06046931500298672,0.06847776,5.859464408331462,2.3443,0.0045902708923863,0.0016284815563342,0.0078356205976431,True,False,sub-material increase,23.443,2.3443,0.00045902708923863,0.0018918654723036746,4.917176602634963,True,20.97503136388245,0.004435100226721504,59.307734061876786,21,2
Vienna,AT,48.20849,16.37208,1691468,0.059810513091459086,0.0797164551533543,11.062790875104952,-0.538,-0.0009995313420966,-0.0018493210557953,-0.0002742804008959,True,False,sub-material decrease,-5.380000000000001,-0.538,-9.995313420966001e-05,0.00187256607998601,4.963852494969962,True,,-0.0010074405510324734,341.4981118222955,320,75
Trujillo,PE,-8.11599,-79.02998,919899,0.05737262951288018,0.6669608730816291,18.76859693293665,-0.166,-0.0002982185846655,-0.0005774184386381,-3.3486568258275434e-05,True,False,sub-material decrease,-1.6600000000000001,-0.16599999999999998,-2.9821858466549998e-05,0.0018008976628254105,5.145249611024462,True,,-0.0002989490120290181,7.293542108476252,304,72
Chongqing,CN,29.56026,106.55771,7457599,0.05270235090401166,0.1132862,42.42008087281607,0.585,0.0009810779997386,0.0001384336500808,0.0018902126279857,True,False,sub-material increase,5.85,0.585,9.810779997386e-05,0.0016624962766696293,5.536076134753555,True,94.63378008125737,0.0009725603218517331,868.2834947802903,70,5
Busan,KR,35.10168,129.03004,3285147,0.05245158558273667,0.1661660969867312,28.53437094682232,0.139,0.0002305254564494,-2.961295205615027e-05,0.0005285626858169,False,False,sub-material increase,1.3900000000000001,0.139,2.305254564494e-05,0.0016550238778613646,5.558879736872861,True,399.9194055304216,0.0002300483190227297,0.811974975748829,74,1
Lima,PE,-12.04318,-77.02824,7737002,0.05130402893254097,0.5729318000000077,8.041504539559014,-0.2668,-0.0004307030093199,-0.0008481933934658,-7.231655320688636e-05,True,False,sub-material decrease,-2.6679999999999997,-0.2667999999999999,-4.307030093199e-05,0.0016207751207427382,5.665856220048965,True,,-0.0004324228022141624,8.338886876920188,310,74
Jinjiang,CN,24.81978,118.57415,1416151,0.05062822594008854,0.071012860000007,10.009918364232874,-0.1389,-0.0002218569216648,-0.0006651719334536,0.0001878833103089,False,False,sub-material decrease,-1.389,-0.1389,-2.218569216648e-05,0.0016005647889856547,5.730944821936943,True,,-0.00022231844919010741,4.433820347710244,300,8
Salé,MA,34.0531,-6.79846,972299,0.050385890023949984,0.0743428500016187,23.20897230487526,-1.5122,-0.0023555736187819,-0.0038641278465221,-0.0009695452317892,True,False,sub-material decrease,-15.122,-1.5121999999999998,-0.00023555736187819,0.0015933101652777987,5.754676429691842,True,,-0.002409403631933087,2.6435092208753797,324,59
Tianshui,CN,34.57952,105.74238,1212791,0.04998412828681383,0.2934561000002377,1.3275349050126124,0.562,0.000896197666793,0.0003110550326181,0.0015946017783014,True,False,sub-material increase,5.620000000000001,0.562,8.96197666793e-05,0.001581274316367165,5.794486771844407,False,103.10474682997165,0.0008886761657983469,1144.1922289164165,72,5
Neijiang,CN,29.58354,105.06216,1251095,0.0494244737783714,0.2026418999999999,41.30617227435727,0.9115,0.0014456937895842,0.0004341375853454,0.0025665249670705,True,False,sub-material increase,9.115,0.9115000000000001,0.00014456937895842,0.0015644904491644125,5.850934061454412,True,64.19017072358105,0.001426033044413362,915.4863159698349,60,5
Huainan,CN,32.62639,116.99694,1666826,0.048565813333243696,0.0631583100000002,11.459525444419056,-0.1504,-0.0002308977935756,-0.0006613655522774,0.0001799603731291,False,False,sub-material decrease,-1.504,-0.15039999999999998,-2.308977935756e-05,0.0015386989311138568,5.939860523949678,True,,-0.00023142031923952403,247.19976032888403,301,5
Daegu,KR,35.87028,128.59111,2365523,0.04668399793342554,0.212614409616326,2.532997634851654,0.1467,0.000217891965716,-4.738158337195125e-05,0.0005185310712878,False,False,sub-material increase,1.467,0.1467,2.1789196571600002e-05,0.0014820032556035697,6.145213336915423,False,418.8966146499948,0.00021740987759704368,72.98900031974135,109,1
Bekasi,ID,-6.2349,106.9896,2564940,0.04639034089157938,0.2359025999999658,0.793469138628268,0.2499,0.0003695291061639,-1.5281822307495295e-05,0.0008120990981101,False,False,sub-material increase,2.499,0.2499,3.695291061639e-05,0.0014731346295459634,6.178632353194412,False,247.24419180449829,0.00036813634392353627,17.295904322981052,71,24
Sadr City,IQ,33.3889,44.4583,1211849,0.0459556637075838,0.08109344,14.05355916685744,-0.8459,-0.0012193354934096,-0.0022528382921374,-0.0003308124415848,True,False,sub-material decrease,-8.459,-0.8459,-0.00012193354934096001,0.0014599965646699498,6.22881595818619,True,,-0.0012350110940543104,491.07845561578824,296,57
Al Mawşil al Jadīdah,IQ,36.33271,43.10555,2065597,0.04500623284822583,0.1837698,22.247653925383418,-1.2638,-0.001774579880605,-0.0031202558218043,-0.0004885908602784,True,False,sub-material decrease,-12.638,-1.2637999999999998,-0.00017745798806050001,0.0014312563727061358,6.341501425193809,True,,-0.0018088218038260142,546.2645412115232,329,57
Ciudad Guayana,VE,8.35122,-62.64102,978202,0.044604315160460234,0.0609216311130317,24.00244144350347,3.2946,0.004915952855939,0.0017313225857529,0.0086130693844601,True,False,sub-material increase,32.946,3.2945999999999995,0.0004915952855938999,0.001419071848643235,6.390520583176874,True,19.396954359184342,0.004675274112540001,111.20458620887747,18,6
Rohini,IN,28.74322,77.06778,860000,0.04277204552534445,0.2509831,3.7232013427939705,-2.3689,-0.0031157366630228,-0.0055608427013886,-0.0005994433806034,True,False,sub-material decrease,-23.689,-2.3688999999999996,-0.00031157366630228,0.0013633885016425132,6.624583964697711,False,,-0.003229731021540949,830.8999064237792,283,2
Langfang,CN,39.52079,116.71471,868066,0.042075596599572475,0.1032498746941712,10.69657434958424,0.5703,0.0007721279813353,0.0002566857307108,0.0013174704850387,True,False,sub-material increase,5.703,0.5703,7.721279813353e-05,0.001342164517653072,6.718397369172953,True,117.80461808123711,0.000765436424417547,97.38278674963414,76,5
Caracas,VE,10.48801,-66.87919,3000000,0.04193696841377472,0.1730225400287133,0.0152590218967247,1.2007,2.042034761258471e-05,2.042034761258471e-05,2.042034761258471e-05,True,False,sub-material increase,12.007000000000001,1.2007,2.042034761258471e-06,0.001337936027831425,6.737407813732769,False,56.11233292023628,0.0016064597886171921,13.53134292509169,132,6
Narela,IN,28.85267,77.09288,800000,0.041559937877700355,0.2424865001761759,5.142290379186704,-2.3689,-0.0030309944519241,-0.005544488407111,-0.0005864615662208,True,False,sub-material decrease,-23.689,-2.3688999999999996,-0.00030309944519241,0.001326429224395358,6.789691717198986,False,,-0.003142178189670163,842.5948372736583,283,2
Oran,DZ,35.69906,-0.63588,803329,0.0399269411081834,0.35129380212298,32.42542153047992,-0.9452,-0.0011892114031741,-0.0019511476856671,-0.0004825635113866,True,False,sub-material decrease,-9.452,-0.9451999999999999,-0.00011892114031740999,0.001276481590048171,7.026424807522798,True,,-0.001206530398913531,2.3825713674305344,322,77
Incheon,KR,37.45646,126.70515,3015482,0.03621473038319386,0.1299214000302797,21.896696421759373,0.6391,0.0007501877106964,0.0002689295014475,0.0012369028753423,True,False,sub-material increase,6.391,0.6390999999999999,7.501877106964e-05,0.0011622773487593321,7.6355132909912955,True,119.47290394290872,0.000742811453592089,7.101012323889473,46,1
Ankang,CN,32.68,109.01722,870126,0.03606887194532928,0.0616723443335407,23.49889372091252,0.5842,0.0006825083072401,0.0001954378221154,0.0012248434299897,True,False,sub-material increase,5.8420000000000005,0.5842,6.825083072401e-05,0.0011577713504499602,7.661731072081412,True,131.14911112772015,0.0006763700229328668,967.700022628899,82,5
Erzurum,TR,39.90861,41.27694,767848,0.036010884371806745,0.3338670945674483,0.5798428320745188,-0.781,-0.0008920058235072,-0.0017476022308302,-9.38045852690119e-05,True,False,sub-material decrease,-7.8100000000000005,-0.781,-8.920058235072e-05,0.001155979549266285,7.672206918127285,False,,-0.0009028200279769685,139.99943313970593,317,28
Natal,BR,-5.795,-35.20944,896708,0.033879437811882754,0.0874660044554751,26.21499961852448,0.3037,0.0003325867328523,0.0001241945875274,0.0005651338887189,True,False,sub-material increase,3.0370000000000004,0.3037,3.3258673285230003e-05,0.0010899629961309363,8.079344236384557,True,266.0304325447664,0.00033102176192496537,3.385927282411228,102,31
Budapest,HU,47.49835,19.04045,1741041,0.03278393378109828,0.0753313029959833,39.71923399710079,-0.5819,-0.0006089050159503,-0.0010581943835471,-0.0001769050994264,True,False,sub-material decrease,-5.819,-0.5819,-6.089050159503e-05,0.0010559146106489303,8.306812350153097,True,,-0.0006144367119366125,417.96981752283534,313,75
Belgrade,RS,44.80401,20.46513,1273651,0.03271705034237684,0.1254296751815343,41.76394293125816,-1.5542,-0.0015988441037686,-0.0026410700836102,-0.0006020328219734,True,False,sub-material decrease,-15.542,-1.5542,-0.00015988441037686,0.0010538332771437317,8.32113616018183,True,,-0.0016378676793367879,295.06946459349314,326,79
Suwon,KR,37.29111,127.00889,1234582,0.03051409643075647,0.1291057000001796,2.655069810025225,0.6391,0.0006359158262189,0.0002248553384981,0.0011049711007059,True,False,sub-material increase,6.391,0.6390999999999999,6.359158262188999e-05,0.0009851134454473733,8.823709592976588,False,138.06461575616632,0.0006295860029854162,12.496469967354347,46,1
Antipolo,PH,14.62578,121.12251,913712,0.030323246181374098,0.3849308817020014,0.3967345693141624,0.3367,0.0003314198522643,4.701257432291259e-05,0.0003908803154227,True,False,sub-material increase,3.367,0.33669999999999994,3.314198522643e-05,0.0009791447725158496,8.870263404967222,False,263.4470865746131,0.0003296780449060865,17.099947866912323,30,11
Zapopan,MX,20.72111,-103.38742,1476491,0.029397147435245723,0.1116775796298197,25.78774700541697,-1.65,-0.0015278527572131,-0.0026180225730679,-0.0005501823259167,True,False,sub-material decrease,-16.5,-1.65,-0.00015278527572131,0.0009501474067586078,9.103666278747037,True,,-0.0015677432211517028,192.36404833476738,325,64
Xinyang,CN,32.12278,114.06556,1230042,0.028754863381546765,0.05836012,0.686655985351365,-0.1653,-0.0001533313902071,-0.0004598741479754,0.0001338049415957,False,False,sub-material decrease,-1.653,-0.16529999999999997,-1.533313902071e-05,0.0009300031064080631,9.273236440371305,False,,-0.00015372951348925282,521.555222150145,297,5
Rabat,MA,34.01325,-6.83255,1655753,0.028621147036968168,0.0716719748318391,40.05493247882811,-1.5122,-0.0013672601883325,-0.0022683023972634,-0.0005635135417278,True,False,sub-material decrease,-15.122,-1.5121999999999998,-0.00013672601883325,0.0009258058334092387,9.309373170015702,True,,-0.0014000035812814504,3.0863421126778765,324,59
Algiers,DZ,36.73225,3.08746,2364230,0.027465969926421134,0.360220200010265,52.33844510566877,-0.3448,-0.0003050398441828,-0.0005143570435713,-0.0001120205104485,True,False,sub-material decrease,-3.448,-0.34479999999999994,-3.050398441828e-05,0.0008894959610666548,9.63426177075172,True,,-0.0003066982073757825,2.5318003149771924,305,73
Bucheon-si,KR,37.49889,126.78306,850731,0.027318310475398965,0.1299450930209851,3.570611123827007,0.6391,0.000571231348487,0.0002000369447814,0.0009909100519071,True,False,sub-material increase,6.391,0.6390999999999999,5.71231348487e-05,0.0008848482789260169,9.677506953379583,False,151.42398612704716,0.0005655065350616173,12.268016338837047,46,1
Kota,IN,25.18254,75.83907,1001694,0.026377928760844008,0.0572934900065894,26.108186465247627,0.5691,0.000491096082124,-7.974285590479305e-05,0.0011051613465398,False,False,sub-material increase,5.691000000000001,0.5691,4.91096082124e-05,0.0008552150500498907,9.962722071866825,True,175.0610098729015,0.0004867028849833928,439.52968483908415,94,2
Putian,CN,25.43944,119.01028,1539389,0.025818356602224857,0.0725754700111157,1.6937514305333252,-0.1389,-0.0001160814337147,-0.0003430863121956,9.601594607911772e-05,False,False,sub-material decrease,-1.389,-0.1389,-1.160814337147e-05,0.0008375539098506875,10.1409266044756,False,,-0.0001163362380782605,9.506761385672382,293,8
Medan,ID,3.58333,98.66667,2435252,0.02554056320828076,0.1908047019318471,0.1831082627604132,1.2442,0.0001521960233025,0.0001521960233025,0.0001521960233025,True,False,sub-material increase,12.442,1.2442,1.5219602330249999e-05,0.0008287784865481764,10.231888455998279,False,82.236685870425,0.0010311661929632411,21.390082899960998,112,35
Tbilisi,GE,41.69143,44.83412,1049498,0.025422337319182007,0.2589542,43.32036316472119,-0.59,-0.000482262754851,-0.0009315776647431,-6.32724690076167e-05,True,False,sub-material decrease,-5.8999999999999995,-0.59,-4.8226275485100005e-05,0.0008250422014109107,10.271119209394262,True,,-0.00048677489883243734,254.23910820621737,311,28
Zhengzhou,CN,34.75778,113.64861,4253913,0.02496938609247963,0.0933468099999583,1.831082627603621,1.526,0.0012674802393856,0.0003708182977496,0.0015282868465959,True,False,sub-material increase,15.26,1.5259999999999998,0.00012674802393856,0.0008107189978264557,10.42437002298582,False,68.31173016373407,0.001237157190683171,505.8633046726467,65,5
Saitama,JP,35.90807,139.65657,1324854,0.02338951054362959,0.5603807087562043,5.684341886080804e-14,1.5877,4.163336342344337e-17,4.163336342344337e-17,4.163336342344337e-17,True,False,sub-material increase,15.876999999999999,1.5877,4.163336342344337e-18,0.0007606532966272959,10.998391041437122,False,69.27247616953532,0.0012076892390551577,29.956101681835165,1,1
Fes,MA,34.03313,-5.00028,1191905,0.023050461351764893,0.217885838432581,22.09506370641645,-1.5972,-0.0011678201209472,-0.0018875402084058,-0.0004854730630471,True,False,sub-material decrease,-15.972,-1.5972,-0.00011678201209472,0.0007498872815217484,11.130283232407006,True,,-0.0011977199660465365,134.72040668480204,321,59
Sendai,JP,38.26667,140.86667,1096704,0.020852894886534322,0.358443995853743,14.785992217898864,0.1848,0.0001260206090287,-7.861829944299652e-05,0.000362938321055,False,False,sub-material increase,1.8479999999999999,0.1848,1.260206090287e-05,0.0006799211203241363,12.072170617091826,True,653.2559857733673,0.0001256494230359004,12.49914195880178,113,1
Ghāziābād,IN,28.66535,77.43915,1199191,0.020188079663785972,0.2054343120910291,5.188067444876822,-2.3689,-0.0015027174288339,-0.0026870973454081,-0.0002799456369703,True,False,sub-material decrease,-23.689,-2.3688999999999996,-0.00015027174288339,0.0006586913527390443,12.390789725539625,False,,-0.001560373945503522,842.9865324204017,283,2
Yibin,CN,28.7593,104.63994,836340,0.019867774914031234,0.2324686612517436,67.002365148394,0.7861,0.0005162069294723,0.0001457609461879,0.0009278182293975,True,False,sub-material increase,7.861000000000001,0.7861000000000001,5.1620692947229996e-05,0.0006484524462520877,12.550635988035989,True,159.65699005261402,0.0005097484679987662,850.0314460319014,89,5
Dongying,CN,37.46271,118.49165,998968,0.01945046612587861,0.0850820200001394,1.1596856641489808,2.0596,0.0007503506881893,0.0004929263375389,0.0007503506881893,True,False,sub-material increase,20.596,2.0596,7.503506881893001e-05,0.0006351024449290432,12.765448200174685,False,61.980230142623256,0.0013080569955758574,41.090568567323984,78,5
Linyi,CN,35.06306,118.34278,2743843,0.019352023834308053,0.0818507500000001,0.5951018539711868,0.8114,0.0003796795217104,0.0001432454484555,0.0003796795217104,True,False,sub-material increase,8.114,0.8114,3.7967952171039996e-05,0.0006319515161605535,12.817242712918333,False,157.96453922748748,0.0005127654602126731,77.71431336179329,98,5
Accra,GH,5.55602,-0.1969,1963264,0.01899036920626472,0.0840799599994307,11.53582055390251,5.4265,0.0036759540436972,0.001421571951441,0.0065256269737419,True,False,sub-material increase,54.265,5.426499999999999,0.00036759540436971997,0.00062037017828636,13.011339396028681,False,23.97740605552139,0.003366438772470932,11.697926397713383,28,10
Liupanshui,CN,26.59444,104.83333,1320825,0.0187493752155183,0.1616298438553274,0.9918364232852924,0.0844,5.1777484746426405e-05,-0.0001855291584751,0.0003010308450114,False,False,sub-material increase,0.8440000000000001,0.0844,5.17774847464264e-06,0.0006126479436133821,13.14411309939715,False,1557.3593719664868,5.170748644096945e-05,635.3098951453571,122,5
South Tangerang,ID,-6.28862,106.71789,1404785,0.01770296815637054,0.2550163,1.2359807736324342,0.2499,0.0001452925843284,-5.66335235179672e-06,0.0003115024032867,False,False,sub-material increase,2.499,0.2499,1.452925843284e-05,0.000579072783391675,13.75494402653413,False,550.4179282326583,0.0001447102885695796,21.760221773268544,71,24
Xi’an,CN,34.25833,108.92861,9600000,0.01689264532886208,0.1007263999999999,8.6366063935302,0.4515,0.0002515117993584,7.72506997488152e-05,0.0004475284629426,True,False,sub-material increase,4.515000000000001,0.4515,2.515117993584e-05,0.0005530225526264234,14.270222747039101,False,316.06251931426584,0.0002496896825108302,910.0009182580424,52,5
San Jose,US,37.33939,-121.89496,997368,0.01649498840850174,0.5581442998560356,1.2207217517357662,0.9056,0.000496426350033,4.1933674113270494e-05,0.0006725883656629,True,False,sub-material increase,9.056,0.9055999999999998,4.96426350033e-05,0.0005402226954046411,14.538100815857852,False,160.53556554613354,0.0004892256729584429,17.783360745851873,93,30
Baotou,CN,40.6516,109.84389,2150000,0.016489428415869072,0.1640915259445369,6.62241550316628,-1.46,-0.0007702065404044,-0.0012794852015627,-0.000306123870599,True,False,sub-material decrease,-14.6,-1.4599999999999997,-7.702065404044e-05,0.0005400436546406872,14.5419205645109,False,,-0.0007884637357754032,692.5093844356404,316,5
Managua,NI,12.13282,-86.2504,973087,0.015704353064535312,0.6997626999999993,0.5951018539711868,0.5376,0.0002791380982256,-2.0822950800446715e-05,0.0003092822223204,False,False,sub-material increase,5.3759999999999994,0.5376,2.7913809822560002e-05,0.0005147422877666791,15.103120958445961,False,280.93602973299784,0.0002767254539033667,45.297494272722446,105,32
Gazipur,BD,23.99844,90.42234,2674697,0.014716108937484904,0.1960511,1.6174563210498718,0.0607,2.933684224548129e-05,-0.0004664023227612,0.0005103280681219,False,False,sub-material increase,0.607,0.0607,2.933684224548129e-06,0.00048283485100499197,15.877287984198292,False,2615.698185205649,2.9308075456003013e-05,46.52544502555818,92,2
Vadodara,IN,22.29941,73.20812,1822221,0.014051098119062844,0.0722415566693286,8.30090791180288,1.6367,0.0007753986476834,0.0002025649499052,0.0014310177372404,True,False,sub-material increase,16.367,1.6367,7.753986476834e-05,0.0004613270365316868,16.44667879510244,False,100.48682590030208,0.0007550539606914117,29.78847940701391,75,2
Kampung Baru Subang,MY,3.15,101.53333,833571,0.01373505158462972,0.0515035017817863,5.684341886080804e-14,0.8591,2.4286128663675302e-17,2.4286128663675302e-17,2.4286128663675302e-17,True,False,sub-material increase,8.591,0.8590999999999999,2.42861286636753e-18,0.0004510951180884895,16.73251849442162,False,194.76799551183356,0.00038753581594982127,20.40473050758888,123,37
Qujing,CN,25.48333,103.78333,1408500,0.01349855968589292,0.1917821182272825,5.684341886080804e-14,-0.1679,-7.425047756744359e-05,-0.0002780649257559,2.4286128663675302e-17,False,False,sub-material decrease,-1.6789999999999998,-0.1679,-7.425047756744359e-06,0.00044343440745756696,16.95329428484698,False,,-7.445263701212549e-05,575.7823431986553,291,5
Beijing,CN,39.9075,116.39723,18960744,0.013375198859327296,0.1370146489373686,5.218585488670215,0.5703,0.0002529408037319,8.536362684613057e-05,0.0004465976104572,True,False,sub-material increase,5.703,0.5703,2.529408037319e-05,0.0004394368870628649,17.07089194012865,False,299.33178923599246,0.0002506108566919519,143.6106439461746,107,5
Anyang,CN,36.096,114.38278,1146839,0.012770191200503446,0.0894178111152896,5.004959182116465,2.7657,0.0012147377205101,0.0004180393231679,0.0021176154165551,True,False,sub-material increase,27.656999999999996,2.7657,0.00012147377205100999,0.0004198168767929608,17.67326244117378,False,63.90158889674867,0.0011610875361462917,389.1671073528794,66,5
Yinchuan,CN,38.46806,106.27306,1487579,0.01218976971649314,0.1974322000193669,13.992523079270654,-1.7919,-0.0006979767837894,-0.0011318619419471,-0.0002857498733156,True,False,sub-material decrease,-17.919,-1.7919,-6.979767837894e-05,0.0004009712683840419,18.294573543468747,False,,-0.0007185004158173647,979.7047562058626,315,5
Bogotá,CO,4.60971,-74.08175,7674366,0.011446037560436282,0.2128795999903159,0.8545052262150534,0.3176,0.0001202890283737,8.971757932850203e-07,0.0002612947540153,False,False,sub-material increase,3.176,0.3176,1.202890283737e-05,0.0003767903586272254,19.161068816367603,False,603.3082121022545,0.00011966861790000679,335.91179580190214,114,26
Barquisimeto,VE,10.0647,-69.35703,1240714,0.011279064354055313,0.4172064835994755,19.62310215915164,1.5713,0.0005986854645656,0.0002231788041404,0.0010451086370402,True,False,sub-material increase,15.713,1.5713,5.9868546456560005e-05,0.0003713565071430347,19.36759675695328,True,123.2584277792483,0.0005835124796738503,134.33903439344377,85,6
Maoming,CN,21.66625,110.91364,1307802,0.010676190802561011,0.0668608739610053,11.230640115968583,-0.0184,-6.469737210338181e-06,-0.0001312136000971,0.0001279543872335,False,False,sub-material decrease,-0.184,-0.0184,-6.469737210338181e-07,0.0003517215847585272,20.153936272528092,False,,-6.4716771595569e-06,18.24871947576607,276,8
Panjin,CN,41.121,122.0739,1166481,0.009941902165521575,0.1240245000000066,0.9460593575952316,1.571,0.0003149296385248,0.0002065743309335,0.0003149296385248,True,False,sub-material increase,15.709999999999999,1.5709999999999997,3.149296385248e-05,0.0003277739228701973,21.207704505052803,False,134.99493637843926,0.0005149328328290799,22.182548288641573,104,5
Jieyang,CN,23.5418,116.36581,1899394,0.009864262612354041,0.0664599161984411,5.684341886080804e-14,0.0714,1.7347234759768068e-17,-9.94749100220133e-05,1.7347234759768068e-17,False,False,sub-material increase,0.7140000000000001,0.0714,1.7347234759768067e-18,0.00032523973255110296,21.32597154373397,False,2986.830748422125,2.322211690414875e-05,21.10861264207552,154,8
Changzhou,CN,31.77359,119.95401,3290918,0.009381465847721338,0.055045040004099,5.684341886080804e-14,0.0957,1.5612511283791264e-17,-8.584803131571893e-05,1.5612511283791264e-17,False,False,sub-material increase,0.957,0.0957,1.5612511283791264e-18,0.00030947201641077024,22.093910400163043,False,2308.663573684749,2.961647197051071e-05,20.263042692707568,206,5
Shiyan,CN,32.6475,110.77806,3460000,0.008346935387935921,0.0575011800151797,5.684341886080804e-14,0.5956,1.3877787807814457e-17,1.3877787807814457e-17,1.3877787807814457e-17,True,False,sub-material increase,5.956,0.5956,1.3877787807814458e-18,0.00027563289311693267,23.95505889659491,False,402.2004515882288,0.0001641669511404451,811.5756389201514,207,5
Zigong,CN,29.34162,104.77689,1262064,0.007921898341212144,0.209717,0.9918364232852924,0.9115,0.0002421462513756,7.48659079897334e-05,0.000263836947325,True,False,sub-material increase,9.115,0.9115000000000001,2.421462513756e-05,0.00026170942420052534,24.82052452704221,False,272.3041637634911,0.00023854814015877886,902.0805122510632,60,5
Bhubaneswar,IN,20.27241,85.83385,885363,0.007666398099450471,0.0658473024412692,13.229571984435836,1.3414,0.0003474043925275,7.139984301811629e-05,0.0006828435154962,True,False,sub-material increase,13.414,1.3414,3.474043925275e-05,0.0002533338938397194,25.373750817794427,False,189.15872087218153,0.0003398220851965996,36.22707930557314,99,2
Multan,PK,30.19679,71.47824,2169915,0.007591485846748322,0.1521000982379538,22.41550316624705,0.1093,2.747009937493442e-05,-4.53495615671783e-05,0.0001070450825594,False,False,sub-material increase,1.093,0.1093,2.747009937493442e-06,0.0002508773778065852,25.5409999219007,False,2336.779498801528,2.742089739425976e-05,711.8149974576893,127,2
Mysuru,IN,12.29791,76.63925,920550,0.007556444717322037,0.0643349354158487,3.189135576409569,2.2097,0.0005723038697131,0.0002009788193956,0.00083953289685,True,False,sub-material increase,22.097,2.2096999999999998,5.7230386971309996e-05,0.0002497281838565179,25.620046440412718,False,115.94355089112874,0.0005518243678677476,138.02224409109976,86,14
Karbala,IQ,32.61603,44.02488,1218732,0.007452212232333978,0.1316135122730927,3.93682764934772,-0.5238,-0.0001279146362438,-0.0002407945510793,-3.165225261132366e-05,True,False,sub-material decrease,-5.238,-0.5238,-1.279146362438e-05,0.0002463093362804351,25.858308187144008,False,,-0.00012901683034369192,464.32125082761866,295,57
Taichung,TW,24.1469,120.6839,2850285,0.007423328168232321,0.5903575,2.3651483939879654,0.0511,1.254850314375e-05,-2.823964905314729e-05,5.458721124056537e-05,False,False,sub-material increase,0.511,0.0511,1.2548503143750001e-06,0.00024536180482573035,25.92517697922344,False,5073.420152489911,1.2537988226594822e-05,21.470808951212064,137,8
İzmir,TR,38.41273,27.13838,2938292,0.007263523014183003,0.7108020999973488,90.42496375982302,-1.1472,-0.0002703422480119,-0.0004684167380123,-9.227558934960866e-05,True,False,sub-material decrease,-11.472,-1.1471999999999998,-2.7034224801189998e-05,0.00024011844944526106,26.301953415313207,True,,-0.00027546388520360344,2.3178310335841,302,28
Pimpri-Chinchwad,IN,18.61867,73.80375,1727692,0.007076883636339587,0.1354138,5.645838101777713,2.5294,0.0006171175405221,0.0002232672410458,0.0010910841725212,True,False,sub-material increase,25.293999999999997,2.5293999999999994,6.171175405221e-05,0.00023399248509943196,26.75718918870142,False,105.78472834941657,0.0005918605918105031,84.7809934248567,83,2
San Pedro Sula,HN,15.50585,-88.02588,801259,0.006673964150721587,0.3644254999999999,14.0993362325475,-0.041,-9.045056744078246e-06,-3.6048466342922894e-05,1.6166682733552284e-05,False,False,sub-material decrease,-0.41000000000000003,-0.041,-9.045056744078246e-07,0.00022075976436277447,27.8003803609516,False,,-9.051150338873754e-06,23.359242959819955,277,32
Kennedy,CO,4.6165,-74.14597,979914,0.0065936056848633524,0.209905099994845,3.4943160143434966,0.3176,6.96374397448048e-05,1.914682824359031e-06,0.0001531480798861,False,False,sub-material increase,3.176,0.3176,6.963743974480481e-06,0.00021811933062956517,28.019052850068665,False,882.2119915009026,6.927469940794989e-05,329.15651907751135,114,26
Sialkot,PK,32.49268,74.53134,911817,0.006573524843004508,0.2226351088871861,6.042572671091818,-3.8148,-0.0007796467880671,-0.0012732168507318,-0.0003230324885508,True,False,sub-material decrease,-38.147999999999996,-3.8147999999999995,-7.796467880671001e-05,0.00021745944335095892,28.07427974407241,False,,-0.000829564284495238,1097.76763277686,288,2
Taizhou,CN,32.49069,119.90812,1607108,0.006028723460362595,0.0583105917944863,6.042572671091818,0.1582,3.165049655297781e-05,-1.3803285001313947e-05,8.166913538271398e-05,False,False,sub-material increase,1.582,0.1582,3.1650496552977808e-06,0.00019954618586157558,29.668427690851885,False,1875.3746960083365,3.156820660330126e-05,21.407592189123765,126,5
Adana,TR,36.98615,35.32531,1816750,0.0056747011359794715,0.244605180957939,12.268253604943936,-3.1756,-0.0005665372238081,-0.0009055858770178,-0.0002289927560383,True,False,sub-material decrease,-31.756,-3.1755999999999998,-5.665372238081e-05,0.00018789521346979297,30.814958143992868,False,,-0.0005966800398946745,37.060671095516014,312,28
Abū Ghurayb,IQ,33.30563,44.18477,900000,0.005514152200465893,0.0786549269613512,20.73701075761045,-0.8459,-0.0001523367858627,-0.0002689665148605,-4.045294125252053e-05,True,False,sub-material decrease,-8.459,-0.8459,-1.5233678586269998e-05,0.00018260875265500048,31.3676000761194,False,,-0.00015446874387086492,502.2576684144824,296,57
Baoji,CN,34.36775,107.23705,1437802,0.005361293052894392,0.2637275969052465,69.19966430151828,0.4814,8.616546833398013e-05,2.737423294727152e-05,0.000149496377631,True,False,sub-material increase,4.814,0.4814,8.616546833398013e-06,0.0001775739013368561,31.914429544178155,True,662.9503436680133,8.548407610356252e-05,1034.7345592752822,117,5
Jiaozuo,CN,35.23925,113.23914,865413,0.005330301564095408,0.0894723600000021,4.974441138323073,2.4451,0.0004495476012168,0.0001540478204035,0.0008058822757498,True,False,sub-material increase,24.451,2.4451,4.495476012168e-05,0.00017655291866272934,32.02786835618673,False,130.9879692290161,0.00043168954142223953,529.6896070910154,95,5
Malatya,TR,38.35018,38.31667,750491,0.005212479887680773,0.2950226995043289,0.8850232700084462,-1.8667,-0.0003126091903371,-0.0005327654926493,-0.0001068075362519,True,False,sub-material decrease,-18.667,-1.8667,-3.126091903371e-05,0.00017267082103867318,32.46737753844683,False,,-0.00032232462163289124,253.4028862402439,306,28
Sofia,BG,42.69751,23.32415,1152556,0.0041603511250150535,0.2816335999999533,12.61921110856798,-2.487,-0.0003294000406889,-0.0005440296769141,-0.0001328204251581,True,False,sub-material decrease,-24.87,-2.487,-3.294000406889e-05,0.0001379633186976036,37.08525361009385,False,,-0.0003431147736009402,214.77354339579594,307,70
Pimpri,IN,18.62292,73.80696,1284606,0.004105784759444252,0.1354138,5.645838101777713,2.5294,0.000359197196582,0.0001274083604583,0.0006371388735635,True,False,sub-material increase,25.293999999999997,2.5293999999999994,3.5919719658199996e-05,0.00013616127878874715,37.365767684943556,False,147.7258151535683,0.00034440633856825694,85.2049779102729,83,2
Najafgarh,IN,28.60922,76.97982,1365000,0.0038349397902830385,0.2602816118756782,3.7079423208972457,-6.5892,-0.0007532157173897,-0.0011857467973317,-0.0003209768532652,True,False,sub-material decrease,-65.892,-6.589199999999999,-7.532157173896999e-05,0.0001272137598020285,38.832815288434865,False,,-0.000838236906087526,813.7089142967565,283,2
Anshun,CN,26.25,105.93333,765313,0.003833614644064313,0.101610587258357,0.1831082627604132,-0.2598,-3.289734126340777e-05,-8.37086298092159e-05,1.622475776468685e-05,False,False,sub-material decrease,-2.598,-0.2598,-3.289734126340777e-06,0.00012716997082607678,38.84031692708031,False,,-3.303875842061475e-05,543.8752760816359,286,5
Bursa,TR,40.19559,29.06013,3101833,0.0035514111433837324,0.4104262999848779,2.1362630655375483,-1.8334,-0.0002096325866145,-0.0003562723065775,-7.945096041619885e-05,True,False,sub-material decrease,-18.334,-1.8334,-2.096325866145e-05,0.00011784199412173693,40.517477262443336,False,,-0.00021605151202279247,18.907002207839582,299,28
Kayseri,TR,38.73222,35.48528,1452458,0.0031482191456256503,0.1602327415417343,0.671396963454697,-3.4303,-0.0003388840098605,-0.0005384482264562,-0.0001406184876456,True,False,sub-material decrease,-34.303,-3.4302999999999995,-3.388840098605e-05,0.00010450565179916433,43.229177714082056,False,,-0.00035848573736667333,206.22774491313965,308,28
Khulna,BD,22.80979,89.56439,1500689,0.003025386558015194,0.1785707941310001,4.364080262455218,0.6085,6.173769196178179e-05,-3.6399457566724814e-05,0.0001682660431178,False,False,sub-material increase,6.085000000000001,0.6085,6.173769196178179e-06,0.00010044057868651953,44.142413897403856,False,725.4299736631693,6.111809213074714e-05,53.06676763173957,119,2
Chaozhou,CN,23.65396,116.62262,1750945,0.0028142120884351116,0.0802770209793662,0.7171740291447577,-0.022,-2.0551410850402907e-06,-4.102121911110196e-05,3.375605471594736e-05,False,False,sub-material decrease,-0.21999999999999997,-0.021999999999999995,-2.0551410850402906e-07,9.344953354858871e-05,45.824366137459506,False,,-2.0558897380689514e-06,25.946520627101503,154,8
Heze,CN,35.23929,115.47358,1346717,0.0026021367727783605,0.1273150867469405,0.2594033722438666,0.9261,2.251571264893885e-05,1.4880687693274455e-05,2.251571264893885e-05,True,False,sub-material increase,9.261000000000001,0.9261,2.251571264893885e-06,8.642567637790404e-05,47.675979895356285,False,514.8037997554939,8.003881889357694e-05,339.29850504857495,131,5
Jinzhong,CN,37.68403,112.75471,1226617,0.0025700084532017174,0.1660062000160998,19.43999389639129,0.6424,5.542377266519764e-05,1.0828303741720153e-05,0.0001059204786682,True,False,sub-material increase,6.4239999999999995,0.6423999999999999,5.542377266519764e-06,8.53613368747479e-05,47.97239849155867,False,746.7683451363431,5.483612280833804e-05,431.4537574610099,79,5
Cochabamba,BO,-17.38195,-66.15995,841276,0.0024375299502243427,0.2752713000102564,0.0152590218967247,-1.3577,-0.0001074989858086,-0.0001804165887303,-4.060396653719591e-05,True,False,sub-material decrease,-13.576999999999998,-1.3576999999999997,-1.074989858086e-05,8.09718936522712e-05,49.24349301168837,False,,-0.00010993554001168857,454.06383453729904,292,51
Bengaluru,IN,12.97194,77.59369,8495492,0.002341144117784493,0.1020980081948443,4.119935912108076,2.6353,0.0002141837252329,7.655866955664931e-05,0.0003433422367366,True,False,sub-material increase,26.353,2.6353000000000004,2.141837252329e-05,7.777758329474173e-05,50.22141203649714,False,190.57189707622337,0.00020496726525663292,263.3575951550235,110,14
Chengdu,CN,30.66667,104.06667,13568357,0.002324618149889408,0.2469592000001928,8.361943999389666,0.495,3.854409003034229e-05,9.608372054199508e-06,7.144820214034363e-05,True,False,sub-material increase,4.95,0.495,3.854409003034229e-06,7.72298362015422e-05,50.3938985160515,False,1018.0585558798284,3.822876891976339e-05,1064.5134287499916,124,5
Shivaji Nagar,IN,18.53017,73.85263,1000000,0.002312920031486052,0.1458257,0.2899214160372594,2.5294,2.238555473123944e-05,2.238555473123944e-05,2.238555473123944e-05,True,False,sub-material increase,25.293999999999997,2.5293999999999994,2.238555473123944e-06,7.684209539938629e-05,50.516878802361475,False,199.7188218643215,0.00019436439610320762,87.23132241337882,83,2
Los Angeles,US,34.05223,-118.24368,3820914,0.0021991142102822567,0.4290697,27.450980392156907,-0.0272,-1.986593470939321e-06,-2.124800784483157e-05,1.7076949560803635e-05,False,False,sub-material decrease,-0.27199999999999996,-0.027199999999999995,-1.986593470939321e-07,7.306946096218063e-05,51.753192015783355,False,,-1.987489338171313e-06,21.770203780158184,269,66
Pune,IN,18.51957,73.85535,3124458,0.0020534839194700965,0.1458257,0.1678492408636884,2.5294,1.1486070368725823e-05,1.1486070368725823e-05,1.1486070368725823e-05,True,False,sub-material increase,25.293999999999997,2.5293999999999994,1.1486070368725824e-06,6.824059520464372e-05,53.450061186697724,False,211.31517825056432,0.0001726077615106258,87.12687933483328,83,2
Milan,IT,45.46427,9.18951,1371498,0.0020290022551299907,0.0906286899990103,10.055695429922991,-1.7761,-0.0001163008848194,-0.0001946314980619,-4.3637031731898985e-05,True,False,sub-material decrease,-17.761,-1.7760999999999998,-1.163008848194e-05,6.742868398578966e-05,53.74916783483048,False,,-0.00011976008562716099,118.65811650148821,294,71
Luoyang,CN,34.67345,112.43684,1390581,0.0019496602288644686,0.09239673,10.86442359044787,1.4284,9.478375575265922e-05,2.8451380527695077e-05,0.000172501886557,True,False,sub-material increase,14.283999999999999,1.4284,9.478375575265922e-06,6.479710649341987e-05,54.74828220759742,False,383.28396952952556,9.255618691520094e-05,616.9769838396239,115,5
Gurugram,IN,28.4601,77.02635,886519,0.0018697660882393188,0.245183804485506,5.706874189364498,-2.3689,-0.0001415826789553,-0.000271382421135,-2.7497169690217415e-05,True,False,sub-material decrease,-23.689,-2.3688999999999996,-1.4158267895530001e-05,6.214679309838582e-05,55.80331602691677,False,,-0.00014721953817076614,801.9513401942768,283,2
Medellín,CO,6.245,-75.57151,1999979,0.001688399230008528,0.1971214240095512,0.0152590218967247,0.5965,8.566869730858729e-07,8.566869730858729e-07,8.566869730858729e-07,True,False,sub-material increase,5.965,0.5965,8.56686973085873e-08,5.6128766317019533e-05,58.404906054764844,False,979.1266731729228,3.348080910810215e-05,192.08227692961106,150,26
Depok,ID,-6.4,106.81861,2145400,0.0016635305155515037,0.2647448,11.779964904249653,0.2499,1.387779415677878e-05,-6.751747451740191e-07,3.0709690838986406e-05,False,False,sub-material increase,2.499,0.2499,1.387779415677878e-06,5.5303413953118584e-05,58.78654446162275,False,2352.4027395607345,1.3820323146884334e-05,33.02210438613376,71,24
Yerevan,AM,40.17765,44.5126,1144700,0.001472756759294082,0.2668403281842528,13.778896772716903,-0.2119,-1.0340446264539603e-05,-2.9803519389473283e-05,8.19946965215963e-06,False,False,sub-material decrease,-2.119,-0.2119,-1.0340446264539604e-06,4.897057196917379e-05,61.94908380493742,False,,-1.0376864200267927e-05,289.889748718652,278,28
Petaling Jaya,MY,3.10726,101.60671,807879,0.0013851567847111652,0.0509691800000053,18.142977035172063,0.8591,4.014157512375032e-05,1.319430191007989e-05,7.036400848204903e-05,True,False,sub-material increase,8.591,0.8590999999999999,4.014157512375032e-06,4.6061829575584705e-05,63.56040487199154,False,739.8487355603719,3.957171778838481e-05,27.05673898641926,123,37
Datong,CN,40.09361,113.29139,1850000,0.0013707668878951834,0.2004275999999999,4.1809719996948616,-0.7504,-3.378351124176497e-05,-5.7123486451394006e-05,-1.2431503136114845e-05,True,False,sub-material decrease,-7.504,-0.7504,-3.378351124176497e-06,4.5583966604939983e-05,63.836024009759186,False,,-3.420620854034696e-05,394.3964980984243,287,5
Baoshan,CN,25.11626,99.16366,935618,0.0013213182569047017,0.199426,1.2817578393225515,0.4075,1.8027984983073723e-05,-5.613866501711013e-06,4.415809875403149e-05,False,False,sub-material increase,4.074999999999999,0.4074999999999999,1.8027984983073723e-06,4.394176008645678e-05,64.80844751688882,False,1590.3913501077013,1.7906267235231134e-05,796.5211980068258,133,38
Guatemala City,GT,14.64072,-90.51327,994938,0.001257323090425434,0.7158972990198481,28.61066605630583,-0.2942,-1.2242415083635633e-05,-3.765156383778279e-05,1.1850376584762966e-05,False,False,sub-material decrease,-2.942,-0.2942,-1.2242415083635633e-06,4.1816216228088177e-05,66.1290384645806,False,,-1.2302330814303543e-05,81.00143358576288,279,32
Blantyre,MW,-15.78499,35.00854,902588,0.0011691096561136003,0.1351129930442335,4.104676890211351,0.1713,6.680133844755168e-06,-1.5906286748168853e-05,3.1573808699378185e-05,False,False,sub-material increase,1.713,0.17129999999999998,6.680133844755168e-07,3.8885836529561886e-05,68.077224591748,False,3974.15204855505,6.66114379751395e-06,303.04356251416164,140,40
Tijuana,MX,32.5027,-117.00371,1922523,0.0011659267682605486,0.1454692999529328,62.3941405355917,-0.0297,-1.151200746594928e-06,-8.61807277024217e-06,6.229961109227143e-06,False,False,sub-material decrease,-0.297,-0.029699999999999997,-1.151200746594928e-07,3.878009385495235e-05,68.15053258596815,False,,-1.1517687874920847e-06,11.304429362805186,267,66
Ahvaz,IR,31.31901,48.6842,841145,0.0009302363362460756,0.2630809,14.328221560997974,-0.1475,-4.5536664083144045e-06,-1.4402410702187776e-05,4.714191225658201e-06,False,False,sub-material decrease,-1.4749999999999999,-0.1475,-4.5536664083144047e-07,3.094805418693994e-05,74.2915695424529,False,,-4.564837992573641e-06,93.72631846612592,274,36
Cúcuta,CO,7.90745,-72.5049,777106,0.000912529167195798,0.3421606999999999,5.684341886080804e-14,1.5072,1.734723475976807e-18,1.734723475976807e-18,1.734723475976807e-18,True,False,sub-material increase,15.072000000000001,1.5072,1.7347234759768072e-19,3.035949204190334e-05,74.8200115842021,False,496.4172743113197,4.575782640555672e-05,156.7613597183642,208,50
Jalandhar,IN,31.32556,75.57917,868929,0.0008477983053429679,0.2688223032851797,8.682383459220318,-6.1073,-0.0001559091938008,-0.0002427801923025,-6.756998820772736e-05,True,False,sub-material decrease,-61.07300000000001,-6.1073,-1.559091938008e-05,2.820774879443497e-05,76.85085777651175,False,,-0.0001722731842122527,1039.9521086698899,298,2
Xinxiang,CN,35.19033,113.80151,1047088,0.0007207940461426382,0.0947264799999963,8.072022583352464,2.2778,5.675551645155852e-05,1.8903826858062e-05,0.000102643866433,True,False,sub-material increase,22.778,2.2777999999999996,5.6755516451558525e-06,2.3985140919453263e-05,81.370711082232,False,357.233782958258,5.4633353986330635e-05,490.8968951241541,120,5
Liaocheng,CN,36.45064,116.00247,1229768,0.0006969838850868146,0.0541538398080472,1.0681315327688026,1.6904,2.5218804814582957e-05,1.3086491701864336e-05,2.5218804814582957e-05,True,False,sub-material increase,16.904,1.6904,2.521880481458296e-06,2.3193386681739776e-05,82.31267843076887,False,486.9420162728874,3.920610084681291e-05,259.33351713934036,128,5
Indore,IN,22.71792,75.8333,1994397,0.0006930996580622024,0.0668241401186886,0.6408789196613043,2.336,1.4940004805608672e-05,1.4940004805608672e-05,1.4940004805608672e-05,True,False,sub-material increase,23.36,2.336,1.4940004805608672e-06,2.306422172184234e-05,82.46959359790233,False,353.0376438266367,5.387802194222371e-05,297.81357880851334,135,2
Kolwezi,CD,-10.71484,25.46674,790248,0.0006868235540204824,0.0596853308455603,30.991073472190465,0.5986,1.3818388655759344e-05,-4.482444750276959e-06,3.4034170878670785e-05,False,False,sub-material increase,5.986000000000001,0.5986,1.3818388655759344e-06,2.285551585328997e-05,82.72512530212478,False,1381.9767006703105,1.3681311789779375e-05,1269.0727215475165,136,39
Sholapur,IN,17.67152,75.91044,997281,0.0005749277161406561,0.1578071376906078,10.727092393377632,2.7252,5.45804768456626e-05,1.9556750409579385e-05,9.625853792857328e-05,True,False,sub-material increase,27.252000000000002,2.7252,5.45804768456626e-06,1.913408590292025e-05,87.74933913707035,False,321.9922909770672,5.214421090263827e-05,285.52463806950465,121,2
Valencia,VE,10.16153,-68.00044,1619470,0.0005400822544660074,0.1146405999959031,1.3427939269093372,1.6437,2.46839178901176e-05,1.1271279868977578e-05,2.46839178901176e-05,True,False,sub-material increase,16.436999999999998,1.6436999999999997,2.46839178901176e-06,1.797502583529313e-05,89.52777685414561,False,544.6722446562367,2.9545549965471312e-05,34.51950388715642,129,6
Bucharest,RO,44.43225,26.10626,1877155,0.00047014595361485537,0.3229623135362622,0.2899214160372594,-2.1168,-3.198525018772758e-05,-5.194403491787572e-05,-1.3047401301552488e-05,True,False,sub-material decrease,-21.168,-2.1167999999999996,-3.1985250187727578e-06,1.564849971602526e-05,93.49234669326084,False,,-3.3124744198882264e-05,198.4402255542589,285,70
Anshan,CN,41.12361,122.99,1450000,0.0004493579955278099,0.1456538782815366,0.1983672846570812,1.7737,2.976771155298167e-06,2.976771155298167e-06,2.976771155298167e-06,True,False,sub-material increase,17.737000000000002,1.7737000000000003,2.976771155298167e-07,1.495689722822485e-05,94.79071498671483,False,534.4236059464106,2.652904861370242e-05,84.10070435927862,142,5
Changzhi,CN,36.18389,113.10528,1214940,0.00041790962074229567,0.0989742381105521,9.35378042267496,2.4451,3.543453867513183e-05,1.2034516440258153e-05,6.345309384537258e-05,True,False,sub-material increase,24.451,2.4451,3.543453867513183e-06,1.3910574577296519e-05,96.87901054292637,False,396.2169667617945,3.401274589894772e-05,475.26508427313445,125,5
Kallakurichi,IN,11.73379,78.95925,1682687,0.00040311158188510005,0.07896554,7.858396276798658,1.7572,2.4281377783598855e-05,7.709834764843025e-06,4.388277053135459e-05,True,False,sub-material increase,17.572000000000003,1.7572,2.4281377783598854e-06,1.3418204461823751e-05,97.91895611216167,False,557.2442300942504,2.3578468880316697e-05,87.89066037773914,130,14
Meerut,IN,28.98002,77.70636,1223184,0.00038938339209473936,0.1854663015917488,7.84313725490199,-2.3689,-2.9525356371625216e-05,-5.579846699585178e-05,-5.803159131214348e-06,True,False,sub-material decrease,-23.689,-2.3688999999999996,-2.9525356371625216e-06,1.2961418029867717e-05,98.91980674369393,False,,-3.070430317095363e-05,886.5437487328056,283,2
Sargodha,PK,32.08586,72.67418,975886,0.0003467951619116838,0.184708032842362,16.69336995498594,-1.1823,-1.3383785385165867e-05,-2.3378780716511515e-05,-4.683958086746289e-06,True,False,sub-material decrease,-11.822999999999999,-1.1823,-1.3383785385165868e-06,1.1544274004411037e-05,102.2748243380395,False,,-1.3648795155415167e-05,942.7177827704197,280,2
Gujranwala,PK,32.15567,74.18705,2511118,0.0002962394826117838,0.1442940429027946,17.807278553444746,-3.8148,-3.533074269846222e-05,-5.579101306513858e-05,-1.4867690872729045e-05,True,False,sub-material decrease,-38.147999999999996,-3.8147999999999995,-3.533074269846222e-06,9.861852435198168e-06,106.85943386646593,False,,-3.762099466979397e-05,1048.5651670898985,288,2
Amritsar,IN,31.62234,74.87534,1159227,0.00027238489869164164,0.2266374003158889,14.450293736171544,-6.1073,-5.011482914793282e-05,-7.79040712043593e-05,-2.1809871164705214e-05,True,False,sub-material decrease,-61.07300000000001,-6.1073,-5.011482914793283e-06,9.067946481781592e-06,109.31085432778511,False,,-5.5380669548184726e-05,1039.5151997803023,289,2
Puning,CN,23.31072,116.16869,874954,0.00025863194979166713,0.0537996565096425,0.6256198977645795,0.0714,6.155005010132267e-07,-2.5165490213427013e-06,3.80580650850266e-06,False,False,sub-material increase,0.7140000000000001,0.0714,6.155005010132268e-08,8.61021647489693e-06,110.82647786185026,False,15521.915666925808,6.147694563076409e-07,35.778460739919204,154,8
Lüliang,CN,37.5192,111.14436,3346500,0.00025723097422806937,0.08261043,0.1831082627604132,-1.9793,-1.640366162603918e-05,-2.6952506599491925e-05,-6.610182891997799e-06,True,False,sub-material decrease,-19.793,-1.9792999999999998,-1.6403661626039178e-06,8.563588054917103e-06,110.98548702349424,False,,-1.694990983709742e-05,573.2936088579225,282,5
Kuala Lumpur,MY,3.1412,101.68653,1453975,0.0002509336037781066,0.0504047260380783,1.7395284962234427,0.8591,7.280506355712159e-06,2.469142439068733e-06,1.3017520717775924e-05,True,False,sub-material increase,8.591,0.8590999999999999,7.28050635571216e-07,8.353992182283232e-06,111.71136809405327,False,1300.3302071243545,7.176914683799523e-06,36.42053579388946,123,37
Faisalabad,PK,31.41554,73.08969,3800193,0.00023175199113475672,0.2352902999999999,16.174563210498263,-2.1694,-1.6148091151211018e-05,-2.59428699413732e-05,-6.188443709814304e-06,True,False,sub-material decrease,-21.694,-2.1694,-1.614809115121102e-06,7.715552795573749e-06,114.04312269057357,False,,-1.673812023471769e-05,916.6603304646047,281,2
Naucalpan de Juárez,MX,19.47851,-99.23963,834434,0.00022020336954396943,0.2131674108778622,19.699397268635096,-2.4499,-1.7247795541052162e-05,-2.8743298789274497e-05,-6.756428245433805e-06,True,False,sub-material decrease,-24.499,-2.4498999999999995,-1.7247795541052162e-06,7.331157504666364e-06,115.54422813769614,False,,-1.796060277068212e-05,253.95102683005592,266,64
Jerusalem,IL,31.76904,35.21633,971800,0.00019382951787741225,0.2469425443693514,29.907682917525,0.2634,1.707265361990725e-06,3.38023119115846e-07,3.1575186939809707e-06,True,False,sub-material increase,2.6340000000000003,0.2634,1.7072653619907252e-07,6.453271868247209e-06,119.29763249881292,False,4529.143223189557,1.699791810096315e-06,51.78209512729797,146,28
Alīgarh,IN,27.88145,78.07464,753207,0.00017977560095657708,0.1183113748902241,6.424048218509199,-0.726,-4.293349599803528e-06,-1.1549577945672411e-05,1.993952718682647e-06,False,False,sub-material decrease,-7.26,-0.726,-4.293349599803528e-07,5.98545128027293e-06,121.5165461567927,False,,-4.3454376294781475e-06,811.3815959239912,273,2
Chandigarh,IN,30.73629,76.7884,970602,0.00017858991877334218,0.2426430999999998,5.61532005798432,-5.6908,-3.082547473202998e-05,-4.6989156038011776e-05,-1.262234826974209e-05,True,False,sub-material decrease,-56.908,-5.6908,-3.0825474732029977e-06,5.945982212994682e-06,121.71176230509839,False,,-3.383739557771014e-05,1016.1879709863995,284,2
Lubumbashi,CD,-11.66089,27.47938,2221925,0.00016697171670204886,0.1269135000001872,43.121995880064105,0.5065,2.839621737117903e-06,-2.055881142380865e-06,8.265659299909714e-06,False,False,sub-material increase,5.0649999999999995,0.5065,2.839621737117903e-07,5.559229777024085e-06,123.69751543874992,False,2442.201686846001,2.815749882062699e-06,1161.2489478591997,143,39
Shenyang,CN,41.79222,123.43278,7050000,0.00016403117091760456,0.0998792262887538,1.3275349050126124,1.7943,7.412707708519327e-06,3.896806972735612e-06,7.412707708519327e-06,True,False,sub-material increase,17.943,1.7943,7.412707708519327e-07,5.461342014262647e-06,124.22240023736549,False,692.3167822402356,9.799285976191467e-06,157.65934466317145,139,5
Handan,CN,36.60999,114.48764,1358318,0.00015511450541682957,0.1106007000579147,3.8147554741741487,2.7657,1.4961671246194909e-05,5.279814060405384e-06,2.1006966030205707e-05,True,False,sub-material increase,27.656999999999996,2.7657,1.4961671246194908e-06,5.164511815404394e-06,125.87450642110315,False,455.1271158155373,1.4283490327863932e-05,346.0794095790553,134,5
Santa Cruz de la Sierra,BO,-17.78629,-63.18117,1831434,0.00014046733967149362,0.2547707,1.5106431677729688,-0.9932,-4.5691481460386255e-06,-7.594745089395625e-06,-1.682403409471638e-06,True,False,sub-material decrease,-9.932,-0.9932,-4.5691481460386257e-07,4.676905366312709e-06,128.80979326807295,False,,-4.6451024098217824e-06,756.2232418022392,275,69
Comilla,BD,23.46186,91.18503,1030000,0.00013857583335109112,0.2488164092290879,3.0518043793393304,0.5728,2.6682216159197027e-06,-2.120612320383724e-06,8.002515629297542e-06,False,False,sub-material increase,5.728,0.5728,2.6682216159197026e-07,4.613935781980423e-06,129.21131662819735,False,2255.7841590118255,2.642862415918386e-06,48.10705982815465,145,2
Mexico City,MX,19.42847,-99.12766,12294193,0.00012126131231742666,0.2219640727916876,5.684341886080804e-14,-2.4499,-9.498860505506256e-06,-1.5587775004513678e-05,-3.7989064044121168e-06,True,False,sub-material decrease,-24.499,-2.4498999999999995,-9.498860505506256e-07,4.037512046785005e-06,133.16808734580013,False,,-9.891500763418583e-06,247.01199533177515,266,64
Yancheng,CN,33.3575,120.1573,1615717,0.00011885618623587,0.0926327899996998,5.684341886080804e-14,0.2108,2.1684043449710093e-19,2.1684043449710093e-19,2.1684043449710093e-19,True,False,sub-material increase,2.1079999999999997,0.21079999999999996,2.1684043449710093e-20,3.957440579447354e-06,133.76255869986144,False,6345.4724240921,8.34228474147502e-07,43.20952082615922,209,5
Culiacán,MX,24.80209,-107.39421,808416,0.00011100851823805163,0.1008736010758394,19.94354161898224,-0.5729,-2.0974711869263264e-06,-3.849334304154958e-06,-6.063913344336484e-07,True,False,sub-material decrease,-5.728999999999999,-0.5728999999999999,-2.0974711869263264e-07,3.696173305052777e-06,135.79052791558368,False,,-2.1175376864647354e-06,34.02929276481546,272,68
Damascus,SY,33.5102,36.29128,1569394,0.00011060425483334106,0.1947431999999904,0.6561379415579722,0.1822,6.73029755562284e-07,-6.858677208543415e-08,1.5263009740733853e-06,False,False,sub-material increase,1.822,0.1822,6.73029755562284e-08,3.6827143170207227e-06,135.8988880673682,False,7458.775415333052,6.709905485611757e-07,79.94365419131245,151,28
Salem,IN,11.65376,78.15538,917414,9.810469988748985e-05,0.08556316,0.1525902189670205,2.2328,4.997142860270237e-07,4.997142860270237e-07,4.997142860270237e-07,True,False,sub-material increase,22.328000000000003,2.2328,4.997142860270237e-08,3.26656600933315e-06,139.46303555793085,False,624.6105139642191,7.293588585639058e-06,170.43110632736185,156,14
Malang,ID,-7.9797,112.6304,847182,9.457789772597152e-05,0.2511457000002879,0.5798428320745188,0.2774,8.776195985724528e-07,-4.286829669709554e-07,1.843749421766088e-06,False,False,sub-material increase,2.774,0.2774,8.776195985724528e-08,3.149146126482868e-06,140.55198794732485,False,5066.762362917262,8.735731354863475e-07,47.38555879812772,149,19
Aurangabad,IN,19.87757,75.34226,1175116,9.16834520767329e-05,0.0945352192163259,9.796292057679125,2.7271,8.714882584437593e-06,3.096644419045499e-06,1.5308654333125667e-05,True,False,sub-material increase,27.271,2.7271,8.714882584437593e-07,3.052779039170895e-06,141.47676574416477,False,518.7809971917596,8.325233717722947e-06,251.1846991872624,138,2
Kunming,CN,25.03889,102.71833,3855346,8.099939513921492e-05,0.2247326999966429,0.3204394598306521,0.1242,3.356685715909279e-07,-9.62276305586635e-07,8.68871601920486e-07,False,False,sub-material increase,1.242,0.1242,3.3566857159092795e-08,2.697061380098827e-06,145.16568017784462,False,11688.057985333706,3.349750234082743e-07,600.66718299245,157,5
Qingyang,CN,35.70976,107.64455,2125400,7.713386080048027e-05,0.0669624900083473,93.69039444571604,0.2095,5.39952270602856e-07,-3.568037880193735e-08,1.1492777003394965e-06,False,False,sub-material increase,2.0949999999999998,0.20949999999999996,5.39952270602856e-08,2.568359441894343e-06,146.62260998742929,False,6998.692600831947,5.380713030768648e-07,934.3796964195916,155,5
Amman,JO,31.95522,35.94503,1275857,7.266128652353663e-05,0.1517072145721601,2.105745021744156,0.2634,6.400844697075083e-07,1.4208049177877262e-07,1.2055758735370843e-06,True,False,sub-material increase,2.6340000000000003,0.2634,6.400844697075083e-08,2.4194450284705466e-06,148.4030800794302,False,5634.133640069484,6.37281820499142e-07,110.39010852218888,153,28
Xuchang,CN,34.03189,113.86299,1265536,6.937819780327166e-05,0.0894938719935299,4.058899824521291,1.526,3.616357162117631e-06,1.0736648918023115e-06,6.577038676394808e-06,True,False,sub-material increase,15.26,1.5259999999999998,3.616357162117631e-07,2.3101337028157433e-06,149.78175997143325,False,981.5318477813449,3.525264030496824e-06,494.84792200268777,141,5
Bogor,ID,-6.59444,106.78917,1127408,6.021644137780506e-05,0.3060344748976977,5.684341886080804e-14,0.2499,1.0164395367051604e-19,-2.204475997892751e-08,1.0164395367051604e-19,False,False,sub-material increase,2.499,0.2499,1.0164395367051604e-20,2.005086751421162e-06,154.00749174151747,False,6162.764775570928,5.010711791801485e-07,51.29852903280589,71,24
Gwangju,KR,35.15472,126.91556,1401235,5.93785546995185e-05,0.1201671,0.3356984817273769,0.3956,6.674624721634217e-07,2.2547002244670323e-07,6.674624721634217e-07,True,False,sub-material increase,3.956,0.39559999999999995,6.674624721634217e-08,1.977188461929118e-06,154.42578001037162,False,3903.5839234168766,7.82175755539159e-07,41.720918904807604,152,1
Iztapalapa,MX,19.35529,-99.06224,1835486,4.7393939728248984e-05,0.2343617999998143,5.684341886080804e-14,-2.4499,-3.7128006164988185e-06,-5.999057356772325e-06,-1.4438530159135775e-06,True,False,sub-material decrease,-24.499,-2.4498999999999995,-3.7128006164988183e-07,1.5781433949727765e-06,161.15991045919748,False,,-3.866293503343804e-06,246.02553892371517,266,64
Kyoto,JP,35.02107,135.75385,1463723,4.023278565693553e-05,0.3363467999654756,1.022354467078685,0.664,8.994660704178545e-07,3.099619194728326e-07,1.3932253853739571e-06,True,False,sub-material increase,6.640000000000001,0.6639999999999999,8.994660704178544e-08,1.3396978604304642e-06,166.0577806072671,False,2500.8701898684803,8.895593793258281e-07,48.01917459566171,148,1
Addis Ababa,ET,9.02497,38.74689,3860000,3.5216725296544107e-05,0.0987208442743054,16.52552071412225,2.3129,2.8194569339276605e-06,1.0492545368157678e-06,4.871783681492349e-06,True,False,sub-material increase,23.128999999999998,2.3128999999999995,2.8194569339276605e-07,1.1726756531241565e-06,170.04160448355452,False,735.1878787822842,2.712281518110861e-06,498.0211856494833,144,41
Rawalpindi,PK,33.59733,73.0479,3357612,3.195855593760266e-05,0.3984775999894386,6.500343327992709,-1.9647,-2.02388264592984e-06,-3.374196933001512e-06,-7.959856320249399e-07,True,False,sub-material decrease,-19.647,-1.9646999999999997,-2.02388264592984e-07,1.0641859017905582e-06,172.94720282003672,False,,-2.0908060412479093e-06,1094.7000700450171,270,2
Pyongyang,KP,39.03385,125.75432,3222000,3.1692283420142506e-05,0.1516701309305629,29.480430304417496,1.418,1.532334130254123e-06,5.846690779227911e-07,2.617020214579421e-06,True,False,sub-material increase,14.18,1.418,1.532334130254123e-07,1.0553195913431603e-06,173.1976582242898,False,1221.4221313419591,1.496443180524601e-06,35.74982510574854,147,1
Gaziantep,TR,37.05944,37.3825,2222415,3.0050663042978227e-05,0.192733631962112,0.1220721751736277,-2.1107,-2.0395743919534905e-06,-3.30829799412355e-06,-7.805590673588195e-07,True,False,sub-material decrease,-21.107,-2.1106999999999996,-2.0395743919534905e-07,1.0006570080209426e-06,174.78999537846295,False,,-2.112086746829803e-06,109.57833642556155,271,28
Lusaka,ZM,-15.40669,28.28713,2212301,2.7791972952167508e-05,0.0653223858044363,16.60181582360576,-1.4279,-1.2905227307220935e-06,-2.2945342255049898e-06,-3.150152492160321e-07,True,False,sub-material decrease,-14.279,-1.4279,-1.2905227307220934e-07,9.25446978594951e-07,177.1297025452525,False,,-1.3214457407357304e-06,810.4858203901521,268,67
Chuzhou,CN,32.32194,118.29778,782671,2.1592851042642695e-05,0.0542267150809773,2.075226977950763,-0.0253,-1.8183707722217105e-08,-2.1132455168281307e-07,1.734286735266995e-07,False,False,sub-material decrease,-0.253,-0.0253,-1.8183707722217105e-09,7.190264135545041e-07,184.69025806256226,False,,-1.8191368262928952e-08,123.6054308194041,258,5
Gustavo Adolfo Madero,MX,19.49392,-99.11075,1185772,2.0952951171524775e-05,0.208636099855132,14.023041123064049,-2.4499,-1.6414762387937892e-06,-2.708910760907068e-06,-6.398349213374255e-07,True,False,sub-material decrease,-24.499,-2.4498999999999995,-1.6414762387937892e-07,6.977186544405539e-07,185.59172728843197,False,,-1.7093409315139127e-06,241.56134024366074,266,64
Tangshan,CN,39.64381,118.18319,3372102,2.0787691234791498e-05,0.3162972999999999,0.2288853284504739,0.9489,1.5904333389553664e-07,1.5904333389553664e-07,1.5904333389553664e-07,True,False,sub-material increase,9.488999999999999,0.9488999999999999,1.5904333389553664e-08,6.922157282525981e-07,185.8290235825137,False,1958.3625627833674,6.568435045388903e-07,48.69996845772576,160,5
Fushun,CN,41.88669,123.94363,1400646,1.6597277522305454e-05,0.0714560299394532,0.4730296787976158,1.9705,2.6350394759514496e-07,2.6350394759514496e-07,2.6350394759514496e-07,True,False,sub-material increase,19.705,1.9704999999999997,2.6350394759514496e-08,5.526801683543873e-07,192.57689339868253,False,977.2996366337605,1.0890562717423202e-06,198.94726762481594,139,5
Weifang,CN,36.71,119.10194,2044028,1.651501549718634e-05,0.0536312100003509,0.2441443503471987,1.4478,1.348122234628772e-07,1.348122234628772e-07,1.348122234628772e-07,True,False,sub-material increase,14.478,1.4477999999999998,1.3481222346287722e-08,5.499409336232672e-07,192.72585635912228,False,1331.163533354899,7.962044836997662e-07,50.28162268134629,161,5
Ecatepec de Morelos,MX,19.60492,-99.06064,1645352,1.6441702495208754e-05,0.1769872000143959,16.510261692225583,-2.4499,-1.288065626981514e-06,-2.104704539939585e-06,-4.990809217931159e-07,True,False,sub-material decrease,-24.499,-2.4498999999999995,-1.2880656269815142e-07,5.474996911154061e-07,192.85924179046836,False,,-1.3413194932636331e-06,230.64213337061162,266,64
Zhaotong,CN,27.31667,103.71667,787845,1.5225658574540946e-05,0.3048376300465372,0.0152590218967247,0.3715,7.738392314048773e-09,-2.9846304062414846e-08,7.738392314048773e-09,False,False,sub-material increase,3.715,0.37149999999999994,7.738392314048773e-10,5.070067109036019e-07,195.16306909212912,False,5253.380056315724,1.8835299310068807e-07,760.3469068602933,171,5
Ciudad Nezahualcoyotl,MX,19.40061,-99.01483,1077208,1.3251017793287787e-05,0.2175630999998143,5.684341886080804e-14,-2.4499,-1.0381060441043847e-06,-1.7119991033606754e-06,-4.0824295255614926e-07,True,False,sub-material decrease,-24.499,-2.4498999999999995,-1.0381060441043847e-07,4.412530453870472e-07,199.32854961612634,False,,-1.0810258358937268e-06,239.0422072633566,266,64
Peshawar,PK,34.008,71.57849,4758762,1.3142100944880229e-05,0.2901222617456738,8.209353780422703,-2.2067,-9.310823135779052e-07,-1.5141309844905847e-06,-3.556942186080514e-07,True,False,sub-material decrease,-22.067,-2.2067,-9.310823135779052e-08,4.376262100610974e-07,199.57607502463574,False,,-9.657097577418237e-07,1058.1824453972347,265,2
Mexicali,MX,32.62781,-115.45446,1032686,1.2858080145618672e-05,0.6835515193668443,19.577325093461525,-0.0592,-2.532261139990073e-08,-9.14874438590039e-08,3.6341282716388225e-08,False,False,sub-material decrease,-0.5920000000000001,-0.0592,-2.5322611399900732e-09,4.2816856335260825e-07,200.2313333618522,False,,-2.5347578950474408e-08,83.25098406992728,259,66
Çankaya,TR,39.9179,32.86268,792189,1.0546700209910275e-05,0.1666255618933042,0.5340657663844013,-2.1996,-7.44889846432645e-07,-1.2259773281186705e-06,-2.970004881385722e-07,True,False,sub-material decrease,-21.996000000000002,-2.1996,-7.44889846432645e-08,3.512014129349311e-07,206.17513194969666,False,,-7.725026278916746e-07,187.6196617054322,264,28
Meishan,CN,30.04392,103.83696,1107742,9.68313919586411e-06,0.3372052999999958,9.704737926298948,0.7209,2.3526340848704938e-07,7.163183756303862e-08,4.320314027484881e-07,True,False,sub-material increase,7.209,0.7209,2.3526340848704938e-08,3.2244541290822484e-07,208.73791307018791,False,2895.518283675793,2.324508981655393e-07,1012.6734407295625,159,5
Tiruppur,IN,11.11541,77.35456,963173,7.4594840108496915e-06,0.0790061099999997,6.439307240405924,1.306,3.315665642735338e-07,9.981095702207494e-08,5.967254161289375e-07,True,False,sub-material increase,13.06,1.3059999999999998,3.315665642735338e-08,2.483989646193679e-07,216.56607234598678,False,1658.2394513475251,3.2440904779289443e-07,155.95909386398398,158,14
Ankara,TR,39.91987,32.85427,3517182,7.448007050467005e-06,0.1666255618933042,9.079118028534424,-2.1996,-5.260375942224583e-07,-8.558670136731087e-07,-2.076114534365986e-07,True,False,sub-material decrease,-21.996000000000002,-2.1996,-5.260375942224583e-08,2.4801678753601077e-07,216.61227687511803,False,,-5.455377258642094e-07,186.96808771755212,264,28
Cheongju-si,KR,36.63722,127.48972,852147,4.649488768202305e-06,0.1316890549833704,5.684341886080804e-14,0.59,7.623296525288703e-21,7.623296525288703e-21,7.623296525288703e-21,True,False,sub-material increase,5.8999999999999995,0.59,7.623296525288703e-22,1.5482725611020146e-07,230.7537034349231,False,3911.079719235985,9.134808110501886e-08,54.29172873874567,165,1
Soweto,ZA,-26.26781,27.85849,1695047,4.0812799005565885e-06,0.108932,47.48607614251927,0.8554,1.1792560651695025e-07,4.019079591783912e-08,2.0570514855870437e-07,True,False,sub-material increase,8.554,0.8554,1.1792560651695025e-08,1.3590606601557506e-07,234.66631091424654,False,2743.3517759439624,1.1625404886972291e-07,462.1145248631636,162,42
Daejeon,KR,36.34913,127.38493,1441203,3.026727325143254e-06,0.1340866,15.53368429083696,0.59,6.005393629582567e-08,1.4050030416033321e-08,1.0555903554456245e-07,True,False,sub-material increase,5.8999999999999995,0.59,6.005393629582567e-09,1.0078971486336296e-07,243.63998259002958,False,4129.491230339485,5.9465931769384146e-08,56.11089282215968,165,1
Santiago de Querétaro,MX,20.58806,-100.38806,1594212,2.7979482576912805e-06,0.1017961999998979,0.3356984817273769,-3.1198,-2.7608675705370773e-07,-4.498423934873231e-07,-1.1020909837811637e-07,True,False,sub-material decrease,-31.198,-3.1197999999999997,-2.7608675705370775e-08,9.317141629158837e-08,245.99952277222343,False,,-2.906761845464974e-07,306.28319396614313,263,64
Xining,CN,36.62554,101.75739,1677177,2.7493342803258933e-06,0.1094059,27.60357061112387,0.6531,6.044792135420331e-08,2.0045646660558372e-08,1.0632543071983912e-07,True,False,sub-material increase,6.531000000000001,0.6531,6.044792135420331e-09,9.155257982551406e-08,246.52573059311274,False,3774.7011268276337,5.979298988404323e-08,1406.081511747256,164,5
Tashkent,UZ,41.26465,69.21627,1978028,2.6939658649995846e-06,0.170258,15.182726787212973,-1.8495,-1.6091052581911517e-07,-2.66971159432134e-07,-6.315944253534603e-08,True,False,sub-material decrease,-18.494999999999997,-1.8494999999999997,-1.6091052581911517e-08,8.970882163133185e-08,247.13650715283364,False,,-1.6591646560714822e-07,1208.6388450358404,262,58
Lucknow,IN,26.83928,80.92313,2472011,2.5083988654345876e-06,0.092923407530698,1.0986495765621953,1.095,9.315278130211076e-08,1.4893206708783154e-08,9.346896860413581e-08,True,False,sub-material increase,10.95,1.0949999999999998,9.315278130211076e-09,8.352947269321167e-08,249.2791860125639,False,2276.522246690082,9.146477259906675e-08,859.4712402841412,163,2
Zarqa,JO,32.07275,36.08796,792665,1.749095335924001e-06,0.1103541999999981,50.58365758754866,0.2634,1.5409152664978725e-08,3.309658655774288e-09,2.856355898794109e-08,True,False,sub-material increase,2.6340000000000003,0.2634,1.5409152664978725e-09,5.8244772810430586e-08,260.104111602594,False,9874.871359248064,1.534167315826742e-08,119.92374866291128,153,28
Bandung,ID,-6.92222,107.60694,2444160,1.2160496912106169e-06,0.2817743936394322,0.9002822919051141,0.1929,7.836513003651931e-09,1.4749793502180374e-10,1.6997754705064748e-08,False,False,sub-material increase,1.9289999999999998,0.19289999999999996,7.836513003651931e-10,4.0494405474044396e-08,271.01815827319535,False,14049.671242778402,7.811370815943162e-09,67.33540343947566,170,24
Gwalior,IN,26.22983,78.17337,1054420,1.190361765577402e-06,0.0816219629180576,44.38849469748993,1.1912,4.8166977239862135e-08,1.0535698401449972e-08,9.030520670976156e-08,True,False,sub-material increase,11.912,1.1912,4.8166977239862135e-09,3.9638999608921767e-08,271.6592337338018,False,2280.55098836301,4.721797633414761e-08,690.9815334610046,167,2
Erbil,IQ,36.19117,44.00943,1612700,8.064000658008629e-07,0.1994300000000405,1.4190890363927906,-1.313,-3.4498440596081335e-08,-6.191109863237112e-08,-1.018387188205456e-08,True,False,sub-material decrease,-13.129999999999999,-1.313,-3.4498440596081336e-09,2.6853100536809232e-08,276.891613000932,False,,-3.525812100483052e-08,476.44770420145267,261,57
Almaty,KZ,43.25249,76.9115,1977011,6.55831151062378e-08,0.3968644310264769,5.684341886080804e-14,-1.4642,-3.1209875317509502e-09,-5.2087187281280015e-09,-1.2010825904420872e-09,True,False,sub-material decrease,-14.642,-1.4642,-3.1209875317509504e-10,2.1839175898095907e-09,276.891613000932,False,,-3.1976921349992026e-09,1836.7381680130554,253,56
Eskişehir,TR,39.77667,30.52056,921630,2.8483904913031635e-08,0.2589663756735736,0.8545052262150534,-2.8862,-2.6101603665541622e-09,-4.1759406656902e-09,-1.0735410134495811e-09,True,False,sub-material decrease,-28.862000000000002,-2.8862,-2.610160366554162e-10,9.4851400658657e-10,276.891613000932,False,,-2.7376011258101586e-09,116.11235373612816,252,28
Hohhot,CN,40.81056,111.65222,2350000,6.290806186603757e-08,0.1767671363819321,3.204394598306294,-1.0557,-2.173099577262619e-09,-3.587872826139794e-09,-8.519759310205307e-10,True,False,sub-material decrease,-10.557,-1.0556999999999999,-2.173099577262619e-10,2.0948383283568235e-09,276.891613000932,False,,-2.211520823246298e-09,550.0684489899617,251,5
Kabul,AF,34.52813,69.17233,4434550,7.119544339759629e-07,0.3410787,2.441443503471476,-1.1962,-2.7802184407922652e-08,-4.553788189166373e-08,-1.028001900619313e-08,True,False,sub-material decrease,-11.962,-1.1962,-2.780218440792265e-09,2.3708065772325002e-08,276.891613000932,False,,-2.8359588276855165e-08,1025.692825014129,260,2
Santiago,CL,-33.45694,-70.64827,4837295,4.6708529778133715e-07,0.4173637999999916,2.395666437781358,-0.5445,-8.392798256101334e-09,-1.5448759357344206e-08,-1.9397937976486042e-09,True,False,sub-material decrease,-5.445,-0.5445,-8.392798256101335e-10,1.555393315110164e-08,276.891613000932,False,,-8.469116600774842e-09,91.02173750649709,257,65
León de los Aldama,MX,21.12183,-101.68253,1579803,8.11754619308019e-08,0.0725108399999994,4.27252613107504,-3.2531,-8.334039205856399e-09,-1.3708384369227336e-08,-3.310893265787154e-09,True,False,sub-material decrease,-32.531,-3.2531,-8.334039205856399e-10,2.7031426628668315e-09,276.891613000932,False,,-8.79359339657209e-09,344.6605496602286,256,64
Meizhou,CN,24.28859,116.11768,992351,4.01021955608834e-07,0.0582796099993988,12.49713893339441,-0.4666,-6.1828303432702285e-09,-1.4109715695160974e-08,1.059776800311676e-09,False,False,sub-material decrease,-4.666,-0.46660000000000007,-6.182830343270228e-10,1.3354025766514498e-08,276.891613000932,False,,-6.230988422655666e-09,105.10274871566831,255,8
Homs,SY,34.72405,36.72559,775404,2.971263683660909e-07,0.2051711999995663,3.616388189517068,-0.3894,-3.827970111359048e-09,-7.483651880952341e-09,-5.81271080193037e-10,True,False,sub-material decrease,-3.894,-0.3894,-3.8279701113590477e-10,9.894305126731005e-09,276.891613000932,False,,-3.852842416349054e-09,68.52741857313096,254,28
Aleppo,SY,36.20124,37.16117,2098210,9.128865539091079e-09,0.1731152907777781,22.247653925383418,-1.1913,-3.5505559854338794e-10,-6.163774325166101e-10,-1.1900178343148768e-10,True,False,sub-material decrease,-11.913,-1.1913,-3.550555985433879e-11,3.0399121967663794e-10,276.891613000932,False,,-3.6214474000077876e-10,97.81831890554447,245,28
Hefei,CN,31.86389,117.28083,5050000,1.2088091499001342e-07,0.0983821445081414,3.082322423132723,-0.0756,-3.039325166400886e-10,-1.2375431065057098e-09,5.241775517918553e-10,False,False,sub-material decrease,-0.756,-0.0756,-3.039325166400886e-11,4.0253339825813335e-09,276.891613000932,False,,-3.043152490831488e-10,222.2936377982063,244,5
Lu’an,CN,31.73561,116.51688,1644344,2.7865287737726122e-08,0.0953109421185819,16.632333867399154,-0.3185,-2.9397889367935817e-10,-6.399229339724105e-10,1.6252894402078013e-11,False,False,sub-material decrease,-3.185,-0.3185,-2.9397889367935817e-11,9.279140558096871e-10,276.891613000932,False,,-2.9554062677538534e-10,295.8804204736642,243,5
Kirkuk,IQ,35.46806,44.39222,1031000,3.327875631510059e-09,0.1908058061616414,3.006027313649213,-1.313,-1.42369293986186e-10,-2.5529865622817533e-10,-4.0805937149165777e-11,True,False,sub-material decrease,-13.129999999999999,-1.313,-1.4236929398618599e-11,1.1081825816049559e-10,276.891613000932,False,,-1.455043729647307e-10,483.66007938201153,242,57
Quito,EC,-0.22985,-78.52495,2781641,1.1122646050752852e-08,0.5291945128205688,39.597161821927216,-0.2457,-9.063210276745264e-11,-1.8113116501485388e-10,-7.699795781960066e-12,True,False,sub-material decrease,-2.457,-0.24569999999999997,-9.063210276745264e-12,3.703841093704186e-10,276.891613000932,False,,-9.100337567231184e-11,158.78297125661845,241,61
Ordos,CN,39.6086,109.78157,1940653,3.7277357178635927e-10,0.0849750370641149,14.969100480659222,-2.8592,-3.3855016304000286e-11,-5.36327345875348e-11,-1.4056937527079584e-11,True,False,sub-material decrease,-28.592,-2.8592,-3.3855016304000287e-12,1.2413359935858393e-11,276.891613000932,False,,-3.5492278728606315e-11,677.7202521861606,240,5
Karaj,IR,35.83266,50.99155,1448075,1.556156393289929e-10,0.3347232003058362,6.713969634546459,-3.2319,-1.5877973888164904e-11,-2.5609298869176305e-11,-6.469481155770007e-12,True,False,sub-material decrease,-32.319,-3.2319,-1.5877973888164905e-12,5.182000788849063e-12,276.891613000932,False,,-1.6747708349481287e-11,100.93446446943915,237,52
Hermosillo,MX,29.08874,-110.96677,812229,1.0704711143308709e-09,0.070163362633263,23.025864042114904,-0.3792,-1.3432238777995403e-11,-2.3301327946760155e-11,-4.030273583533583e-12,True,False,sub-material decrease,-3.792,-0.3791999999999999,-1.3432238777995403e-12,3.564668806905925e-11,276.891613000932,False,,-1.3517224115787265e-11,90.54734758483518,239,60
Marrakesh,MA,31.63416,-7.99994,995871,1.851377660124858e-10,0.1452008,34.6227206836042,-1.5947,-9.574982613199164e-12,-1.5851267027810963e-11,-4.003189355131074e-12,True,False,sub-material decrease,-15.947,-1.5947,-9.574982613199163e-13,6.165087607074387e-12,276.891613000932,False,,-9.831465207001526e-12,135.69021901154713,238,59
Tehran,IR,35.69439,51.42151,7153309,8.740793514792776e-11,0.4330289000001777,1.2359807736324342,-3.2319,-8.918518202711793e-12,-1.4358194472828006e-11,-3.649244488309716e-12,True,False,sub-material decrease,-32.319,-3.2319,-8.918518202711793e-13,2.9106842401715776e-12,276.891613000932,False,,-9.407040395810521e-12,106.9502179461994,237,52
Shymkent,KZ,42.30988,69.60042,1200000,8.491563493643454e-11,0.1657323680398688,0.0762951094835102,-0.7951,-2.218793898742697e-12,-3.77174814807983e-12,-7.297660480222229e-13,True,False,sub-material decrease,-7.9510000000000005,-0.7951,-2.2187938987426971e-13,2.8276906431431554e-12,276.891613000932,False,,-2.248296830363123e-12,1238.4866131531064,236,58
Jaipur,IN,26.91962,75.78781,3046163,1.424538485827013e-08,0.0645149268963529,11.810482948043044,-4.5934,-2.020510392213274e-09,-3.212790213387525e-09,-8.36645331352179e-10,True,False,sub-material decrease,-45.934,-4.593399999999999,-2.020510392213274e-10,4.743713090227934e-10,276.891613000932,False,,-2.1789771708652986e-09,592.2990734866387,250,2
Bannu,PK,32.98527,70.60403,1357890,3.663172151428041e-08,0.2527685959281018,15.640497444113862,-1.1579,-1.385564428971799e-09,-2.32415339828662e-09,-5.359865970471606e-10,True,False,sub-material decrease,-11.578999999999999,-1.1579,-1.385564428971799e-10,1.219836281740833e-09,276.891613000932,False,,-1.4124484306277104e-09,915.0636531158174,249,2
Arequipa,PE,-16.39899,-71.53747,1008290,5.229125356603996e-07,0.5941330976280723,0.8239871824216607,-0.0667,-1.160156761248708e-09,-3.976255588502072e-09,1.401945356049413e-09,False,False,sub-material decrease,-0.6669999999999999,-0.06669999999999998,-1.160156761248708e-10,1.7412978332021895e-08,276.891613000932,False,,-1.16144565474586e-09,86.84397731244569,248,63
Córdoba,AR,-31.40648,-64.18853,2106734,1.4100887189073153e-08,0.0992516499400665,0.0152590218967247,-2.4175,-1.090670243149346e-09,-1.774284087383009e-09,-4.5640295083424515e-10,True,False,sub-material decrease,-24.175,-2.4175,-1.090670243149346e-10,4.695595367749298e-10,276.891613000932,False,,-1.1351601801533928e-09,573.2964940600004,247,62
Kathmandu,NP,27.70169,85.3206,1442271,1.3201392371402538e-08,0.4388813174745403,1.3122758831159445,-0.9247,-4.0030911038414537e-10,-8.512326512034341e-10,-1.0249504305628317e-12,False,False,sub-material decrease,-9.247,-0.9247,-4.003091103841454e-11,4.396063601642884e-10,276.891613000932,False,,-4.065040012439175e-10,641.9210084414566,246,2
Sanaa,YE,15.35452,44.20646,1937451,3.804881199448267e-14,0.0526933723888093,6.607156481269556,-0.1163,-1.4707008899986972e-16,-3.639450968687099e-16,5.082855438860688e-17,False,False,sub-material decrease,-1.163,-0.11629999999999999,-1.4707008899986973e-17,1.2670254394162246e-15,276.891613000932,False,,-1.473550586041069e-16,143.50906134517945,230,48
Jodhpur,IN,26.26841,73.00594,1056191,3.8000499463390326e-16,0.0838126802212359,18.60074769207296,-2.6459,-3.204903241899323e-17,-5.319472350538727e-17,-1.2194991767971264e-17,True,False,sub-material decrease,-26.459000000000003,-2.6459,-3.204903241899323e-18,1.2654166321308975e-17,276.891613000932,False,,-3.348165866955142e-17,432.744128517131,229,2
Shiraz,IR,29.61031,52.53113,1249942,5.229078713933866e-16,0.2974346085091356,2.166781109330941,-1.3286,-2.2630386422839787e-17,-3.846708834544004e-17,-7.895122050772375e-18,True,False,sub-material decrease,-13.286,-1.3286,-2.2630386422839787e-18,1.7412832117399765e-17,276.891613000932,False,,-2.3134688751177328e-17,167.06127136375858,228,55
Qom,IR,34.6401,50.8764,900000,4.390951382792978e-18,0.2228387004565928,8.85023270008395,-0.769,-1.1101468390129985e-19,-1.9943380202824729e-19,-3.2091442500580633e-20,True,False,sub-material decrease,-7.69,-0.769,-1.1101468390129985e-20,1.4621868104700618e-19,276.891613000932,False,,-1.1244216572514775e-19,231.63745044605588,227,52
Ürümqi,CN,43.80096,87.60046,3029372,1.1145676948944192e-20,0.2520546002296858,0.7171740291447577,-3.8585,-1.3439003471778378e-21,-2.151649087138632e-21,-5.759310867985472e-22,True,False,sub-material decrease,-38.585,-3.8585000000000003,-1.3439003471778378e-22,3.711510423998416e-22,276.891613000932,False,,-1.432086297099789e-21,2262.361040137959,226,54
Quetta,PK,30.18414,67.00141,1565546,3.3659313823889644e-27,0.2636647003322439,31.494621194781416,-0.3758,-4.185927386786497e-29,-8.46358463028733e-29,-3.669633093374232e-30,True,False,sub-material decrease,-3.758,-0.3758,-4.185927386786497e-30,1.1208551503355253e-28,276.891613000932,False,,-4.2121736549609044e-29,510.5922409074125,225,53
Isfahan,IR,32.65246,51.67462,1547164,7.199655343828144e-27,0.2009237,14.38925764858476,-0.136,-3.2532077881139584e-29,-1.0096597754107631e-28,3.4720827707068265e-29,False,False,sub-material decrease,-1.36,-0.136,-3.253207788113958e-30,2.397485229494772e-28,276.891613000932,False,,-3.26057991211289e-29,312.38390787123944,224,52
Guiyang,CN,26.58333,106.71667,3037159,0.0,0.0515039400000423,25.3757534142062,-0.4032,0.0,0.0,0.0,True,False,near zero,-4.032,-0.4032,0.0,0.0,276.891613000932,False,,-0.0,545.7559559726636,223,5
Bukavu,CD,-2.49077,28.84281,816811,0.0,0.2586775108511142,11.581597619592628,2.157,0.0,0.0,0.0,True,False,near zero,21.57,2.157,0.0,0.0,276.891613000932,False,1283.6885164623645,0.0,1167.7599658162042,222,46
Yantai,CN,37.47649,121.44081,2227733,0.0,0.06942275,21.515220874341992,1.0586,0.0,0.0,0.0,True,False,near zero,10.586,1.0586,0.0,0.0,276.891613000932,False,2615.639646711997,0.0,2.6388460424414077,221,5
La Paz,BO,-16.5,-68.15,2004652,0.0,0.2280680000698181,33.09681849393456,-0.9263,0.0,0.0,0.0,True,False,near zero,-9.263,-0.9263,0.0,0.0,276.891613000932,False,,-0.0,313.500406415524,220,51
Montréal,CA,45.50884,-73.58781,1762949,0.0,0.1345321564491395,45.10566872663463,-0.1184,0.0,0.0,0.0,True,False,near zero,-1.1840000000000002,-0.1184,0.0,0.0,276.891613000932,False,,-0.0,3.906986263742583,219,33
Zunyi,CN,27.68667,106.90722,2037775,0.0,0.0692180620677416,26.21499961852448,-0.5637,0.0,0.0,0.0,True,False,near zero,-5.637,-0.5637,0.0,0.0,276.891613000932,False,,-0.0,657.8003939613342,218,5
Bazhong,CN,31.8694,106.74432,2712894,0.0,0.0669995699998099,101.89974822613874,0.688,0.0,0.0,0.0,True,False,near zero,6.879999999999999,0.6879999999999998,0.0,0.0,276.891613000932,False,4024.5873982693606,0.0,1116.788645180663,217,5
Kobe,JP,34.6913,135.183,1525152,0.0,0.3464501999999914,0.4119935912108303,0.3534,0.0,0.0,0.0,True,False,near zero,3.534,0.35339999999999994,0.0,0.0,276.891613000932,False,7835.076768560612,0.0,1.8435619871600346,148,1
Weihai,CN,37.50914,122.11356,844310,0.0,0.11579407809397,2.792401007095464,1.0586,0.0,0.0,0.0,True,False,near zero,10.586,1.0586,0.0,0.0,276.891613000932,False,2615.639646711997,0.0,2.1526573331981536,216,5
Xiamen,CN,24.47979,118.08187,4617251,0.0,0.0827425507996686,0.0152590218967247,-0.1349,0.0,0.0,0.0,True,False,near zero,-1.349,-0.1349,0.0,0.0,276.891613000932,False,,-0.0,0.28517766793291277,215,8
Seongnam-si,KR,37.43861,127.13778,914832,0.0,0.1251497073317258,0.8697642481117214,0.6391,0.0,0.0,0.0,True,False,near zero,6.391,0.6390999999999999,0.0,0.0,276.891613000932,False,4332.5240651061185,0.0,30.062935768325605,46,1
Wanxian,CN,30.81601,108.37407,859662,0.0,0.06553053,143.40428778515297,0.8416,0.0,0.0,0.0,True,False,near zero,8.416,0.8415999999999999,0.0,0.0,276.891613000932,False,3290.061941550998,0.0,985.8147429113269,200,5
Guang’an,CN,30.47413,106.63696,858159,0.0,0.0617389367804756,11.383230334935549,0.8708,0.0,0.0,0.0,True,False,near zero,8.708,0.8708,0.0,0.0,276.891613000932,False,3179.7383210947633,0.0,965.9553055015507,214,5
Longyan,CN,25.07485,117.01775,1025087,0.0,0.071305121177354,5.684341886080804e-14,-0.5993,0.0,0.0,0.0,True,False,near zero,-5.993,-0.5993,0.0,0.0,276.891613000932,False,,-0.0,103.2490273540623,213,8
Benxi,CN,41.28861,123.765,987717,0.0,0.0821459299999999,21.637293049515563,1.9705,0.0,0.0,0.0,True,False,near zero,19.705,1.9704999999999997,0.0,0.0,276.891613000932,False,1405.1845369242933,0.0,141.84327913402572,212,5
Tegucigalpa,HN,14.0818,-87.20681,850848,1.2573197869027839e-07,0.3124423751018672,5.684341886080804e-14,0.2957,2.1175823681357513e-22,-7.165417973401356e-10,2.1175823681357513e-22,False,False,sub-material increase,2.9570000000000003,0.2957,2.1175823681357513e-23,4.186874363962206e-09,276.891613000932,False,9363.936861715658,1.2380587494236245e-09,77.45434548614112,211,32
Yixing,CN,31.36059,119.82016,1285785,5.879361412226328e-07,0.0784322184296391,5.684341886080804e-14,0.0957,1.0587911840678754e-21,-5.412979764072841e-09,1.0587911840678754e-21,False,False,sub-material increase,0.957,0.0957,1.0587911840678754e-22,1.9578261991939098e-08,276.891613000932,False,28933.292894559254,1.8736396726285717e-09,67.90125332253342,206,5
Wuwei,CN,37.92672,102.63202,1010295,1.1009459670289659e-16,0.2731125054061775,18.58548867017629,0.0388,1.4233855647727016e-19,-3.7795465423478444e-19,7.102772633003267e-19,False,False,sub-material increase,0.388,0.0388,1.4233855647727017e-20,3.666150070206456e-18,276.891613000932,False,71363.81778374537,1.422466227240105e-19,1302.5468996312125,210,5
Shijiazhuang,CN,38.04139,114.47861,3938513,4.955505700614727e-16,0.118746899999866,7.202258335240742,2.0652,3.5278765281167854e-17,1.291435915151446e-17,6.082965559604477e-17,True,False,sub-material increase,20.652,2.0652,3.5278765281167855e-18,1.6501833983047035e-17,276.891613000932,False,1340.7496271592681,3.407958754178874e-17,274.99289287664976,205,5
Lilongwe,MW,-13.96692,33.78725,1115815,1.0943603801378827e-15,0.1319032000000003,4.1962310215915295,1.3916,5.1906355558566127e-17,1.1318842818538046e-17,9.536612556699404e-17,True,False,sub-material increase,13.916,1.3916,5.1906355558566125e-18,3.644220065859145e-17,276.891613000932,False,1989.735649618655,5.071296643649586e-17,543.2238313550105,204,40
Sulaymaniyah,IQ,35.56496,45.4329,878146,3.0047582591419828e-12,0.2492028713214842,3.555352101930282,-1.2696,-1.243862992681345e-13,-2.1762402249592465e-13,-3.4621116535669494e-14,True,False,sub-material decrease,-12.696000000000002,-1.2696,-1.243862992681345e-14,1.0005845002912739e-13,276.891613000932,False,,-1.2703420815698013e-13,400.35788225284824,235,57
Gorakhpur,IN,29.44768,75.67206,1324570,1.791220170045359e-13,0.1145384535457551,34.1954680704967,-8.4765,-4.405112279938319e-14,-6.74860297602858e-14,-1.9751829331127902e-14,True,False,sub-material decrease,-84.765,-8.4765,-4.405112279938319e-15,5.9647631662499775e-15,276.891613000932,False,,-5.0560314978717935e-14,843.4529543770635,234,2
Mashhad,IR,36.29807,59.60567,2307177,4.056263369416008e-11,0.2156777999852094,14.023041123064049,-0.0141,-1.9040902910269393e-14,-2.687738605708408e-13,2.576823433672176e-13,False,False,sub-material decrease,-0.141,-0.014099999999999998,-1.9040902910269392e-15,1.3507357019607413e-12,276.891613000932,False,,-1.904537339764645e-14,501.2829686050007,233,44
Konya,TR,37.87135,32.48464,1433861,1.421027522389235e-14,0.1308908002953623,5.8136873426413445,-3.7459,-1.666471201814658e-15,-2.6872412985793534e-15,-6.98627446874893e-16,True,False,sub-material decrease,-37.458999999999996,-3.7459,-1.666471201814658e-16,4.732021649556086e-16,276.891613000932,False,,-1.7725679897072142e-15,151.85653315660343,232,28
Bishkek,KG,42.87,74.59,900000,4.126370568394902e-14,0.2286191,6.240939955748843,-0.6183,-8.409079320156897e-16,-1.4486370010423885e-15,-2.6938618686137437e-16,True,False,sub-material decrease,-6.183,-0.6183,-8.409079320156897e-17,1.3740813992754456e-15,276.891613000932,False,,-8.49594529172008e-16,1647.9572582354529,231,56
Teni,IN,10.01115,77.47772,1034724,1.5713325216523356e-11,0.0889033836992875,0.3509575036240449,0.7001,1.8471710406842525e-13,6.501805241307181e-14,1.8471710406842525e-13,True,False,sub-material increase,7.0009999999999994,0.7000999999999998,1.8471710406842526e-14,5.232537297020058e-13,276.891613000932,False,3955.029467232282,3.6632993616437415e-13,119.18791036897882,192,14
Ulan Bator,MN,47.90771,106.88324,844818,4.995217178720972e-12,0.0670028685074193,0.9308003356985068,0.7594,1.2792988126430438e-13,4.9406072772576495e-14,1.572545226667369e-13,True,False,sub-material increase,7.593999999999999,0.7593999999999999,1.2792988126430438e-14,1.6634073205057747e-13,276.891613000932,False,3646.189267855307,1.2631915191920851e-13,1308.8798368068612,193,49
Hyderabad,IN,17.38405,78.45636,6993262,1.0264636424274304e-12,0.0742353288629107,2.868696116578974,2.9418,1.028918604337368e-13,3.761268764456147e-14,1.028918604337368e-13,True,False,sub-material increase,29.418000000000003,2.9418,1.028918604337368e-14,3.418123929279835e-14,276.891613000932,False,941.2319430312463,1.005543697515542e-13,269.82358475361514,194,2
Ibb,YE,13.96667,44.18333,771514,3.1482346231131906e-12,0.0532805400032114,90.9132524605173,0.3041,3.2042659010053763e-14,6.944385737651232e-15,6.089330108224891e-14,True,False,sub-material increase,3.041,0.3041,3.2042659010053763e-15,1.048362129493392e-13,276.891613000932,False,9105.281585035582,3.188069235789405e-14,101.15049582871417,190,48
Kakamega,KE,0.28422,34.75229,1867579,5.229399026762879e-16,0.0544357799794899,20.080872816052533,3.8168,7.087400801883261e-17,2.667913240162617e-17,1.2473330492245596e-16,True,False,sub-material increase,38.168,3.8168,7.08740080188326e-18,1.741389875912038e-17,276.891613000932,False,725.4548653346574,6.646536878381067e-17,691.4512089981397,203,45
Changchun,CN,43.88,125.32278,4714996,2.4307989623123874e-09,0.0634228002268415,0.0457770656901175,1.0533,3.708277976184314e-12,3.708277976184314e-12,3.708277976184314e-12,True,False,sub-material increase,10.533,1.0533,3.708277976184314e-13,8.094560524824001e-11,276.891613000932,False,2628.8010348517237,8.526000600797119e-11,427.8075460468407,191,5
Nampula,MZ,-15.11646,39.2666,770379,1.2813391870822597e-09,0.0543753599773965,31.14366369115743,0.1819,7.784971441841527e-12,-9.42126002955584e-12,2.662370208466065e-11,False,False,sub-material increase,1.819,0.18189999999999998,7.784971441841527e-13,4.266859487516631e-11,276.891613000932,False,15222.188730122703,7.76141740779275e-12,129.34928686350852,189,47
Taiz,YE,13.57952,44.02091,940600,4.670000850266993e-10,0.0585731727777385,90.21133745326928,0.3041,4.753116036940412e-12,1.0058057625953393e-12,8.95860757882085e-12,True,False,sub-material increase,3.041,0.3041,4.753116036940412e-13,1.555110282412672e-11,276.891613000932,False,9105.281585035582,4.729090368816935e-12,78.44383653665069,190,48
Bijie,CN,27.30193,105.28627,1137383,1.0814710223536957e-07,0.1369299999813432,0.0152590218967247,0.0892,5.496625048199433e-11,-1.065696451260294e-09,5.496625048199433e-11,False,False,sub-material increase,0.892,0.0892,5.496625048199433e-12,3.6012981149678094e-09,276.891613000932,False,31041.660650328704,3.212357918551286e-10,677.3198653142549,183,5
Zaozhuang,CN,34.86472,117.55417,899753,3.5730803496813373e-09,0.0514844965701924,7.904173342488775,0.5173,6.208339533298919e-11,4.138151729356894e-12,1.283391950671215e-10,True,False,sub-material increase,5.173,0.5173,6.208339533298919e-12,1.1898357521925067e-10,276.891613000932,False,5352.631219813107,6.155020346091837e-11,149.13653569614857,182,5
Suqian,CN,33.94917,118.29583,1437685,1.4294183051919223e-08,0.0827449899982909,5.844205386434737,0.2545,1.2165583482653268e-10,-7.789419009070889e-12,2.760051491423e-10,False,False,sub-material increase,2.545,0.2545,1.2165583482653268e-11,4.75996288824932e-10,276.891613000932,False,10879.827622826406,1.2114105550594518e-10,118.68814023414707,181,5
Kigali,RW,-1.94995,30.05885,1132686,7.31934869613255e-11,0.0795449316772242,146.8070496681163,3.3303,8.584281793849532e-12,3.262071047371868e-12,1.4875974755294908e-11,True,False,sub-material increase,33.303,3.3303,8.584281793849532e-13,2.437343115633742e-12,276.891613000932,False,831.4314416146653,8.11708377799505e-12,1057.1543287686197,188,46
Shangqiu,CN,34.4143,115.65613,1859723,6.831902174909475e-10,0.0612330999999998,0.4730296787976158,0.9261,1.0846740032236544e-11,4.076048185910191e-12,1.0846740032236544e-11,True,False,sub-material increase,9.261000000000001,0.9261,1.0846740032236545e-12,2.275023422690582e-11,276.891613000932,False,2989.8673253528996,2.106899191753748e-11,325.35535764989703,187,5
Pekanbaru,ID,0.51667,101.44167,1085000,1.7242400740950322e-09,0.1002372737678649,0.6256198977645795,0.389,2.2480577588317292e-11,6.600422360437899e-12,3.629812847984543e-11,True,False,sub-material increase,3.89,0.389,2.2480577588317294e-12,5.741719436836355e-11,276.891613000932,False,7118.036323931415,2.233528860929342e-11,102.23814659471654,186,37
Baoding,CN,38.87288,115.46246,2739887,1.0100572790042162e-09,0.1072925044906819,10.040436408026268,0.7306,2.4875028401400063e-11,8.673928572200365e-12,4.321537689269801e-11,True,False,sub-material increase,7.306,0.7305999999999999,2.4875028401400064e-12,3.363490735686722e-11,276.891613000932,False,3789.9207911433346,2.457366331492719e-11,182.62820665629627,185,5
Madurai,IN,9.919,78.11953,1465625,9.385351897581616e-10,0.0518413650634364,12.314030670634054,0.863,2.7362822284118792e-11,5.401651876001717e-12,5.314701728864284e-11,True,False,sub-material increase,8.629999999999999,0.8629999999999999,2.736282228411879e-12,3.125322178961454e-11,276.891613000932,False,3208.477555051356,2.6971530404437345e-11,96.29667618826151,184,14
Xingtai,CN,37.06217,114.49272,798770,1.1422123878863439e-08,0.1481206,5.004959182116465,2.0652,8.13152979229807e-10,2.920709015774834e-10,1.4154820797774927e-09,True,False,sub-material increase,20.652,2.0652,8.13152979229807e-11,3.8035672082167085e-10,276.891613000932,False,1340.7496271592681,7.855126998409146e-10,318.74071657592424,177,5
Suzhou,CN,33.63611,116.97889,1647642,3.562895113755546e-08,0.0637811998549458,8.6366063935302,0.1665,1.9809157802246186e-10,-2.5770553090049097e-10,6.734651486183712e-10,False,False,sub-material increase,1.665,0.1665,1.9809157802246185e-11,1.1864440306088391e-09,276.891613000932,False,16630.126906962887,1.9754293109637173e-10,236.49562303537382,178,5
Nairobi,KE,-1.28333,36.81667,4397073,4.544787030866318e-08,0.0624027300000072,0.106813153276903,1.1129,1.6194035317150484e-10,1.6194035317150484e-10,1.6194035317150484e-10,True,False,sub-material increase,11.129,1.1129,1.6194035317150483e-11,1.5134140124970371e-09,276.891613000932,False,2488.0188067295535,1.6842784545079526e-09,407.8272955904459,179,45
Coimbatore,IN,11.00555,76.96612,2136916,2.4398304841092003e-09,0.0912118499914439,2.2125581750210017,1.76,1.4726694366623784e-10,4.9425487201716965e-11,1.865502460709049e-10,True,False,sub-material increase,17.6,1.76,1.4726694366623784e-11,8.124635492260905e-11,276.891613000932,False,1573.2478011416592,1.4299358466379193e-10,113.74386777274137,158,14
Nanyang,CN,33.00524,112.54659,1811812,3.189647612198668e-08,0.066139472892516,0.3509575036240449,0.1323,1.4083278971349363e-10,-1.5509417483272608e-10,3.7495720530250695e-10,False,False,sub-material increase,1.323,0.13229999999999997,1.4083278971349363e-11,1.0621526209832297e-09,276.891613000932,False,20929.0712774703,1.4052279175608125e-10,642.3514153919201,180,5
Hubballi,IN,15.34776,75.13378,943788,3.837254522836757e-08,0.0547479081197656,1.37331197070273,2.2387,1.7955698116368267e-09,1.0197903201284428e-09,1.7955698116368267e-09,True,False,sub-material increase,22.387,2.2387,1.7955698116368266e-10,1.277805707071981e-09,276.891613000932,False,1236.841081882039,2.8606236364220444e-09,109.77450207173487,176,2
Dhanbad,IN,23.79759,86.42992,1196214,1.297263327667773e-07,0.1588235880529,16.006713969634575,0.6117,2.6695712131150403e-09,-7.490940017832946e-10,6.875465776671108e-09,False,False,sub-material increase,6.117,0.6117,2.6695712131150403e-10,4.319886320730601e-09,276.891613000932,False,4526.591678942816,2.6424744623909088e-09,214.72790536227376,174,2
Ahmedabad,IN,23.02579,72.58727,6357693,6.94700437295348e-08,0.0785870407568552,16.14404516670487,1.128,2.659089633979322e-09,6.02484860461415e-10,4.968097169876147e-09,True,False,sub-material increase,11.28,1.128,2.659089633979322e-10,2.3133522954848127e-09,276.891613000932,False,2454.7128812139367,2.6094613893068685e-09,75.82895104636196,175,2
Sanhe,CN,39.98049,117.06887,965075,3.7244578235370537e-07,0.1181934999923526,12.481879911497684,1.0174,1.2834426076257588e-08,4.801340883648031e-09,2.25221151904398e-08,True,False,sub-material increase,10.174000000000001,1.0174,1.283442607625759e-09,1.2402439933140226e-08,276.891613000932,False,2721.560969146177,1.2618242387976867e-08,111.39024236037567,168,5
Rājkot,IN,22.29161,70.79322,1390640,2.140293235596366e-07,0.1954547999956735,4.287785152971708,1.2249,8.910568479958237e-09,2.5502881980087134e-09,1.6517173464236514e-08,True,False,sub-material increase,12.249,1.2248999999999999,8.910568479958237e-10,7.127174949111139e-09,276.891613000932,False,2260.5242305570414,8.730076595166233e-09,69.71446055523188,169,2
Ashgabat,TM,37.95,58.38333,1030063,1.678461876942227e-07,0.2575801691258474,12.298771648737327,1.2063,6.8795958355776e-09,2.673858275565346e-09,1.1681407278896481e-08,True,False,sub-material increase,12.062999999999999,1.2062999999999997,6.8795958355776e-10,5.589277112078603e-09,276.891613000932,False,2295.379366666103,6.7423449803004175e-09,396.7089183539128,172,44
Mianyang,CN,31.46784,104.68168,1550000,2.731168392827404e-07,0.2671537664423017,0.4882887006943406,0.4989,4.477183212607225e-09,1.0480985656544922e-09,4.477183212607225e-09,True,False,sub-material increase,4.989,0.49889999999999995,4.477183212607225e-10,9.094788264174755e-09,276.891613000932,False,5550.04235319567,4.537389864996785e-09,1123.7655469235544,173,5
Dodoma,TZ,-6.17221,35.73947,765179,5.667095039637116e-07,0.189315614930807,44.876783398184216,2.8545,5.6511767885969806e-08,2.1313259787174363e-08,9.743680761301445e-08,True,False,sub-material increase,28.544999999999998,2.8545,5.651176788596981e-09,1.887141578737486e-08,276.891613000932,False,970.0179120719287,5.386845636506153e-08,336.3178675255801,166,43
Johannesburg,ZA,-26.20227,28.04363,9418183,6.438070122101373e-07,0.1584781514039589,70.71030746929125,0.8554,1.8602399924541268e-08,6.2453812007353724e-09,3.2311783951533915e-08,True,False,sub-material increase,8.554,0.8554,1.8602399924541267e-09,2.143875970416486e-08,276.891613000932,False,3236.9840191832127,1.833871505094262e-08,443.34541406735605,162,42
