station,month,water_level_tp_m,category,source_pdf,page,date
みなとみらい２１地区,2015/04,-0.79,simple,2010-2016_all_data.pdf,7,2015-04-15
みなとみらい２１地区,2015/05,-0.84,simple,2010-2016_all_data.pdf,7,2015-05-15
みなとみらい２１地区,2015/06,-0.64,simple,2010-2016_all_data.pdf,7,2015-06-15
みなとみらい２１地区,2015/07,-0.47,simple,2010-2016_all_data.pdf,7,2015-07-15
みなとみらい２１地区,2015/08,-0.53,simple,2010-2016_all_data.pdf,7,2015-08-15
みなとみらい２１地区,2015/10,-0.29,simple,2010-2016_all_data.pdf,7,2015-10-15
みなとみらい２１地区,2015/11,-0.48,simple,2010-2016_all_data.pdf,7,2015-11-15
みなとみらい２１地区,2015/12,-0.45,simple,2010-2016_all_data.pdf,7,2015-12-15
みなとみらい２１地区,2016/01,-0.69,simple,2010-2016_all_data.pdf,7,2016-01-15
みなとみらい２１地区,2016/02,-0.89,simple,2010-2016_all_data.pdf,7,2016-02-15
みなとみらい２１地区,2016/03,-0.74,simple,2010-2016_all_data.pdf,7,2016-03-15
みなとみらい２１地区（50m）,2010/04,-3.25,simple,2010-2016_all_data.pdf,2,2010-04-15
みなとみらい２１地区（50m）,2010/05,-1.18,simple,2010-2016_all_data.pdf,2,2010-05-15
みなとみらい２１地区（50m）,2010/06,-2.21,simple,2010-2016_all_data.pdf,2,2010-06-15
みなとみらい２１地区（50m）,2010/07,-1.18,simple,2010-2016_all_data.pdf,2,2010-07-15
みなとみらい２１地区（50m）,2010/08,-1.15,simple,2010-2016_all_data.pdf,2,2010-08-15
みなとみらい２１地区（50m）,2010/09,-2.08,simple,2010-2016_all_data.pdf,2,2010-09-15
みなとみらい２１地区（50m）,2010/10,-2.37,simple,2010-2016_all_data.pdf,2,2010-10-15
みなとみらい２１地区（50m）,2010/11,-2.56,simple,2010-2016_all_data.pdf,2,2010-11-15
みなとみらい２１地区（50m）,2010/12,-2.69,simple,2010-2016_all_data.pdf,2,2010-12-15
みなとみらい２１地区（50m）,2011/01,-2.86,simple,2010-2016_all_data.pdf,2,2011-01-15
みなとみらい２１地区（50m）,2011/02,-3.09,simple,2010-2016_all_data.pdf,2,2011-02-15
みなとみらい２１地区（50m）,2011/03,-2.53,simple,2010-2016_all_data.pdf,2,2011-03-15
みなとみらい２１地区（50m）,2011/04,-2.81,simple,2010-2016_all_data.pdf,3,2011-04-15
みなとみらい２１地区（50m）,2011/05,-2.83,simple,2010-2016_all_data.pdf,3,2011-05-15
みなとみらい２１地区（50m）,2011/06,-1.99,simple,2010-2016_all_data.pdf,3,2011-06-15
みなとみらい２１地区（50m）,2011/07,-2.1,simple,2010-2016_all_data.pdf,3,2011-07-15
みなとみらい２１地区（50m）,2011/08,-2.41,simple,2010-2016_all_data.pdf,3,2011-08-15
みなとみらい２１地区（50m）,2011/09,-2.36,simple,2010-2016_all_data.pdf,3,2011-09-15
みなとみらい２１地区（50m）,2011/10,-2.27,simple,2010-2016_all_data.pdf,3,2011-10-15
みなとみらい２１地区（50m）,2011/11,-1.65,simple,2010-2016_all_data.pdf,3,2011-11-15
みなとみらい２１地区（50m）,2011/12,-2.3,simple,2010-2016_all_data.pdf,3,2011-12-15
みなとみらい２１地区（50m）,2012/01,-2.78,simple,2010-2016_all_data.pdf,3,2012-01-15
みなとみらい２１地区（50m）,2012/11,-1.16,simple,2010-2016_all_data.pdf,4,2012-11-15
みなとみらい２１地区（50m）,2013/03,-1.29,simple,2010-2016_all_data.pdf,4,2013-03-15
みなとみらい２１地区（50m）,2013/04,-0.97,simple,2010-2016_all_data.pdf,5,2013-04-15
みなとみらい２１地区（50m）,2013/05,-2.06,simple,2010-2016_all_data.pdf,5,2013-05-15
みなとみらい２１地区（50m）,2013/07,-0.71,simple,2010-2016_all_data.pdf,5,2013-07-15
みなとみらい２１地区（50m）,2013/08,-0.8,simple,2010-2016_all_data.pdf,5,2013-08-15
みなとみらい２１地区（50m）,2013/09,-0.76,simple,2010-2016_all_data.pdf,5,2013-09-15
みなとみらい２１地区（50m）,2013/10,-0.42,simple,2010-2016_all_data.pdf,5,2013-10-15
みなとみらい２１地区（50m）,2013/12,-0.8,simple,2010-2016_all_data.pdf,5,2013-12-15
みなとみらい２１地区（50m）,2014/01,-1.05,simple,2010-2016_all_data.pdf,5,2014-01-15
みなとみらい２１地区（50m）,2014/03,-0.8,simple,2010-2016_all_data.pdf,5,2014-03-15
みなとみらい２１地区（50m）,2014/04,-0.85,simple,2010-2016_all_data.pdf,6,2014-04-15
みなとみらい２１地区（50m）,2014/05,-0.93,simple,2010-2016_all_data.pdf,6,2014-05-15
みなとみらい２１地区（50m）,2014/06,-0.61,simple,2010-2016_all_data.pdf,6,2014-06-15
みなとみらい２１地区（50m）,2014/07,-0.59,simple,2010-2016_all_data.pdf,6,2014-07-15
みなとみらい２１地区（50m）,2014/08,-0.72,simple,2010-2016_all_data.pdf,6,2014-08-15
みなとみらい２１地区（50m）,2014/09,-0.52,simple,2010-2016_all_data.pdf,6,2014-09-15
みなとみらい２１地区（50m）,2014/10,-1.3,simple,2010-2016_all_data.pdf,6,2014-10-15
みなとみらい２１地区（50m）,2014/11,-0.51,simple,2010-2016_all_data.pdf,6,2014-11-15
みなとみらい２１地区（50m）,2014/12,-0.51,simple,2010-2016_all_data.pdf,6,2014-12-15
みなとみらい２１地区（50m）,2015/03,-0.79,simple,2010-2016_all_data.pdf,6,2015-03-15
みなとみらい２１地区（50m）,2016/04,-0.64,simple,2010-2016_all_data.pdf,8,2016-04-15
みなとみらい２１地区（50m）,2016/06,-0.66,simple,2010-2016_all_data.pdf,8,2016-06-15
みなとみらい２１地区（50m）,2016/07,-0.19,simple,2010-2016_all_data.pdf,8,2016-07-15
みなとみらい２１地区（50m）,2016/08,-0.26,simple,2010-2016_all_data.pdf,8,2016-08-15
みなとみらい２１地区（50m）,2016/09,-0.57,simple,2010-2016_all_data.pdf,8,2016-09-15
みなとみらい２１地区（50m）,2016/10,-0.12,simple,2010-2016_all_data.pdf,8,2016-10-15
みなとみらい２１地区（50m）,2016/11,-0.31,simple,2010-2016_all_data.pdf,8,2016-11-15
みなとみらい２１地区（50m）,2016/12,-0.39,simple,2010-2016_all_data.pdf,8,2016-12-15
みなとみらい２１地区（50m）,2017/01,-0.75,simple,2010-2016_all_data.pdf,8,2017-01-15
みなとみらい２１地区（50m）,2017/02,-0.94,simple,2010-2016_all_data.pdf,8,2017-02-15
みなとみらい２１地区（50m）,2017/03,-1.03,simple,2010-2016_all_data.pdf,8,2017-03-15
みなとみらい２１地区（50m）,2017/04,-0.83,simple,2017_all_kansokukekka_ichiran_R.pdf,26,2017-04-15
みなとみらい２１地区（50m）,2017/05,-0.76,simple,2017_all_kansokukekka_ichiran_R.pdf,26,2017-05-15
みなとみらい２１地区（50m）,2017/09,-0.97,simple,2017_all_kansokukekka_ichiran_R.pdf,26,2017-09-15
みなとみらい２１地区（50m）,2017/10,-0.12,simple,2017_all_kansokukekka_ichiran_R.pdf,26,2017-10-15
みなとみらい２１地区（50m）,2017/12,-0.57,simple,2017_all_kansokukekka_ichiran_R.pdf,26,2017-12-15
みなとみらい２１地区（50m）,2018/01,-0.8,simple,2017_all_kansokukekka_ichiran_R.pdf,26,2018-01-15
みなとみらい２１地区（50m）,2018/02,-1.12,simple,2017_all_kansokukekka_ichiran_R.pdf,26,2018-02-15
みなとみらい２１地区（50m）,2018/04,-0.76,simple,2018_all_kansokukekka_ichiran_R.pdf,26,2018-04-15
みなとみらい２１地区（50m）,2018/05,-0.78,simple,2018_all_kansokukekka_ichiran_R.pdf,26,2018-05-15
みなとみらい２１地区（50m）,2018/07,-0.78,simple,2018_all_kansokukekka_ichiran_R.pdf,26,2018-07-15
みなとみらい２１地区（50m）,2018/08,-1.04,simple,2018_all_kansokukekka_ichiran_R.pdf,26,2018-08-15
みなとみらい２１地区（50m）,2018/09,-0.87,simple,2018_all_kansokukekka_ichiran_R.pdf,26,2018-09-15
みなとみらい２１地区（50m）,2018/10,-0.81,simple,2018_all_kansokukekka_ichiran_R.pdf,26,2018-10-15
みなとみらい２１地区（50m）,2018/11,-0.87,simple,2018_all_kansokukekka_ichiran_R.pdf,26,2018-11-15
みなとみらい２１地区（50m）,2019/01,-1.8,simple,2018_all_kansokukekka_ichiran_R.pdf,26,2019-01-15
みなとみらい２１地区（50m）,2019/02,-1.8,simple,2018_all_kansokukekka_ichiran_R.pdf,26,2019-02-15
みなとみらい２１地区（50m）,2019/03,-1.84,simple,2018_all_kansokukekka_ichiran_R.pdf,26,2019-03-15
みなとみらい２１地区（50m）,2019/04,-0.28,simple,2019_all_kansokukekka_ichiran_R.pdf,26,2019-04-15
みなとみらい２１地区（50m）,2019/05,-1.08,simple,2019_all_kansokukekka_ichiran_R.pdf,26,2019-05-15
みなとみらい２１地区（50m）,2019/06,-0.58,simple,2019_all_kansokukekka_ichiran_R.pdf,26,2019-06-15
みなとみらい２１地区（50m）,2019/07,-0.57,simple,2019_all_kansokukekka_ichiran_R.pdf,26,2019-07-15
みなとみらい２１地区（50m）,2019/08,-0.53,simple,2019_all_kansokukekka_ichiran_R.pdf,26,2019-08-15
みなとみらい２１地区（50m）,2019/09,-0.39,simple,2019_all_kansokukekka_ichiran_R.pdf,26,2019-09-15
みなとみらい２１地区（50m）,2019/10,-0.11,simple,2019_all_kansokukekka_ichiran_R.pdf,26,2019-10-15
みなとみらい２１地区（50m）,2019/11,-0.16,simple,2019_all_kansokukekka_ichiran_R.pdf,26,2019-11-15
みなとみらい２１地区（50m）,2019/12,-0.12,simple,2019_all_kansokukekka_ichiran_R.pdf,26,2019-12-15
みなとみらい２１地区（50m）,2020/01,-1.13,simple,2019_all_kansokukekka_ichiran_R.pdf,26,2020-01-15
みなとみらい２１地区（50m）,2020/02,-1.3,simple,2019_all_kansokukekka_ichiran_R.pdf,26,2020-02-15
みなとみらい２１地区（50m）,2020/03,-1.41,simple,2019_all_kansokukekka_ichiran_R.pdf,26,2020-03-15
みなとみらい２１地区（50m）,2020/07,-0.36,simple,2020_all_kansokukekka_ichiran_R.pdf,26,2020-07-15
みなとみらい２１地区（50m）,2020/10,-0.36,simple,2020_all_kansokukekka_ichiran_R.pdf,26,2020-10-15
みなとみらい２１地区（50m）,2020/11,-0.49,simple,2020_all_kansokukekka_ichiran_R.pdf,26,2020-11-15
みなとみらい２１地区（50m）,2020/12,-0.61,simple,2020_all_kansokukekka_ichiran_R.pdf,26,2020-12-15
みなとみらい２１地区（50m）,2021/04,-0.44,simple,2021_all_kansokukekka_ichiran_R.pdf,26,2021-04-15
みなとみらい２１地区（50m）,2021/05,-0.6,simple,2021_all_kansokukekka_ichiran_R.pdf,26,2021-05-15
みなとみらい２１地区（50m）,2021/06,-1.24,simple,2021_all_kansokukekka_ichiran_R.pdf,26,2021-06-15
みなとみらい２１地区（50m）,2021/07,-0.16,simple,2021_all_kansokukekka_ichiran_R.pdf,26,2021-07-15
みなとみらい２１地区（50m）,2021/08,-0.18,simple,2021_all_kansokukekka_ichiran_R.pdf,26,2021-08-15
みなとみらい２１地区（50m）,2021/09,-0.19,simple,2021_all_kansokukekka_ichiran_R.pdf,26,2021-09-15
みなとみらい２１地区（50m）,2021/11,-0.34,simple,2021_all_kansokukekka_ichiran_R.pdf,26,2021-11-15
みなとみらい２１地区（50m）,2021/12,-0.36,simple,2021_all_kansokukekka_ichiran_R.pdf,26,2021-12-15
みなとみらい２１地区（50m）,2022/01,-0.57,simple,2021_all_kansokukekka_ichiran_R.pdf,26,2022-01-15
みなとみらい２１地区（50m）,2022/02,-0.75,simple,2021_all_kansokukekka_ichiran_R.pdf,26,2022-02-15
みなとみらい２１地区（50m）,2022/03,-0.66,simple,2021_all_kansokukekka_ichiran_R.pdf,26,2022-03-15
みなとみらい２１地区（50m）,2022/04,-0.62,simple,2022_all_kansokukekka_ichiran_R.pdf,26,2022-04-15
みなとみらい２１地区（50m）,2022/05,-0.43,simple,2022_all_kansokukekka_ichiran_R.pdf,26,2022-05-15
みなとみらい２１地区（50m）,2022/06,-0.47,simple,2022_all_kansokukekka_ichiran_R.pdf,26,2022-06-15
みなとみらい２１地区（50m）,2022/07,-0.31,simple,2022_all_kansokukekka_ichiran_R.pdf,26,2022-07-15
みなとみらい２１地区（50m）,2022/08,-0.1,simple,2022_all_kansokukekka_ichiran_R.pdf,26,2022-08-15
みなとみらい２１地区（50m）,2022/09,-0.31,simple,2022_all_kansokukekka_ichiran_R.pdf,26,2022-09-15
みなとみらい２１地区（50m）,2022/10,-0.05,simple,2022_all_kansokukekka_ichiran_R.pdf,26,2022-10-15
みなとみらい２１地区（50m）,2022/11,0.09,simple,2022_all_kansokukekka_ichiran_R.pdf,26,2022-11-15
みなとみらい２１地区（50m）,2022/12,-0.28,simple,2022_all_kansokukekka_ichiran_R.pdf,26,2022-12-15
みなとみらい２１地区（50m）,2023/01,-0.45,simple,2022_all_kansokukekka_ichiran_R.pdf,26,2023-01-15
みなとみらい２１地区（50m）,2023/02,-0.68,simple,2022_all_kansokukekka_ichiran_R.pdf,26,2023-02-15
みなとみらい２１地区（50m）,2023/03,-0.84,simple,2022_all_kansokukekka_ichiran_R.pdf,26,2023-03-15
みなとみらい２１地区（50m）,2023/04,-0.68,simple,2023_all_kansokukekka_ichiran.pdf,26,2023-04-15
みなとみらい２１地区（50m）,2023/05,-0.39,simple,2023_all_kansokukekka_ichiran.pdf,26,2023-05-15
みなとみらい２１地区（50m）,2023/06,-0.14,simple,2023_all_kansokukekka_ichiran.pdf,26,2023-06-15
みなとみらい２１地区（50m）,2023/07,-0.37,simple,2023_all_kansokukekka_ichiran.pdf,26,2023-07-15
みなとみらい２１地区（50m）,2023/08,-0.4,simple,2023_all_kansokukekka_ichiran.pdf,26,2023-08-15
みなとみらい２１地区（50m）,2023/09,-0.19,simple,2023_all_kansokukekka_ichiran.pdf,26,2023-09-15
みなとみらい２１地区（50m）,2023/10,-0.19,simple,2023_all_kansokukekka_ichiran.pdf,26,2023-10-15
みなとみらい２１地区（50m）,2023/11,-0.34,simple,2023_all_kansokukekka_ichiran.pdf,26,2023-11-15
みなとみらい２１地区（50m）,2023/12,-0.39,simple,2023_all_kansokukekka_ichiran.pdf,26,2023-12-15
みなとみらい２１地区（50m）,2024/01,-0.71,simple,2023_all_kansokukekka_ichiran.pdf,26,2024-01-15
みなとみらい２１地区（50m）,2024/02,-0.68,simple,2023_all_kansokukekka_ichiran.pdf,26,2024-02-15
みなとみらい２１地区（50m）,2024/03,-0.49,simple,2023_all_kansokukekka_ichiran.pdf,26,2024-03-15
みなとみらい２１地区（50m）,2024/04,-0.43,simple,2024_all_kansokukekka_ichiran.pdf,26,2024-04-15
みなとみらい２１地区（50m）,2024/05,-0.4,simple,2024_all_kansokukekka_ichiran.pdf,26,2024-05-15
みなとみらい２１地区（50m）,2024/06,-0.29,simple,2024_all_kansokukekka_ichiran.pdf,26,2024-06-15
みなとみらい２１地区（50m）,2024/07,-1.05,simple,2024_all_kansokukekka_ichiran.pdf,26,2024-07-15
みなとみらい２１地区（50m）,2024/08,-0.29,simple,2024_all_kansokukekka_ichiran.pdf,26,2024-08-15
みなとみらい２１地区（50m）,2024/09,-0.21,simple,2024_all_kansokukekka_ichiran.pdf,26,2024-09-15
みなとみらい２１地区（50m）,2024/10,-0.17,simple,2024_all_kansokukekka_ichiran.pdf,26,2024-10-15
みなとみらい２１地区（50m）,2024/11,-0.19,simple,2024_all_kansokukekka_ichiran.pdf,26,2024-11-15
みなとみらい２１地区（50m）,2024/12,-0.41,simple,2024_all_kansokukekka_ichiran.pdf,26,2024-12-15
みなとみらい２１地区（50m）,2025/01,-0.68,simple,2024_all_kansokukekka_ichiran.pdf,26,2025-01-15
みなとみらい２１地区（50m）,2025/02,-0.84,simple,2024_all_kansokukekka_ichiran.pdf,26,2025-02-15
みなとみらい２１地区（50m）,2025/03,-0.97,simple,2024_all_kansokukekka_ichiran.pdf,26,2025-03-15
みなとみらい２１地区（50m）,2025/04,-0.67,simple,2025_all_data.pdf,3,2025-04-15
みなとみらい２１地区（50m）,2025/05,-0.5,simple,2025_all_data.pdf,3,2025-05-15
みなとみらい２１地区（50m）,2025/06,-0.35,simple,2025_all_data.pdf,3,2025-06-15
みなとみらい２１地区（50m）,2025/07,-0.43,simple,2025_all_data.pdf,3,2025-07-15
みなとみらい２１地区（50m）,2025/08,0.02,simple,2025_all_data.pdf,3,2025-08-15
みなとみらい２１地区（50m）,2025/09,-0.37,simple,2025_all_data.pdf,3,2025-09-15
みなとみらい２１地区（50m）,2025/10,-0.04,simple,2025_all_data.pdf,3,2025-10-15
みなとみらい２１地区（50m）,2025/11,-0.23,simple,2025_all_data.pdf,3,2025-11-15
みなとみらい２１地区（50m）,2025/12,-0.58,simple,2025_all_data.pdf,3,2025-12-15
みなとみらい２１地区（50m）,2026/01,-0.79,simple,2025_all_data.pdf,3,2026-01-15
みなとみらい２１地区（50m）,2026/02,-0.13,simple,2025_all_data.pdf,3,2026-02-15
みなとみらい２１地区（50m）,2026/03,-0.76,simple,2025_all_data.pdf,3,2026-03-15
南希望が丘中学校,2015/04,49.38,simple,2010-2016_all_data.pdf,7,2015-04-15
南希望が丘中学校,2015/05,49.16,simple,2010-2016_all_data.pdf,7,2015-05-15
南希望が丘中学校,2015/06,49.16,simple,2010-2016_all_data.pdf,7,2015-06-15
南希望が丘中学校,2015/07,49.52,simple,2010-2016_all_data.pdf,7,2015-07-15
南希望が丘中学校,2015/08,49.26,simple,2010-2016_all_data.pdf,7,2015-08-15
南希望が丘中学校,2015/09,49.65,simple,2010-2016_all_data.pdf,7,2015-09-15
南希望が丘中学校,2015/10,49.54,simple,2010-2016_all_data.pdf,7,2015-10-15
南希望が丘中学校,2015/11,49.48,simple,2010-2016_all_data.pdf,7,2015-11-15
南希望が丘中学校,2015/12,49.6,simple,2010-2016_all_data.pdf,7,2015-12-15
南希望が丘中学校,2016/01,49.4,simple,2010-2016_all_data.pdf,7,2016-01-15
南希望が丘中学校,2016/02,49.36,simple,2010-2016_all_data.pdf,7,2016-02-15
南希望が丘中学校,2016/03,49.62,simple,2010-2016_all_data.pdf,7,2016-03-15
南希望が丘中学校（44m）,2010/04,49.99,simple,2010-2016_all_data.pdf,2,2010-04-15
南希望が丘中学校（44m）,2010/05,49.99,simple,2010-2016_all_data.pdf,2,2010-05-15
南希望が丘中学校（44m）,2010/07,49.87,simple,2010-2016_all_data.pdf,2,2010-07-15
南希望が丘中学校（44m）,2010/08,49.57,simple,2010-2016_all_data.pdf,2,2010-08-15
南希望が丘中学校（44m）,2010/10,50.03,simple,2010-2016_all_data.pdf,2,2010-10-15
南希望が丘中学校（44m）,2010/11,50.17,simple,2010-2016_all_data.pdf,2,2010-11-15
南希望が丘中学校（44m）,2010/12,50.28,simple,2010-2016_all_data.pdf,2,2010-12-15
南希望が丘中学校（44m）,2011/01,49.77,simple,2010-2016_all_data.pdf,2,2011-01-15
南希望が丘中学校（44m）,2011/02,49.9,simple,2010-2016_all_data.pdf,2,2011-02-15
南希望が丘中学校（44m）,2011/03,48.04,simple,2010-2016_all_data.pdf,2,2011-03-15
南希望が丘中学校（44m）,2011/04,47.76,simple,2010-2016_all_data.pdf,3,2011-04-15
南希望が丘中学校（44m）,2011/05,48.29,simple,2010-2016_all_data.pdf,3,2011-05-15
南希望が丘中学校（44m）,2011/06,48.55,simple,2010-2016_all_data.pdf,3,2011-06-15
南希望が丘中学校（44m）,2011/07,48.25,simple,2010-2016_all_data.pdf,3,2011-07-15
南希望が丘中学校（44m）,2011/08,48.67,simple,2010-2016_all_data.pdf,3,2011-08-15
南希望が丘中学校（44m）,2011/09,48.86,simple,2010-2016_all_data.pdf,3,2011-09-15
南希望が丘中学校（44m）,2011/10,48.82,simple,2010-2016_all_data.pdf,3,2011-10-15
南希望が丘中学校（44m）,2011/11,48.73,simple,2010-2016_all_data.pdf,3,2011-11-15
南希望が丘中学校（44m）,2011/12,48.55,simple,2010-2016_all_data.pdf,3,2011-12-15
南希望が丘中学校（44m）,2012/07,49.07,simple,2010-2016_all_data.pdf,4,2012-07-15
南希望が丘中学校（44m）,2012/08,48.9,simple,2010-2016_all_data.pdf,4,2012-08-15
南希望が丘中学校（44m）,2012/09,48.9,simple,2010-2016_all_data.pdf,4,2012-09-15
南希望が丘中学校（44m）,2012/11,49.16,simple,2010-2016_all_data.pdf,4,2012-11-15
南希望が丘中学校（44m）,2012/12,49.03,simple,2010-2016_all_data.pdf,4,2012-12-15
南希望が丘中学校（44m）,2013/01,48.96,simple,2010-2016_all_data.pdf,4,2013-01-15
南希望が丘中学校（44m）,2013/03,48.87,simple,2010-2016_all_data.pdf,4,2013-03-15
南希望が丘中学校（44m）,2013/05,49.24,simple,2010-2016_all_data.pdf,5,2013-05-15
南希望が丘中学校（44m）,2013/06,49.35,simple,2010-2016_all_data.pdf,5,2013-06-15
南希望が丘中学校（44m）,2013/08,49.2,simple,2010-2016_all_data.pdf,5,2013-08-15
南希望が丘中学校（44m）,2013/09,49.16,simple,2010-2016_all_data.pdf,5,2013-09-15
南希望が丘中学校（44m）,2013/10,49.67,simple,2010-2016_all_data.pdf,5,2013-10-15
南希望が丘中学校（44m）,2013/11,49.59,simple,2010-2016_all_data.pdf,5,2013-11-15
南希望が丘中学校（44m）,2013/12,49.29,simple,2010-2016_all_data.pdf,5,2013-12-15
南希望が丘中学校（44m）,2014/01,49.16,simple,2010-2016_all_data.pdf,5,2014-01-15
南希望が丘中学校（44m）,2014/03,49.52,simple,2010-2016_all_data.pdf,5,2014-03-15
南希望が丘中学校（44m）,2014/05,49.15,simple,2010-2016_all_data.pdf,6,2014-05-15
南希望が丘中学校（44m）,2014/07,49.34,simple,2010-2016_all_data.pdf,6,2014-07-15
南希望が丘中学校（44m）,2014/08,49.25,simple,2010-2016_all_data.pdf,6,2014-08-15
南希望が丘中学校（44m）,2014/09,49.34,simple,2010-2016_all_data.pdf,6,2014-09-15
南希望が丘中学校（44m）,2014/11,49.44,simple,2010-2016_all_data.pdf,6,2014-11-15
南希望が丘中学校（44m）,2014/12,49.29,simple,2010-2016_all_data.pdf,6,2014-12-15
南希望が丘中学校（44m）,2015/01,49.19,simple,2010-2016_all_data.pdf,6,2015-01-15
南希望が丘中学校（44m）,2015/02,49.22,simple,2010-2016_all_data.pdf,6,2015-02-15
南希望が丘中学校（44m）,2016/04,49.54,simple,2010-2016_all_data.pdf,8,2016-04-15
南希望が丘中学校（44m）,2016/06,49.6,simple,2010-2016_all_data.pdf,8,2016-06-15
南希望が丘中学校（44m）,2016/07,49.75,simple,2010-2016_all_data.pdf,8,2016-07-15
南希望が丘中学校（44m）,2016/08,49.91,simple,2010-2016_all_data.pdf,8,2016-08-15
南希望が丘中学校（44m）,2016/09,49.96,simple,2010-2016_all_data.pdf,8,2016-09-15
南希望が丘中学校（44m）,2016/11,49.77,simple,2010-2016_all_data.pdf,8,2016-11-15
南希望が丘中学校（44m）,2016/12,49.53,simple,2010-2016_all_data.pdf,8,2016-12-15
南希望が丘中学校（44m）,2017/01,49.3,simple,2010-2016_all_data.pdf,8,2017-01-15
南希望が丘中学校（44m）,2017/02,49.2,simple,2010-2016_all_data.pdf,8,2017-02-15
南希望が丘中学校（44m）,2017/03,49.12,simple,2010-2016_all_data.pdf,8,2017-03-15
南希望が丘中学校（44m）,2017/04,49.29,simple,2017_all_kansokukekka_ichiran_R.pdf,26,2017-04-15
南希望が丘中学校（44m）,2017/05,49.34,simple,2017_all_kansokukekka_ichiran_R.pdf,26,2017-05-15
南希望が丘中学校（44m）,2017/09,49.65,simple,2017_all_kansokukekka_ichiran_R.pdf,26,2017-09-15
南希望が丘中学校（44m）,2017/10,50.23,simple,2017_all_kansokukekka_ichiran_R.pdf,26,2017-10-15
南希望が丘中学校（44m）,2017/12,49.53,simple,2017_all_kansokukekka_ichiran_R.pdf,26,2017-12-15
南希望が丘中学校（44m）,2018/01,49.29,simple,2017_all_kansokukekka_ichiran_R.pdf,26,2018-01-15
南希望が丘中学校（44m）,2018/02,49.09,simple,2017_all_kansokukekka_ichiran_R.pdf,26,2018-02-15
南希望が丘中学校（44m）,2018/04,49.53,simple,2018_all_kansokukekka_ichiran_R.pdf,26,2018-04-15
南希望が丘中学校（44m）,2018/05,49.66,simple,2018_all_kansokukekka_ichiran_R.pdf,26,2018-05-15
南希望が丘中学校（44m）,2018/07,49.61,simple,2018_all_kansokukekka_ichiran_R.pdf,26,2018-07-15
南希望が丘中学校（44m）,2018/08,49.44,simple,2018_all_kansokukekka_ichiran_R.pdf,26,2018-08-15
南希望が丘中学校（44m）,2018/09,49.45,simple,2018_all_kansokukekka_ichiran_R.pdf,26,2018-09-15
南希望が丘中学校（44m）,2018/10,49.8,simple,2018_all_kansokukekka_ichiran_R.pdf,26,2018-10-15
南希望が丘中学校（44m）,2018/11,49.57,simple,2018_all_kansokukekka_ichiran_R.pdf,26,2018-11-15
南希望が丘中学校（44m）,2019/02,49.22,simple,2018_all_kansokukekka_ichiran_R.pdf,26,2019-02-15
南希望が丘中学校（44m）,2019/03,49.22,simple,2018_all_kansokukekka_ichiran_R.pdf,26,2019-03-15
南希望が丘中学校（44m）,2019/04,49.5,simple,2019_all_kansokukekka_ichiran_R.pdf,26,2019-04-15
南希望が丘中学校（44m）,2019/05,49.4,simple,2019_all_kansokukekka_ichiran_R.pdf,26,2019-05-15
南希望が丘中学校（44m）,2019/06,49.76,simple,2019_all_kansokukekka_ichiran_R.pdf,26,2019-06-15
南希望が丘中学校（44m）,2019/07,49.84,simple,2019_all_kansokukekka_ichiran_R.pdf,26,2019-07-15
南希望が丘中学校（44m）,2019/08,49.49,simple,2019_all_kansokukekka_ichiran_R.pdf,26,2019-08-15
南希望が丘中学校（44m）,2019/09,49.83,simple,2019_all_kansokukekka_ichiran_R.pdf,26,2019-09-15
南希望が丘中学校（44m）,2019/10,50.17,simple,2019_all_kansokukekka_ichiran_R.pdf,26,2019-10-15
南希望が丘中学校（44m）,2019/11,50.15,simple,2019_all_kansokukekka_ichiran_R.pdf,26,2019-11-15
南希望が丘中学校（44m）,2019/12,50.01,simple,2019_all_kansokukekka_ichiran_R.pdf,26,2019-12-15
南希望が丘中学校（44m）,2020/01,49.74,simple,2019_all_kansokukekka_ichiran_R.pdf,26,2020-01-15
南希望が丘中学校（44m）,2020/02,49.72,simple,2019_all_kansokukekka_ichiran_R.pdf,26,2020-02-15
南希望が丘中学校（44m）,2020/03,49.72,simple,2019_all_kansokukekka_ichiran_R.pdf,26,2020-03-15
南希望が丘中学校（44m）,2020/08,50.0,simple,2020_all_kansokukekka_ichiran_R.pdf,26,2020-08-15
南希望が丘中学校（44m）,2020/10,49.93,simple,2020_all_kansokukekka_ichiran_R.pdf,26,2020-10-15
南希望が丘中学校（44m）,2020/11,49.68,simple,2020_all_kansokukekka_ichiran_R.pdf,26,2020-11-15
南希望が丘中学校（44m）,2020/12,49.5,simple,2020_all_kansokukekka_ichiran_R.pdf,26,2020-12-15
南希望が丘中学校（44m）,2021/04,49.45,simple,2021_all_kansokukekka_ichiran_R.pdf,26,2021-04-15
南希望が丘中学校（44m）,2021/05,49.51,simple,2021_all_kansokukekka_ichiran_R.pdf,26,2021-05-15
南希望が丘中学校（44m）,2021/06,49.57,simple,2021_all_kansokukekka_ichiran_R.pdf,26,2021-06-15
南希望が丘中学校（44m）,2021/07,49.93,simple,2021_all_kansokukekka_ichiran_R.pdf,26,2021-07-15
南希望が丘中学校（44m）,2021/08,50.04,simple,2021_all_kansokukekka_ichiran_R.pdf,26,2021-08-15
南希望が丘中学校（44m）,2021/10,49.65,simple,2021_all_kansokukekka_ichiran_R.pdf,26,2021-10-15
南希望が丘中学校（44m）,2021/11,49.51,simple,2021_all_kansokukekka_ichiran_R.pdf,26,2021-11-15
南希望が丘中学校（44m）,2021/12,49.5,simple,2021_all_kansokukekka_ichiran_R.pdf,26,2021-12-15
南希望が丘中学校（44m）,2022/01,49.28,simple,2021_all_kansokukekka_ichiran_R.pdf,26,2022-01-15
南希望が丘中学校（44m）,2022/02,49.2,simple,2021_all_kansokukekka_ichiran_R.pdf,26,2022-02-15
南希望が丘中学校（44m）,2022/03,49.08,simple,2021_all_kansokukekka_ichiran_R.pdf,26,2022-03-15
南希望が丘中学校（44m）,2022/04,49.39,simple,2022_all_kansokukekka_ichiran_R.pdf,26,2022-04-15
南希望が丘中学校（44m）,2022/06,49.62,simple,2022_all_kansokukekka_ichiran_R.pdf,26,2022-06-15
南希望が丘中学校（44m）,2022/07,49.64,simple,2022_all_kansokukekka_ichiran_R.pdf,26,2022-07-15
南希望が丘中学校（44m）,2022/08,49.48,simple,2022_all_kansokukekka_ichiran_R.pdf,26,2022-08-15
南希望が丘中学校（44m）,2022/09,49.95,simple,2022_all_kansokukekka_ichiran_R.pdf,26,2022-09-15
南希望が丘中学校（44m）,2022/10,50.14,simple,2022_all_kansokukekka_ichiran_R.pdf,26,2022-10-15
南希望が丘中学校（44m）,2022/11,49.85,simple,2022_all_kansokukekka_ichiran_R.pdf,26,2022-11-15
南希望が丘中学校（44m）,2022/12,49.78,simple,2022_all_kansokukekka_ichiran_R.pdf,26,2022-12-15
南希望が丘中学校（44m）,2023/01,49.56,simple,2022_all_kansokukekka_ichiran_R.pdf,26,2023-01-15
南希望が丘中学校（44m）,2023/02,49.43,simple,2022_all_kansokukekka_ichiran_R.pdf,26,2023-02-15
南希望が丘中学校（44m）,2023/03,49.21,simple,2022_all_kansokukekka_ichiran_R.pdf,26,2023-03-15
南希望が丘中学校（44m）,2023/04,49.33,simple,2023_all_kansokukekka_ichiran.pdf,26,2023-04-15
南希望が丘中学校（44m）,2023/05,49.39,simple,2023_all_kansokukekka_ichiran.pdf,26,2023-05-15
南希望が丘中学校（44m）,2023/06,49.84,simple,2023_all_kansokukekka_ichiran.pdf,26,2023-06-15
南希望が丘中学校（44m）,2023/07,49.56,simple,2023_all_kansokukekka_ichiran.pdf,26,2023-07-15
南希望が丘中学校（44m）,2023/08,49.45,simple,2023_all_kansokukekka_ichiran.pdf,26,2023-08-15
南希望が丘中学校（44m）,2023/09,49.57,simple,2023_all_kansokukekka_ichiran.pdf,26,2023-09-15
南希望が丘中学校（44m）,2023/10,49.85,simple,2023_all_kansokukekka_ichiran.pdf,26,2023-10-15
南希望が丘中学校（44m）,2023/11,49.64,simple,2023_all_kansokukekka_ichiran.pdf,26,2023-11-15
南希望が丘中学校（44m）,2023/12,49.49,simple,2023_all_kansokukekka_ichiran.pdf,26,2023-12-15
南希望が丘中学校（44m）,2024/01,49.19,simple,2023_all_kansokukekka_ichiran.pdf,26,2024-01-15
南希望が丘中学校（44m）,2024/02,49.26,simple,2023_all_kansokukekka_ichiran.pdf,26,2024-02-15
南希望が丘中学校（44m）,2024/03,49.52,simple,2023_all_kansokukekka_ichiran.pdf,26,2024-03-15
南希望が丘中学校（44m）,2024/04,49.78,simple,2024_all_kansokukekka_ichiran.pdf,26,2024-04-15
南希望が丘中学校（44m）,2024/05,49.86,simple,2024_all_kansokukekka_ichiran.pdf,26,2024-05-15
南希望が丘中学校（44m）,2024/06,49.97,simple,2024_all_kansokukekka_ichiran.pdf,26,2024-06-15
南希望が丘中学校（44m）,2024/07,49.98,simple,2024_all_kansokukekka_ichiran.pdf,26,2024-07-15
南希望が丘中学校（44m）,2024/08,49.67,simple,2024_all_kansokukekka_ichiran.pdf,26,2024-08-15
南希望が丘中学校（44m）,2024/09,49.96,simple,2024_all_kansokukekka_ichiran.pdf,26,2024-09-15
南希望が丘中学校（44m）,2024/10,49.95,simple,2024_all_kansokukekka_ichiran.pdf,26,2024-10-15
南希望が丘中学校（44m）,2024/11,49.91,simple,2024_all_kansokukekka_ichiran.pdf,26,2024-11-15
南希望が丘中学校（44m）,2024/12,49.8,simple,2024_all_kansokukekka_ichiran.pdf,26,2024-12-15
南希望が丘中学校（44m）,2025/01,49.6,simple,2024_all_kansokukekka_ichiran.pdf,26,2025-01-15
南希望が丘中学校（44m）,2025/02,49.36,simple,2024_all_kansokukekka_ichiran.pdf,26,2025-02-15
南希望が丘中学校（44m）,2025/03,49.58,simple,2024_all_kansokukekka_ichiran.pdf,26,2025-03-15
南希望が丘中学校（44m）,2025/04,49.77,simple,2025_all_data.pdf,3,2025-04-15
南希望が丘中学校（44m）,2025/05,49.81,simple,2025_all_data.pdf,3,2025-05-15
南希望が丘中学校（44m）,2025/06,49.89,simple,2025_all_data.pdf,3,2025-06-15
南希望が丘中学校（44m）,2025/07,49.73,simple,2025_all_data.pdf,3,2025-07-15
南希望が丘中学校（44m）,2025/08,49.64,simple,2025_all_data.pdf,3,2025-08-15
南希望が丘中学校（44m）,2025/09,49.75,simple,2025_all_data.pdf,3,2025-09-15
南希望が丘中学校（44m）,2025/10,49.69,simple,2025_all_data.pdf,3,2025-10-15
南希望が丘中学校（44m）,2025/11,49.66,simple,2025_all_data.pdf,3,2025-11-15
南希望が丘中学校（44m）,2025/12,49.45,simple,2025_all_data.pdf,3,2025-12-15
南希望が丘中学校（44m）,2026/01,49.24,simple,2025_all_data.pdf,3,2026-01-15
南希望が丘中学校（44m）,2026/02,49.15,simple,2025_all_data.pdf,3,2026-02-15
南希望が丘中学校（44m）,2026/03,49.31,simple,2025_all_data.pdf,3,2026-03-15
左近山団地,2015/04,49.39,simple,2010-2016_all_data.pdf,7,2015-04-15
左近山団地,2015/05,49.24,simple,2010-2016_all_data.pdf,7,2015-05-15
左近山団地,2015/06,49.16,simple,2010-2016_all_data.pdf,7,2015-06-15
左近山団地,2015/07,49.48,simple,2010-2016_all_data.pdf,7,2015-07-15
左近山団地,2015/08,49.28,simple,2010-2016_all_data.pdf,7,2015-08-15
左近山団地,2015/09,49.39,simple,2010-2016_all_data.pdf,7,2015-09-15
左近山団地,2015/10,49.39,simple,2010-2016_all_data.pdf,7,2015-10-15
左近山団地,2015/11,49.25,simple,2010-2016_all_data.pdf,7,2015-11-15
左近山団地,2015/12,49.44,simple,2010-2016_all_data.pdf,7,2015-12-15
左近山団地,2016/01,49.27,simple,2010-2016_all_data.pdf,7,2016-01-15
左近山団地,2016/02,49.22,simple,2010-2016_all_data.pdf,7,2016-02-15
左近山団地,2016/03,49.4,simple,2010-2016_all_data.pdf,7,2016-03-15
左近山団地（51m）,2010/04,49.69,simple,2010-2016_all_data.pdf,2,2010-04-15
左近山団地（51m）,2010/05,49.68,simple,2010-2016_all_data.pdf,2,2010-05-15
左近山団地（51m）,2010/07,49.54,simple,2010-2016_all_data.pdf,2,2010-07-15
左近山団地（51m）,2010/08,49.3,simple,2010-2016_all_data.pdf,2,2010-08-15
左近山団地（51m）,2010/10,49.73,simple,2010-2016_all_data.pdf,2,2010-10-15
左近山団地（51m）,2010/11,49.82,simple,2010-2016_all_data.pdf,2,2010-11-15
左近山団地（51m）,2010/12,49.69,simple,2010-2016_all_data.pdf,2,2010-12-15
左近山団地（51m）,2011/01,49.38,simple,2010-2016_all_data.pdf,2,2011-01-15
左近山団地（51m）,2011/02,49.29,simple,2010-2016_all_data.pdf,2,2011-02-15
左近山団地（51m）,2011/03,48.7,simple,2010-2016_all_data.pdf,2,2011-03-15
左近山団地（51m）,2011/04,48.49,simple,2010-2016_all_data.pdf,3,2011-04-15
左近山団地（51m）,2011/05,48.99,simple,2010-2016_all_data.pdf,3,2011-05-15
左近山団地（51m）,2011/06,49.1,simple,2010-2016_all_data.pdf,3,2011-06-15
左近山団地（51m）,2011/07,48.84,simple,2010-2016_all_data.pdf,3,2011-07-15
左近山団地（51m）,2011/08,49.15,simple,2010-2016_all_data.pdf,3,2011-08-15
左近山団地（51m）,2011/09,49.22,simple,2010-2016_all_data.pdf,3,2011-09-15
左近山団地（51m）,2011/10,49.22,simple,2010-2016_all_data.pdf,3,2011-10-15
左近山団地（51m）,2011/11,49.17,simple,2010-2016_all_data.pdf,3,2011-11-15
左近山団地（51m）,2011/12,49.16,simple,2010-2016_all_data.pdf,3,2011-12-15
左近山団地（51m）,2012/02,48.94,simple,2010-2016_all_data.pdf,3,2012-02-15
左近山団地（51m）,2012/03,49.11,simple,2010-2016_all_data.pdf,3,2012-03-15
左近山団地（51m）,2012/05,49.3,simple,2010-2016_all_data.pdf,4,2012-05-15
左近山団地（51m）,2012/07,49.21,simple,2010-2016_all_data.pdf,4,2012-07-15
左近山団地（51m）,2012/08,49.02,simple,2010-2016_all_data.pdf,4,2012-08-15
左近山団地（51m）,2012/09,49.1,simple,2010-2016_all_data.pdf,4,2012-09-15
左近山団地（51m）,2012/11,49.37,simple,2010-2016_all_data.pdf,4,2012-11-15
左近山団地（51m）,2012/12,49.21,simple,2010-2016_all_data.pdf,4,2012-12-15
左近山団地（51m）,2013/01,49.14,simple,2010-2016_all_data.pdf,4,2013-01-15
左近山団地（51m）,2013/03,50.11,simple,2010-2016_all_data.pdf,4,2013-03-15
左近山団地（51m）,2013/05,49.27,simple,2010-2016_all_data.pdf,5,2013-05-15
左近山団地（51m）,2013/06,49.36,simple,2010-2016_all_data.pdf,5,2013-06-15
左近山団地（51m）,2013/08,49.12,simple,2010-2016_all_data.pdf,5,2013-08-15
左近山団地（51m）,2013/09,48.84,simple,2010-2016_all_data.pdf,5,2013-09-15
左近山団地（51m）,2013/10,49.39,simple,2010-2016_all_data.pdf,5,2013-10-15
左近山団地（51m）,2013/11,49.29,simple,2010-2016_all_data.pdf,5,2013-11-15
左近山団地（51m）,2013/12,49.06,simple,2010-2016_all_data.pdf,5,2013-12-15
左近山団地（51m）,2014/01,49.99,simple,2010-2016_all_data.pdf,5,2014-01-15
左近山団地（51m）,2014/02,48.91,simple,2010-2016_all_data.pdf,5,2014-02-15
左近山団地（51m）,2014/03,49.24,simple,2010-2016_all_data.pdf,5,2014-03-15
左近山団地（51m）,2014/05,49.03,simple,2010-2016_all_data.pdf,6,2014-05-15
左近山団地（51m）,2014/06,49.53,simple,2010-2016_all_data.pdf,6,2014-06-15
左近山団地（51m）,2014/08,49.11,simple,2010-2016_all_data.pdf,6,2014-08-15
左近山団地（51m）,2014/09,49.18,simple,2010-2016_all_data.pdf,6,2014-09-15
左近山団地（51m）,2014/11,49.3,simple,2010-2016_all_data.pdf,6,2014-11-15
左近山団地（51m）,2014/12,49.26,simple,2010-2016_all_data.pdf,6,2014-12-15
左近山団地（51m）,2015/01,49.18,simple,2010-2016_all_data.pdf,6,2015-01-15
左近山団地（51m）,2015/02,49.25,simple,2010-2016_all_data.pdf,6,2015-02-15
左近山団地（51m）,2016/06,49.37,simple,2010-2016_all_data.pdf,8,2016-06-15
左近山団地（51m）,2016/07,49.5,simple,2010-2016_all_data.pdf,8,2016-07-15
左近山団地（51m）,2016/08,49.6,simple,2010-2016_all_data.pdf,8,2016-08-15
左近山団地（51m）,2016/09,49.58,simple,2010-2016_all_data.pdf,8,2016-09-15
左近山団地（51m）,2016/11,49.39,simple,2010-2016_all_data.pdf,8,2016-11-15
左近山団地（51m）,2016/12,49.38,simple,2010-2016_all_data.pdf,8,2016-12-15
左近山団地（51m）,2017/01,49.21,simple,2010-2016_all_data.pdf,8,2017-01-15
左近山団地（51m）,2017/02,49.13,simple,2010-2016_all_data.pdf,8,2017-02-15
左近山団地（51m）,2017/03,49.16,simple,2010-2016_all_data.pdf,8,2017-03-15
左近山団地（51m）,2017/04,49.39,simple,2017_all_kansokukekka_ichiran_R.pdf,26,2017-04-15
左近山団地（51m）,2017/05,49.4,simple,2017_all_kansokukekka_ichiran_R.pdf,26,2017-05-15
左近山団地（51m）,2017/09,49.59,simple,2017_all_kansokukekka_ichiran_R.pdf,26,2017-09-15
左近山団地（51m）,2017/10,50.05,simple,2017_all_kansokukekka_ichiran_R.pdf,26,2017-10-15
左近山団地（51m）,2017/12,49.49,simple,2017_all_kansokukekka_ichiran_R.pdf,26,2017-12-15
左近山団地（51m）,2018/01,49.33,simple,2017_all_kansokukekka_ichiran_R.pdf,26,2018-01-15
左近山団地（51m）,2018/02,49.27,simple,2017_all_kansokukekka_ichiran_R.pdf,26,2018-02-15
左近山団地（51m）,2018/04,49.57,simple,2018_all_kansokukekka_ichiran_R.pdf,26,2018-04-15
左近山団地（51m）,2018/05,49.71,simple,2018_all_kansokukekka_ichiran_R.pdf,26,2018-05-15
左近山団地（51m）,2018/07,49.61,simple,2018_all_kansokukekka_ichiran_R.pdf,26,2018-07-15
左近山団地（51m）,2018/08,49.52,simple,2018_all_kansokukekka_ichiran_R.pdf,26,2018-08-15
左近山団地（51m）,2018/09,49.44,simple,2018_all_kansokukekka_ichiran_R.pdf,26,2018-09-15
左近山団地（51m）,2018/10,49.74,simple,2018_all_kansokukekka_ichiran_R.pdf,26,2018-10-15
左近山団地（51m）,2018/11,49.56,simple,2018_all_kansokukekka_ichiran_R.pdf,26,2018-11-15
左近山団地（51m）,2019/01,49.39,simple,2018_all_kansokukekka_ichiran_R.pdf,26,2019-01-15
左近山団地（51m）,2019/02,49.29,simple,2018_all_kansokukekka_ichiran_R.pdf,26,2019-02-15
左近山団地（51m）,2019/03,49.29,simple,2018_all_kansokukekka_ichiran_R.pdf,26,2019-03-15
左近山団地（51m）,2019/04,49.55,simple,2019_all_kansokukekka_ichiran_R.pdf,26,2019-04-15
左近山団地（51m）,2019/05,49.58,simple,2019_all_kansokukekka_ichiran_R.pdf,26,2019-05-15
左近山団地（51m）,2019/06,49.78,simple,2019_all_kansokukekka_ichiran_R.pdf,26,2019-06-15
左近山団地（51m）,2019/07,49.84,simple,2019_all_kansokukekka_ichiran_R.pdf,26,2019-07-15
左近山団地（51m）,2019/08,49.58,simple,2019_all_kansokukekka_ichiran_R.pdf,26,2019-08-15
左近山団地（51m）,2019/09,49.83,simple,2019_all_kansokukekka_ichiran_R.pdf,26,2019-09-15
左近山団地（51m）,2019/10,49.99,simple,2019_all_kansokukekka_ichiran_R.pdf,26,2019-10-15
左近山団地（51m）,2019/11,49.86,simple,2019_all_kansokukekka_ichiran_R.pdf,26,2019-11-15
左近山団地（51m）,2019/12,49.93,simple,2019_all_kansokukekka_ichiran_R.pdf,26,2019-12-15
左近山団地（51m）,2020/01,49.66,simple,2019_all_kansokukekka_ichiran_R.pdf,26,2020-01-15
左近山団地（51m）,2020/02,49.72,simple,2019_all_kansokukekka_ichiran_R.pdf,26,2020-02-15
左近山団地（51m）,2020/03,49.73,simple,2019_all_kansokukekka_ichiran_R.pdf,26,2020-03-15
左近山団地（51m）,2020/08,49.96,simple,2020_all_kansokukekka_ichiran_R.pdf,26,2020-08-15
左近山団地（51m）,2020/10,49.93,simple,2020_all_kansokukekka_ichiran_R.pdf,26,2020-10-15
左近山団地（51m）,2020/11,49.72,simple,2020_all_kansokukekka_ichiran_R.pdf,26,2020-11-15
左近山団地（51m）,2020/12,49.6,simple,2020_all_kansokukekka_ichiran_R.pdf,26,2020-12-15
左近山団地（51m）,2021/04,49.77,simple,2021_all_kansokukekka_ichiran_R.pdf,26,2021-04-15
左近山団地（51m）,2021/05,49.76,simple,2021_all_kansokukekka_ichiran_R.pdf,26,2021-05-15
左近山団地（51m）,2021/06,49.75,simple,2021_all_kansokukekka_ichiran_R.pdf,26,2021-06-15
左近山団地（51m）,2021/07,50.04,simple,2021_all_kansokukekka_ichiran_R.pdf,26,2021-07-15
左近山団地（51m）,2021/08,50.11,simple,2021_all_kansokukekka_ichiran_R.pdf,26,2021-08-15
左近山団地（51m）,2021/10,49.7,simple,2021_all_kansokukekka_ichiran_R.pdf,26,2021-10-15
左近山団地（51m）,2021/11,49.67,simple,2021_all_kansokukekka_ichiran_R.pdf,26,2021-11-15
左近山団地（51m）,2021/12,49.81,simple,2021_all_kansokukekka_ichiran_R.pdf,26,2021-12-15
左近山団地（51m）,2022/01,49.66,simple,2021_all_kansokukekka_ichiran_R.pdf,26,2022-01-15
左近山団地（51m）,2022/02,49.62,simple,2021_all_kansokukekka_ichiran_R.pdf,26,2022-02-15
左近山団地（51m）,2022/03,49.47,simple,2021_all_kansokukekka_ichiran_R.pdf,26,2022-03-15
左近山団地（51m）,2022/04,49.73,simple,2022_all_kansokukekka_ichiran_R.pdf,26,2022-04-15
左近山団地（51m）,2022/06,49.87,simple,2022_all_kansokukekka_ichiran_R.pdf,26,2022-06-15
左近山団地（51m）,2022/07,49.77,simple,2022_all_kansokukekka_ichiran_R.pdf,26,2022-07-15
左近山団地（51m）,2022/08,49.82,simple,2022_all_kansokukekka_ichiran_R.pdf,26,2022-08-15
左近山団地（51m）,2022/09,49.89,simple,2022_all_kansokukekka_ichiran_R.pdf,26,2022-09-15
左近山団地（51m）,2022/10,50.03,simple,2022_all_kansokukekka_ichiran_R.pdf,26,2022-10-15
左近山団地（51m）,2022/11,49.82,simple,2022_all_kansokukekka_ichiran_R.pdf,26,2022-11-15
左近山団地（51m）,2022/12,49.88,simple,2022_all_kansokukekka_ichiran_R.pdf,26,2022-12-15
左近山団地（51m）,2023/01,49.72,simple,2022_all_kansokukekka_ichiran_R.pdf,26,2023-01-15
左近山団地（51m）,2023/02,49.59,simple,2022_all_kansokukekka_ichiran_R.pdf,26,2023-02-15
左近山団地（51m）,2023/03,49.57,simple,2022_all_kansokukekka_ichiran_R.pdf,26,2023-03-15
左近山団地（51m）,2023/04,49.85,simple,2023_all_kansokukekka_ichiran.pdf,26,2023-04-15
左近山団地（51m）,2023/05,49.82,simple,2023_all_kansokukekka_ichiran.pdf,26,2023-05-15
左近山団地（51m）,2023/06,50.07,simple,2023_all_kansokukekka_ichiran.pdf,26,2023-06-15
左近山団地（51m）,2023/07,49.83,simple,2023_all_kansokukekka_ichiran.pdf,26,2023-07-15
左近山団地（51m）,2023/08,49.79,simple,2023_all_kansokukekka_ichiran.pdf,26,2023-08-15
左近山団地（51m）,2023/09,49.98,simple,2023_all_kansokukekka_ichiran.pdf,26,2023-09-15
左近山団地（51m）,2023/10,49.98,simple,2023_all_kansokukekka_ichiran.pdf,26,2023-10-15
左近山団地（51m）,2023/11,49.79,simple,2023_all_kansokukekka_ichiran.pdf,26,2023-11-15
左近山団地（51m）,2023/12,49.71,simple,2023_all_kansokukekka_ichiran.pdf,26,2023-12-15
左近山団地（51m）,2024/01,49.38,simple,2023_all_kansokukekka_ichiran.pdf,26,2024-01-15
左近山団地（51m）,2024/02,49.53,simple,2023_all_kansokukekka_ichiran.pdf,26,2024-02-15
左近山団地（51m）,2024/03,49.81,simple,2023_all_kansokukekka_ichiran.pdf,26,2024-03-15
左近山団地（51m）,2024/04,49.96,simple,2024_all_kansokukekka_ichiran.pdf,26,2024-04-15
左近山団地（51m）,2024/05,49.99,simple,2024_all_kansokukekka_ichiran.pdf,26,2024-05-15
左近山団地（51m）,2024/06,50.04,simple,2024_all_kansokukekka_ichiran.pdf,26,2024-06-15
左近山団地（51m）,2024/07,50.03,simple,2024_all_kansokukekka_ichiran.pdf,26,2024-07-15
左近山団地（51m）,2024/08,49.76,simple,2024_all_kansokukekka_ichiran.pdf,26,2024-08-15
左近山団地（51m）,2024/09,49.92,simple,2024_all_kansokukekka_ichiran.pdf,26,2024-09-15
左近山団地（51m）,2024/10,49.96,simple,2024_all_kansokukekka_ichiran.pdf,26,2024-10-15
左近山団地（51m）,2024/11,49.94,simple,2024_all_kansokukekka_ichiran.pdf,26,2024-11-15
左近山団地（51m）,2024/12,49.87,simple,2024_all_kansokukekka_ichiran.pdf,26,2024-12-15
左近山団地（51m）,2025/01,49.72,simple,2024_all_kansokukekka_ichiran.pdf,26,2025-01-15
左近山団地（51m）,2025/02,49.52,simple,2024_all_kansokukekka_ichiran.pdf,26,2025-02-15
左近山団地（51m）,2025/03,49.85,simple,2024_all_kansokukekka_ichiran.pdf,26,2025-03-15
左近山団地（51m）,2025/04,49.99,simple,2025_all_data.pdf,3,2025-04-15
左近山団地（51m）,2025/05,50.05,simple,2025_all_data.pdf,3,2025-05-15
左近山団地（51m）,2025/06,50.02,simple,2025_all_data.pdf,3,2025-06-15
左近山団地（51m）,2025/07,50.07,simple,2025_all_data.pdf,3,2025-07-15
左近山団地（51m）,2025/08,49.81,simple,2025_all_data.pdf,3,2025-08-15
左近山団地（51m）,2025/09,49.98,simple,2025_all_data.pdf,3,2025-09-15
左近山団地（51m）,2025/10,49.86,simple,2025_all_data.pdf,3,2025-10-15
左近山団地（51m）,2025/11,49.86,simple,2025_all_data.pdf,3,2025-11-15
左近山団地（51m）,2025/12,49.72,simple,2025_all_data.pdf,3,2025-12-15
左近山団地（51m）,2026/01,49.58,simple,2025_all_data.pdf,3,2026-01-15
左近山団地（51m）,2026/02,49.52,simple,2025_all_data.pdf,3,2026-02-15
左近山団地（51m）,2026/03,49.77,simple,2025_all_data.pdf,3,2026-03-15
市場中学校中井戸,2015/04,0.62,simple,2010-2016_all_data.pdf,7,2015-04-15
市場中学校中井戸,2015/05,0.67,simple,2010-2016_all_data.pdf,7,2015-05-15
市場中学校中井戸,2015/06,0.8,simple,2010-2016_all_data.pdf,7,2015-06-15
市場中学校中井戸,2015/07,0.88,simple,2010-2016_all_data.pdf,7,2015-07-15
市場中学校中井戸,2015/08,0.94,simple,2010-2016_all_data.pdf,7,2015-08-15
市場中学校中井戸,2015/09,0.91,simple,2010-2016_all_data.pdf,7,2015-09-15
市場中学校中井戸,2015/10,0.88,simple,2010-2016_all_data.pdf,7,2015-10-15
市場中学校中井戸,2015/12,1.01,simple,2010-2016_all_data.pdf,7,2015-12-15
市場中学校中井戸,2016/01,0.96,simple,2010-2016_all_data.pdf,7,2016-01-15
市場中学校中井戸,2016/02,0.95,simple,2010-2016_all_data.pdf,7,2016-02-15
市場中学校中井戸,2016/03,0.94,simple,2010-2016_all_data.pdf,7,2016-03-15
市場中学校中井戸（32m）,2010/04,0.64,simple,2010-2016_all_data.pdf,2,2010-04-15
市場中学校中井戸（32m）,2010/05,0.72,simple,2010-2016_all_data.pdf,2,2010-05-15
市場中学校中井戸（32m）,2010/06,0.69,simple,2010-2016_all_data.pdf,2,2010-06-15
市場中学校中井戸（32m）,2010/07,0.77,simple,2010-2016_all_data.pdf,2,2010-07-15
市場中学校中井戸（32m）,2010/08,0.69,simple,2010-2016_all_data.pdf,2,2010-08-15
市場中学校中井戸（32m）,2010/09,0.75,simple,2010-2016_all_data.pdf,2,2010-09-15
市場中学校中井戸（32m）,2010/10,0.79,simple,2010-2016_all_data.pdf,2,2010-10-15
市場中学校中井戸（32m）,2010/11,0.8,simple,2010-2016_all_data.pdf,2,2010-11-15
市場中学校中井戸（32m）,2010/12,0.79,simple,2010-2016_all_data.pdf,2,2010-12-15
市場中学校中井戸（32m）,2011/01,0.77,simple,2010-2016_all_data.pdf,2,2011-01-15
市場中学校中井戸（32m）,2011/02,0.7,simple,2010-2016_all_data.pdf,2,2011-02-15
市場中学校中井戸（32m）,2011/03,0.72,simple,2010-2016_all_data.pdf,2,2011-03-15
市場中学校中井戸（32m）,2011/04,0.96,simple,2010-2016_all_data.pdf,3,2011-04-15
市場中学校中井戸（32m）,2011/05,0.92,simple,2010-2016_all_data.pdf,3,2011-05-15
市場中学校中井戸（32m）,2011/06,1.13,simple,2010-2016_all_data.pdf,3,2011-06-15
市場中学校中井戸（32m）,2011/07,1.02,simple,2010-2016_all_data.pdf,3,2011-07-15
市場中学校中井戸（32m）,2011/08,1.03,simple,2010-2016_all_data.pdf,3,2011-08-15
市場中学校中井戸（32m）,2011/09,1.15,simple,2010-2016_all_data.pdf,3,2011-09-15
市場中学校中井戸（32m）,2011/10,1.06,simple,2010-2016_all_data.pdf,3,2011-10-15
市場中学校中井戸（32m）,2011/11,0.95,simple,2010-2016_all_data.pdf,3,2011-11-15
市場中学校中井戸（32m）,2011/12,1.04,simple,2010-2016_all_data.pdf,3,2011-12-15
市場中学校中井戸（32m）,2012/01,1.02,simple,2010-2016_all_data.pdf,3,2012-01-15
市場中学校中井戸（32m）,2012/02,1.0,simple,2010-2016_all_data.pdf,3,2012-02-15
市場中学校中井戸（32m）,2012/03,0.8,simple,2010-2016_all_data.pdf,3,2012-03-15
市場中学校中井戸（32m）,2012/04,1.06,simple,2010-2016_all_data.pdf,4,2012-04-15
市場中学校中井戸（32m）,2012/05,1.01,simple,2010-2016_all_data.pdf,4,2012-05-15
市場中学校中井戸（32m）,2012/06,1.09,simple,2010-2016_all_data.pdf,4,2012-06-15
市場中学校中井戸（32m）,2012/07,0.98,simple,2010-2016_all_data.pdf,4,2012-07-15
市場中学校中井戸（32m）,2012/08,1.06,simple,2010-2016_all_data.pdf,4,2012-08-15
市場中学校中井戸（32m）,2012/09,0.97,simple,2010-2016_all_data.pdf,4,2012-09-15
市場中学校中井戸（32m）,2012/10,1.02,simple,2010-2016_all_data.pdf,4,2012-10-15
市場中学校中井戸（32m）,2012/11,1.05,simple,2010-2016_all_data.pdf,4,2012-11-15
市場中学校中井戸（32m）,2012/12,1.0,simple,2010-2016_all_data.pdf,4,2012-12-15
市場中学校中井戸（32m）,2013/01,0.99,simple,2010-2016_all_data.pdf,4,2013-01-15
市場中学校中井戸（32m）,2013/02,0.88,simple,2010-2016_all_data.pdf,4,2013-02-15
市場中学校中井戸（32m）,2013/03,0.94,simple,2010-2016_all_data.pdf,4,2013-03-15
市場中学校中井戸（32m）,2013/04,0.83,simple,2010-2016_all_data.pdf,5,2013-04-15
市場中学校中井戸（32m）,2013/05,0.33,simple,2010-2016_all_data.pdf,5,2013-05-15
市場中学校中井戸（32m）,2013/07,-0.7,simple,2010-2016_all_data.pdf,5,2013-07-15
市場中学校中井戸（32m）,2013/08,-1.04,simple,2010-2016_all_data.pdf,5,2013-08-15
市場中学校中井戸（32m）,2013/09,-0.35,simple,2010-2016_all_data.pdf,5,2013-09-15
市場中学校中井戸（32m）,2013/10,0.2,simple,2010-2016_all_data.pdf,5,2013-10-15
市場中学校中井戸（32m）,2013/12,1.11,simple,2010-2016_all_data.pdf,5,2013-12-15
市場中学校中井戸（32m）,2014/01,0.66,simple,2010-2016_all_data.pdf,5,2014-01-15
市場中学校中井戸（32m）,2014/03,0.77,simple,2010-2016_all_data.pdf,5,2014-03-15
市場中学校中井戸（32m）,2014/04,0.74,simple,2010-2016_all_data.pdf,6,2014-04-15
市場中学校中井戸（32m）,2014/05,0.73,simple,2010-2016_all_data.pdf,6,2014-05-15
市場中学校中井戸（32m）,2014/06,0.77,simple,2010-2016_all_data.pdf,6,2014-06-15
市場中学校中井戸（32m）,2014/07,-0.56,simple,2010-2016_all_data.pdf,6,2014-07-15
市場中学校中井戸（32m）,2014/08,-1.3,simple,2010-2016_all_data.pdf,6,2014-08-15
市場中学校中井戸（32m）,2014/09,-1.65,simple,2010-2016_all_data.pdf,6,2014-09-15
市場中学校中井戸（32m）,2014/10,-1.82,simple,2010-2016_all_data.pdf,6,2014-10-15
市場中学校中井戸（32m）,2014/11,-1.47,simple,2010-2016_all_data.pdf,6,2014-11-15
市場中学校中井戸（32m）,2014/12,-0.62,simple,2010-2016_all_data.pdf,6,2014-12-15
市場中学校中井戸（32m）,2015/03,0.52,simple,2010-2016_all_data.pdf,6,2015-03-15
市場中学校中井戸（32m）,2016/04,0.88,simple,2010-2016_all_data.pdf,8,2016-04-15
市場中学校中井戸（32m）,2016/05,0.97,simple,2010-2016_all_data.pdf,8,2016-05-15
市場中学校中井戸（32m）,2016/06,0.97,simple,2010-2016_all_data.pdf,8,2016-06-15
市場中学校中井戸（32m）,2016/08,1.07,simple,2010-2016_all_data.pdf,8,2016-08-15
市場中学校中井戸（32m）,2016/09,0.97,simple,2010-2016_all_data.pdf,8,2016-09-15
市場中学校中井戸（32m）,2016/10,0.96,simple,2010-2016_all_data.pdf,8,2016-10-15
市場中学校中井戸（32m）,2016/11,1.02,simple,2010-2016_all_data.pdf,8,2016-11-15
市場中学校中井戸（32m）,2016/12,1.01,simple,2010-2016_all_data.pdf,8,2016-12-15
市場中学校中井戸（32m）,2017/01,1.01,simple,2010-2016_all_data.pdf,8,2017-01-15
市場中学校中井戸（32m）,2017/02,0.92,simple,2010-2016_all_data.pdf,8,2017-02-15
市場中学校中井戸（32m）,2017/03,0.92,simple,2010-2016_all_data.pdf,8,2017-03-15
市場中学校中井戸（32m）,2017/04,0.79,simple,2017_all_kansokukekka_ichiran_R.pdf,26,2017-04-15
市場中学校中井戸（32m）,2017/05,0.89,simple,2017_all_kansokukekka_ichiran_R.pdf,26,2017-05-15
市場中学校中井戸（32m）,2017/06,0.89,simple,2017_all_kansokukekka_ichiran_R.pdf,26,2017-06-15
市場中学校中井戸（32m）,2017/10,0.74,simple,2017_all_kansokukekka_ichiran_R.pdf,26,2017-10-15
市場中学校中井戸（32m）,2017/11,0.9,simple,2017_all_kansokukekka_ichiran_R.pdf,26,2017-11-15
市場中学校中井戸（32m）,2018/01,0.87,simple,2017_all_kansokukekka_ichiran_R.pdf,26,2018-01-15
市場中学校中井戸（32m）,2018/02,0.92,simple,2017_all_kansokukekka_ichiran_R.pdf,26,2018-02-15
市場中学校中井戸（32m）,2018/03,0.78,simple,2017_all_kansokukekka_ichiran_R.pdf,26,2018-03-15
市場中学校中井戸（32m）,2018/04,0.64,simple,2018_all_kansokukekka_ichiran_R.pdf,26,2018-04-15
市場中学校中井戸（32m）,2018/05,0.7,simple,2018_all_kansokukekka_ichiran_R.pdf,26,2018-05-15
市場中学校中井戸（32m）,2018/06,0.4,simple,2018_all_kansokukekka_ichiran_R.pdf,26,2018-06-15
市場中学校中井戸（32m）,2018/07,0.17,simple,2018_all_kansokukekka_ichiran_R.pdf,26,2018-07-15
市場中学校中井戸（32m）,2018/08,0.0,simple,2018_all_kansokukekka_ichiran_R.pdf,26,2018-08-15
市場中学校中井戸（32m）,2018/10,-0.2,simple,2018_all_kansokukekka_ichiran_R.pdf,26,2018-10-15
市場中学校中井戸（32m）,2018/11,-0.27,simple,2018_all_kansokukekka_ichiran_R.pdf,26,2018-11-15
市場中学校中井戸（32m）,2018/12,-0.42,simple,2018_all_kansokukekka_ichiran_R.pdf,26,2018-12-15
市場中学校中井戸（32m）,2019/01,-0.74,simple,2018_all_kansokukekka_ichiran_R.pdf,26,2019-01-15
市場中学校中井戸（32m）,2019/04,-0.83,simple,2019_all_kansokukekka_ichiran_R.pdf,26,2019-04-15
市場中学校中井戸（32m）,2019/05,-0.75,simple,2019_all_kansokukekka_ichiran_R.pdf,26,2019-05-15
市場中学校中井戸（32m）,2019/08,0.29,simple,2019_all_kansokukekka_ichiran_R.pdf,26,2019-08-15
市場中学校中井戸（32m）,2019/09,0.5,simple,2019_all_kansokukekka_ichiran_R.pdf,26,2019-09-15
市場中学校中井戸（32m）,2019/10,0.57,simple,2019_all_kansokukekka_ichiran_R.pdf,26,2019-10-15
市場中学校中井戸（32m）,2019/11,0.38,simple,2019_all_kansokukekka_ichiran_R.pdf,26,2019-11-15
市場中学校中井戸（32m）,2020/01,0.1,simple,2019_all_kansokukekka_ichiran_R.pdf,26,2020-01-15
市場中学校中井戸（32m）,2020/02,-0.07,simple,2019_all_kansokukekka_ichiran_R.pdf,26,2020-02-15
市場中学校中井戸（32m）,2020/03,-0.12,simple,2019_all_kansokukekka_ichiran_R.pdf,26,2020-03-15
市場中学校中井戸（32m）,2020/08,0.69,simple,2020_all_kansokukekka_ichiran_R.pdf,26,2020-08-15
市場中学校中井戸（32m）,2020/10,0.81,simple,2020_all_kansokukekka_ichiran_R.pdf,26,2020-10-15
市場中学校中井戸（32m）,2020/11,0.82,simple,2020_all_kansokukekka_ichiran_R.pdf,26,2020-11-15
市場中学校中井戸（32m）,2021/04,0.87,simple,2021_all_kansokukekka_ichiran_R.pdf,26,2021-04-15
市場中学校中井戸（32m）,2021/05,0.96,simple,2021_all_kansokukekka_ichiran_R.pdf,26,2021-05-15
市場中学校中井戸（32m）,2021/06,1.01,simple,2021_all_kansokukekka_ichiran_R.pdf,26,2021-06-15
市場中学校中井戸（32m）,2021/07,0.97,simple,2021_all_kansokukekka_ichiran_R.pdf,26,2021-07-15
市場中学校中井戸（32m）,2021/08,1.02,simple,2021_all_kansokukekka_ichiran_R.pdf,26,2021-08-15
市場中学校中井戸（32m）,2021/09,1.02,simple,2021_all_kansokukekka_ichiran_R.pdf,26,2021-09-15
市場中学校中井戸（32m）,2021/10,0.98,simple,2021_all_kansokukekka_ichiran_R.pdf,26,2021-10-15
市場中学校中井戸（32m）,2021/12,1.1,simple,2021_all_kansokukekka_ichiran_R.pdf,26,2021-12-15
市場中学校中井戸（32m）,2022/01,1.03,simple,2021_all_kansokukekka_ichiran_R.pdf,26,2022-01-15
市場中学校中井戸（32m）,2022/02,0.98,simple,2021_all_kansokukekka_ichiran_R.pdf,26,2022-02-15
市場中学校中井戸（32m）,2022/03,0.9,simple,2021_all_kansokukekka_ichiran_R.pdf,26,2022-03-15
市場中学校中井戸（32m）,2022/04,0.99,simple,2022_all_kansokukekka_ichiran_R.pdf,26,2022-04-15
市場中学校中井戸（32m）,2022/05,1.09,simple,2022_all_kansokukekka_ichiran_R.pdf,26,2022-05-15
市場中学校中井戸（32m）,2022/06,1.03,simple,2022_all_kansokukekka_ichiran_R.pdf,26,2022-06-15
市場中学校中井戸（32m）,2022/07,1.04,simple,2022_all_kansokukekka_ichiran_R.pdf,26,2022-07-15
市場中学校中井戸（32m）,2022/08,1.07,simple,2022_all_kansokukekka_ichiran_R.pdf,26,2022-08-15
市場中学校中井戸（32m）,2022/09,1.1,simple,2022_all_kansokukekka_ichiran_R.pdf,26,2022-09-15
市場中学校中井戸（32m）,2022/10,1.1,simple,2022_all_kansokukekka_ichiran_R.pdf,26,2022-10-15
市場中学校中井戸（32m）,2022/11,1.11,simple,2022_all_kansokukekka_ichiran_R.pdf,26,2022-11-15
市場中学校中井戸（32m）,2022/12,1.16,simple,2022_all_kansokukekka_ichiran_R.pdf,26,2022-12-15
市場中学校中井戸（32m）,2023/01,0.99,simple,2022_all_kansokukekka_ichiran_R.pdf,26,2023-01-15
市場中学校中井戸（32m）,2023/02,1.0,simple,2022_all_kansokukekka_ichiran_R.pdf,26,2023-02-15
市場中学校中井戸（32m）,2023/03,0.91,simple,2022_all_kansokukekka_ichiran_R.pdf,26,2023-03-15
市場中学校中井戸（32m）,2023/04,0.98,simple,2023_all_kansokukekka_ichiran.pdf,26,2023-04-15
市場中学校中井戸（32m）,2023/05,0.93,simple,2023_all_kansokukekka_ichiran.pdf,26,2023-05-15
市場中学校中井戸（32m）,2023/06,1.03,simple,2023_all_kansokukekka_ichiran.pdf,26,2023-06-15
市場中学校中井戸（32m）,2023/07,1.0,simple,2023_all_kansokukekka_ichiran.pdf,26,2023-07-15
市場中学校中井戸（32m）,2023/08,1.04,simple,2023_all_kansokukekka_ichiran.pdf,26,2023-08-15
市場中学校中井戸（32m）,2023/09,0.98,simple,2023_all_kansokukekka_ichiran.pdf,26,2023-09-15
市場中学校中井戸（32m）,2023/10,0.98,simple,2023_all_kansokukekka_ichiran.pdf,26,2023-10-15
市場中学校中井戸（32m）,2023/11,1.08,simple,2023_all_kansokukekka_ichiran.pdf,26,2023-11-15
市場中学校中井戸（32m）,2023/12,1.09,simple,2023_all_kansokukekka_ichiran.pdf,26,2023-12-15
市場中学校中井戸（32m）,2024/01,0.93,simple,2023_all_kansokukekka_ichiran.pdf,26,2024-01-15
市場中学校中井戸（32m）,2024/02,1.03,simple,2023_all_kansokukekka_ichiran.pdf,26,2024-02-15
市場中学校中井戸（32m）,2024/03,1.02,simple,2023_all_kansokukekka_ichiran.pdf,26,2024-03-15
市場中学校中井戸（32m）,2024/04,1.05,simple,2024_all_kansokukekka_ichiran.pdf,26,2024-04-15
市場中学校中井戸（32m）,2024/05,1.13,simple,2024_all_kansokukekka_ichiran.pdf,26,2024-05-15
市場中学校中井戸（32m）,2024/06,1.13,simple,2024_all_kansokukekka_ichiran.pdf,26,2024-06-15
市場中学校中井戸（32m）,2024/07,1.1,simple,2024_all_kansokukekka_ichiran.pdf,26,2024-07-15
市場中学校中井戸（32m）,2024/08,1.08,simple,2024_all_kansokukekka_ichiran.pdf,26,2024-08-15
市場中学校中井戸（32m）,2024/09,1.12,simple,2024_all_kansokukekka_ichiran.pdf,26,2024-09-15
市場中学校中井戸（32m）,2024/10,1.13,simple,2024_all_kansokukekka_ichiran.pdf,26,2024-10-15
市場中学校中井戸（32m）,2024/11,1.13,simple,2024_all_kansokukekka_ichiran.pdf,26,2024-11-15
市場中学校中井戸（32m）,2024/12,1.1,simple,2024_all_kansokukekka_ichiran.pdf,26,2024-12-15
市場中学校中井戸（32m）,2025/01,1.01,simple,2024_all_kansokukekka_ichiran.pdf,26,2025-01-15
市場中学校中井戸（32m）,2025/02,0.98,simple,2024_all_kansokukekka_ichiran.pdf,26,2025-02-15
市場中学校中井戸（32m）,2025/03,1.0,simple,2024_all_kansokukekka_ichiran.pdf,26,2025-03-15
市場中学校中井戸（32m）,2025/04,1.04,simple,2025_all_data.pdf,3,2025-04-15
市場中学校中井戸（32m）,2025/05,1.07,simple,2025_all_data.pdf,3,2025-05-15
市場中学校中井戸（32m）,2025/06,1.0,simple,2025_all_data.pdf,3,2025-06-15
市場中学校中井戸（32m）,2025/08,1.0,simple,2025_all_data.pdf,3,2025-08-15
市場中学校中井戸（32m）,2025/09,1.02,simple,2025_all_data.pdf,3,2025-09-15
市場中学校中井戸（32m）,2025/10,0.99,simple,2025_all_data.pdf,3,2025-10-15
市場中学校中井戸（32m）,2025/11,0.99,simple,2025_all_data.pdf,3,2025-11-15
市場中学校中井戸（32m）,2025/12,1.1,simple,2025_all_data.pdf,3,2025-12-15
市場中学校中井戸（32m）,2026/01,0.97,simple,2025_all_data.pdf,3,2026-01-15
市場中学校中井戸（32m）,2026/02,0.93,simple,2025_all_data.pdf,3,2026-02-15
市場中学校中井戸（32m）,2026/03,0.97,simple,2025_all_data.pdf,3,2026-03-15
市場中学校浅井戸,2015/04,-0.45,simple,2010-2016_all_data.pdf,7,2015-04-15
市場中学校浅井戸,2015/05,-0.68,simple,2010-2016_all_data.pdf,7,2015-05-15
市場中学校浅井戸,2015/06,-0.47,simple,2010-2016_all_data.pdf,7,2015-06-15
市場中学校浅井戸,2015/07,-0.28,simple,2010-2016_all_data.pdf,7,2015-07-15
市場中学校浅井戸,2015/08,-0.58,simple,2010-2016_all_data.pdf,7,2015-08-15
市場中学校浅井戸,2015/09,-0.24,simple,2010-2016_all_data.pdf,7,2015-09-15
市場中学校浅井戸,2015/10,-0.48,simple,2010-2016_all_data.pdf,7,2015-10-15
市場中学校浅井戸,2015/12,-0.44,simple,2010-2016_all_data.pdf,7,2015-12-15
市場中学校浅井戸,2016/01,-0.79,simple,2010-2016_all_data.pdf,7,2016-01-15
市場中学校浅井戸,2016/02,-0.83,simple,2010-2016_all_data.pdf,7,2016-02-15
市場中学校浅井戸,2016/03,-0.58,simple,2010-2016_all_data.pdf,7,2016-03-15
市場中学校浅井戸（8m）,2010/04,-0.39,simple,2010-2016_all_data.pdf,2,2010-04-15
市場中学校浅井戸（8m）,2010/05,-0.32,simple,2010-2016_all_data.pdf,2,2010-05-15
市場中学校浅井戸（8m）,2010/06,-0.35,simple,2010-2016_all_data.pdf,2,2010-06-15
市場中学校浅井戸（8m）,2010/07,-0.4,simple,2010-2016_all_data.pdf,2,2010-07-15
市場中学校浅井戸（8m）,2010/08,-0.55,simple,2010-2016_all_data.pdf,2,2010-08-15
市場中学校浅井戸（8m）,2010/09,-0.52,simple,2010-2016_all_data.pdf,2,2010-09-15
市場中学校浅井戸（8m）,2010/10,-0.19,simple,2010-2016_all_data.pdf,2,2010-10-15
市場中学校浅井戸（8m）,2010/11,-0.32,simple,2010-2016_all_data.pdf,2,2010-11-15
市場中学校浅井戸（8m）,2010/12,-0.31,simple,2010-2016_all_data.pdf,2,2010-12-15
市場中学校浅井戸（8m）,2011/01,-0.8,simple,2010-2016_all_data.pdf,2,2011-01-15
市場中学校浅井戸（8m）,2011/02,-1.07,simple,2010-2016_all_data.pdf,2,2011-02-15
市場中学校浅井戸（8m）,2011/03,-0.88,simple,2010-2016_all_data.pdf,2,2011-03-15
市場中学校浅井戸（8m）,2011/04,-1.28,simple,2010-2016_all_data.pdf,3,2011-04-15
市場中学校浅井戸（8m）,2011/05,-0.74,simple,2010-2016_all_data.pdf,3,2011-05-15
市場中学校浅井戸（8m）,2011/06,-0.26,simple,2010-2016_all_data.pdf,3,2011-06-15
市場中学校浅井戸（8m）,2011/07,-0.8,simple,2010-2016_all_data.pdf,3,2011-07-15
市場中学校浅井戸（8m）,2011/08,-0.57,simple,2010-2016_all_data.pdf,3,2011-08-15
市場中学校浅井戸（8m）,2011/09,-0.33,simple,2010-2016_all_data.pdf,3,2011-09-15
市場中学校浅井戸（8m）,2011/10,-0.48,simple,2010-2016_all_data.pdf,3,2011-10-15
市場中学校浅井戸（8m）,2011/11,-0.58,simple,2010-2016_all_data.pdf,3,2011-11-15
市場中学校浅井戸（8m）,2011/12,-0.49,simple,2010-2016_all_data.pdf,3,2011-12-15
市場中学校浅井戸（8m）,2012/01,-0.98,simple,2010-2016_all_data.pdf,3,2012-01-15
市場中学校浅井戸（8m）,2012/02,-1.13,simple,2010-2016_all_data.pdf,3,2012-02-15
市場中学校浅井戸（8m）,2012/03,-0.61,simple,2010-2016_all_data.pdf,3,2012-03-15
市場中学校浅井戸（8m）,2012/04,-0.67,simple,2010-2016_all_data.pdf,4,2012-04-15
市場中学校浅井戸（8m）,2012/05,-0.37,simple,2010-2016_all_data.pdf,4,2012-05-15
市場中学校浅井戸（8m）,2012/06,-0.46,simple,2010-2016_all_data.pdf,4,2012-06-15
市場中学校浅井戸（8m）,2012/07,-0.37,simple,2010-2016_all_data.pdf,4,2012-07-15
市場中学校浅井戸（8m）,2012/08,-0.6,simple,2010-2016_all_data.pdf,4,2012-08-15
市場中学校浅井戸（8m）,2012/09,-0.93,simple,2010-2016_all_data.pdf,4,2012-09-15
市場中学校浅井戸（8m）,2012/10,-0.52,simple,2010-2016_all_data.pdf,4,2012-10-15
市場中学校浅井戸（8m）,2012/11,-0.41,simple,2010-2016_all_data.pdf,4,2012-11-15
市場中学校浅井戸（8m）,2012/12,-0.5,simple,2010-2016_all_data.pdf,4,2012-12-15
市場中学校浅井戸（8m）,2013/01,-0.69,simple,2010-2016_all_data.pdf,4,2013-01-15
市場中学校浅井戸（8m）,2013/02,-1.86,simple,2010-2016_all_data.pdf,4,2013-02-15
市場中学校浅井戸（8m）,2013/03,-1.06,simple,2010-2016_all_data.pdf,4,2013-03-15
市場中学校浅井戸（8m）,2013/04,-0.41,simple,2010-2016_all_data.pdf,5,2013-04-15
市場中学校浅井戸（8m）,2013/05,-0.6,simple,2010-2016_all_data.pdf,5,2013-05-15
市場中学校浅井戸（8m）,2013/07,-0.58,simple,2010-2016_all_data.pdf,5,2013-07-15
市場中学校浅井戸（8m）,2013/08,-0.91,simple,2010-2016_all_data.pdf,5,2013-08-15
市場中学校浅井戸（8m）,2013/09,-0.62,simple,2010-2016_all_data.pdf,5,2013-09-15
市場中学校浅井戸（8m）,2013/10,-0.23,simple,2010-2016_all_data.pdf,5,2013-10-15
市場中学校浅井戸（8m）,2013/12,-0.98,simple,2010-2016_all_data.pdf,5,2013-12-15
市場中学校浅井戸（8m）,2014/01,-1.17,simple,2010-2016_all_data.pdf,5,2014-01-15
市場中学校浅井戸（8m）,2014/03,-0.66,simple,2010-2016_all_data.pdf,5,2014-03-15
市場中学校浅井戸（8m）,2014/04,-0.51,simple,2010-2016_all_data.pdf,6,2014-04-15
市場中学校浅井戸（8m）,2014/05,-0.75,simple,2010-2016_all_data.pdf,6,2014-05-15
市場中学校浅井戸（8m）,2014/06,-0.2,simple,2010-2016_all_data.pdf,6,2014-06-15
市場中学校浅井戸（8m）,2014/07,-0.56,simple,2010-2016_all_data.pdf,6,2014-07-15
市場中学校浅井戸（8m）,2014/08,-0.7,simple,2010-2016_all_data.pdf,6,2014-08-15
市場中学校浅井戸（8m）,2014/09,-1.61,simple,2010-2016_all_data.pdf,6,2014-09-15
市場中学校浅井戸（8m）,2014/10,-0.29,simple,2010-2016_all_data.pdf,6,2014-10-15
市場中学校浅井戸（8m）,2014/11,-0.5,simple,2010-2016_all_data.pdf,6,2014-11-15
市場中学校浅井戸（8m）,2014/12,-0.59,simple,2010-2016_all_data.pdf,6,2014-12-15
市場中学校浅井戸（8m）,2015/03,-0.6,simple,2010-2016_all_data.pdf,6,2015-03-15
市場中学校浅井戸（8m）,2016/04,-0.55,simple,2010-2016_all_data.pdf,8,2016-04-15
市場中学校浅井戸（8m）,2016/05,-0.59,simple,2010-2016_all_data.pdf,8,2016-05-15
市場中学校浅井戸（8m）,2016/06,-0.41,simple,2010-2016_all_data.pdf,8,2016-06-15
市場中学校浅井戸（8m）,2016/08,-0.3,simple,2010-2016_all_data.pdf,8,2016-08-15
市場中学校浅井戸（8m）,2016/09,-0.19,simple,2010-2016_all_data.pdf,8,2016-09-15
市場中学校浅井戸（8m）,2016/10,-0.47,simple,2010-2016_all_data.pdf,8,2016-10-15
市場中学校浅井戸（8m）,2016/11,-0.35,simple,2010-2016_all_data.pdf,8,2016-11-15
市場中学校浅井戸（8m）,2016/12,-0.48,simple,2010-2016_all_data.pdf,8,2016-12-15
市場中学校浅井戸（8m）,2017/01,-0.9,simple,2010-2016_all_data.pdf,8,2017-01-15
市場中学校浅井戸（8m）,2017/02,-1.06,simple,2010-2016_all_data.pdf,8,2017-02-15
市場中学校浅井戸（8m）,2017/03,-0.88,simple,2010-2016_all_data.pdf,8,2017-03-15
市場中学校浅井戸（8m）,2017/04,-0.55,simple,2017_all_kansokukekka_ichiran_R.pdf,26,2017-04-15
市場中学校浅井戸（8m）,2017/05,-0.69,simple,2017_all_kansokukekka_ichiran_R.pdf,26,2017-05-15
市場中学校浅井戸（8m）,2017/06,-0.51,simple,2017_all_kansokukekka_ichiran_R.pdf,26,2017-06-15
市場中学校浅井戸（8m）,2017/10,-0.32,simple,2017_all_kansokukekka_ichiran_R.pdf,26,2017-10-15
市場中学校浅井戸（8m）,2017/11,-0.41,simple,2017_all_kansokukekka_ichiran_R.pdf,26,2017-11-15
市場中学校浅井戸（8m）,2018/01,-1.03,simple,2017_all_kansokukekka_ichiran_R.pdf,26,2018-01-15
市場中学校浅井戸（8m）,2018/02,-1.1,simple,2017_all_kansokukekka_ichiran_R.pdf,26,2018-02-15
市場中学校浅井戸（8m）,2018/03,-0.44,simple,2017_all_kansokukekka_ichiran_R.pdf,26,2018-03-15
市場中学校浅井戸（8m）,2018/04,-0.67,simple,2018_all_kansokukekka_ichiran_R.pdf,26,2018-04-15
市場中学校浅井戸（8m）,2018/05,-0.33,simple,2018_all_kansokukekka_ichiran_R.pdf,26,2018-05-15
市場中学校浅井戸（8m）,2018/06,-0.32,simple,2018_all_kansokukekka_ichiran_R.pdf,26,2018-06-15
市場中学校浅井戸（8m）,2018/07,-0.57,simple,2018_all_kansokukekka_ichiran_R.pdf,26,2018-07-15
市場中学校浅井戸（8m）,2018/08,-0.6,simple,2018_all_kansokukekka_ichiran_R.pdf,26,2018-08-15
市場中学校浅井戸（8m）,2018/10,-0.42,simple,2018_all_kansokukekka_ichiran_R.pdf,26,2018-10-15
市場中学校浅井戸（8m）,2018/11,-0.6,simple,2018_all_kansokukekka_ichiran_R.pdf,26,2018-11-15
市場中学校浅井戸（8m）,2018/12,-0.7,simple,2018_all_kansokukekka_ichiran_R.pdf,26,2018-12-15
市場中学校浅井戸（8m）,2019/01,-1.18,simple,2018_all_kansokukekka_ichiran_R.pdf,26,2019-01-15
市場中学校浅井戸（8m）,2019/04,-0.85,simple,2019_all_kansokukekka_ichiran_R.pdf,26,2019-04-15
市場中学校浅井戸（8m）,2019/05,-0.43,simple,2019_all_kansokukekka_ichiran_R.pdf,26,2019-05-15
市場中学校浅井戸（8m）,2019/08,-0.65,simple,2019_all_kansokukekka_ichiran_R.pdf,26,2019-08-15
市場中学校浅井戸（8m）,2019/09,-0.43,simple,2019_all_kansokukekka_ichiran_R.pdf,26,2019-09-15
市場中学校浅井戸（8m）,2019/10,-0.18,simple,2019_all_kansokukekka_ichiran_R.pdf,26,2019-10-15
市場中学校浅井戸（8m）,2019/11,-0.3,simple,2019_all_kansokukekka_ichiran_R.pdf,26,2019-11-15
市場中学校浅井戸（8m）,2020/01,-0.62,simple,2019_all_kansokukekka_ichiran_R.pdf,26,2020-01-15
市場中学校浅井戸（8m）,2020/02,-0.58,simple,2019_all_kansokukekka_ichiran_R.pdf,26,2020-02-15
市場中学校浅井戸（8m）,2020/03,-0.44,simple,2019_all_kansokukekka_ichiran_R.pdf,26,2020-03-15
市場中学校浅井戸（8m）,2020/08,-0.31,simple,2020_all_kansokukekka_ichiran_R.pdf,26,2020-08-15
市場中学校浅井戸（8m）,2020/10,-0.26,simple,2020_all_kansokukekka_ichiran_R.pdf,26,2020-10-15
市場中学校浅井戸（8m）,2020/11,-0.64,simple,2020_all_kansokukekka_ichiran_R.pdf,26,2020-11-15
市場中学校浅井戸（8m）,2021/04,-0.41,simple,2021_all_kansokukekka_ichiran_R.pdf,26,2021-04-15
市場中学校浅井戸（8m）,2021/05,0.52,simple,2021_all_kansokukekka_ichiran_R.pdf,26,2021-05-15
市場中学校浅井戸（8m）,2021/06,0.56,simple,2021_all_kansokukekka_ichiran_R.pdf,26,2021-06-15
市場中学校浅井戸（8m）,2021/07,-0.27,simple,2021_all_kansokukekka_ichiran_R.pdf,26,2021-07-15
市場中学校浅井戸（8m）,2021/08,-0.28,simple,2021_all_kansokukekka_ichiran_R.pdf,26,2021-08-15
市場中学校浅井戸（8m）,2021/09,-0.28,simple,2021_all_kansokukekka_ichiran_R.pdf,26,2021-09-15
市場中学校浅井戸（8m）,2021/10,-0.4,simple,2021_all_kansokukekka_ichiran_R.pdf,26,2021-10-15
市場中学校浅井戸（8m）,2021/12,0.53,simple,2021_all_kansokukekka_ichiran_R.pdf,26,2021-12-15
市場中学校浅井戸（8m）,2022/01,-1.02,simple,2021_all_kansokukekka_ichiran_R.pdf,26,2022-01-15
市場中学校浅井戸（8m）,2022/02,-0.92,simple,2021_all_kansokukekka_ichiran_R.pdf,26,2022-02-15
市場中学校浅井戸（8m）,2022/03,-0.67,simple,2021_all_kansokukekka_ichiran_R.pdf,26,2022-03-15
市場中学校浅井戸（8m）,2022/04,-0.35,simple,2022_all_kansokukekka_ichiran_R.pdf,26,2022-04-15
市場中学校浅井戸（8m）,2022/05,-0.39,simple,2022_all_kansokukekka_ichiran_R.pdf,26,2022-05-15
市場中学校浅井戸（8m）,2022/06,-0.49,simple,2022_all_kansokukekka_ichiran_R.pdf,26,2022-06-15
市場中学校浅井戸（8m）,2022/07,-0.35,simple,2022_all_kansokukekka_ichiran_R.pdf,26,2022-07-15
市場中学校浅井戸（8m）,2022/08,-0.39,simple,2022_all_kansokukekka_ichiran_R.pdf,26,2022-08-15
市場中学校浅井戸（8m）,2022/09,-0.26,simple,2022_all_kansokukekka_ichiran_R.pdf,26,2022-09-15
市場中学校浅井戸（8m）,2022/10,-0.29,simple,2022_all_kansokukekka_ichiran_R.pdf,26,2022-10-15
市場中学校浅井戸（8m）,2022/11,-0.61,simple,2022_all_kansokukekka_ichiran_R.pdf,26,2022-11-15
市場中学校浅井戸（8m）,2022/12,-0.49,simple,2022_all_kansokukekka_ichiran_R.pdf,26,2022-12-15
市場中学校浅井戸（8m）,2023/01,-0.92,simple,2022_all_kansokukekka_ichiran_R.pdf,26,2023-01-15
市場中学校浅井戸（8m）,2023/02,-0.98,simple,2022_all_kansokukekka_ichiran_R.pdf,26,2023-02-15
市場中学校浅井戸（8m）,2023/03,-0.95,simple,2022_all_kansokukekka_ichiran_R.pdf,26,2023-03-15
市場中学校浅井戸（8m）,2023/04,-0.52,simple,2023_all_kansokukekka_ichiran.pdf,26,2023-04-15
市場中学校浅井戸（8m）,2023/05,-0.36,simple,2023_all_kansokukekka_ichiran.pdf,26,2023-05-15
市場中学校浅井戸（8m）,2023/06,-0.34,simple,2023_all_kansokukekka_ichiran.pdf,26,2023-06-15
市場中学校浅井戸（8m）,2023/07,-0.57,simple,2023_all_kansokukekka_ichiran.pdf,26,2023-07-15
市場中学校浅井戸（8m）,2023/08,-0.58,simple,2023_all_kansokukekka_ichiran.pdf,26,2023-08-15
市場中学校浅井戸（8m）,2023/09,-0.43,simple,2023_all_kansokukekka_ichiran.pdf,26,2023-09-15
市場中学校浅井戸（8m）,2023/10,-0.37,simple,2023_all_kansokukekka_ichiran.pdf,26,2023-10-15
市場中学校浅井戸（8m）,2023/11,-0.54,simple,2023_all_kansokukekka_ichiran.pdf,26,2023-11-15
市場中学校浅井戸（8m）,2023/12,-0.71,simple,2023_all_kansokukekka_ichiran.pdf,26,2023-12-15
市場中学校浅井戸（8m）,2024/01,-0.85,simple,2023_all_kansokukekka_ichiran.pdf,26,2024-01-15
市場中学校浅井戸（8m）,2024/02,-0.59,simple,2023_all_kansokukekka_ichiran.pdf,26,2024-02-15
市場中学校浅井戸（8m）,2024/03,-0.44,simple,2023_all_kansokukekka_ichiran.pdf,26,2024-03-15
市場中学校浅井戸（8m）,2024/04,-0.36,simple,2024_all_kansokukekka_ichiran.pdf,26,2024-04-15
市場中学校浅井戸（8m）,2024/05,-0.31,simple,2024_all_kansokukekka_ichiran.pdf,26,2024-05-15
市場中学校浅井戸（8m）,2024/06,-0.32,simple,2024_all_kansokukekka_ichiran.pdf,26,2024-06-15
市場中学校浅井戸（8m）,2024/07,-0.32,simple,2024_all_kansokukekka_ichiran.pdf,26,2024-07-15
市場中学校浅井戸（8m）,2024/08,-0.06,simple,2024_all_kansokukekka_ichiran.pdf,26,2024-08-15
市場中学校浅井戸（8m）,2024/09,-0.6,simple,2024_all_kansokukekka_ichiran.pdf,26,2024-09-15
市場中学校浅井戸（8m）,2024/10,-0.5,simple,2024_all_kansokukekka_ichiran.pdf,26,2024-10-15
市場中学校浅井戸（8m）,2024/11,-0.43,simple,2024_all_kansokukekka_ichiran.pdf,26,2024-11-15
市場中学校浅井戸（8m）,2024/12,-0.6,simple,2024_all_kansokukekka_ichiran.pdf,26,2024-12-15
市場中学校浅井戸（8m）,2025/01,-0.77,simple,2024_all_kansokukekka_ichiran.pdf,26,2025-01-15
市場中学校浅井戸（8m）,2025/02,-1.06,simple,2024_all_kansokukekka_ichiran.pdf,26,2025-02-15
市場中学校浅井戸（8m）,2025/03,-0.54,simple,2024_all_kansokukekka_ichiran.pdf,26,2025-03-15
市場中学校浅井戸（8m）,2025/04,-0.41,simple,2025_all_data.pdf,3,2025-04-15
市場中学校浅井戸（8m）,2025/05,-0.32,simple,2025_all_data.pdf,3,2025-05-15
市場中学校浅井戸（8m）,2025/06,-0.38,simple,2025_all_data.pdf,3,2025-06-15
市場中学校浅井戸（8m）,2025/07,-0.46,simple,2025_all_data.pdf,3,2025-07-15
市場中学校浅井戸（8m）,2025/08,-0.52,simple,2025_all_data.pdf,3,2025-08-15
市場中学校浅井戸（8m）,2025/09,-0.3,simple,2025_all_data.pdf,3,2025-09-15
市場中学校浅井戸（8m）,2025/10,-0.46,simple,2025_all_data.pdf,3,2025-10-15
市場中学校浅井戸（8m）,2025/11,-0.53,simple,2025_all_data.pdf,3,2025-11-15
市場中学校浅井戸（8m）,2025/12,-0.7,simple,2025_all_data.pdf,3,2025-12-15
市場中学校浅井戸（8m）,2026/01,-1.01,simple,2025_all_data.pdf,3,2026-01-15
市場中学校浅井戸（8m）,2026/02,-1.06,simple,2025_all_data.pdf,3,2026-02-15
市場中学校浅井戸（8m）,2026/03,-0.67,simple,2025_all_data.pdf,3,2026-03-15
市場中学校深井戸,2015/04,0.97,simple,2010-2016_all_data.pdf,7,2015-04-15
市場中学校深井戸,2015/05,0.98,simple,2010-2016_all_data.pdf,7,2015-05-15
市場中学校深井戸,2015/06,1.13,simple,2010-2016_all_data.pdf,7,2015-06-15
市場中学校深井戸,2015/07,1.18,simple,2010-2016_all_data.pdf,7,2015-07-15
市場中学校深井戸,2015/08,1.18,simple,2010-2016_all_data.pdf,7,2015-08-15
市場中学校深井戸,2015/09,1.22,simple,2010-2016_all_data.pdf,7,2015-09-15
市場中学校深井戸,2015/10,1.16,simple,2010-2016_all_data.pdf,7,2015-10-15
市場中学校深井戸,2015/12,1.24,simple,2010-2016_all_data.pdf,7,2015-12-15
市場中学校深井戸,2016/01,1.16,simple,2010-2016_all_data.pdf,7,2016-01-15
市場中学校深井戸,2016/02,1.17,simple,2010-2016_all_data.pdf,7,2016-02-15
市場中学校深井戸,2016/03,1.18,simple,2010-2016_all_data.pdf,7,2016-03-15
市場中学校深井戸（59m）,2010/04,0.89,simple,2010-2016_all_data.pdf,2,2010-04-15
市場中学校深井戸（59m）,2010/05,0.96,simple,2010-2016_all_data.pdf,2,2010-05-15
市場中学校深井戸（59m）,2010/06,0.93,simple,2010-2016_all_data.pdf,2,2010-06-15
市場中学校深井戸（59m）,2010/07,1.0,simple,2010-2016_all_data.pdf,2,2010-07-15
市場中学校深井戸（59m）,2010/08,0.92,simple,2010-2016_all_data.pdf,2,2010-08-15
市場中学校深井戸（59m）,2010/09,0.95,simple,2010-2016_all_data.pdf,2,2010-09-15
市場中学校深井戸（59m）,2010/10,1.01,simple,2010-2016_all_data.pdf,2,2010-10-15
市場中学校深井戸（59m）,2010/11,1.01,simple,2010-2016_all_data.pdf,2,2010-11-15
市場中学校深井戸（59m）,2010/12,1.0,simple,2010-2016_all_data.pdf,2,2010-12-15
市場中学校深井戸（59m）,2011/01,0.98,simple,2010-2016_all_data.pdf,2,2011-01-15
市場中学校深井戸（59m）,2011/02,0.91,simple,2010-2016_all_data.pdf,2,2011-02-15
市場中学校深井戸（59m）,2011/03,1.12,simple,2010-2016_all_data.pdf,2,2011-03-15
市場中学校深井戸（59m）,2011/04,1.28,simple,2010-2016_all_data.pdf,3,2011-04-15
市場中学校深井戸（59m）,2011/05,1.2,simple,2010-2016_all_data.pdf,3,2011-05-15
市場中学校深井戸（59m）,2011/06,1.32,simple,2010-2016_all_data.pdf,3,2011-06-15
市場中学校深井戸（59m）,2011/07,1.32,simple,2010-2016_all_data.pdf,3,2011-07-15
市場中学校深井戸（59m）,2011/08,1.27,simple,2010-2016_all_data.pdf,3,2011-08-15
市場中学校深井戸（59m）,2011/09,1.33,simple,2010-2016_all_data.pdf,3,2011-09-15
市場中学校深井戸（59m）,2011/10,1.25,simple,2010-2016_all_data.pdf,3,2011-10-15
市場中学校深井戸（59m）,2011/11,1.21,simple,2010-2016_all_data.pdf,3,2011-11-15
市場中学校深井戸（59m）,2011/12,1.23,simple,2010-2016_all_data.pdf,3,2011-12-15
市場中学校深井戸（59m）,2012/01,1.22,simple,2010-2016_all_data.pdf,3,2012-01-15
市場中学校深井戸（59m）,2012/02,1.21,simple,2010-2016_all_data.pdf,3,2012-02-15
市場中学校深井戸（59m）,2012/03,1.15,simple,2010-2016_all_data.pdf,3,2012-03-15
市場中学校深井戸（59m）,2012/04,1.21,simple,2010-2016_all_data.pdf,4,2012-04-15
市場中学校深井戸（59m）,2012/05,1.25,simple,2010-2016_all_data.pdf,4,2012-05-15
市場中学校深井戸（59m）,2012/06,1.27,simple,2010-2016_all_data.pdf,4,2012-06-15
市場中学校深井戸（59m）,2012/07,1.22,simple,2010-2016_all_data.pdf,4,2012-07-15
市場中学校深井戸（59m）,2012/08,1.25,simple,2010-2016_all_data.pdf,4,2012-08-15
市場中学校深井戸（59m）,2012/09,1.19,simple,2010-2016_all_data.pdf,4,2012-09-15
市場中学校深井戸（59m）,2012/10,1.24,simple,2010-2016_all_data.pdf,4,2012-10-15
市場中学校深井戸（59m）,2012/11,1.26,simple,2010-2016_all_data.pdf,4,2012-11-15
市場中学校深井戸（59m）,2012/12,1.24,simple,2010-2016_all_data.pdf,4,2012-12-15
市場中学校深井戸（59m）,2013/01,1.23,simple,2010-2016_all_data.pdf,4,2013-01-15
市場中学校深井戸（59m）,2013/02,1.12,simple,2010-2016_all_data.pdf,4,2013-02-15
市場中学校深井戸（59m）,2013/03,1.1,simple,2010-2016_all_data.pdf,4,2013-03-15
市場中学校深井戸（59m）,2013/04,1.09,simple,2010-2016_all_data.pdf,5,2013-04-15
市場中学校深井戸（59m）,2013/05,-0.46,simple,2010-2016_all_data.pdf,5,2013-05-15
市場中学校深井戸（59m）,2013/07,-1.4,simple,2010-2016_all_data.pdf,5,2013-07-15
市場中学校深井戸（59m）,2013/08,-1.05,simple,2010-2016_all_data.pdf,5,2013-08-15
市場中学校深井戸（59m）,2013/09,0.33,simple,2010-2016_all_data.pdf,5,2013-09-15
市場中学校深井戸（59m）,2013/10,0.82,simple,2010-2016_all_data.pdf,5,2013-10-15
市場中学校深井戸（59m）,2013/12,0.89,simple,2010-2016_all_data.pdf,5,2013-12-15
市場中学校深井戸（59m）,2014/01,0.94,simple,2010-2016_all_data.pdf,5,2014-01-15
市場中学校深井戸（59m）,2014/03,1.02,simple,2010-2016_all_data.pdf,5,2014-03-15
市場中学校深井戸（59m）,2014/04,1.02,simple,2010-2016_all_data.pdf,6,2014-04-15
市場中学校深井戸（59m）,2014/05,1.02,simple,2010-2016_all_data.pdf,6,2014-05-15
市場中学校深井戸（59m）,2014/06,0.7,simple,2010-2016_all_data.pdf,6,2014-06-15
市場中学校深井戸（59m）,2014/07,-1.78,simple,2010-2016_all_data.pdf,6,2014-07-15
市場中学校深井戸（59m）,2014/08,-2.26,simple,2010-2016_all_data.pdf,6,2014-08-15
市場中学校深井戸（59m）,2014/09,-2.42,simple,2010-2016_all_data.pdf,6,2014-09-15
市場中学校深井戸（59m）,2014/10,-2.48,simple,2010-2016_all_data.pdf,6,2014-10-15
市場中学校深井戸（59m）,2014/11,-1.37,simple,2010-2016_all_data.pdf,6,2014-11-15
市場中学校深井戸（59m）,2014/12,0.23,simple,2010-2016_all_data.pdf,6,2014-12-15
市場中学校深井戸（59m）,2015/03,0.93,simple,2010-2016_all_data.pdf,6,2015-03-15
市場中学校深井戸（59m）,2016/04,1.15,simple,2010-2016_all_data.pdf,8,2016-04-15
市場中学校深井戸（59m）,2016/05,1.2,simple,2010-2016_all_data.pdf,8,2016-05-15
市場中学校深井戸（59m）,2016/06,1.24,simple,2010-2016_all_data.pdf,8,2016-06-15
市場中学校深井戸（59m）,2016/08,1.42,simple,2010-2016_all_data.pdf,8,2016-08-15
市場中学校深井戸（59m）,2016/09,1.42,simple,2010-2016_all_data.pdf,8,2016-09-15
市場中学校深井戸（59m）,2016/10,1.19,simple,2010-2016_all_data.pdf,8,2016-10-15
市場中学校深井戸（59m）,2016/11,1.24,simple,2010-2016_all_data.pdf,8,2016-11-15
市場中学校深井戸（59m）,2016/12,1.24,simple,2010-2016_all_data.pdf,8,2016-12-15
市場中学校深井戸（59m）,2017/01,1.21,simple,2010-2016_all_data.pdf,8,2017-01-15
市場中学校深井戸（59m）,2017/02,1.14,simple,2010-2016_all_data.pdf,8,2017-02-15
市場中学校深井戸（59m）,2017/03,1.13,simple,2010-2016_all_data.pdf,8,2017-03-15
市場中学校深井戸（59m）,2017/04,1.07,simple,2017_all_kansokukekka_ichiran_R.pdf,26,2017-04-15
市場中学校深井戸（59m）,2017/05,1.04,simple,2017_all_kansokukekka_ichiran_R.pdf,26,2017-05-15
市場中学校深井戸（59m）,2017/06,1.04,simple,2017_all_kansokukekka_ichiran_R.pdf,26,2017-06-15
市場中学校深井戸（59m）,2017/10,0.98,simple,2017_all_kansokukekka_ichiran_R.pdf,26,2017-10-15
市場中学校深井戸（59m）,2017/11,1.13,simple,2017_all_kansokukekka_ichiran_R.pdf,26,2017-11-15
市場中学校深井戸（59m）,2018/01,1.1,simple,2017_all_kansokukekka_ichiran_R.pdf,26,2018-01-15
市場中学校深井戸（59m）,2018/02,1.13,simple,2017_all_kansokukekka_ichiran_R.pdf,26,2018-02-15
市場中学校深井戸（59m）,2018/03,0.73,simple,2017_all_kansokukekka_ichiran_R.pdf,26,2018-03-15
市場中学校深井戸（59m）,2018/04,0.82,simple,2018_all_kansokukekka_ichiran_R.pdf,26,2018-04-15
市場中学校深井戸（59m）,2018/05,0.82,simple,2018_all_kansokukekka_ichiran_R.pdf,26,2018-05-15
市場中学校深井戸（59m）,2018/06,0.22,simple,2018_all_kansokukekka_ichiran_R.pdf,26,2018-06-15
市場中学校深井戸（59m）,2018/07,-0.03,simple,2018_all_kansokukekka_ichiran_R.pdf,26,2018-07-15
市場中学校深井戸（59m）,2018/08,-0.24,simple,2018_all_kansokukekka_ichiran_R.pdf,26,2018-08-15
市場中学校深井戸（59m）,2018/10,-0.39,simple,2018_all_kansokukekka_ichiran_R.pdf,26,2018-10-15
市場中学校深井戸（59m）,2018/11,-0.53,simple,2018_all_kansokukekka_ichiran_R.pdf,26,2018-11-15
市場中学校深井戸（59m）,2018/12,-0.67,simple,2018_all_kansokukekka_ichiran_R.pdf,26,2018-12-15
市場中学校深井戸（59m）,2019/01,-1.33,simple,2018_all_kansokukekka_ichiran_R.pdf,26,2019-01-15
市場中学校深井戸（59m）,2019/04,-1.07,simple,2019_all_kansokukekka_ichiran_R.pdf,26,2019-04-15
市場中学校深井戸（59m）,2019/05,-0.63,simple,2019_all_kansokukekka_ichiran_R.pdf,26,2019-05-15
市場中学校深井戸（59m）,2019/08,0.66,simple,2019_all_kansokukekka_ichiran_R.pdf,26,2019-08-15
市場中学校深井戸（59m）,2019/09,0.79,simple,2019_all_kansokukekka_ichiran_R.pdf,26,2019-09-15
市場中学校深井戸（59m）,2019/10,0.61,simple,2019_all_kansokukekka_ichiran_R.pdf,26,2019-10-15
市場中学校深井戸（59m）,2019/11,0.27,simple,2019_all_kansokukekka_ichiran_R.pdf,26,2019-11-15
市場中学校深井戸（59m）,2020/01,-0.02,simple,2019_all_kansokukekka_ichiran_R.pdf,26,2020-01-15
市場中学校深井戸（59m）,2020/02,-0.15,simple,2019_all_kansokukekka_ichiran_R.pdf,26,2020-02-15
市場中学校深井戸（59m）,2020/03,-0.13,simple,2019_all_kansokukekka_ichiran_R.pdf,26,2020-03-15
市場中学校深井戸（59m）,2020/08,1.03,simple,2020_all_kansokukekka_ichiran_R.pdf,26,2020-08-15
市場中学校深井戸（59m）,2020/10,1.08,simple,2020_all_kansokukekka_ichiran_R.pdf,26,2020-10-15
市場中学校深井戸（59m）,2020/11,1.04,simple,2020_all_kansokukekka_ichiran_R.pdf,26,2020-11-15
市場中学校深井戸（59m）,2021/04,1.1,simple,2021_all_kansokukekka_ichiran_R.pdf,26,2021-04-15
市場中学校深井戸（59m）,2021/05,1.16,simple,2021_all_kansokukekka_ichiran_R.pdf,26,2021-05-15
市場中学校深井戸（59m）,2021/06,1.19,simple,2021_all_kansokukekka_ichiran_R.pdf,26,2021-06-15
市場中学校深井戸（59m）,2021/07,1.2,simple,2021_all_kansokukekka_ichiran_R.pdf,26,2021-07-15
市場中学校深井戸（59m）,2021/08,1.2,simple,2021_all_kansokukekka_ichiran_R.pdf,26,2021-08-15
市場中学校深井戸（59m）,2021/09,1.2,simple,2021_all_kansokukekka_ichiran_R.pdf,26,2021-09-15
市場中学校深井戸（59m）,2021/10,1.26,simple,2021_all_kansokukekka_ichiran_R.pdf,26,2021-10-15
市場中学校深井戸（59m）,2021/12,1.28,simple,2021_all_kansokukekka_ichiran_R.pdf,26,2021-12-15
市場中学校深井戸（59m）,2022/01,1.21,simple,2021_all_kansokukekka_ichiran_R.pdf,26,2022-01-15
市場中学校深井戸（59m）,2022/02,1.18,simple,2021_all_kansokukekka_ichiran_R.pdf,26,2022-02-15
市場中学校深井戸（59m）,2022/03,1.17,simple,2021_all_kansokukekka_ichiran_R.pdf,26,2022-03-15
市場中学校深井戸（59m）,2022/04,1.24,simple,2022_all_kansokukekka_ichiran_R.pdf,26,2022-04-15
市場中学校深井戸（59m）,2022/05,1.28,simple,2022_all_kansokukekka_ichiran_R.pdf,26,2022-05-15
市場中学校深井戸（59m）,2022/06,1.23,simple,2022_all_kansokukekka_ichiran_R.pdf,26,2022-06-15
市場中学校深井戸（59m）,2022/07,1.26,simple,2022_all_kansokukekka_ichiran_R.pdf,26,2022-07-15
市場中学校深井戸（59m）,2022/08,1.29,simple,2022_all_kansokukekka_ichiran_R.pdf,26,2022-08-15
市場中学校深井戸（59m）,2022/09,1.33,simple,2022_all_kansokukekka_ichiran_R.pdf,26,2022-09-15
市場中学校深井戸（59m）,2022/10,1.29,simple,2022_all_kansokukekka_ichiran_R.pdf,26,2022-10-15
市場中学校深井戸（59m）,2022/11,1.26,simple,2022_all_kansokukekka_ichiran_R.pdf,26,2022-11-15
市場中学校深井戸（59m）,2022/12,1.31,simple,2022_all_kansokukekka_ichiran_R.pdf,26,2022-12-15
市場中学校深井戸（59m）,2023/01,1.18,simple,2022_all_kansokukekka_ichiran_R.pdf,26,2023-01-15
市場中学校深井戸（59m）,2023/02,1.16,simple,2022_all_kansokukekka_ichiran_R.pdf,26,2023-02-15
市場中学校深井戸（59m）,2023/03,1.11,simple,2022_all_kansokukekka_ichiran_R.pdf,26,2023-03-15
市場中学校深井戸（59m）,2023/04,1.17,simple,2023_all_kansokukekka_ichiran.pdf,26,2023-04-15
市場中学校深井戸（59m）,2023/05,1.17,simple,2023_all_kansokukekka_ichiran.pdf,26,2023-05-15
市場中学校深井戸（59m）,2023/06,1.24,simple,2023_all_kansokukekka_ichiran.pdf,26,2023-06-15
市場中学校深井戸（59m）,2023/07,1.32,simple,2023_all_kansokukekka_ichiran.pdf,26,2023-07-15
市場中学校深井戸（59m）,2023/08,1.21,simple,2023_all_kansokukekka_ichiran.pdf,26,2023-08-15
市場中学校深井戸（59m）,2023/09,1.2,simple,2023_all_kansokukekka_ichiran.pdf,26,2023-09-15
市場中学校深井戸（59m）,2023/10,1.23,simple,2023_all_kansokukekka_ichiran.pdf,26,2023-10-15
市場中学校深井戸（59m）,2023/11,1.23,simple,2023_all_kansokukekka_ichiran.pdf,26,2023-11-15
市場中学校深井戸（59m）,2023/12,1.14,simple,2023_all_kansokukekka_ichiran.pdf,26,2023-12-15
市場中学校深井戸（59m）,2024/01,1.17,simple,2023_all_kansokukekka_ichiran.pdf,26,2024-01-15
市場中学校深井戸（59m）,2024/02,1.23,simple,2023_all_kansokukekka_ichiran.pdf,26,2024-02-15
市場中学校深井戸（59m）,2024/03,1.25,simple,2023_all_kansokukekka_ichiran.pdf,26,2024-03-15
市場中学校深井戸（59m）,2024/04,1.26,simple,2024_all_kansokukekka_ichiran.pdf,26,2024-04-15
市場中学校深井戸（59m）,2024/05,1.33,simple,2024_all_kansokukekka_ichiran.pdf,26,2024-05-15
市場中学校深井戸（59m）,2024/06,1.3,simple,2024_all_kansokukekka_ichiran.pdf,26,2024-06-15
市場中学校深井戸（59m）,2024/07,1.27,simple,2024_all_kansokukekka_ichiran.pdf,26,2024-07-15
市場中学校深井戸（59m）,2024/08,1.26,simple,2024_all_kansokukekka_ichiran.pdf,26,2024-08-15
市場中学校深井戸（59m）,2024/09,1.31,simple,2024_all_kansokukekka_ichiran.pdf,26,2024-09-15
市場中学校深井戸（59m）,2024/10,1.32,simple,2024_all_kansokukekka_ichiran.pdf,26,2024-10-15
市場中学校深井戸（59m）,2024/11,1.31,simple,2024_all_kansokukekka_ichiran.pdf,26,2024-11-15
市場中学校深井戸（59m）,2024/12,1.25,simple,2024_all_kansokukekka_ichiran.pdf,26,2024-12-15
市場中学校深井戸（59m）,2025/01,1.2,simple,2024_all_kansokukekka_ichiran.pdf,26,2025-01-15
市場中学校深井戸（59m）,2025/02,1.15,simple,2024_all_kansokukekka_ichiran.pdf,26,2025-02-15
市場中学校深井戸（59m）,2025/03,1.23,simple,2024_all_kansokukekka_ichiran.pdf,26,2025-03-15
市場中学校深井戸（59m）,2025/04,1.26,simple,2025_all_data.pdf,3,2025-04-15
市場中学校深井戸（59m）,2025/05,1.27,simple,2025_all_data.pdf,3,2025-05-15
市場中学校深井戸（59m）,2025/06,1.22,simple,2025_all_data.pdf,3,2025-06-15
市場中学校深井戸（59m）,2025/07,1.22,simple,2025_all_data.pdf,3,2025-07-15
市場中学校深井戸（59m）,2025/08,1.21,simple,2025_all_data.pdf,3,2025-08-15
市場中学校深井戸（59m）,2025/09,1.23,simple,2025_all_data.pdf,3,2025-09-15
市場中学校深井戸（59m）,2025/10,1.17,simple,2025_all_data.pdf,3,2025-10-15
市場中学校深井戸（59m）,2025/11,1.18,simple,2025_all_data.pdf,3,2025-11-15
市場中学校深井戸（59m）,2025/12,1.24,simple,2025_all_data.pdf,3,2025-12-15
市場中学校深井戸（59m）,2026/01,1.15,simple,2025_all_data.pdf,3,2026-01-15
市場中学校深井戸（59m）,2026/02,1.13,simple,2025_all_data.pdf,3,2026-02-15
市場中学校深井戸（59m）,2026/03,1.15,simple,2025_all_data.pdf,3,2026-03-15
目黒町公園,2015/04,56.36,simple,2010-2016_all_data.pdf,7,2015-04-15
目黒町公園,2015/05,56.26,simple,2010-2016_all_data.pdf,7,2015-05-15
目黒町公園,2015/06,56.19,simple,2010-2016_all_data.pdf,7,2015-06-15
目黒町公園,2015/07,56.53,simple,2010-2016_all_data.pdf,7,2015-07-15
目黒町公園,2015/08,56.38,simple,2010-2016_all_data.pdf,7,2015-08-15
目黒町公園,2015/09,56.89,simple,2010-2016_all_data.pdf,7,2015-09-15
目黒町公園,2015/10,56.65,simple,2010-2016_all_data.pdf,7,2015-10-15
目黒町公園,2015/11,56.46,simple,2010-2016_all_data.pdf,7,2015-11-15
目黒町公園,2015/12,56.53,simple,2010-2016_all_data.pdf,7,2015-12-15
目黒町公園,2016/01,56.32,simple,2010-2016_all_data.pdf,7,2016-01-15
目黒町公園,2016/02,56.36,simple,2010-2016_all_data.pdf,7,2016-02-15
目黒町公園,2016/03,56.27,simple,2010-2016_all_data.pdf,7,2016-03-15
目黒町公園（15m）,2010/04,56.64,simple,2010-2016_all_data.pdf,2,2010-04-15
目黒町公園（15m）,2010/05,56.56,simple,2010-2016_all_data.pdf,2,2010-05-15
目黒町公園（15m）,2010/07,56.36,simple,2010-2016_all_data.pdf,2,2010-07-15
目黒町公園（15m）,2010/08,56.17,simple,2010-2016_all_data.pdf,2,2010-08-15
目黒町公園（15m）,2010/10,56.81,simple,2010-2016_all_data.pdf,2,2010-10-15
目黒町公園（15m）,2010/11,57.01,simple,2010-2016_all_data.pdf,2,2010-11-15
目黒町公園（15m）,2010/12,56.87,simple,2010-2016_all_data.pdf,2,2010-12-15
目黒町公園（15m）,2011/01,56.42,simple,2010-2016_all_data.pdf,2,2011-01-15
目黒町公園（15m）,2011/02,56.39,simple,2010-2016_all_data.pdf,2,2011-02-15
目黒町公園（15m）,2011/03,56.24,simple,2010-2016_all_data.pdf,2,2011-03-15
目黒町公園（15m）,2011/04,56.15,simple,2010-2016_all_data.pdf,3,2011-04-15
目黒町公園（15m）,2011/05,56.66,simple,2010-2016_all_data.pdf,3,2011-05-15
目黒町公園（15m）,2011/06,56.39,simple,2010-2016_all_data.pdf,3,2011-06-15
目黒町公園（15m）,2011/07,56.21,simple,2010-2016_all_data.pdf,3,2011-07-15
目黒町公園（15m）,2011/08,57.06,simple,2010-2016_all_data.pdf,3,2011-08-15
目黒町公園（15m）,2011/09,57.26,simple,2010-2016_all_data.pdf,3,2011-09-15
目黒町公園（15m）,2011/10,56.89,simple,2010-2016_all_data.pdf,3,2011-10-15
目黒町公園（15m）,2011/11,56.54,simple,2010-2016_all_data.pdf,3,2011-11-15
目黒町公園（15m）,2011/12,56.45,simple,2010-2016_all_data.pdf,3,2011-12-15
目黒町公園（15m）,2012/07,56.62,simple,2010-2016_all_data.pdf,4,2012-07-15
目黒町公園（15m）,2012/08,56.35,simple,2010-2016_all_data.pdf,4,2012-08-15
目黒町公園（15m）,2012/09,56.47,simple,2010-2016_all_data.pdf,4,2012-09-15
目黒町公園（15m）,2012/10,56.42,simple,2010-2016_all_data.pdf,4,2012-10-15
目黒町公園（15m）,2012/11,56.52,simple,2010-2016_all_data.pdf,4,2012-11-15
目黒町公園（15m）,2012/12,56.4,simple,2010-2016_all_data.pdf,4,2012-12-15
目黒町公園（15m）,2013/01,56.36,simple,2010-2016_all_data.pdf,4,2013-01-15
目黒町公園（15m）,2013/03,55.93,simple,2010-2016_all_data.pdf,4,2013-03-15
目黒町公園（15m）,2013/05,56.32,simple,2010-2016_all_data.pdf,5,2013-05-15
目黒町公園（15m）,2013/06,56.36,simple,2010-2016_all_data.pdf,5,2013-06-15
目黒町公園（15m）,2013/08,56.15,simple,2010-2016_all_data.pdf,5,2013-08-15
目黒町公園（15m）,2013/09,56.44,simple,2010-2016_all_data.pdf,5,2013-09-15
目黒町公園（15m）,2013/10,57.26,simple,2010-2016_all_data.pdf,5,2013-10-15
目黒町公園（15m）,2013/11,56.74,simple,2010-2016_all_data.pdf,5,2013-11-15
目黒町公園（15m）,2013/12,56.37,simple,2010-2016_all_data.pdf,5,2013-12-15
目黒町公園（15m）,2014/01,56.19,simple,2010-2016_all_data.pdf,5,2014-01-15
目黒町公園（15m）,2014/03,56.3,simple,2010-2016_all_data.pdf,5,2014-03-15
目黒町公園（15m）,2014/05,56.21,simple,2010-2016_all_data.pdf,6,2014-05-15
目黒町公園（15m）,2014/06,57.04,simple,2010-2016_all_data.pdf,6,2014-06-15
目黒町公園（15m）,2014/08,56.39,simple,2010-2016_all_data.pdf,6,2014-08-15
目黒町公園（15m）,2014/09,56.34,simple,2010-2016_all_data.pdf,6,2014-09-15
目黒町公園（15m）,2014/11,56.61,simple,2010-2016_all_data.pdf,6,2014-11-15
目黒町公園（15m）,2014/12,56.42,simple,2010-2016_all_data.pdf,6,2014-12-15
目黒町公園（15m）,2015/01,56.27,simple,2010-2016_all_data.pdf,6,2015-01-15
目黒町公園（15m）,2015/02,56.23,simple,2010-2016_all_data.pdf,6,2015-02-15
目黒町公園（15m）,2016/04,56.27,simple,2010-2016_all_data.pdf,8,2016-04-15
目黒町公園（15m）,2016/06,56.2,simple,2010-2016_all_data.pdf,8,2016-06-15
目黒町公園（15m）,2016/07,56.11,simple,2010-2016_all_data.pdf,8,2016-07-15
目黒町公園（15m）,2016/08,57.0,simple,2010-2016_all_data.pdf,8,2016-08-15
目黒町公園（15m）,2016/09,56.96,simple,2010-2016_all_data.pdf,8,2016-09-15
目黒町公園（15m）,2016/11,56.57,simple,2010-2016_all_data.pdf,8,2016-11-15
目黒町公園（15m）,2016/12,56.57,simple,2010-2016_all_data.pdf,8,2016-12-15
目黒町公園（15m）,2017/01,56.3,simple,2010-2016_all_data.pdf,8,2017-01-15
目黒町公園（15m）,2017/02,56.19,simple,2010-2016_all_data.pdf,8,2017-02-15
目黒町公園（15m）,2017/03,56.09,simple,2010-2016_all_data.pdf,8,2017-03-15
目黒町公園（15m）,2017/04,56.11,simple,2017_all_kansokukekka_ichiran_R.pdf,26,2017-04-15
目黒町公園（15m）,2017/05,56.01,simple,2017_all_kansokukekka_ichiran_R.pdf,26,2017-05-15
目黒町公園（15m）,2017/09,56.32,simple,2017_all_kansokukekka_ichiran_R.pdf,26,2017-09-15
目黒町公園（15m）,2017/10,57.92,simple,2017_all_kansokukekka_ichiran_R.pdf,26,2017-10-15
目黒町公園（15m）,2017/12,56.54,simple,2017_all_kansokukekka_ichiran_R.pdf,26,2017-12-15
目黒町公園（15m）,2018/01,56.33,simple,2017_all_kansokukekka_ichiran_R.pdf,26,2018-01-15
目黒町公園（15m）,2018/02,56.15,simple,2017_all_kansokukekka_ichiran_R.pdf,26,2018-02-15
目黒町公園（15m）,2018/04,56.38,simple,2018_all_kansokukekka_ichiran_R.pdf,26,2018-04-15
目黒町公園（15m）,2018/05,56.41,simple,2018_all_kansokukekka_ichiran_R.pdf,26,2018-05-15
目黒町公園（15m）,2018/07,56.35,simple,2018_all_kansokukekka_ichiran_R.pdf,26,2018-07-15
目黒町公園（15m）,2018/08,56.22,simple,2018_all_kansokukekka_ichiran_R.pdf,26,2018-08-15
目黒町公園（15m）,2018/09,56.35,simple,2018_all_kansokukekka_ichiran_R.pdf,26,2018-09-15
目黒町公園（15m）,2018/10,56.68,simple,2018_all_kansokukekka_ichiran_R.pdf,26,2018-10-15
目黒町公園（15m）,2018/11,56.39,simple,2018_all_kansokukekka_ichiran_R.pdf,26,2018-11-15
目黒町公園（15m）,2019/01,56.11,simple,2018_all_kansokukekka_ichiran_R.pdf,26,2019-01-15
目黒町公園（15m）,2019/02,56.02,simple,2018_all_kansokukekka_ichiran_R.pdf,26,2019-02-15
目黒町公園（15m）,2019/03,56.02,simple,2018_all_kansokukekka_ichiran_R.pdf,26,2019-03-15
目黒町公園（15m）,2019/04,56.11,simple,2019_all_kansokukekka_ichiran_R.pdf,26,2019-04-15
目黒町公園（15m）,2019/05,55.98,simple,2019_all_kansokukekka_ichiran_R.pdf,26,2019-05-15
目黒町公園（15m）,2019/06,56.39,simple,2019_all_kansokukekka_ichiran_R.pdf,26,2019-06-15
目黒町公園（15m）,2019/07,56.49,simple,2019_all_kansokukekka_ichiran_R.pdf,26,2019-07-15
目黒町公園（15m）,2019/08,56.25,simple,2019_all_kansokukekka_ichiran_R.pdf,26,2019-08-15
目黒町公園（15m）,2019/09,56.52,simple,2019_all_kansokukekka_ichiran_R.pdf,26,2019-09-15
目黒町公園（15m）,2019/10,57.37,simple,2019_all_kansokukekka_ichiran_R.pdf,26,2019-10-15
目黒町公園（15m）,2019/11,56.88,simple,2019_all_kansokukekka_ichiran_R.pdf,26,2019-11-15
目黒町公園（15m）,2019/12,56.7,simple,2019_all_kansokukekka_ichiran_R.pdf,26,2019-12-15
目黒町公園（15m）,2020/01,56.39,simple,2019_all_kansokukekka_ichiran_R.pdf,26,2020-01-15
目黒町公園（15m）,2020/02,56.31,simple,2019_all_kansokukekka_ichiran_R.pdf,26,2020-02-15
目黒町公園（15m）,2020/03,56.25,simple,2019_all_kansokukekka_ichiran_R.pdf,26,2020-03-15
目黒町公園（15m）,2020/08,56.74,simple,2020_all_kansokukekka_ichiran_R.pdf,26,2020-08-15
目黒町公園（15m）,2020/10,56.76,simple,2020_all_kansokukekka_ichiran_R.pdf,26,2020-10-15
目黒町公園（15m）,2020/11,56.5,simple,2020_all_kansokukekka_ichiran_R.pdf,26,2020-11-15
目黒町公園（15m）,2020/12,56.31,simple,2020_all_kansokukekka_ichiran_R.pdf,26,2020-12-15
目黒町公園（15m）,2021/04,56.38,simple,2021_all_kansokukekka_ichiran_R.pdf,26,2021-04-15
目黒町公園（15m）,2021/05,56.16,simple,2021_all_kansokukekka_ichiran_R.pdf,26,2021-05-15
目黒町公園（15m）,2021/06,56.18,simple,2021_all_kansokukekka_ichiran_R.pdf,26,2021-06-15
目黒町公園（15m）,2021/07,56.65,simple,2021_all_kansokukekka_ichiran_R.pdf,26,2021-07-15
目黒町公園（15m）,2021/08,56.98,simple,2021_all_kansokukekka_ichiran_R.pdf,26,2021-08-15
目黒町公園（15m）,2021/10,56.71,simple,2021_all_kansokukekka_ichiran_R.pdf,26,2021-10-15
目黒町公園（15m）,2021/11,56.55,simple,2021_all_kansokukekka_ichiran_R.pdf,26,2021-11-15
目黒町公園（15m）,2021/12,56.58,simple,2021_all_kansokukekka_ichiran_R.pdf,26,2021-12-15
目黒町公園（15m）,2022/01,56.33,simple,2021_all_kansokukekka_ichiran_R.pdf,26,2022-01-15
目黒町公園（15m）,2022/02,56.29,simple,2021_all_kansokukekka_ichiran_R.pdf,26,2022-02-15
目黒町公園（15m）,2022/03,56.24,simple,2021_all_kansokukekka_ichiran_R.pdf,26,2022-03-15
目黒町公園（15m）,2022/04,56.33,simple,2022_all_kansokukekka_ichiran_R.pdf,26,2022-04-15
目黒町公園（15m）,2022/06,56.51,simple,2022_all_kansokukekka_ichiran_R.pdf,26,2022-06-15
目黒町公園（15m）,2022/07,56.32,simple,2022_all_kansokukekka_ichiran_R.pdf,26,2022-07-15
目黒町公園（15m）,2022/08,56.35,simple,2022_all_kansokukekka_ichiran_R.pdf,26,2022-08-15
目黒町公園（15m）,2022/09,56.81,simple,2022_all_kansokukekka_ichiran_R.pdf,26,2022-09-15
目黒町公園（15m）,2022/10,56.83,simple,2022_all_kansokukekka_ichiran_R.pdf,26,2022-10-15
目黒町公園（15m）,2022/11,56.46,simple,2022_all_kansokukekka_ichiran_R.pdf,26,2022-11-15
目黒町公園（15m）,2022/12,56.37,simple,2022_all_kansokukekka_ichiran_R.pdf,26,2022-12-15
目黒町公園（15m）,2023/01,56.19,simple,2022_all_kansokukekka_ichiran_R.pdf,26,2023-01-15
目黒町公園（15m）,2023/02,56.11,simple,2022_all_kansokukekka_ichiran_R.pdf,26,2023-02-15
目黒町公園（15m）,2023/03,56.02,simple,2022_all_kansokukekka_ichiran_R.pdf,26,2023-03-15
目黒町公園（15m）,2023/04,56.14,simple,2023_all_kansokukekka_ichiran.pdf,26,2023-04-15
目黒町公園（15m）,2023/05,56.16,simple,2023_all_kansokukekka_ichiran.pdf,26,2023-05-15
目黒町公園（15m）,2023/06,56.81,simple,2023_all_kansokukekka_ichiran.pdf,26,2023-06-15
目黒町公園（15m）,2023/07,56.4,simple,2023_all_kansokukekka_ichiran.pdf,26,2023-07-15
目黒町公園（15m）,2023/08,56.46,simple,2023_all_kansokukekka_ichiran.pdf,26,2023-08-15
目黒町公園（15m）,2023/09,56.32,simple,2023_all_kansokukekka_ichiran.pdf,26,2023-09-15
目黒町公園（15m）,2023/10,56.64,simple,2023_all_kansokukekka_ichiran.pdf,26,2023-10-15
目黒町公園（15m）,2023/11,56.39,simple,2023_all_kansokukekka_ichiran.pdf,26,2023-11-15
目黒町公園（15m）,2023/12,56.18,simple,2023_all_kansokukekka_ichiran.pdf,26,2023-12-15
目黒町公園（15m）,2024/01,56.04,simple,2023_all_kansokukekka_ichiran.pdf,26,2024-01-15
目黒町公園（15m）,2024/02,56.03,simple,2023_all_kansokukekka_ichiran.pdf,26,2024-02-15
目黒町公園（15m）,2024/03,56.13,simple,2023_all_kansokukekka_ichiran.pdf,26,2024-03-15
目黒町公園（15m）,2024/04,56.39,simple,2024_all_kansokukekka_ichiran.pdf,26,2024-04-15
目黒町公園（15m）,2024/05,56.48,simple,2024_all_kansokukekka_ichiran.pdf,26,2024-05-15
目黒町公園（15m）,2024/06,56.85,simple,2024_all_kansokukekka_ichiran.pdf,26,2024-06-15
目黒町公園（15m）,2024/07,56.72,simple,2024_all_kansokukekka_ichiran.pdf,26,2024-07-15
目黒町公園（15m）,2024/08,56.48,simple,2024_all_kansokukekka_ichiran.pdf,26,2024-08-15
目黒町公園（15m）,2024/09,56.85,simple,2024_all_kansokukekka_ichiran.pdf,26,2024-09-15
目黒町公園（15m）,2024/10,57.64,simple,2024_all_kansokukekka_ichiran.pdf,26,2024-10-15
目黒町公園（15m）,2024/11,56.59,simple,2024_all_kansokukekka_ichiran.pdf,26,2024-11-15
目黒町公園（15m）,2024/12,56.37,simple,2024_all_kansokukekka_ichiran.pdf,26,2024-12-15
目黒町公園（15m）,2025/01,56.22,simple,2024_all_kansokukekka_ichiran.pdf,26,2025-01-15
目黒町公園（15m）,2025/02,56.05,simple,2024_all_kansokukekka_ichiran.pdf,26,2025-02-15
目黒町公園（15m）,2025/03,56.13,simple,2024_all_kansokukekka_ichiran.pdf,26,2025-03-15
目黒町公園（15m）,2025/04,56.3,simple,2025_all_data.pdf,3,2025-04-15
目黒町公園（15m）,2025/05,56.29,simple,2025_all_data.pdf,3,2025-05-15
目黒町公園（15m）,2025/06,56.29,simple,2025_all_data.pdf,3,2025-06-15
目黒町公園（15m）,2025/07,56.15,simple,2025_all_data.pdf,3,2025-07-15
目黒町公園（15m）,2025/08,56.09,simple,2025_all_data.pdf,3,2025-08-15
目黒町公園（15m）,2025/09,56.29,simple,2025_all_data.pdf,3,2025-09-15
目黒町公園（15m）,2025/10,56.11,simple,2025_all_data.pdf,3,2025-10-15
目黒町公園（15m）,2025/11,56.09,simple,2025_all_data.pdf,3,2025-11-15
目黒町公園（15m）,2025/12,56.08,simple,2025_all_data.pdf,3,2025-12-15
目黒町公園（15m）,2026/01,55.9,simple,2025_all_data.pdf,3,2026-01-15
目黒町公園（15m）,2026/02,55.81,simple,2025_all_data.pdf,3,2026-02-15
目黒町公園（15m）,2026/03,55.94,simple,2025_all_data.pdf,3,2026-03-15
矢上川公園,2015/04,1.97,simple,2010-2016_all_data.pdf,7,2015-04-15
矢上川公園,2015/05,1.81,simple,2010-2016_all_data.pdf,7,2015-05-15
矢上川公園,2015/06,1.9,simple,2010-2016_all_data.pdf,7,2015-06-15
矢上川公園,2015/07,2.05,simple,2010-2016_all_data.pdf,7,2015-07-15
矢上川公園,2015/08,1.8,simple,2010-2016_all_data.pdf,7,2015-08-15
矢上川公園,2015/09,2.55,simple,2010-2016_all_data.pdf,7,2015-09-15
矢上川公園,2015/10,1.87,simple,2010-2016_all_data.pdf,7,2015-10-15
矢上川公園,2015/12,1.93,simple,2010-2016_all_data.pdf,7,2015-12-15
矢上川公園,2016/01,1.43,simple,2010-2016_all_data.pdf,7,2016-01-15
矢上川公園,2016/02,1.85,simple,2010-2016_all_data.pdf,7,2016-02-15
矢上川公園,2016/03,1.92,simple,2010-2016_all_data.pdf,7,2016-03-15
矢上川公園（15m）,2010/04,2.02,simple,2010-2016_all_data.pdf,2,2010-04-15
矢上川公園（15m）,2010/05,2.13,simple,2010-2016_all_data.pdf,2,2010-05-15
矢上川公園（15m）,2010/06,1.9,simple,2010-2016_all_data.pdf,2,2010-06-15
矢上川公園（15m）,2010/07,1.8,simple,2010-2016_all_data.pdf,2,2010-07-15
矢上川公園（15m）,2010/08,1.75,simple,2010-2016_all_data.pdf,2,2010-08-15
矢上川公園（15m）,2010/09,1.87,simple,2010-2016_all_data.pdf,2,2010-09-15
矢上川公園（15m）,2010/10,2.14,simple,2010-2016_all_data.pdf,2,2010-10-15
矢上川公園（15m）,2010/11,1.93,simple,2010-2016_all_data.pdf,2,2010-11-15
矢上川公園（15m）,2010/12,1.91,simple,2010-2016_all_data.pdf,2,2010-12-15
矢上川公園（15m）,2011/01,1.77,simple,2010-2016_all_data.pdf,2,2011-01-15
矢上川公園（15m）,2011/02,0.97,simple,2010-2016_all_data.pdf,2,2011-02-15
矢上川公園（15m）,2011/03,1.16,simple,2010-2016_all_data.pdf,2,2011-03-15
矢上川公園（15m）,2011/04,1.34,simple,2010-2016_all_data.pdf,3,2011-04-15
矢上川公園（15m）,2011/05,1.78,simple,2010-2016_all_data.pdf,3,2011-05-15
矢上川公園（15m）,2011/06,2.08,simple,2010-2016_all_data.pdf,3,2011-06-15
矢上川公園（15m）,2011/07,1.73,simple,2010-2016_all_data.pdf,3,2011-07-15
矢上川公園（15m）,2011/08,1.45,simple,2010-2016_all_data.pdf,3,2011-08-15
矢上川公園（15m）,2011/09,2.28,simple,2010-2016_all_data.pdf,3,2011-09-15
矢上川公園（15m）,2011/10,1.83,simple,2010-2016_all_data.pdf,3,2011-10-15
矢上川公園（15m）,2011/11,1.87,simple,2010-2016_all_data.pdf,3,2011-11-15
矢上川公園（15m）,2011/12,1.92,simple,2010-2016_all_data.pdf,3,2011-12-15
矢上川公園（15m）,2012/01,1.08,simple,2010-2016_all_data.pdf,3,2012-01-15
矢上川公園（15m）,2012/07,1.88,simple,2010-2016_all_data.pdf,4,2012-07-15
矢上川公園（15m）,2012/08,1.88,simple,2010-2016_all_data.pdf,4,2012-08-15
矢上川公園（15m）,2012/09,0.89,simple,2010-2016_all_data.pdf,4,2012-09-15
矢上川公園（15m）,2012/10,1.81,simple,2010-2016_all_data.pdf,4,2012-10-15
矢上川公園（15m）,2012/11,1.91,simple,2010-2016_all_data.pdf,4,2012-11-15
矢上川公園（15m）,2012/12,1.92,simple,2010-2016_all_data.pdf,4,2012-12-15
矢上川公園（15m）,2013/01,1.89,simple,2010-2016_all_data.pdf,4,2013-01-15
矢上川公園（15m）,2013/03,1.12,simple,2010-2016_all_data.pdf,4,2013-03-15
矢上川公園（15m）,2013/04,1.98,simple,2010-2016_all_data.pdf,5,2013-04-15
矢上川公園（15m）,2013/05,1.71,simple,2010-2016_all_data.pdf,5,2013-05-15
矢上川公園（15m）,2013/07,1.48,simple,2010-2016_all_data.pdf,5,2013-07-15
矢上川公園（15m）,2013/08,0.79,simple,2010-2016_all_data.pdf,5,2013-08-15
矢上川公園（15m）,2013/09,1.36,simple,2010-2016_all_data.pdf,5,2013-09-15
矢上川公園（15m）,2013/10,2.02,simple,2010-2016_all_data.pdf,5,2013-10-15
矢上川公園（15m）,2013/12,0.79,simple,2010-2016_all_data.pdf,5,2013-12-15
矢上川公園（15m）,2014/01,0.6,simple,2010-2016_all_data.pdf,5,2014-01-15
矢上川公園（15m）,2014/04,1.88,simple,2010-2016_all_data.pdf,6,2014-04-15
矢上川公園（15m）,2014/05,1.81,simple,2010-2016_all_data.pdf,6,2014-05-15
矢上川公園（15m）,2014/06,2.63,simple,2010-2016_all_data.pdf,6,2014-06-15
矢上川公園（15m）,2014/07,1.81,simple,2010-2016_all_data.pdf,6,2014-07-15
矢上川公園（15m）,2014/08,0.87,simple,2010-2016_all_data.pdf,6,2014-08-15
矢上川公園（15m）,2014/09,1.42,simple,2010-2016_all_data.pdf,6,2014-09-15
矢上川公園（15m）,2014/10,2.01,simple,2010-2016_all_data.pdf,6,2014-10-15
矢上川公園（15m）,2014/11,1.93,simple,2010-2016_all_data.pdf,6,2014-11-15
矢上川公園（15m）,2014/12,1.91,simple,2010-2016_all_data.pdf,6,2014-12-15
矢上川公園（15m）,2015/01,1.9,simple,2010-2016_all_data.pdf,6,2015-01-15
矢上川公園（15m）,2015/03,1.93,simple,2010-2016_all_data.pdf,6,2015-03-15
矢上川公園（15m）,2016/04,1.89,simple,2010-2016_all_data.pdf,8,2016-04-15
矢上川公園（15m）,2016/05,1.79,simple,2010-2016_all_data.pdf,8,2016-05-15
矢上川公園（15m）,2016/06,1.9,simple,2010-2016_all_data.pdf,8,2016-06-15
矢上川公園（15m）,2016/08,2.1,simple,2010-2016_all_data.pdf,8,2016-08-15
矢上川公園（15m）,2016/09,2.88,simple,2010-2016_all_data.pdf,8,2016-09-15
矢上川公園（15m）,2016/10,1.83,simple,2010-2016_all_data.pdf,8,2016-10-15
矢上川公園（15m）,2016/11,1.93,simple,2010-2016_all_data.pdf,8,2016-11-15
矢上川公園（15m）,2016/12,1.92,simple,2010-2016_all_data.pdf,8,2016-12-15
矢上川公園（15m）,2017/01,1.04,simple,2010-2016_all_data.pdf,8,2017-01-15
矢上川公園（15m）,2017/02,0.72,simple,2010-2016_all_data.pdf,8,2017-02-15
矢上川公園（15m）,2017/03,0.79,simple,2010-2016_all_data.pdf,8,2017-03-15
矢上川公園（15m）,2017/04,0.91,simple,2017_all_kansokukekka_ichiran_R.pdf,26,2017-04-15
矢上川公園（15m）,2017/05,1.85,simple,2017_all_kansokukekka_ichiran_R.pdf,26,2017-05-15
矢上川公園（15m）,2017/06,1.91,simple,2017_all_kansokukekka_ichiran_R.pdf,26,2017-06-15
矢上川公園（15m）,2017/10,2.0,simple,2017_all_kansokukekka_ichiran_R.pdf,26,2017-10-15
矢上川公園（15m）,2017/11,2.02,simple,2017_all_kansokukekka_ichiran_R.pdf,26,2017-11-15
矢上川公園（15m）,2018/01,1.04,simple,2017_all_kansokukekka_ichiran_R.pdf,26,2018-01-15
矢上川公園（15m）,2018/02,1.33,simple,2017_all_kansokukekka_ichiran_R.pdf,26,2018-02-15
矢上川公園（15m）,2018/03,2.18,simple,2017_all_kansokukekka_ichiran_R.pdf,26,2018-03-15
矢上川公園（15m）,2018/04,1.87,simple,2018_all_kansokukekka_ichiran_R.pdf,26,2018-04-15
矢上川公園（15m）,2018/05,1.97,simple,2018_all_kansokukekka_ichiran_R.pdf,26,2018-05-15
矢上川公園（15m）,2018/06,2.03,simple,2018_all_kansokukekka_ichiran_R.pdf,26,2018-06-15
矢上川公園（15m）,2018/07,1.51,simple,2018_all_kansokukekka_ichiran_R.pdf,26,2018-07-15
矢上川公園（15m）,2018/10,2.12,simple,2018_all_kansokukekka_ichiran_R.pdf,26,2018-10-15
矢上川公園（15m）,2018/11,1.88,simple,2018_all_kansokukekka_ichiran_R.pdf,26,2018-11-15
矢上川公園（15m）,2019/02,2.03,simple,2018_all_kansokukekka_ichiran_R.pdf,26,2019-02-15
矢上川公園（15m）,2019/03,2.14,simple,2018_all_kansokukekka_ichiran_R.pdf,26,2019-03-15
矢上川公園（15m）,2019/04,1.68,simple,2019_all_kansokukekka_ichiran_R.pdf,26,2019-04-15
矢上川公園（15m）,2019/05,2.11,simple,2019_all_kansokukekka_ichiran_R.pdf,26,2019-05-15
矢上川公園（15m）,2019/08,1.97,simple,2019_all_kansokukekka_ichiran_R.pdf,26,2019-08-15
矢上川公園（15m）,2019/09,2.05,simple,2019_all_kansokukekka_ichiran_R.pdf,26,2019-09-15
矢上川公園（15m）,2019/10,3.04,simple,2019_all_kansokukekka_ichiran_R.pdf,26,2019-10-15
矢上川公園（15m）,2019/11,2.32,simple,2019_all_kansokukekka_ichiran_R.pdf,26,2019-11-15
矢上川公園（15m）,2020/01,2.07,simple,2019_all_kansokukekka_ichiran_R.pdf,26,2020-01-15
矢上川公園（15m）,2020/02,2.12,simple,2019_all_kansokukekka_ichiran_R.pdf,26,2020-02-15
矢上川公園（15m）,2020/03,2.26,simple,2019_all_kansokukekka_ichiran_R.pdf,26,2020-03-15
矢上川公園（15m）,2020/08,2.08,simple,2020_all_kansokukekka_ichiran_R.pdf,26,2020-08-15
矢上川公園（15m）,2020/10,2.25,simple,2020_all_kansokukekka_ichiran_R.pdf,26,2020-10-15
矢上川公園（15m）,2020/11,1.42,simple,2020_all_kansokukekka_ichiran_R.pdf,26,2020-11-15
矢上川公園（15m）,2021/04,2.19,simple,2021_all_kansokukekka_ichiran_R.pdf,26,2021-04-15
矢上川公園（15m）,2021/05,2.0,simple,2021_all_kansokukekka_ichiran_R.pdf,26,2021-05-15
矢上川公園（15m）,2021/06,2.04,simple,2021_all_kansokukekka_ichiran_R.pdf,26,2021-06-15
矢上川公園（15m）,2021/07,2.3,simple,2021_all_kansokukekka_ichiran_R.pdf,26,2021-07-15
矢上川公園（15m）,2021/08,2.19,simple,2021_all_kansokukekka_ichiran_R.pdf,26,2021-08-15
矢上川公園（15m）,2021/09,2.3,simple,2021_all_kansokukekka_ichiran_R.pdf,26,2021-09-15
矢上川公園（15m）,2021/10,2.14,simple,2021_all_kansokukekka_ichiran_R.pdf,26,2021-10-15
矢上川公園（15m）,2021/12,2.12,simple,2021_all_kansokukekka_ichiran_R.pdf,26,2021-12-15
矢上川公園（15m）,2022/01,1.39,simple,2021_all_kansokukekka_ichiran_R.pdf,26,2022-01-15
矢上川公園（15m）,2022/02,1.43,simple,2021_all_kansokukekka_ichiran_R.pdf,26,2022-02-15
矢上川公園（15m）,2022/03,2.04,simple,2021_all_kansokukekka_ichiran_R.pdf,26,2022-03-15
矢上川公園（15m）,2022/04,2.34,simple,2022_all_kansokukekka_ichiran_R.pdf,26,2022-04-15
矢上川公園（15m）,2022/05,2.21,simple,2022_all_kansokukekka_ichiran_R.pdf,26,2022-05-15
矢上川公園（15m）,2022/06,2.09,simple,2022_all_kansokukekka_ichiran_R.pdf,26,2022-06-15
矢上川公園（15m）,2022/07,2.09,simple,2022_all_kansokukekka_ichiran_R.pdf,26,2022-07-15
矢上川公園（15m）,2022/08,2.02,simple,2022_all_kansokukekka_ichiran_R.pdf,26,2022-08-15
矢上川公園（15m）,2022/09,2.43,simple,2022_all_kansokukekka_ichiran_R.pdf,26,2022-09-15
矢上川公園（15m）,2022/10,2.38,simple,2022_all_kansokukekka_ichiran_R.pdf,26,2022-10-15
矢上川公園（15m）,2022/11,1.98,simple,2022_all_kansokukekka_ichiran_R.pdf,26,2022-11-15
矢上川公園（15m）,2022/12,2.1,simple,2022_all_kansokukekka_ichiran_R.pdf,26,2022-12-15
矢上川公園（15m）,2023/01,1.15,simple,2022_all_kansokukekka_ichiran_R.pdf,26,2023-01-15
矢上川公園（15m）,2023/02,1.13,simple,2022_all_kansokukekka_ichiran_R.pdf,26,2023-02-15
矢上川公園（15m）,2023/03,1.14,simple,2022_all_kansokukekka_ichiran_R.pdf,26,2023-03-15
矢上川公園（15m）,2023/04,2.14,simple,2023_all_kansokukekka_ichiran.pdf,26,2023-04-15
矢上川公園（15m）,2023/05,2.3,simple,2023_all_kansokukekka_ichiran.pdf,26,2023-05-15
矢上川公園（15m）,2023/06,2.31,simple,2023_all_kansokukekka_ichiran.pdf,26,2023-06-15
矢上川公園（15m）,2023/07,1.99,simple,2023_all_kansokukekka_ichiran.pdf,26,2023-07-15
矢上川公園（15m）,2023/08,1.65,simple,2023_all_kansokukekka_ichiran.pdf,26,2023-08-15
矢上川公園（15m）,2023/09,2.06,simple,2023_all_kansokukekka_ichiran.pdf,26,2023-09-15
矢上川公園（15m）,2023/10,2.2,simple,2023_all_kansokukekka_ichiran.pdf,26,2023-10-15
矢上川公園（15m）,2023/11,1.62,simple,2023_all_kansokukekka_ichiran.pdf,26,2023-11-15
矢上川公園（15m）,2023/12,1.33,simple,2023_all_kansokukekka_ichiran.pdf,26,2023-12-15
矢上川公園（15m）,2024/01,1.17,simple,2023_all_kansokukekka_ichiran.pdf,26,2024-01-15
矢上川公園（15m）,2024/02,2.1,simple,2023_all_kansokukekka_ichiran.pdf,26,2024-02-15
矢上川公園（15m）,2024/03,2.65,simple,2023_all_kansokukekka_ichiran.pdf,26,2024-03-15
矢上川公園（15m）,2024/04,3.05,simple,2024_all_kansokukekka_ichiran.pdf,26,2024-04-15
矢上川公園（15m）,2024/05,3.28,simple,2024_all_kansokukekka_ichiran.pdf,26,2024-05-15
矢上川公園（15m）,2024/06,3.22,simple,2024_all_kansokukekka_ichiran.pdf,26,2024-06-15
矢上川公園（15m）,2024/07,2.97,simple,2024_all_kansokukekka_ichiran.pdf,26,2024-07-15
矢上川公園（15m）,2024/08,2.56,simple,2024_all_kansokukekka_ichiran.pdf,26,2024-08-15
矢上川公園（15m）,2024/09,2.27,simple,2024_all_kansokukekka_ichiran.pdf,26,2024-09-15
矢上川公園（15m）,2024/10,2.3,simple,2024_all_kansokukekka_ichiran.pdf,26,2024-10-15
矢上川公園（15m）,2024/11,2.26,simple,2024_all_kansokukekka_ichiran.pdf,26,2024-11-15
矢上川公園（15m）,2024/12,1.94,simple,2024_all_kansokukekka_ichiran.pdf,26,2024-12-15
矢上川公園（15m）,2025/01,1.14,simple,2024_all_kansokukekka_ichiran.pdf,26,2025-01-15
矢上川公園（15m）,2025/02,0.92,simple,2024_all_kansokukekka_ichiran.pdf,26,2025-02-15
矢上川公園（15m）,2025/03,1.58,simple,2024_all_kansokukekka_ichiran.pdf,26,2025-03-15
矢上川公園（15m）,2025/04,2.4,simple,2025_all_data.pdf,3,2025-04-15
矢上川公園（15m）,2025/05,2.79,simple,2025_all_data.pdf,3,2025-05-15
矢上川公園（15m）,2025/06,2.4,simple,2025_all_data.pdf,3,2025-06-15
矢上川公園（15m）,2025/07,2.43,simple,2025_all_data.pdf,3,2025-07-15
矢上川公園（15m）,2025/08,2.89,simple,2025_all_data.pdf,3,2025-08-15
矢上川公園（15m）,2025/09,2.63,simple,2025_all_data.pdf,3,2025-09-15
矢上川公園（15m）,2025/10,2.08,simple,2025_all_data.pdf,3,2025-10-15
矢上川公園（15m）,2025/11,2.17,simple,2025_all_data.pdf,3,2025-11-15
矢上川公園（15m）,2025/12,1.24,simple,2025_all_data.pdf,3,2025-12-15
矢上川公園（15m）,2026/01,1.75,simple,2025_all_data.pdf,3,2026-01-15
矢上川公園（15m）,2026/02,1.05,simple,2025_all_data.pdf,3,2026-02-15
矢上川公園（15m）,2026/03,2.01,simple,2025_all_data.pdf,3,2026-03-15
矢向小学校,2015/04,1.61,simple,2010-2016_all_data.pdf,7,2015-04-15
矢向小学校,2015/05,1.47,simple,2010-2016_all_data.pdf,7,2015-05-15
矢向小学校,2015/06,1.61,simple,2010-2016_all_data.pdf,7,2015-06-15
矢向小学校,2015/07,1.66,simple,2010-2016_all_data.pdf,7,2015-07-15
矢向小学校,2015/08,1.48,simple,2010-2016_all_data.pdf,7,2015-08-15
矢向小学校,2015/09,1.59,simple,2010-2016_all_data.pdf,7,2015-09-15
矢向小学校,2015/10,1.46,simple,2010-2016_all_data.pdf,7,2015-10-15
矢向小学校,2015/12,1.56,simple,2010-2016_all_data.pdf,7,2015-12-15
矢向小学校,2016/01,1.33,simple,2010-2016_all_data.pdf,7,2016-01-15
矢向小学校,2016/02,1.41,simple,2010-2016_all_data.pdf,7,2016-02-15
矢向小学校,2016/03,1.47,simple,2010-2016_all_data.pdf,7,2016-03-15
矢向小学校（9m）,2010/04,1.51,simple,2010-2016_all_data.pdf,2,2010-04-15
矢向小学校（9m）,2010/05,1.49,simple,2010-2016_all_data.pdf,2,2010-05-15
矢向小学校（9m）,2010/06,1.54,simple,2010-2016_all_data.pdf,2,2010-06-15
矢向小学校（9m）,2010/07,1.57,simple,2010-2016_all_data.pdf,2,2010-07-15
矢向小学校（9m）,2010/08,1.39,simple,2010-2016_all_data.pdf,2,2010-08-15
矢向小学校（9m）,2010/09,1.6,simple,2010-2016_all_data.pdf,2,2010-09-15
矢向小学校（9m）,2010/10,1.72,simple,2010-2016_all_data.pdf,2,2010-10-15
矢向小学校（9m）,2010/11,1.46,simple,2010-2016_all_data.pdf,2,2010-11-15
矢向小学校（9m）,2010/12,1.67,simple,2010-2016_all_data.pdf,2,2010-12-15
矢向小学校（9m）,2011/01,1.28,simple,2010-2016_all_data.pdf,2,2011-01-15
矢向小学校（9m）,2011/02,1.27,simple,2010-2016_all_data.pdf,2,2011-02-15
矢向小学校（9m）,2011/03,1.51,simple,2010-2016_all_data.pdf,2,2011-03-15
矢向小学校（9m）,2011/04,1.43,simple,2010-2016_all_data.pdf,3,2011-04-15
矢向小学校（9m）,2011/05,1.54,simple,2010-2016_all_data.pdf,3,2011-05-15
矢向小学校（9m）,2011/06,1.86,simple,2010-2016_all_data.pdf,3,2011-06-15
矢向小学校（9m）,2011/07,1.46,simple,2010-2016_all_data.pdf,3,2011-07-15
矢向小学校（9m）,2011/08,1.77,simple,2010-2016_all_data.pdf,3,2011-08-15
矢向小学校（9m）,2011/09,1.88,simple,2010-2016_all_data.pdf,3,2011-09-15
矢向小学校（9m）,2011/10,1.55,simple,2010-2016_all_data.pdf,3,2011-10-15
矢向小学校（9m）,2011/11,1.45,simple,2010-2016_all_data.pdf,3,2011-11-15
矢向小学校（9m）,2011/12,1.63,simple,2010-2016_all_data.pdf,3,2011-12-15
矢向小学校（9m）,2012/01,1.29,simple,2010-2016_all_data.pdf,3,2012-01-15
矢向小学校（9m）,2012/02,1.37,simple,2010-2016_all_data.pdf,3,2012-02-15
矢向小学校（9m）,2012/03,1.75,simple,2010-2016_all_data.pdf,3,2012-03-15
矢向小学校（9m）,2012/04,1.61,simple,2010-2016_all_data.pdf,4,2012-04-15
矢向小学校（9m）,2012/05,1.55,simple,2010-2016_all_data.pdf,4,2012-05-15
矢向小学校（9m）,2012/07,1.62,simple,2010-2016_all_data.pdf,4,2012-07-15
矢向小学校（9m）,2012/08,1.48,simple,2010-2016_all_data.pdf,4,2012-08-15
矢向小学校（9m）,2012/09,1.36,simple,2010-2016_all_data.pdf,4,2012-09-15
矢向小学校（9m）,2012/10,1.56,simple,2010-2016_all_data.pdf,4,2012-10-15
矢向小学校（9m）,2012/11,1.65,simple,2010-2016_all_data.pdf,4,2012-11-15
矢向小学校（9m）,2012/12,1.53,simple,2010-2016_all_data.pdf,4,2012-12-15
矢向小学校（9m）,2013/01,1.5,simple,2010-2016_all_data.pdf,4,2013-01-15
矢向小学校（9m）,2013/02,0.44,simple,2010-2016_all_data.pdf,4,2013-02-15
矢向小学校（9m）,2013/04,1.67,simple,2010-2016_all_data.pdf,5,2013-04-15
矢向小学校（9m）,2013/05,1.48,simple,2010-2016_all_data.pdf,5,2013-05-15
矢向小学校（9m）,2013/07,1.52,simple,2010-2016_all_data.pdf,5,2013-07-15
矢向小学校（9m）,2013/08,1.52,simple,2010-2016_all_data.pdf,5,2013-08-15
矢向小学校（9m）,2013/09,1.49,simple,2010-2016_all_data.pdf,5,2013-09-15
矢向小学校（9m）,2013/10,1.72,simple,2010-2016_all_data.pdf,5,2013-10-15
矢向小学校（9m）,2013/12,1.34,simple,2010-2016_all_data.pdf,5,2013-12-15
矢向小学校（9m）,2014/01,1.29,simple,2010-2016_all_data.pdf,5,2014-01-15
矢向小学校（9m）,2014/04,1.55,simple,2010-2016_all_data.pdf,6,2014-04-15
矢向小学校（9m）,2014/05,1.43,simple,2010-2016_all_data.pdf,6,2014-05-15
矢向小学校（9m）,2014/06,1.91,simple,2010-2016_all_data.pdf,6,2014-06-15
矢向小学校（9m）,2014/07,1.52,simple,2010-2016_all_data.pdf,6,2014-07-15
矢向小学校（9m）,2014/08,1.47,simple,2010-2016_all_data.pdf,6,2014-08-15
矢向小学校（9m）,2014/09,1.38,simple,2010-2016_all_data.pdf,6,2014-09-15
矢向小学校（9m）,2014/10,1.58,simple,2010-2016_all_data.pdf,6,2014-10-15
矢向小学校（9m）,2014/11,1.66,simple,2010-2016_all_data.pdf,6,2014-11-15
矢向小学校（9m）,2014/12,1.53,simple,2010-2016_all_data.pdf,6,2014-12-15
矢向小学校（9m）,2015/01,1.58,simple,2010-2016_all_data.pdf,6,2015-01-15
矢向小学校（9m）,2015/03,1.55,simple,2010-2016_all_data.pdf,6,2015-03-15
矢向小学校（9m）,2016/04,1.54,simple,2010-2016_all_data.pdf,8,2016-04-15
矢向小学校（9m）,2016/05,1.45,simple,2010-2016_all_data.pdf,8,2016-05-15
矢向小学校（9m）,2016/06,1.64,simple,2010-2016_all_data.pdf,8,2016-06-15
矢向小学校（9m）,2016/08,1.69,simple,2010-2016_all_data.pdf,8,2016-08-15
矢向小学校（9m）,2016/09,1.73,simple,2010-2016_all_data.pdf,8,2016-09-15
矢向小学校（9m）,2016/10,1.5,simple,2010-2016_all_data.pdf,8,2016-10-15
矢向小学校（9m）,2016/11,1.68,simple,2010-2016_all_data.pdf,8,2016-11-15
矢向小学校（9m）,2016/12,1.54,simple,2010-2016_all_data.pdf,8,2016-12-15
矢向小学校（9m）,2017/01,1.37,simple,2010-2016_all_data.pdf,8,2017-01-15
矢向小学校（9m）,2017/02,1.38,simple,2010-2016_all_data.pdf,8,2017-02-15
矢向小学校（9m）,2017/03,1.65,simple,2010-2016_all_data.pdf,8,2017-03-15
矢向小学校（9m）,2017/04,1.64,simple,2017_all_kansokukekka_ichiran_R.pdf,26,2017-04-15
矢向小学校（9m）,2017/05,1.49,simple,2017_all_kansokukekka_ichiran_R.pdf,26,2017-05-15
矢向小学校（9m）,2017/06,1.61,simple,2017_all_kansokukekka_ichiran_R.pdf,26,2017-06-15
矢向小学校（9m）,2017/10,1.58,simple,2017_all_kansokukekka_ichiran_R.pdf,26,2017-10-15
矢向小学校（9m）,2017/11,1.45,simple,2017_all_kansokukekka_ichiran_R.pdf,26,2017-11-15
矢向小学校（9m）,2018/01,1.26,simple,2017_all_kansokukekka_ichiran_R.pdf,26,2018-01-15
矢向小学校（9m）,2018/02,1.32,simple,2017_all_kansokukekka_ichiran_R.pdf,26,2018-02-15
矢向小学校（9m）,2018/03,1.73,simple,2017_all_kansokukekka_ichiran_R.pdf,26,2018-03-15
矢向小学校（9m）,2018/04,1.42,simple,2018_all_kansokukekka_ichiran_R.pdf,26,2018-04-15
矢向小学校（9m）,2018/05,1.71,simple,2018_all_kansokukekka_ichiran_R.pdf,26,2018-05-15
矢向小学校（9m）,2018/06,1.68,simple,2018_all_kansokukekka_ichiran_R.pdf,26,2018-06-15
矢向小学校（9m）,2018/07,1.49,simple,2018_all_kansokukekka_ichiran_R.pdf,26,2018-07-15
矢向小学校（9m）,2018/08,1.56,simple,2018_all_kansokukekka_ichiran_R.pdf,26,2018-08-15
矢向小学校（9m）,2018/10,1.51,simple,2018_all_kansokukekka_ichiran_R.pdf,26,2018-10-15
矢向小学校（9m）,2018/11,1.41,simple,2018_all_kansokukekka_ichiran_R.pdf,26,2018-11-15
矢向小学校（9m）,2018/12,1.39,simple,2018_all_kansokukekka_ichiran_R.pdf,26,2018-12-15
矢向小学校（9m）,2019/01,1.14,simple,2018_all_kansokukekka_ichiran_R.pdf,26,2019-01-15
矢向小学校（9m）,2019/04,1.43,simple,2019_all_kansokukekka_ichiran_R.pdf,26,2019-04-15
矢向小学校（9m）,2019/05,1.57,simple,2019_all_kansokukekka_ichiran_R.pdf,26,2019-05-15
矢向小学校（9m）,2019/08,1.39,simple,2019_all_kansokukekka_ichiran_R.pdf,26,2019-08-15
矢向小学校（9m）,2019/10,1.83,simple,2019_all_kansokukekka_ichiran_R.pdf,26,2019-10-15
矢向小学校（9m）,2019/11,1.72,simple,2019_all_kansokukekka_ichiran_R.pdf,26,2019-11-15
矢向小学校（9m）,2020/01,1.44,simple,2019_all_kansokukekka_ichiran_R.pdf,26,2020-01-15
矢向小学校（9m）,2020/02,1.51,simple,2019_all_kansokukekka_ichiran_R.pdf,26,2020-02-15
矢向小学校（9m）,2020/03,1.76,simple,2019_all_kansokukekka_ichiran_R.pdf,26,2020-03-15
矢向小学校（9m）,2020/08,1.65,simple,2020_all_kansokukekka_ichiran_R.pdf,26,2020-08-15
矢向小学校（9m）,2020/10,1.82,simple,2020_all_kansokukekka_ichiran_R.pdf,26,2020-10-15
矢向小学校（9m）,2020/11,1.3,simple,2020_all_kansokukekka_ichiran_R.pdf,26,2020-11-15
矢向小学校（9m）,2021/04,1.7,simple,2021_all_kansokukekka_ichiran_R.pdf,26,2021-04-15
矢向小学校（9m）,2021/05,1.56,simple,2021_all_kansokukekka_ichiran_R.pdf,26,2021-05-15
矢向小学校（9m）,2021/06,1.56,simple,2021_all_kansokukekka_ichiran_R.pdf,26,2021-06-15
矢向小学校（9m）,2021/07,1.73,simple,2021_all_kansokukekka_ichiran_R.pdf,26,2021-07-15
矢向小学校（9m）,2021/08,1.77,simple,2021_all_kansokukekka_ichiran_R.pdf,26,2021-08-15
矢向小学校（9m）,2021/09,1.75,simple,2021_all_kansokukekka_ichiran_R.pdf,26,2021-09-15
矢向小学校（9m）,2021/10,1.58,simple,2021_all_kansokukekka_ichiran_R.pdf,26,2021-10-15
矢向小学校（9m）,2021/11,1.61,simple,2021_all_kansokukekka_ichiran_R.pdf,26,2021-11-15
矢向小学校（9m）,2021/12,1.6,simple,2021_all_kansokukekka_ichiran_R.pdf,26,2021-12-15
矢向小学校（9m）,2022/01,1.31,simple,2021_all_kansokukekka_ichiran_R.pdf,26,2022-01-15
矢向小学校（9m）,2022/02,1.48,simple,2021_all_kansokukekka_ichiran_R.pdf,26,2022-02-15
矢向小学校（9m）,2022/03,1.66,simple,2021_all_kansokukekka_ichiran_R.pdf,26,2022-03-15
矢向小学校（9m）,2022/04,1.74,simple,2022_all_kansokukekka_ichiran_R.pdf,26,2022-04-15
矢向小学校（9m）,2022/05,1.71,simple,2022_all_kansokukekka_ichiran_R.pdf,26,2022-05-15
矢向小学校（9m）,2022/06,1.64,simple,2022_all_kansokukekka_ichiran_R.pdf,26,2022-06-15
矢向小学校（9m）,2022/07,1.69,simple,2022_all_kansokukekka_ichiran_R.pdf,26,2022-07-15
矢向小学校（9m）,2022/08,1.66,simple,2022_all_kansokukekka_ichiran_R.pdf,26,2022-08-15
矢向小学校（9m）,2022/09,1.77,simple,2022_all_kansokukekka_ichiran_R.pdf,26,2022-09-15
矢向小学校（9m）,2022/10,1.75,simple,2022_all_kansokukekka_ichiran_R.pdf,26,2022-10-15
矢向小学校（9m）,2022/11,1.41,simple,2022_all_kansokukekka_ichiran_R.pdf,26,2022-11-15
矢向小学校（9m）,2022/12,1.71,simple,2022_all_kansokukekka_ichiran_R.pdf,26,2022-12-15
矢向小学校（9m）,2023/01,1.37,simple,2022_all_kansokukekka_ichiran_R.pdf,26,2023-01-15
矢向小学校（9m）,2023/02,1.51,simple,2022_all_kansokukekka_ichiran_R.pdf,26,2023-02-15
矢向小学校（9m）,2023/03,1.52,simple,2022_all_kansokukekka_ichiran_R.pdf,26,2023-03-15
矢向小学校（9m）,2023/04,1.73,simple,2023_all_kansokukekka_ichiran.pdf,26,2023-04-15
矢向小学校（9m）,2023/05,1.77,simple,2023_all_kansokukekka_ichiran.pdf,26,2023-05-15
矢向小学校（9m）,2023/06,1.67,simple,2023_all_kansokukekka_ichiran.pdf,26,2023-06-15
矢向小学校（9m）,2023/07,1.5,simple,2023_all_kansokukekka_ichiran.pdf,26,2023-07-15
矢向小学校（9m）,2023/08,1.5,simple,2023_all_kansokukekka_ichiran.pdf,26,2023-08-15
矢向小学校（9m）,2023/09,1.67,simple,2023_all_kansokukekka_ichiran.pdf,26,2023-09-15
矢向小学校（9m）,2023/10,1.64,simple,2023_all_kansokukekka_ichiran.pdf,26,2023-10-15
矢向小学校（9m）,2023/11,1.45,simple,2023_all_kansokukekka_ichiran.pdf,26,2023-11-15
矢向小学校（9m）,2023/12,1.33,simple,2023_all_kansokukekka_ichiran.pdf,26,2023-12-15
矢向小学校（9m）,2024/01,1.44,simple,2023_all_kansokukekka_ichiran.pdf,26,2024-01-15
矢向小学校（9m）,2024/02,1.67,simple,2023_all_kansokukekka_ichiran.pdf,26,2024-02-15
矢向小学校（9m）,2024/03,1.67,simple,2023_all_kansokukekka_ichiran.pdf,26,2024-03-15
矢向小学校（9m）,2024/04,1.72,simple,2024_all_kansokukekka_ichiran.pdf,26,2024-04-15
矢向小学校（9m）,2024/05,1.88,simple,2024_all_kansokukekka_ichiran.pdf,26,2024-05-15
矢向小学校（9m）,2024/06,1.76,simple,2024_all_kansokukekka_ichiran.pdf,26,2024-06-15
矢向小学校（9m）,2024/07,1.73,simple,2024_all_kansokukekka_ichiran.pdf,26,2024-07-15
矢向小学校（9m）,2024/08,1.56,simple,2024_all_kansokukekka_ichiran.pdf,26,2024-08-15
矢向小学校（9m）,2024/09,1.62,simple,2024_all_kansokukekka_ichiran.pdf,26,2024-09-15
矢向小学校（9m）,2024/10,1.65,simple,2024_all_kansokukekka_ichiran.pdf,26,2024-10-15
矢向小学校（9m）,2024/11,1.68,simple,2024_all_kansokukekka_ichiran.pdf,26,2024-11-15
矢向小学校（9m）,2024/12,1.49,simple,2024_all_kansokukekka_ichiran.pdf,26,2024-12-15
矢向小学校（9m）,2025/01,1.44,simple,2024_all_kansokukekka_ichiran.pdf,26,2025-01-15
矢向小学校（9m）,2025/02,1.31,simple,2024_all_kansokukekka_ichiran.pdf,26,2025-02-15
矢向小学校（9m）,2025/03,1.89,simple,2024_all_kansokukekka_ichiran.pdf,26,2025-03-15
矢向小学校（9m）,2025/04,1.82,simple,2025_all_data.pdf,3,2025-04-15
矢向小学校（9m）,2025/05,1.84,simple,2025_all_data.pdf,3,2025-05-15
矢向小学校（9m）,2025/06,1.89,simple,2025_all_data.pdf,3,2025-06-15
矢向小学校（9m）,2025/07,1.64,simple,2025_all_data.pdf,3,2025-07-15
矢向小学校（9m）,2025/08,1.6,simple,2025_all_data.pdf,3,2025-08-15
矢向小学校（9m）,2025/09,1.81,simple,2025_all_data.pdf,3,2025-09-15
矢向小学校（9m）,2025/10,1.69,simple,2025_all_data.pdf,3,2025-10-15
矢向小学校（9m）,2025/11,1.54,simple,2025_all_data.pdf,3,2025-11-15
矢向小学校（9m）,2025/12,1.46,simple,2025_all_data.pdf,3,2025-12-15
矢向小学校（9m）,2026/01,1.18,simple,2025_all_data.pdf,3,2026-01-15
矢向小学校（9m）,2026/02,1.53,simple,2025_all_data.pdf,3,2026-02-15
矢向小学校（9m）,2026/03,1.69,simple,2025_all_data.pdf,3,2026-03-15
上倉田団地（15ｍ）,2010/04,9.57,standard,2010-2016_all_data.pdf,2,2010-04-15
上倉田団地（15ｍ）,2010/05,9.42,standard,2010-2016_all_data.pdf,2,2010-05-15
上倉田団地（15ｍ）,2010/06,9.4,standard,2010-2016_all_data.pdf,2,2010-06-15
上倉田団地（15ｍ）,2010/07,9.05,standard,2010-2016_all_data.pdf,2,2010-07-15
上倉田団地（15ｍ）,2010/08,8.87,standard,2010-2016_all_data.pdf,2,2010-08-15
上倉田団地（15ｍ）,2010/09,9.55,standard,2010-2016_all_data.pdf,2,2010-09-15
上倉田団地（15ｍ）,2010/10,9.26,standard,2010-2016_all_data.pdf,2,2010-10-15
上倉田団地（15ｍ）,2010/11,9.26,standard,2010-2016_all_data.pdf,2,2010-11-15
上倉田団地（15ｍ）,2010/12,9.62,standard,2010-2016_all_data.pdf,2,2010-12-15
上倉田団地（15ｍ）,2011/01,8.93,standard,2010-2016_all_data.pdf,2,2011-01-15
上倉田団地（15ｍ）,2011/02,9.4,standard,2010-2016_all_data.pdf,2,2011-02-15
上倉田団地（15ｍ）,2011/03,9.21,standard,2010-2016_all_data.pdf,2,2011-03-15
上倉田団地（15ｍ）,2011/04,8.8,standard,2010-2016_all_data.pdf,3,2011-04-15
上倉田団地（15ｍ）,2011/05,9.5,standard,2010-2016_all_data.pdf,3,2011-05-15
上倉田団地（15ｍ）,2011/06,9.05,standard,2010-2016_all_data.pdf,3,2011-06-15
上倉田団地（15ｍ）,2011/07,8.85,standard,2010-2016_all_data.pdf,3,2011-07-15
上倉田団地（15ｍ）,2011/08,9.22,standard,2010-2016_all_data.pdf,3,2011-08-15
上倉田団地（15ｍ）,2011/09,9.18,standard,2010-2016_all_data.pdf,3,2011-09-15
上倉田団地（15ｍ）,2011/10,9.36,standard,2010-2016_all_data.pdf,3,2011-10-15
上倉田団地（15ｍ）,2011/11,9.0,standard,2010-2016_all_data.pdf,3,2011-11-15
上倉田団地（15ｍ）,2011/12,9.11,standard,2010-2016_all_data.pdf,3,2011-12-15
上倉田団地（15ｍ）,2012/01,8.82,standard,2010-2016_all_data.pdf,3,2012-01-15
上倉田団地（15ｍ）,2012/02,9.0,standard,2010-2016_all_data.pdf,3,2012-02-15
上倉田団地（15ｍ）,2012/03,9.35,standard,2010-2016_all_data.pdf,3,2012-03-15
上倉田団地（15ｍ）,2012/04,9.41,standard,2010-2016_all_data.pdf,4,2012-04-15
上倉田団地（15ｍ）,2012/07,8.97,standard,2010-2016_all_data.pdf,4,2012-07-15
上倉田団地（15ｍ）,2012/08,8.84,standard,2010-2016_all_data.pdf,4,2012-08-15
上倉田団地（15ｍ）,2012/09,9.04,standard,2010-2016_all_data.pdf,4,2012-09-15
上倉田団地（15ｍ）,2012/10,8.89,standard,2010-2016_all_data.pdf,4,2012-10-15
上倉田団地（15ｍ）,2012/11,9.38,standard,2010-2016_all_data.pdf,4,2012-11-15
上倉田団地（15ｍ）,2012/12,8.99,standard,2010-2016_all_data.pdf,4,2012-12-15
上倉田団地（15ｍ）,2013/01,9.12,standard,2010-2016_all_data.pdf,4,2013-01-15
上倉田団地（15ｍ）,2013/02,8.91,standard,2010-2016_all_data.pdf,4,2013-02-15
上倉田団地（15ｍ）,2013/03,8.7,standard,2010-2016_all_data.pdf,4,2013-03-15
上倉田団地（15ｍ）,2013/05,8.94,standard,2010-2016_all_data.pdf,5,2013-05-15
上倉田団地（15ｍ）,2013/06,9.42,standard,2010-2016_all_data.pdf,5,2013-06-15
上倉田団地（15ｍ）,2013/07,8.71,standard,2010-2016_all_data.pdf,5,2013-07-15
上倉田団地（15ｍ）,2013/08,8.46,standard,2010-2016_all_data.pdf,5,2013-08-15
上倉田団地（15ｍ）,2013/09,8.35,standard,2010-2016_all_data.pdf,5,2013-09-15
上倉田団地（15ｍ）,2013/10,8.57,standard,2010-2016_all_data.pdf,5,2013-10-15
上倉田団地（15ｍ）,2013/11,8.92,standard,2010-2016_all_data.pdf,5,2013-11-15
上倉田団地（15ｍ）,2013/12,9.0,standard,2010-2016_all_data.pdf,5,2013-12-15
上倉田団地（15ｍ）,2014/01,8.7,standard,2010-2016_all_data.pdf,5,2014-01-15
上倉田団地（15ｍ）,2014/02,9.6,standard,2010-2016_all_data.pdf,5,2014-02-15
上倉田団地（15ｍ）,2014/03,9.06,standard,2010-2016_all_data.pdf,5,2014-03-15
上倉田団地（15ｍ）,2014/05,8.83,standard,2010-2016_all_data.pdf,6,2014-05-15
上倉田団地（15ｍ）,2014/06,9.19,standard,2010-2016_all_data.pdf,6,2014-06-15
上倉田団地（15ｍ）,2014/07,8.62,standard,2010-2016_all_data.pdf,6,2014-07-15
上倉田団地（15ｍ）,2014/08,8.53,standard,2010-2016_all_data.pdf,6,2014-08-15
上倉田団地（15ｍ）,2014/09,8.74,standard,2010-2016_all_data.pdf,6,2014-09-15
上倉田団地（15ｍ）,2014/10,9.11,standard,2010-2016_all_data.pdf,6,2014-10-15
上倉田団地（15ｍ）,2014/11,8.82,standard,2010-2016_all_data.pdf,6,2014-11-15
上倉田団地（15ｍ）,2014/12,8.93,standard,2010-2016_all_data.pdf,6,2014-12-15
上倉田団地（15ｍ）,2015/01,9.16,standard,2010-2016_all_data.pdf,6,2015-01-15
上倉田団地（15ｍ）,2015/02,9.0,standard,2010-2016_all_data.pdf,6,2015-02-15
上倉田団地（15ｍ）,2015/03,9.03,standard,2010-2016_all_data.pdf,6,2015-03-15
上倉田団地（15ｍ）,2015/04,9.19,standard,2010-2016_all_data.pdf,7,2015-04-15
上倉田団地（15ｍ）,2015/05,8.82,standard,2010-2016_all_data.pdf,7,2015-05-15
上倉田団地（15ｍ）,2015/06,9.0,standard,2010-2016_all_data.pdf,7,2015-06-15
上倉田団地（15ｍ）,2015/07,9.44,standard,2010-2016_all_data.pdf,7,2015-07-15
上倉田団地（15ｍ）,2015/08,8.9,standard,2010-2016_all_data.pdf,7,2015-08-15
上倉田団地（15ｍ）,2015/09,9.38,standard,2010-2016_all_data.pdf,7,2015-09-15
上倉田団地（15ｍ）,2015/11,9.42,standard,2010-2016_all_data.pdf,7,2015-11-15
上倉田団地（15ｍ）,2015/12,9.22,standard,2010-2016_all_data.pdf,7,2015-12-15
上倉田団地（15ｍ）,2016/01,9.21,standard,2010-2016_all_data.pdf,7,2016-01-15
上倉田団地（15ｍ）,2016/02,9.52,standard,2010-2016_all_data.pdf,7,2016-02-15
上倉田団地（15ｍ）,2016/03,9.27,standard,2010-2016_all_data.pdf,7,2016-03-15
上倉田団地（15ｍ）,2016/04,9.3,standard,2010-2016_all_data.pdf,8,2016-04-15
上倉田団地（15ｍ）,2016/06,9.17,standard,2010-2016_all_data.pdf,8,2016-06-15
上倉田団地（15ｍ）,2016/07,9.44,standard,2010-2016_all_data.pdf,8,2016-07-15
上倉田団地（15ｍ）,2016/08,9.56,standard,2010-2016_all_data.pdf,8,2016-08-15
上倉田団地（15ｍ）,2016/09,10.2,standard,2010-2016_all_data.pdf,8,2016-09-15
上倉田団地（15ｍ）,2016/10,9.34,standard,2010-2016_all_data.pdf,8,2016-10-15
上倉田団地（15ｍ）,2016/11,9.25,standard,2010-2016_all_data.pdf,8,2016-11-15
上倉田団地（15ｍ）,2016/12,9.56,standard,2010-2016_all_data.pdf,8,2016-12-15
上倉田団地（15ｍ）,2017/01,9.15,standard,2010-2016_all_data.pdf,8,2017-01-15
上倉田団地（15ｍ）,2017/02,9.1,standard,2010-2016_all_data.pdf,8,2017-02-15
上倉田団地（15ｍ）,2017/03,9.11,standard,2010-2016_all_data.pdf,8,2017-03-15
上倉田団地（15ｍ）,2017/04,9.34,standard,2017_all_kansokukekka_ichiran_R.pdf,24,2017-04-15
上倉田団地（15ｍ）,2017/05,9.23,standard,2017_all_kansokukekka_ichiran_R.pdf,24,2017-05-15
上倉田団地（15ｍ）,2017/09,9.2,standard,2017_all_kansokukekka_ichiran_R.pdf,24,2017-09-15
上倉田団地（15ｍ）,2017/10,9.7,standard,2017_all_kansokukekka_ichiran_R.pdf,24,2017-10-15
上倉田団地（15ｍ）,2017/12,8.97,standard,2017_all_kansokukekka_ichiran_R.pdf,24,2017-12-15
上倉田団地（15ｍ）,2018/01,9.4,standard,2017_all_kansokukekka_ichiran_R.pdf,24,2018-01-15
上倉田団地（15ｍ）,2018/02,8.98,standard,2017_all_kansokukekka_ichiran_R.pdf,24,2018-02-15
上倉田団地（15ｍ）,2018/04,9.13,standard,2018_all_kansokukekka_ichiran_R.pdf,24,2018-04-15
上倉田団地（15ｍ）,2018/05,9.09,standard,2018_all_kansokukekka_ichiran_R.pdf,24,2018-05-15
上倉田団地（15ｍ）,2018/07,9.05,standard,2018_all_kansokukekka_ichiran_R.pdf,24,2018-07-15
上倉田団地（15ｍ）,2018/08,8.91,standard,2018_all_kansokukekka_ichiran_R.pdf,24,2018-08-15
上倉田団地（15ｍ）,2018/09,8.89,standard,2018_all_kansokukekka_ichiran_R.pdf,24,2018-09-15
上倉田団地（15ｍ）,2018/10,9.1,standard,2018_all_kansokukekka_ichiran_R.pdf,24,2018-10-15
上倉田団地（15ｍ）,2018/11,8.95,standard,2018_all_kansokukekka_ichiran_R.pdf,24,2018-11-15
上倉田団地（15ｍ）,2018/12,8.97,standard,2018_all_kansokukekka_ichiran_R.pdf,24,2018-12-15
上倉田団地（15ｍ）,2019/01,8.66,standard,2018_all_kansokukekka_ichiran_R.pdf,24,2019-01-15
上倉田団地（15ｍ）,2019/02,8.8,standard,2018_all_kansokukekka_ichiran_R.pdf,24,2019-02-15
上倉田団地（15ｍ）,2019/03,9.31,standard,2018_all_kansokukekka_ichiran_R.pdf,24,2019-03-15
上倉田団地（15ｍ）,2019/04,8.82,standard,2019_all_kansokukekka_ichiran_R.pdf,24,2019-04-15
上倉田団地（15ｍ）,2019/05,8.81,standard,2019_all_kansokukekka_ichiran_R.pdf,24,2019-05-15
上倉田団地（15ｍ）,2019/06,9.2,standard,2019_all_kansokukekka_ichiran_R.pdf,24,2019-06-15
上倉田団地（15ｍ）,2019/07,9.37,standard,2019_all_kansokukekka_ichiran_R.pdf,24,2019-07-15
上倉田団地（15ｍ）,2019/08,8.86,standard,2019_all_kansokukekka_ichiran_R.pdf,24,2019-08-15
上倉田団地（15ｍ）,2019/09,9.1,standard,2019_all_kansokukekka_ichiran_R.pdf,24,2019-09-15
上倉田団地（15ｍ）,2019/10,9.35,standard,2019_all_kansokukekka_ichiran_R.pdf,24,2019-10-15
上倉田団地（15ｍ）,2019/11,9.08,standard,2019_all_kansokukekka_ichiran_R.pdf,24,2019-11-15
上倉田団地（15ｍ）,2019/12,9.18,standard,2019_all_kansokukekka_ichiran_R.pdf,24,2019-12-15
上倉田団地（15ｍ）,2020/01,9.12,standard,2019_all_kansokukekka_ichiran_R.pdf,24,2020-01-15
上倉田団地（15ｍ）,2020/02,9.03,standard,2019_all_kansokukekka_ichiran_R.pdf,24,2020-02-15
上倉田団地（15ｍ）,2020/03,9.13,standard,2019_all_kansokukekka_ichiran_R.pdf,24,2020-03-15
上倉田団地（15ｍ）,2020/07,9.48,standard,2020_all_kansokukekka_ichiran_R.pdf,24,2020-07-15
上倉田団地（15ｍ）,2020/10,9.1,standard,2020_all_kansokukekka_ichiran_R.pdf,24,2020-10-15
上倉田団地（15ｍ）,2020/11,8.82,standard,2020_all_kansokukekka_ichiran_R.pdf,24,2020-11-15
上倉田団地（15ｍ）,2020/12,8.68,standard,2020_all_kansokukekka_ichiran_R.pdf,24,2020-12-15
上倉田団地（15ｍ）,2021/03,8.71,standard,2020_all_kansokukekka_ichiran_R.pdf,24,2021-03-15
上倉田団地（15ｍ）,2021/04,9.14,standard,2021_all_kansokukekka_ichiran_R.pdf,24,2021-04-15
上倉田団地（15ｍ）,2021/05,9.04,standard,2021_all_kansokukekka_ichiran_R.pdf,24,2021-05-15
上倉田団地（15ｍ）,2021/06,8.98,standard,2021_all_kansokukekka_ichiran_R.pdf,24,2021-06-15
上倉田団地（15ｍ）,2021/07,9.06,standard,2021_all_kansokukekka_ichiran_R.pdf,24,2021-07-15
上倉田団地（15ｍ）,2021/08,9.08,standard,2021_all_kansokukekka_ichiran_R.pdf,24,2021-08-15
上倉田団地（15ｍ）,2021/09,9.01,standard,2021_all_kansokukekka_ichiran_R.pdf,24,2021-09-15
上倉田団地（15ｍ）,2021/11,8.85,standard,2021_all_kansokukekka_ichiran_R.pdf,24,2021-11-15
上倉田団地（15ｍ）,2021/12,8.81,standard,2021_all_kansokukekka_ichiran_R.pdf,24,2021-12-15
上倉田団地（15ｍ）,2022/01,8.67,standard,2021_all_kansokukekka_ichiran_R.pdf,24,2022-01-15
上倉田団地（15ｍ）,2022/02,8.63,standard,2021_all_kansokukekka_ichiran_R.pdf,24,2022-02-15
上倉田団地（15ｍ）,2022/03,9.31,standard,2021_all_kansokukekka_ichiran_R.pdf,24,2022-03-15
上倉田団地（15ｍ）,2022/04,9.0,standard,2022_all_kansokukekka_ichiran_R.pdf,24,2022-04-15
上倉田団地（15ｍ）,2022/05,9.46,standard,2022_all_kansokukekka_ichiran_R.pdf,24,2022-05-15
上倉田団地（15ｍ）,2022/06,9.29,standard,2022_all_kansokukekka_ichiran_R.pdf,24,2022-06-15
上倉田団地（15ｍ）,2022/07,8.96,standard,2022_all_kansokukekka_ichiran_R.pdf,24,2022-07-15
上倉田団地（15ｍ）,2022/08,9.04,standard,2022_all_kansokukekka_ichiran_R.pdf,24,2022-08-15
上倉田団地（15ｍ）,2022/09,9.11,standard,2022_all_kansokukekka_ichiran_R.pdf,24,2022-09-15
上倉田団地（15ｍ）,2022/10,9.52,standard,2022_all_kansokukekka_ichiran_R.pdf,24,2022-10-15
上倉田団地（15ｍ）,2022/11,9.2,standard,2022_all_kansokukekka_ichiran_R.pdf,24,2022-11-15
上倉田団地（15ｍ）,2022/12,9.39,standard,2022_all_kansokukekka_ichiran_R.pdf,24,2022-12-15
上倉田団地（15ｍ）,2023/01,9.21,standard,2022_all_kansokukekka_ichiran_R.pdf,24,2023-01-15
上倉田団地（15ｍ）,2023/02,9.12,standard,2022_all_kansokukekka_ichiran_R.pdf,24,2023-02-15
上倉田団地（15ｍ）,2023/03,9.09,standard,2022_all_kansokukekka_ichiran_R.pdf,24,2023-03-15
上倉田団地（15ｍ）,2023/04,9.53,standard,2023_all_kansokukekka_ichiran.pdf,24,2023-04-15
上倉田団地（15ｍ）,2023/05,9.63,standard,2023_all_kansokukekka_ichiran.pdf,24,2023-05-15
上倉田団地（15ｍ）,2023/06,9.51,standard,2023_all_kansokukekka_ichiran.pdf,24,2023-06-15
上倉田団地（15ｍ）,2023/07,9.23,standard,2023_all_kansokukekka_ichiran.pdf,24,2023-07-15
上倉田団地（15ｍ）,2023/08,9.06,standard,2023_all_kansokukekka_ichiran.pdf,24,2023-08-15
上倉田団地（15ｍ）,2023/09,9.28,standard,2023_all_kansokukekka_ichiran.pdf,24,2023-09-15
上倉田団地（15ｍ）,2023/10,9.66,standard,2023_all_kansokukekka_ichiran.pdf,24,2023-10-15
上倉田団地（15ｍ）,2023/11,9.31,standard,2023_all_kansokukekka_ichiran.pdf,24,2023-11-15
上倉田団地（15ｍ）,2023/12,9.22,standard,2023_all_kansokukekka_ichiran.pdf,24,2023-12-15
上倉田団地（15ｍ）,2024/01,9.2,standard,2023_all_kansokukekka_ichiran.pdf,24,2024-01-15
上倉田団地（15ｍ）,2024/02,9.23,standard,2023_all_kansokukekka_ichiran.pdf,24,2024-02-15
上倉田団地（15ｍ）,2024/03,9.57,standard,2023_all_kansokukekka_ichiran.pdf,24,2024-03-15
上倉田団地（15ｍ）,2024/04,9.4,standard,2024_all_kansokukekka_ichiran.pdf,24,2024-04-15
上倉田団地（15ｍ）,2024/05,9.67,standard,2024_all_kansokukekka_ichiran.pdf,24,2024-05-15
上倉田団地（15ｍ）,2024/06,9.92,standard,2024_all_kansokukekka_ichiran.pdf,24,2024-06-15
上倉田団地（15ｍ）,2024/07,9.09,standard,2024_all_kansokukekka_ichiran.pdf,24,2024-07-15
上倉田団地（15ｍ）,2024/08,9.26,standard,2024_all_kansokukekka_ichiran.pdf,24,2024-08-15
上倉田団地（15ｍ）,2024/09,9.2,standard,2024_all_kansokukekka_ichiran.pdf,24,2024-09-15
上倉田団地（15ｍ）,2024/10,9.47,standard,2024_all_kansokukekka_ichiran.pdf,24,2024-10-15
上倉田団地（15ｍ）,2024/11,9.34,standard,2024_all_kansokukekka_ichiran.pdf,24,2024-11-15
上倉田団地（15ｍ）,2024/12,9.3,standard,2024_all_kansokukekka_ichiran.pdf,24,2024-12-15
上倉田団地（15ｍ）,2025/01,9.09,standard,2024_all_kansokukekka_ichiran.pdf,24,2025-01-15
上倉田団地（15ｍ）,2025/02,9.07,standard,2024_all_kansokukekka_ichiran.pdf,24,2025-02-15
上倉田団地（15ｍ）,2025/03,9.61,standard,2024_all_kansokukekka_ichiran.pdf,24,2025-03-15
上倉田団地（15ｍ）,2025/04,9.68,standard,2025_all_data.pdf,1,2025-04-15
上倉田団地（15ｍ）,2025/05,9.52,standard,2025_all_data.pdf,1,2025-05-15
上倉田団地（15ｍ）,2025/06,9.39,standard,2025_all_data.pdf,1,2025-06-15
上倉田団地（15ｍ）,2025/07,9.32,standard,2025_all_data.pdf,1,2025-07-15
上倉田団地（15ｍ）,2025/08,9.26,standard,2025_all_data.pdf,1,2025-08-15
上倉田団地（15ｍ）,2025/09,9.36,standard,2025_all_data.pdf,1,2025-09-15
上倉田団地（15ｍ）,2025/10,9.28,standard,2025_all_data.pdf,1,2025-10-15
上倉田団地（15ｍ）,2025/11,9.35,standard,2025_all_data.pdf,1,2025-11-15
上倉田団地（15ｍ）,2025/12,9.04,standard,2025_all_data.pdf,1,2025-12-15
上倉田団地（15ｍ）,2026/01,8.98,standard,2025_all_data.pdf,1,2026-01-15
上倉田団地（15ｍ）,2026/02,9.2,standard,2025_all_data.pdf,1,2026-02-15
上倉田団地（15ｍ）,2026/03,9.25,standard,2025_all_data.pdf,1,2026-03-15
佐江戸公園-1(16m),2010/06,5.73,standard,2010-2016_all_data.pdf,2,2010-06-15
佐江戸公園-1(16m),2010/09,4.98,standard,2010-2016_all_data.pdf,2,2010-09-15
佐江戸公園-1(16m),2010/12,5.79,standard,2010-2016_all_data.pdf,2,2010-12-15
佐江戸公園-1(16m),2011/03,6.04,standard,2010-2016_all_data.pdf,2,2011-03-15
佐江戸公園-1(16m),2011/09,6.36,standard,2010-2016_all_data.pdf,3,2011-09-15
佐江戸公園-1(16m),2011/12,6.41,standard,2010-2016_all_data.pdf,3,2011-12-15
佐江戸公園-1(16m),2012/03,6.36,standard,2010-2016_all_data.pdf,3,2012-03-15
佐江戸公園-1(16m),2012/04,6.34,standard,2010-2016_all_data.pdf,4,2012-04-15
佐江戸公園-1(16m),2012/05,6.46,standard,2010-2016_all_data.pdf,4,2012-05-15
佐江戸公園-1(16m),2012/06,6.31,standard,2010-2016_all_data.pdf,4,2012-06-15
佐江戸公園-1(16m),2012/07,6.12,standard,2010-2016_all_data.pdf,4,2012-07-15
佐江戸公園-1(16m),2012/08,5.78,standard,2010-2016_all_data.pdf,4,2012-08-15
佐江戸公園-1(16m),2012/09,5.37,standard,2010-2016_all_data.pdf,4,2012-09-15
佐江戸公園-1(16m),2012/10,5.89,standard,2010-2016_all_data.pdf,4,2012-10-15
佐江戸公園-1(16m),2012/11,5.93,standard,2010-2016_all_data.pdf,4,2012-11-15
佐江戸公園-1(16m),2012/12,6.06,standard,2010-2016_all_data.pdf,4,2012-12-15
佐江戸公園-1(16m),2013/01,6.15,standard,2010-2016_all_data.pdf,4,2013-01-15
佐江戸公園-1(16m),2013/02,6.21,standard,2010-2016_all_data.pdf,4,2013-02-15
佐江戸公園-1(16m),2013/03,5.79,standard,2010-2016_all_data.pdf,4,2013-03-15
佐江戸公園-1(16m),2013/04,5.87,standard,2010-2016_all_data.pdf,5,2013-04-15
佐江戸公園-1(16m),2013/05,5.5,standard,2010-2016_all_data.pdf,5,2013-05-15
佐江戸公園-1(16m),2013/06,5.75,standard,2010-2016_all_data.pdf,5,2013-06-15
佐江戸公園-1(16m),2013/07,5.29,standard,2010-2016_all_data.pdf,5,2013-07-15
佐江戸公園-1(16m),2013/08,5.13,standard,2010-2016_all_data.pdf,5,2013-08-15
佐江戸公園-1(16m),2013/09,5.51,standard,2010-2016_all_data.pdf,5,2013-09-15
佐江戸公園-1(16m),2013/11,5.74,standard,2010-2016_all_data.pdf,5,2013-11-15
佐江戸公園-1(16m),2013/12,5.61,standard,2010-2016_all_data.pdf,5,2013-12-15
佐江戸公園-1(16m),2014/01,5.59,standard,2010-2016_all_data.pdf,5,2014-01-15
佐江戸公園-1(16m),2014/03,5.69,standard,2010-2016_all_data.pdf,5,2014-03-15
佐江戸公園-1(16m),2014/04,5.68,standard,2010-2016_all_data.pdf,6,2014-04-15
佐江戸公園-1(16m),2014/05,5.66,standard,2010-2016_all_data.pdf,6,2014-05-15
佐江戸公園-1(16m),2014/08,5.51,standard,2010-2016_all_data.pdf,6,2014-08-15
佐江戸公園-1(16m),2014/09,5.6,standard,2010-2016_all_data.pdf,6,2014-09-15
佐江戸公園-1(16m),2014/10,5.89,standard,2010-2016_all_data.pdf,6,2014-10-15
佐江戸公園-1(16m),2014/11,5.76,standard,2010-2016_all_data.pdf,6,2014-11-15
佐江戸公園-1(16m),2014/12,5.89,standard,2010-2016_all_data.pdf,6,2014-12-15
佐江戸公園-1(16m),2015/01,5.87,standard,2010-2016_all_data.pdf,6,2015-01-15
佐江戸公園-1(16m),2015/03,5.84,standard,2010-2016_all_data.pdf,6,2015-03-15
佐江戸公園-1(16m),2015/04,5.89,standard,2010-2016_all_data.pdf,7,2015-04-15
佐江戸公園-1(16m),2015/05,5.71,standard,2010-2016_all_data.pdf,7,2015-05-15
佐江戸公園-1(16m),2015/06,5.91,standard,2010-2016_all_data.pdf,7,2015-06-15
佐江戸公園-1(16m),2015/07,6.03,standard,2010-2016_all_data.pdf,7,2015-07-15
佐江戸公園-1(16m),2015/08,5.46,standard,2010-2016_all_data.pdf,7,2015-08-15
佐江戸公園-1(16m),2015/09,5.9,standard,2010-2016_all_data.pdf,7,2015-09-15
佐江戸公園-1(16m),2015/10,5.73,standard,2010-2016_all_data.pdf,7,2015-10-15
佐江戸公園-1(16m),2015/12,5.85,standard,2010-2016_all_data.pdf,7,2015-12-15
佐江戸公園-1(16m),2016/01,5.89,standard,2010-2016_all_data.pdf,7,2016-01-15
佐江戸公園-1(16m),2016/02,5.85,standard,2010-2016_all_data.pdf,7,2016-02-15
佐江戸公園-1(16m),2016/03,5.69,standard,2010-2016_all_data.pdf,7,2016-03-15
佐江戸公園-1(16m),2016/04,5.65,standard,2010-2016_all_data.pdf,8,2016-04-15
佐江戸公園-1(16m),2016/05,5.64,standard,2010-2016_all_data.pdf,8,2016-05-15
佐江戸公園-1(16m),2016/06,5.65,standard,2010-2016_all_data.pdf,8,2016-06-15
佐江戸公園-1(16m),2016/08,5.77,standard,2010-2016_all_data.pdf,8,2016-08-15
佐江戸公園-1(16m),2016/09,5.87,standard,2010-2016_all_data.pdf,8,2016-09-15
佐江戸公園-1(16m),2016/10,5.72,standard,2010-2016_all_data.pdf,8,2016-10-15
佐江戸公園-1(16m),2016/11,5.87,standard,2010-2016_all_data.pdf,8,2016-11-15
佐江戸公園-1(16m),2016/12,6.19,standard,2010-2016_all_data.pdf,8,2016-12-15
佐江戸公園-1(16m),2017/01,6.49,standard,2010-2016_all_data.pdf,8,2017-01-15
佐江戸公園-1(16m),2017/02,5.74,standard,2010-2016_all_data.pdf,8,2017-02-15
佐江戸公園-1(16m),2017/03,5.72,standard,2010-2016_all_data.pdf,8,2017-03-15
佐江戸公園-1(16m),2017/04,5.77,standard,2017_all_kansokukekka_ichiran_R.pdf,24,2017-04-15
佐江戸公園-1(16m),2017/05,5.61,standard,2017_all_kansokukekka_ichiran_R.pdf,24,2017-05-15
佐江戸公園-1(16m),2017/06,5.54,standard,2017_all_kansokukekka_ichiran_R.pdf,24,2017-06-15
佐江戸公園-1(16m),2017/10,5.74,standard,2017_all_kansokukekka_ichiran_R.pdf,24,2017-10-15
佐江戸公園-1(16m),2017/11,5.85,standard,2017_all_kansokukekka_ichiran_R.pdf,24,2017-11-15
佐江戸公園-1(16m),2018/01,5.75,standard,2017_all_kansokukekka_ichiran_R.pdf,24,2018-01-15
佐江戸公園-1(16m),2018/03,5.99,standard,2017_all_kansokukekka_ichiran_R.pdf,24,2018-03-15
佐江戸公園-1(16m),2018/04,5.83,standard,2018_all_kansokukekka_ichiran_R.pdf,24,2018-04-15
佐江戸公園-1(16m),2018/05,6.1,standard,2018_all_kansokukekka_ichiran_R.pdf,24,2018-05-15
佐江戸公園-1(16m),2018/06,5.98,standard,2018_all_kansokukekka_ichiran_R.pdf,24,2018-06-15
佐江戸公園-1(16m),2018/07,5.54,standard,2018_all_kansokukekka_ichiran_R.pdf,24,2018-07-15
佐江戸公園-1(16m),2018/08,5.52,standard,2018_all_kansokukekka_ichiran_R.pdf,24,2018-08-15
佐江戸公園-1(16m),2018/09,5.9,standard,2018_all_kansokukekka_ichiran_R.pdf,24,2018-09-15
佐江戸公園-1(16m),2018/10,5.8,standard,2018_all_kansokukekka_ichiran_R.pdf,24,2018-10-15
佐江戸公園-1(16m),2018/11,5.73,standard,2018_all_kansokukekka_ichiran_R.pdf,24,2018-11-15
佐江戸公園-1(16m),2018/12,5.78,standard,2018_all_kansokukekka_ichiran_R.pdf,24,2018-12-15
佐江戸公園-1(16m),2019/01,5.68,standard,2018_all_kansokukekka_ichiran_R.pdf,24,2019-01-15
佐江戸公園-1(16m),2019/02,5.6,standard,2018_all_kansokukekka_ichiran_R.pdf,24,2019-02-15
佐江戸公園-1(16m),2019/03,5.77,standard,2018_all_kansokukekka_ichiran_R.pdf,24,2019-03-15
佐江戸公園-1(16m),2019/04,5.66,standard,2019_all_kansokukekka_ichiran_R.pdf,24,2019-04-15
佐江戸公園-1(16m),2019/05,5.89,standard,2019_all_kansokukekka_ichiran_R.pdf,24,2019-05-15
佐江戸公園-1(16m),2019/07,6.01,standard,2019_all_kansokukekka_ichiran_R.pdf,24,2019-07-15
佐江戸公園-1(16m),2019/08,5.55,standard,2019_all_kansokukekka_ichiran_R.pdf,24,2019-08-15
佐江戸公園-1(16m),2019/09,5.76,standard,2019_all_kansokukekka_ichiran_R.pdf,24,2019-09-15
佐江戸公園-1(16m),2019/10,6.19,standard,2019_all_kansokukekka_ichiran_R.pdf,24,2019-10-15
佐江戸公園-1(16m),2019/11,6.12,standard,2019_all_kansokukekka_ichiran_R.pdf,24,2019-11-15
佐江戸公園-1(16m),2020/01,5.95,standard,2019_all_kansokukekka_ichiran_R.pdf,24,2020-01-15
佐江戸公園-1(16m),2020/02,5.94,standard,2019_all_kansokukekka_ichiran_R.pdf,24,2020-02-15
佐江戸公園-1(16m),2020/03,6.19,standard,2019_all_kansokukekka_ichiran_R.pdf,24,2020-03-15
佐江戸公園-1(16m),2020/07,6.36,standard,2020_all_kansokukekka_ichiran_R.pdf,24,2020-07-15
佐江戸公園-1(16m),2020/10,6.59,standard,2020_all_kansokukekka_ichiran_R.pdf,24,2020-10-15
佐江戸公園-1(16m),2020/11,6.15,standard,2020_all_kansokukekka_ichiran_R.pdf,24,2020-11-15
佐江戸公園-1(16m),2020/12,6.32,standard,2020_all_kansokukekka_ichiran_R.pdf,24,2020-12-15
佐江戸公園-1(16m),2021/03,6.4,standard,2020_all_kansokukekka_ichiran_R.pdf,24,2021-03-15
佐江戸公園-1(16m),2021/04,6.38,standard,2021_all_kansokukekka_ichiran_R.pdf,24,2021-04-15
佐江戸公園-1(16m),2021/05,6.32,standard,2021_all_kansokukekka_ichiran_R.pdf,24,2021-05-15
佐江戸公園-1(16m),2021/06,6.25,standard,2021_all_kansokukekka_ichiran_R.pdf,24,2021-06-15
佐江戸公園-1(16m),2021/07,6.46,standard,2021_all_kansokukekka_ichiran_R.pdf,24,2021-07-15
佐江戸公園-1(16m),2021/08,6.29,standard,2021_all_kansokukekka_ichiran_R.pdf,24,2021-08-15
佐江戸公園-1(16m),2021/09,6.39,standard,2021_all_kansokukekka_ichiran_R.pdf,24,2021-09-15
佐江戸公園-1(16m),2021/10,6.49,standard,2021_all_kansokukekka_ichiran_R.pdf,24,2021-10-15
佐江戸公園-1(16m),2021/11,6.56,standard,2021_all_kansokukekka_ichiran_R.pdf,24,2021-11-15
佐江戸公園-1(16m),2021/12,6.56,standard,2021_all_kansokukekka_ichiran_R.pdf,24,2021-12-15
佐江戸公園-1(16m),2022/01,6.4,standard,2021_all_kansokukekka_ichiran_R.pdf,24,2022-01-15
佐江戸公園-1(16m),2022/02,6.42,standard,2021_all_kansokukekka_ichiran_R.pdf,24,2022-02-15
佐江戸公園-1(16m),2022/03,6.43,standard,2021_all_kansokukekka_ichiran_R.pdf,24,2022-03-15
佐江戸公園-1(16m),2022/04,6.49,standard,2022_all_kansokukekka_ichiran_R.pdf,24,2022-04-15
佐江戸公園-1(16m),2022/05,6.44,standard,2022_all_kansokukekka_ichiran_R.pdf,24,2022-05-15
佐江戸公園-1(16m),2022/06,6.32,standard,2022_all_kansokukekka_ichiran_R.pdf,24,2022-06-15
佐江戸公園-1(16m),2022/07,6.26,standard,2022_all_kansokukekka_ichiran_R.pdf,24,2022-07-15
佐江戸公園-1(16m),2022/08,6.25,standard,2022_all_kansokukekka_ichiran_R.pdf,24,2022-08-15
佐江戸公園-1(16m),2022/09,6.39,standard,2022_all_kansokukekka_ichiran_R.pdf,24,2022-09-15
佐江戸公園-1(16m),2022/10,6.41,standard,2022_all_kansokukekka_ichiran_R.pdf,24,2022-10-15
佐江戸公園-1(16m),2022/11,6.13,standard,2022_all_kansokukekka_ichiran_R.pdf,24,2022-11-15
佐江戸公園-1(16m),2022/12,6.37,standard,2022_all_kansokukekka_ichiran_R.pdf,24,2022-12-15
佐江戸公園-1(16m),2023/01,6.17,standard,2022_all_kansokukekka_ichiran_R.pdf,24,2023-01-15
佐江戸公園-1(16m),2023/02,6.11,standard,2022_all_kansokukekka_ichiran_R.pdf,24,2023-02-15
佐江戸公園-1(16m),2023/03,6.12,standard,2022_all_kansokukekka_ichiran_R.pdf,24,2023-03-15
佐江戸公園-1(16m),2023/04,6.27,standard,2023_all_kansokukekka_ichiran.pdf,24,2023-04-15
佐江戸公園-1(16m),2023/05,6.38,standard,2023_all_kansokukekka_ichiran.pdf,24,2023-05-15
佐江戸公園-1(16m),2023/06,6.39,standard,2023_all_kansokukekka_ichiran.pdf,24,2023-06-15
佐江戸公園-1(16m),2023/07,6.03,standard,2023_all_kansokukekka_ichiran.pdf,24,2023-07-15
佐江戸公園-1(16m),2023/08,6.1,standard,2023_all_kansokukekka_ichiran.pdf,24,2023-08-15
佐江戸公園-1(16m),2023/09,6.19,standard,2023_all_kansokukekka_ichiran.pdf,24,2023-09-15
佐江戸公園-1(16m),2023/10,6.26,standard,2023_all_kansokukekka_ichiran.pdf,24,2023-10-15
佐江戸公園-1(16m),2023/11,6.24,standard,2023_all_kansokukekka_ichiran.pdf,24,2023-11-15
佐江戸公園-1(16m),2024/01,6.34,standard,2023_all_kansokukekka_ichiran.pdf,24,2024-01-15
佐江戸公園-1(16m),2024/02,6.51,standard,2023_all_kansokukekka_ichiran.pdf,24,2024-02-15
佐江戸公園-1(16m),2024/03,6.56,standard,2023_all_kansokukekka_ichiran.pdf,24,2024-03-15
佐江戸公園-1(16m),2024/04,6.58,standard,2024_all_kansokukekka_ichiran.pdf,24,2024-04-15
佐江戸公園-1(16m),2024/05,6.63,standard,2024_all_kansokukekka_ichiran.pdf,24,2024-05-15
佐江戸公園-1(16m),2024/06,6.61,standard,2024_all_kansokukekka_ichiran.pdf,24,2024-06-15
佐江戸公園-1(16m),2024/07,6.48,standard,2024_all_kansokukekka_ichiran.pdf,24,2024-07-15
佐江戸公園-1(16m),2024/08,6.29,standard,2024_all_kansokukekka_ichiran.pdf,24,2024-08-15
佐江戸公園-1(16m),2024/09,6.3,standard,2024_all_kansokukekka_ichiran.pdf,24,2024-09-15
佐江戸公園-1(16m),2024/10,6.34,standard,2024_all_kansokukekka_ichiran.pdf,24,2024-10-15
佐江戸公園-1(16m),2024/11,6.36,standard,2024_all_kansokukekka_ichiran.pdf,24,2024-11-15
佐江戸公園-1(16m),2024/12,5.86,standard,2024_all_kansokukekka_ichiran.pdf,24,2024-12-15
佐江戸公園-1(16m),2025/01,6.25,standard,2024_all_kansokukekka_ichiran.pdf,24,2025-01-15
佐江戸公園-1(16m),2025/02,6.12,standard,2024_all_kansokukekka_ichiran.pdf,24,2025-02-15
佐江戸公園-1(16m),2025/03,6.44,standard,2024_all_kansokukekka_ichiran.pdf,24,2025-03-15
佐江戸公園-1(16m),2025/04,6.45,standard,2025_all_data.pdf,1,2025-04-15
佐江戸公園-1(16m),2025/05,6.49,standard,2025_all_data.pdf,1,2025-05-15
佐江戸公園-1(16m),2025/06,6.42,standard,2025_all_data.pdf,1,2025-06-15
佐江戸公園-1(16m),2025/07,6.24,standard,2025_all_data.pdf,1,2025-07-15
佐江戸公園-1(16m),2025/08,6.1,standard,2025_all_data.pdf,1,2025-08-15
佐江戸公園-1(16m),2025/09,6.24,standard,2025_all_data.pdf,1,2025-09-15
佐江戸公園-1(16m),2025/10,6.12,standard,2025_all_data.pdf,1,2025-10-15
佐江戸公園-1(16m),2025/11,6.31,standard,2025_all_data.pdf,1,2025-11-15
佐江戸公園-1(16m),2025/12,6.31,standard,2025_all_data.pdf,1,2025-12-15
佐江戸公園-1(16m),2026/01,6.25,standard,2025_all_data.pdf,1,2026-01-15
佐江戸公園-1(16m),2026/02,6.2,standard,2025_all_data.pdf,1,2026-02-15
佐江戸公園-1(16m),2026/03,6.42,standard,2025_all_data.pdf,1,2026-03-15
佐江戸公園-2(88m),2010/09,5.55,standard,2010-2016_all_data.pdf,2,2010-09-15
佐江戸公園-2(88m),2010/12,5.59,standard,2010-2016_all_data.pdf,2,2010-12-15
佐江戸公園-2(88m),2011/03,5.38,standard,2010-2016_all_data.pdf,2,2011-03-15
佐江戸公園-2(88m),2011/09,5.55,standard,2010-2016_all_data.pdf,3,2011-09-15
佐江戸公園-2(88m),2011/12,5.59,standard,2010-2016_all_data.pdf,3,2011-12-15
佐江戸公園-2(88m),2012/03,5.38,standard,2010-2016_all_data.pdf,3,2012-03-15
佐江戸公園-2(88m),2012/04,5.16,standard,2010-2016_all_data.pdf,4,2012-04-15
佐江戸公園-2(88m),2012/05,5.33,standard,2010-2016_all_data.pdf,4,2012-05-15
佐江戸公園-2(88m),2012/06,5.13,standard,2010-2016_all_data.pdf,4,2012-06-15
佐江戸公園-2(88m),2012/07,4.86,standard,2010-2016_all_data.pdf,4,2012-07-15
佐江戸公園-2(88m),2012/08,4.26,standard,2010-2016_all_data.pdf,4,2012-08-15
佐江戸公園-2(88m),2012/09,3.63,standard,2010-2016_all_data.pdf,4,2012-09-15
佐江戸公園-2(88m),2012/10,4.27,standard,2010-2016_all_data.pdf,4,2012-10-15
佐江戸公園-2(88m),2012/11,4.23,standard,2010-2016_all_data.pdf,4,2012-11-15
佐江戸公園-2(88m),2012/12,4.64,standard,2010-2016_all_data.pdf,4,2012-12-15
佐江戸公園-2(88m),2013/01,4.96,standard,2010-2016_all_data.pdf,4,2013-01-15
佐江戸公園-2(88m),2013/02,4.42,standard,2010-2016_all_data.pdf,4,2013-02-15
佐江戸公園-2(88m),2013/03,4.64,standard,2010-2016_all_data.pdf,4,2013-03-15
佐江戸公園-2(88m),2013/04,4.1,standard,2010-2016_all_data.pdf,5,2013-04-15
佐江戸公園-2(88m),2013/05,3.48,standard,2010-2016_all_data.pdf,5,2013-05-15
佐江戸公園-2(88m),2013/06,3.71,standard,2010-2016_all_data.pdf,5,2013-06-15
佐江戸公園-2(88m),2013/07,3.1,standard,2010-2016_all_data.pdf,5,2013-07-15
佐江戸公園-2(88m),2013/08,2.75,standard,2010-2016_all_data.pdf,5,2013-08-15
佐江戸公園-2(88m),2013/09,3.3,standard,2010-2016_all_data.pdf,5,2013-09-15
佐江戸公園-2(88m),2013/11,3.74,standard,2010-2016_all_data.pdf,5,2013-11-15
佐江戸公園-2(88m),2013/12,3.59,standard,2010-2016_all_data.pdf,5,2013-12-15
佐江戸公園-2(88m),2014/01,3.55,standard,2010-2016_all_data.pdf,5,2014-01-15
佐江戸公園-2(88m),2014/03,3.41,standard,2010-2016_all_data.pdf,5,2014-03-15
佐江戸公園-2(88m),2014/04,3.37,standard,2010-2016_all_data.pdf,6,2014-04-15
佐江戸公園-2(88m),2014/05,3.81,standard,2010-2016_all_data.pdf,6,2014-05-15
佐江戸公園-2(88m),2014/08,3.21,standard,2010-2016_all_data.pdf,6,2014-08-15
佐江戸公園-2(88m),2014/09,3.43,standard,2010-2016_all_data.pdf,6,2014-09-15
佐江戸公園-2(88m),2014/10,3.65,standard,2010-2016_all_data.pdf,6,2014-10-15
佐江戸公園-2(88m),2014/11,3.7,standard,2010-2016_all_data.pdf,6,2014-11-15
佐江戸公園-2(88m),2014/12,3.79,standard,2010-2016_all_data.pdf,6,2014-12-15
佐江戸公園-2(88m),2015/01,3.7,standard,2010-2016_all_data.pdf,6,2015-01-15
佐江戸公園-2(88m),2015/03,3.6,standard,2010-2016_all_data.pdf,6,2015-03-15
佐江戸公園-2(88m),2015/04,3.59,standard,2010-2016_all_data.pdf,7,2015-04-15
佐江戸公園-2(88m),2015/05,3.36,standard,2010-2016_all_data.pdf,7,2015-05-15
佐江戸公園-2(88m),2015/06,4.24,standard,2010-2016_all_data.pdf,7,2015-06-15
佐江戸公園-2(88m),2015/07,4.18,standard,2010-2016_all_data.pdf,7,2015-07-15
佐江戸公園-2(88m),2015/08,3.18,standard,2010-2016_all_data.pdf,7,2015-08-15
佐江戸公園-2(88m),2015/09,3.89,standard,2010-2016_all_data.pdf,7,2015-09-15
佐江戸公園-2(88m),2015/10,3.61,standard,2010-2016_all_data.pdf,7,2015-10-15
佐江戸公園-2(88m),2015/12,3.64,standard,2010-2016_all_data.pdf,7,2015-12-15
佐江戸公園-2(88m),2016/01,3.98,standard,2010-2016_all_data.pdf,7,2016-01-15
佐江戸公園-2(88m),2016/02,3.75,standard,2010-2016_all_data.pdf,7,2016-02-15
佐江戸公園-2(88m),2016/03,3.3,standard,2010-2016_all_data.pdf,7,2016-03-15
佐江戸公園-2(88m),2016/04,3.34,standard,2010-2016_all_data.pdf,8,2016-04-15
佐江戸公園-2(88m),2016/05,3.23,standard,2010-2016_all_data.pdf,8,2016-05-15
佐江戸公園-2(88m),2016/06,3.05,standard,2010-2016_all_data.pdf,8,2016-06-15
佐江戸公園-2(88m),2016/08,3.16,standard,2010-2016_all_data.pdf,8,2016-08-15
佐江戸公園-2(88m),2016/09,3.37,standard,2010-2016_all_data.pdf,8,2016-09-15
佐江戸公園-2(88m),2016/10,3.41,standard,2010-2016_all_data.pdf,8,2016-10-15
佐江戸公園-2(88m),2016/11,4.08,standard,2010-2016_all_data.pdf,8,2016-11-15
佐江戸公園-2(88m),2016/12,4.22,standard,2010-2016_all_data.pdf,8,2016-12-15
佐江戸公園-2(88m),2017/01,3.98,standard,2010-2016_all_data.pdf,8,2017-01-15
佐江戸公園-2(88m),2017/02,3.83,standard,2010-2016_all_data.pdf,8,2017-02-15
佐江戸公園-2(88m),2017/03,3.56,standard,2010-2016_all_data.pdf,8,2017-03-15
佐江戸公園-2(88m),2017/04,3.48,standard,2017_all_kansokukekka_ichiran_R.pdf,24,2017-04-15
佐江戸公園-2(88m),2017/05,3.32,standard,2017_all_kansokukekka_ichiran_R.pdf,24,2017-05-15
佐江戸公園-2(88m),2017/06,3.14,standard,2017_all_kansokukekka_ichiran_R.pdf,24,2017-06-15
佐江戸公園-2(88m),2017/10,3.31,standard,2017_all_kansokukekka_ichiran_R.pdf,24,2017-10-15
佐江戸公園-2(88m),2017/11,3.7,standard,2017_all_kansokukekka_ichiran_R.pdf,24,2017-11-15
佐江戸公園-2(88m),2018/01,3.78,standard,2017_all_kansokukekka_ichiran_R.pdf,24,2018-01-15
佐江戸公園-2(88m),2018/03,3.79,standard,2017_all_kansokukekka_ichiran_R.pdf,24,2018-03-15
佐江戸公園-2(88m),2018/04,3.73,standard,2018_all_kansokukekka_ichiran_R.pdf,24,2018-04-15
佐江戸公園-2(88m),2018/05,4.01,standard,2018_all_kansokukekka_ichiran_R.pdf,24,2018-05-15
佐江戸公園-2(88m),2018/06,4.17,standard,2018_all_kansokukekka_ichiran_R.pdf,24,2018-06-15
佐江戸公園-2(88m),2018/07,3.11,standard,2018_all_kansokukekka_ichiran_R.pdf,24,2018-07-15
佐江戸公園-2(88m),2018/08,3.27,standard,2018_all_kansokukekka_ichiran_R.pdf,24,2018-08-15
佐江戸公園-2(88m),2018/09,3.54,standard,2018_all_kansokukekka_ichiran_R.pdf,24,2018-09-15
佐江戸公園-2(88m),2018/10,3.64,standard,2018_all_kansokukekka_ichiran_R.pdf,24,2018-10-15
佐江戸公園-2(88m),2018/11,3.61,standard,2018_all_kansokukekka_ichiran_R.pdf,24,2018-11-15
佐江戸公園-2(88m),2018/12,3.67,standard,2018_all_kansokukekka_ichiran_R.pdf,24,2018-12-15
佐江戸公園-2(88m),2019/01,3.77,standard,2018_all_kansokukekka_ichiran_R.pdf,24,2019-01-15
佐江戸公園-2(88m),2019/02,3.58,standard,2018_all_kansokukekka_ichiran_R.pdf,24,2019-02-15
佐江戸公園-2(88m),2019/03,3.6,standard,2018_all_kansokukekka_ichiran_R.pdf,24,2019-03-15
佐江戸公園-2(88m),2019/04,3.41,standard,2019_all_kansokukekka_ichiran_R.pdf,24,2019-04-15
佐江戸公園-2(88m),2019/05,3.65,standard,2019_all_kansokukekka_ichiran_R.pdf,24,2019-05-15
佐江戸公園-2(88m),2019/07,3.93,standard,2019_all_kansokukekka_ichiran_R.pdf,24,2019-07-15
佐江戸公園-2(88m),2019/08,3.18,standard,2019_all_kansokukekka_ichiran_R.pdf,24,2019-08-15
佐江戸公園-2(88m),2019/09,3.45,standard,2019_all_kansokukekka_ichiran_R.pdf,24,2019-09-15
佐江戸公園-2(88m),2019/10,3.99,standard,2019_all_kansokukekka_ichiran_R.pdf,24,2019-10-15
佐江戸公園-2(88m),2019/11,4.02,standard,2019_all_kansokukekka_ichiran_R.pdf,24,2019-11-15
佐江戸公園-2(88m),2020/01,4.01,standard,2019_all_kansokukekka_ichiran_R.pdf,24,2020-01-15
佐江戸公園-2(88m),2020/02,4.26,standard,2019_all_kansokukekka_ichiran_R.pdf,24,2020-02-15
佐江戸公園-2(88m),2020/03,4.34,standard,2019_all_kansokukekka_ichiran_R.pdf,24,2020-03-15
佐江戸公園-2(88m),2020/07,4.54,standard,2020_all_kansokukekka_ichiran_R.pdf,24,2020-07-15
佐江戸公園-2(88m),2020/10,5.22,standard,2020_all_kansokukekka_ichiran_R.pdf,24,2020-10-15
佐江戸公園-2(88m),2020/11,4.74,standard,2020_all_kansokukekka_ichiran_R.pdf,24,2020-11-15
佐江戸公園-2(88m),2020/12,5.24,standard,2020_all_kansokukekka_ichiran_R.pdf,24,2020-12-15
佐江戸公園-2(88m),2021/03,5.27,standard,2020_all_kansokukekka_ichiran_R.pdf,24,2021-03-15
佐江戸公園-2(88m),2021/04,5.24,standard,2021_all_kansokukekka_ichiran_R.pdf,24,2021-04-15
佐江戸公園-2(88m),2021/05,5.15,standard,2021_all_kansokukekka_ichiran_R.pdf,24,2021-05-15
佐江戸公園-2(88m),2021/06,4.9,standard,2021_all_kansokukekka_ichiran_R.pdf,24,2021-06-15
佐江戸公園-2(88m),2021/07,4.96,standard,2021_all_kansokukekka_ichiran_R.pdf,24,2021-07-15
佐江戸公園-2(88m),2021/08,4.73,standard,2021_all_kansokukekka_ichiran_R.pdf,24,2021-08-15
佐江戸公園-2(88m),2021/09,4.98,standard,2021_all_kansokukekka_ichiran_R.pdf,24,2021-09-15
佐江戸公園-2(88m),2021/10,5.63,standard,2021_all_kansokukekka_ichiran_R.pdf,24,2021-10-15
佐江戸公園-2(88m),2021/11,5.67,standard,2021_all_kansokukekka_ichiran_R.pdf,24,2021-11-15
佐江戸公園-2(88m),2021/12,5.61,standard,2021_all_kansokukekka_ichiran_R.pdf,24,2021-12-15
佐江戸公園-2(88m),2022/01,5.45,standard,2021_all_kansokukekka_ichiran_R.pdf,24,2022-01-15
佐江戸公園-2(88m),2022/02,5.35,standard,2021_all_kansokukekka_ichiran_R.pdf,24,2022-02-15
佐江戸公園-2(88m),2022/03,5.71,standard,2021_all_kansokukekka_ichiran_R.pdf,24,2022-03-15
佐江戸公園-2(88m),2022/04,5.41,standard,2022_all_kansokukekka_ichiran_R.pdf,24,2022-04-15
佐江戸公園-2(88m),2022/05,5.27,standard,2022_all_kansokukekka_ichiran_R.pdf,24,2022-05-15
佐江戸公園-2(88m),2022/06,5.08,standard,2022_all_kansokukekka_ichiran_R.pdf,24,2022-06-15
佐江戸公園-2(88m),2022/07,4.96,standard,2022_all_kansokukekka_ichiran_R.pdf,24,2022-07-15
佐江戸公園-2(88m),2022/08,4.8,standard,2022_all_kansokukekka_ichiran_R.pdf,24,2022-08-15
佐江戸公園-2(88m),2022/09,4.99,standard,2022_all_kansokukekka_ichiran_R.pdf,24,2022-09-15
佐江戸公園-2(88m),2022/10,5.03,standard,2022_all_kansokukekka_ichiran_R.pdf,24,2022-10-15
佐江戸公園-2(88m),2022/11,4.83,standard,2022_all_kansokukekka_ichiran_R.pdf,24,2022-11-15
佐江戸公園-2(88m),2022/12,5.08,standard,2022_all_kansokukekka_ichiran_R.pdf,24,2022-12-15
佐江戸公園-2(88m),2023/01,4.94,standard,2022_all_kansokukekka_ichiran_R.pdf,24,2023-01-15
佐江戸公園-2(88m),2023/02,4.71,standard,2022_all_kansokukekka_ichiran_R.pdf,24,2023-02-15
佐江戸公園-2(88m),2023/03,4.71,standard,2022_all_kansokukekka_ichiran_R.pdf,24,2023-03-15
佐江戸公園-2(88m),2023/04,4.78,standard,2023_all_kansokukekka_ichiran.pdf,24,2023-04-15
佐江戸公園-2(88m),2023/05,4.87,standard,2023_all_kansokukekka_ichiran.pdf,24,2023-05-15
佐江戸公園-2(88m),2023/06,5.09,standard,2023_all_kansokukekka_ichiran.pdf,24,2023-06-15
佐江戸公園-2(88m),2023/07,4.48,standard,2023_all_kansokukekka_ichiran.pdf,24,2023-07-15
佐江戸公園-2(88m),2023/08,4.55,standard,2023_all_kansokukekka_ichiran.pdf,24,2023-08-15
佐江戸公園-2(88m),2023/09,4.58,standard,2023_all_kansokukekka_ichiran.pdf,24,2023-09-15
佐江戸公園-2(88m),2023/10,4.74,standard,2023_all_kansokukekka_ichiran.pdf,24,2023-10-15
佐江戸公園-2(88m),2023/11,4.89,standard,2023_all_kansokukekka_ichiran.pdf,24,2023-11-15
佐江戸公園-2(88m),2024/01,5.52,standard,2023_all_kansokukekka_ichiran.pdf,24,2024-01-15
佐江戸公園-2(88m),2024/02,5.56,standard,2023_all_kansokukekka_ichiran.pdf,24,2024-02-15
佐江戸公園-2(88m),2024/03,5.58,standard,2023_all_kansokukekka_ichiran.pdf,24,2024-03-15
佐江戸公園-2(88m),2024/04,5.55,standard,2024_all_kansokukekka_ichiran.pdf,24,2024-04-15
佐江戸公園-2(88m),2024/05,5.51,standard,2024_all_kansokukekka_ichiran.pdf,24,2024-05-15
佐江戸公園-2(88m),2024/06,5.48,standard,2024_all_kansokukekka_ichiran.pdf,24,2024-06-15
佐江戸公園-2(88m),2024/07,5.28,standard,2024_all_kansokukekka_ichiran.pdf,24,2024-07-15
佐江戸公園-2(88m),2024/08,5.01,standard,2024_all_kansokukekka_ichiran.pdf,24,2024-08-15
佐江戸公園-2(88m),2024/09,4.88,standard,2024_all_kansokukekka_ichiran.pdf,24,2024-09-15
佐江戸公園-2(88m),2024/10,5.01,standard,2024_all_kansokukekka_ichiran.pdf,24,2024-10-15
佐江戸公園-2(88m),2024/11,5.03,standard,2024_all_kansokukekka_ichiran.pdf,24,2024-11-15
佐江戸公園-2(88m),2024/12,4.9,standard,2024_all_kansokukekka_ichiran.pdf,24,2024-12-15
佐江戸公園-2(88m),2025/01,4.94,standard,2024_all_kansokukekka_ichiran.pdf,24,2025-01-15
佐江戸公園-2(88m),2025/02,4.87,standard,2024_all_kansokukekka_ichiran.pdf,24,2025-02-15
佐江戸公園-2(88m),2025/03,5.06,standard,2024_all_kansokukekka_ichiran.pdf,24,2025-03-15
佐江戸公園-2(88m),2025/04,5.16,standard,2025_all_data.pdf,1,2025-04-15
佐江戸公園-2(88m),2025/05,5.16,standard,2025_all_data.pdf,1,2025-05-15
佐江戸公園-2(88m),2025/06,5.1,standard,2025_all_data.pdf,1,2025-06-15
佐江戸公園-2(88m),2025/07,4.75,standard,2025_all_data.pdf,1,2025-07-15
佐江戸公園-2(88m),2025/08,4.58,standard,2025_all_data.pdf,1,2025-08-15
佐江戸公園-2(88m),2025/09,4.49,standard,2025_all_data.pdf,1,2025-09-15
佐江戸公園-2(88m),2025/10,4.75,standard,2025_all_data.pdf,1,2025-10-15
佐江戸公園-2(88m),2025/11,4.98,standard,2025_all_data.pdf,1,2025-11-15
佐江戸公園-2(88m),2025/12,5.25,standard,2025_all_data.pdf,1,2025-12-15
佐江戸公園-2(88m),2026/01,5.34,standard,2025_all_data.pdf,1,2026-01-15
佐江戸公園-2(88m),2026/02,5.18,standard,2025_all_data.pdf,1,2026-02-15
佐江戸公園-2(88m),2026/03,5.24,standard,2025_all_data.pdf,1,2026-03-15
岡野公園（32m）,2010/04,-4.4,standard,2010-2016_all_data.pdf,2,2010-04-15
岡野公園（32m）,2010/06,-3.79,standard,2010-2016_all_data.pdf,2,2010-06-15
岡野公園（32m）,2010/09,-4.28,standard,2010-2016_all_data.pdf,2,2010-09-15
岡野公園（32m）,2010/12,-4.31,standard,2010-2016_all_data.pdf,2,2010-12-15
岡野公園（32m）,2011/03,-4.73,standard,2010-2016_all_data.pdf,2,2011-03-15
岡野公園（32m）,2011/10,-4.51,standard,2010-2016_all_data.pdf,3,2011-10-15
岡野公園（32m）,2011/12,-4.5,standard,2010-2016_all_data.pdf,3,2011-12-15
岡野公園（32m）,2012/03,-4.93,standard,2010-2016_all_data.pdf,3,2012-03-15
岡野公園（32m）,2012/04,-4.85,standard,2010-2016_all_data.pdf,4,2012-04-15
岡野公園（32m）,2012/06,-4.58,standard,2010-2016_all_data.pdf,4,2012-06-15
岡野公園（32m）,2012/07,-4.48,standard,2010-2016_all_data.pdf,4,2012-07-15
岡野公園（32m）,2012/08,-4.52,standard,2010-2016_all_data.pdf,4,2012-08-15
岡野公園（32m）,2012/09,-4.51,standard,2010-2016_all_data.pdf,4,2012-09-15
岡野公園（32m）,2012/11,-4.35,standard,2010-2016_all_data.pdf,4,2012-11-15
岡野公園（32m）,2013/01,-4.75,standard,2010-2016_all_data.pdf,4,2013-01-15
岡野公園（32m）,2013/02,-4.64,standard,2010-2016_all_data.pdf,4,2013-02-15
岡野公園（32m）,2013/05,-4.61,standard,2010-2016_all_data.pdf,5,2013-05-15
岡野公園（32m）,2013/06,-4.49,standard,2010-2016_all_data.pdf,5,2013-06-15
岡野公園（32m）,2013/08,-4.48,standard,2010-2016_all_data.pdf,5,2013-08-15
岡野公園（32m）,2013/09,-4.53,standard,2010-2016_all_data.pdf,5,2013-09-15
岡野公園（32m）,2013/10,-4.31,standard,2010-2016_all_data.pdf,5,2013-10-15
岡野公園（32m）,2013/11,-4.25,standard,2010-2016_all_data.pdf,5,2013-11-15
岡野公園（32m）,2013/12,-4.5,standard,2010-2016_all_data.pdf,5,2013-12-15
岡野公園（32m）,2014/02,-5.37,standard,2010-2016_all_data.pdf,5,2014-02-15
岡野公園（32m）,2014/03,-4.69,standard,2010-2016_all_data.pdf,5,2014-03-15
岡野公園（32m）,2014/04,-4.48,standard,2010-2016_all_data.pdf,6,2014-04-15
岡野公園（32m）,2014/05,-4.43,standard,2010-2016_all_data.pdf,6,2014-05-15
岡野公園（32m）,2014/06,-3.69,standard,2010-2016_all_data.pdf,6,2014-06-15
岡野公園（32m）,2014/07,-3.19,standard,2010-2016_all_data.pdf,6,2014-07-15
岡野公園（32m）,2014/08,-3.14,standard,2010-2016_all_data.pdf,6,2014-08-15
岡野公園（32m）,2014/09,-3.03,standard,2010-2016_all_data.pdf,6,2014-09-15
岡野公園（32m）,2014/10,-3.01,standard,2010-2016_all_data.pdf,6,2014-10-15
岡野公園（32m）,2014/11,-2.93,standard,2010-2016_all_data.pdf,6,2014-11-15
岡野公園（32m）,2014/12,-2.78,standard,2010-2016_all_data.pdf,6,2014-12-15
岡野公園（32m）,2015/01,-3.07,standard,2010-2016_all_data.pdf,6,2015-01-15
岡野公園（32m）,2015/02,-3.12,standard,2010-2016_all_data.pdf,6,2015-02-15
岡野公園（32m）,2015/03,-3.17,standard,2010-2016_all_data.pdf,6,2015-03-15
岡野公園（32m）,2015/04,-3.06,standard,2010-2016_all_data.pdf,7,2015-04-15
岡野公園（32m）,2015/05,-3.03,standard,2010-2016_all_data.pdf,7,2015-05-15
岡野公園（32m）,2015/06,-2.94,standard,2010-2016_all_data.pdf,7,2015-06-15
岡野公園（32m）,2015/08,-2.77,standard,2010-2016_all_data.pdf,7,2015-08-15
岡野公園（32m）,2015/09,-2.81,standard,2010-2016_all_data.pdf,7,2015-09-15
岡野公園（32m）,2015/10,-2.74,standard,2010-2016_all_data.pdf,7,2015-10-15
岡野公園（32m）,2015/11,-2.77,standard,2010-2016_all_data.pdf,7,2015-11-15
岡野公園（32m）,2015/12,-2.81,standard,2010-2016_all_data.pdf,7,2015-12-15
岡野公園（32m）,2016/01,-3.14,standard,2010-2016_all_data.pdf,7,2016-01-15
岡野公園（32m）,2016/02,-3.25,standard,2010-2016_all_data.pdf,7,2016-02-15
岡野公園（32m）,2016/03,-3.22,standard,2010-2016_all_data.pdf,7,2016-03-15
岡野公園（32m）,2016/04,-3.11,standard,2010-2016_all_data.pdf,8,2016-04-15
岡野公園（32m）,2016/06,-2.99,standard,2010-2016_all_data.pdf,8,2016-06-15
岡野公園（32m）,2016/07,-2.76,standard,2010-2016_all_data.pdf,8,2016-07-15
岡野公園（32m）,2016/08,-2.67,standard,2010-2016_all_data.pdf,8,2016-08-15
岡野公園（32m）,2016/09,-2.65,standard,2010-2016_all_data.pdf,8,2016-09-15
岡野公園（32m）,2016/10,-2.61,standard,2010-2016_all_data.pdf,8,2016-10-15
岡野公園（32m）,2016/11,-2.72,standard,2010-2016_all_data.pdf,8,2016-11-15
岡野公園（32m）,2016/12,-2.79,standard,2010-2016_all_data.pdf,8,2016-12-15
岡野公園（32m）,2017/01,-3.01,standard,2010-2016_all_data.pdf,8,2017-01-15
岡野公園（32m）,2017/02,-3.03,standard,2010-2016_all_data.pdf,8,2017-02-15
岡野公園（32m）,2017/03,-2.87,standard,2010-2016_all_data.pdf,8,2017-03-15
岡野公園（32m）,2017/04,-2.88,standard,2017_all_kansokukekka_ichiran_R.pdf,24,2017-04-15
岡野公園（32m）,2017/05,-2.73,standard,2017_all_kansokukekka_ichiran_R.pdf,24,2017-05-15
岡野公園（32m）,2017/09,-2.73,standard,2017_all_kansokukekka_ichiran_R.pdf,24,2017-09-15
岡野公園（32m）,2017/10,-2.65,standard,2017_all_kansokukekka_ichiran_R.pdf,24,2017-10-15
岡野公園（32m）,2017/12,-2.81,standard,2017_all_kansokukekka_ichiran_R.pdf,24,2017-12-15
岡野公園（32m）,2018/01,-3.04,standard,2017_all_kansokukekka_ichiran_R.pdf,24,2018-01-15
岡野公園（32m）,2018/02,-3.22,standard,2017_all_kansokukekka_ichiran_R.pdf,24,2018-02-15
岡野公園（32m）,2018/03,-3.15,standard,2017_all_kansokukekka_ichiran_R.pdf,24,2018-03-15
岡野公園（32m）,2018/04,-3.07,standard,2018_all_kansokukekka_ichiran_R.pdf,24,2018-04-15
岡野公園（32m）,2018/05,-2.4,standard,2018_all_kansokukekka_ichiran_R.pdf,24,2018-05-15
岡野公園（32m）,2018/07,-2.85,standard,2018_all_kansokukekka_ichiran_R.pdf,24,2018-07-15
岡野公園（32m）,2018/08,-2.86,standard,2018_all_kansokukekka_ichiran_R.pdf,24,2018-08-15
岡野公園（32m）,2018/09,-2.84,standard,2018_all_kansokukekka_ichiran_R.pdf,24,2018-09-15
岡野公園（32m）,2018/10,-3.55,standard,2018_all_kansokukekka_ichiran_R.pdf,24,2018-10-15
岡野公園（32m）,2018/11,-4.43,standard,2018_all_kansokukekka_ichiran_R.pdf,24,2018-11-15
岡野公園（32m）,2018/12,-4.68,standard,2018_all_kansokukekka_ichiran_R.pdf,24,2018-12-15
岡野公園（32m）,2019/01,-4.95,standard,2018_all_kansokukekka_ichiran_R.pdf,24,2019-01-15
岡野公園（32m）,2019/02,-5.17,standard,2018_all_kansokukekka_ichiran_R.pdf,24,2019-02-15
岡野公園（32m）,2019/03,-5.13,standard,2018_all_kansokukekka_ichiran_R.pdf,24,2019-03-15
岡野公園（32m）,2019/04,-5.13,standard,2019_all_kansokukekka_ichiran_R.pdf,24,2019-04-15
岡野公園（32m）,2019/05,-5.11,standard,2019_all_kansokukekka_ichiran_R.pdf,24,2019-05-15
岡野公園（32m）,2019/06,-4.97,standard,2019_all_kansokukekka_ichiran_R.pdf,24,2019-06-15
岡野公園（32m）,2019/07,-4.82,standard,2019_all_kansokukekka_ichiran_R.pdf,24,2019-07-15
岡野公園（32m）,2019/08,-4.78,standard,2019_all_kansokukekka_ichiran_R.pdf,24,2019-08-15
岡野公園（32m）,2019/09,-4.1,standard,2019_all_kansokukekka_ichiran_R.pdf,24,2019-09-15
岡野公園（32m）,2019/10,-2.81,standard,2019_all_kansokukekka_ichiran_R.pdf,24,2019-10-15
岡野公園（32m）,2019/11,-2.83,standard,2019_all_kansokukekka_ichiran_R.pdf,24,2019-11-15
岡野公園（32m）,2019/12,-2.73,standard,2019_all_kansokukekka_ichiran_R.pdf,24,2019-12-15
岡野公園（32m）,2020/01,-2.74,standard,2019_all_kansokukekka_ichiran_R.pdf,24,2020-01-15
岡野公園（32m）,2020/02,-3.4,standard,2019_all_kansokukekka_ichiran_R.pdf,24,2020-02-15
岡野公園（32m）,2020/03,-3.64,standard,2019_all_kansokukekka_ichiran_R.pdf,24,2020-03-15
岡野公園（32m）,2020/07,-3.02,standard,2020_all_kansokukekka_ichiran_R.pdf,24,2020-07-15
岡野公園（32m）,2020/09,-2.84,standard,2020_all_kansokukekka_ichiran_R.pdf,24,2020-09-15
岡野公園（32m）,2020/10,-2.8,standard,2020_all_kansokukekka_ichiran_R.pdf,24,2020-10-15
岡野公園（32m）,2020/11,-2.85,standard,2020_all_kansokukekka_ichiran_R.pdf,24,2020-11-15
岡野公園（32m）,2020/12,-2.95,standard,2020_all_kansokukekka_ichiran_R.pdf,24,2020-12-15
岡野公園（32m）,2021/03,-3.21,standard,2020_all_kansokukekka_ichiran_R.pdf,24,2021-03-15
岡野公園（32m）,2021/04,-3.0,standard,2021_all_kansokukekka_ichiran_R.pdf,24,2021-04-15
岡野公園（32m）,2021/05,-2.92,standard,2021_all_kansokukekka_ichiran_R.pdf,24,2021-05-15
岡野公園（32m）,2021/06,-2.87,standard,2021_all_kansokukekka_ichiran_R.pdf,24,2021-06-15
岡野公園（32m）,2021/07,-2.81,standard,2021_all_kansokukekka_ichiran_R.pdf,24,2021-07-15
岡野公園（32m）,2021/08,-2.36,standard,2021_all_kansokukekka_ichiran_R.pdf,24,2021-08-15
岡野公園（32m）,2021/09,-2.35,standard,2021_all_kansokukekka_ichiran_R.pdf,24,2021-09-15
岡野公園（32m）,2021/11,-2.86,standard,2021_all_kansokukekka_ichiran_R.pdf,24,2021-11-15
岡野公園（32m）,2021/12,-2.91,standard,2021_all_kansokukekka_ichiran_R.pdf,24,2021-12-15
岡野公園（32m）,2022/01,-3.11,standard,2021_all_kansokukekka_ichiran_R.pdf,24,2022-01-15
岡野公園（32m）,2022/02,-3.29,standard,2021_all_kansokukekka_ichiran_R.pdf,24,2022-02-15
岡野公園（32m）,2022/03,-3.85,standard,2021_all_kansokukekka_ichiran_R.pdf,24,2022-03-15
岡野公園（32m）,2022/04,-3.18,standard,2022_all_kansokukekka_ichiran_R.pdf,24,2022-04-15
岡野公園（32m）,2022/05,-2.88,standard,2022_all_kansokukekka_ichiran_R.pdf,24,2022-05-15
岡野公園（32m）,2022/06,-2.6,standard,2022_all_kansokukekka_ichiran_R.pdf,24,2022-06-15
岡野公園（32m）,2022/07,-3.02,standard,2022_all_kansokukekka_ichiran_R.pdf,24,2022-07-15
岡野公園（32m）,2022/08,-2.77,standard,2022_all_kansokukekka_ichiran_R.pdf,24,2022-08-15
岡野公園（32m）,2022/09,-3.06,standard,2022_all_kansokukekka_ichiran_R.pdf,24,2022-09-15
岡野公園（32m）,2022/10,-2.17,standard,2022_all_kansokukekka_ichiran_R.pdf,24,2022-10-15
岡野公園（32m）,2022/11,-2.26,standard,2022_all_kansokukekka_ichiran_R.pdf,24,2022-11-15
岡野公園（32m）,2022/12,-2.33,standard,2022_all_kansokukekka_ichiran_R.pdf,24,2022-12-15
岡野公園（32m）,2023/01,-2.76,standard,2022_all_kansokukekka_ichiran_R.pdf,24,2023-01-15
岡野公園（32m）,2023/02,-3.05,standard,2022_all_kansokukekka_ichiran_R.pdf,24,2023-02-15
岡野公園（32m）,2023/03,-3.07,standard,2022_all_kansokukekka_ichiran_R.pdf,24,2023-03-15
岡野公園（32m）,2023/04,-3.01,standard,2023_all_kansokukekka_ichiran.pdf,24,2023-04-15
岡野公園（32m）,2023/05,-2.89,standard,2023_all_kansokukekka_ichiran.pdf,24,2023-05-15
岡野公園（32m）,2023/06,-2.74,standard,2023_all_kansokukekka_ichiran.pdf,24,2023-06-15
岡野公園（32m）,2023/07,-2.84,standard,2023_all_kansokukekka_ichiran.pdf,24,2023-07-15
岡野公園（32m）,2023/08,-2.91,standard,2023_all_kansokukekka_ichiran.pdf,24,2023-08-15
岡野公園（32m）,2023/09,-2.86,standard,2023_all_kansokukekka_ichiran.pdf,24,2023-09-15
岡野公園（32m）,2023/10,-2.79,standard,2023_all_kansokukekka_ichiran.pdf,24,2023-10-15
岡野公園（32m）,2023/11,-3.18,standard,2023_all_kansokukekka_ichiran.pdf,24,2023-11-15
岡野公園（32m）,2023/12,-3.4,standard,2023_all_kansokukekka_ichiran.pdf,24,2023-12-15
岡野公園（32m）,2024/01,-4.23,standard,2023_all_kansokukekka_ichiran.pdf,24,2024-01-15
岡野公園（32m）,2024/02,-3.21,standard,2023_all_kansokukekka_ichiran.pdf,24,2024-02-15
岡野公園（32m）,2024/03,-3.02,standard,2023_all_kansokukekka_ichiran.pdf,24,2024-03-15
岡野公園（32m）,2024/04,-3.24,standard,2024_all_kansokukekka_ichiran.pdf,24,2024-04-15
岡野公園（32m）,2024/05,-4.07,standard,2024_all_kansokukekka_ichiran.pdf,24,2024-05-15
岡野公園（32m）,2024/06,-5.0,standard,2024_all_kansokukekka_ichiran.pdf,24,2024-06-15
岡野公園（32m）,2024/07,-7.12,standard,2024_all_kansokukekka_ichiran.pdf,24,2024-07-15
岡野公園（32m）,2024/08,-7.87,standard,2024_all_kansokukekka_ichiran.pdf,24,2024-08-15
岡野公園（32m）,2024/09,-8.01,standard,2024_all_kansokukekka_ichiran.pdf,24,2024-09-15
岡野公園（32m）,2024/10,-7.03,standard,2024_all_kansokukekka_ichiran.pdf,24,2024-10-15
岡野公園（32m）,2024/11,-6.28,standard,2024_all_kansokukekka_ichiran.pdf,24,2024-11-15
岡野公園（32m）,2024/12,-5.88,standard,2024_all_kansokukekka_ichiran.pdf,24,2024-12-15
岡野公園（32m）,2025/01,-4.63,standard,2024_all_kansokukekka_ichiran.pdf,24,2025-01-15
岡野公園（32m）,2025/02,-4.14,standard,2024_all_kansokukekka_ichiran.pdf,24,2025-02-15
岡野公園（32m）,2025/03,-3.74,standard,2024_all_kansokukekka_ichiran.pdf,24,2025-03-15
岡野公園（32m）,2025/04,-3.29,standard,2025_all_data.pdf,1,2025-04-15
岡野公園（32m）,2025/05,-3.22,standard,2025_all_data.pdf,1,2025-05-15
岡野公園（32m）,2025/06,-3.09,standard,2025_all_data.pdf,1,2025-06-15
岡野公園（32m）,2025/07,-3.03,standard,2025_all_data.pdf,1,2025-07-15
岡野公園（32m）,2025/08,-2.97,standard,2025_all_data.pdf,1,2025-08-15
岡野公園（32m）,2025/09,-2.9,standard,2025_all_data.pdf,1,2025-09-15
岡野公園（32m）,2025/10,-2.9,standard,2025_all_data.pdf,1,2025-10-15
岡野公園（32m）,2025/11,-2.79,standard,2025_all_data.pdf,1,2025-11-15
岡野公園（32m）,2025/12,-3.09,standard,2025_all_data.pdf,1,2025-12-15
岡野公園（32m）,2026/01,-3.13,standard,2025_all_data.pdf,1,2026-01-15
岡野公園（32m）,2026/02,-3.29,standard,2025_all_data.pdf,1,2026-02-15
岡野公園（32m）,2026/03,-3.24,standard,2025_all_data.pdf,1,2026-03-15
市場小学校（66m）,2010/04,-0.38,standard,2010-2016_all_data.pdf,2,2010-04-15
市場小学校（66m）,2010/06,-0.28,standard,2010-2016_all_data.pdf,2,2010-06-15
市場小学校（66m）,2010/09,-0.37,standard,2010-2016_all_data.pdf,2,2010-09-15
市場小学校（66m）,2010/12,-0.28,standard,2010-2016_all_data.pdf,2,2010-12-15
市場小学校（66m）,2011/03,-0.12,standard,2010-2016_all_data.pdf,2,2011-03-15
市場小学校（66m）,2011/09,0.14,standard,2010-2016_all_data.pdf,3,2011-09-15
市場小学校（66m）,2011/12,0.03,standard,2010-2016_all_data.pdf,3,2011-12-15
市場小学校（66m）,2012/03,-0.02,standard,2010-2016_all_data.pdf,3,2012-03-15
市場小学校（66m）,2012/04,0.03,standard,2010-2016_all_data.pdf,4,2012-04-15
市場小学校（66m）,2012/05,0.06,standard,2010-2016_all_data.pdf,4,2012-05-15
市場小学校（66m）,2012/06,0.09,standard,2010-2016_all_data.pdf,4,2012-06-15
市場小学校（66m）,2012/07,0.01,standard,2010-2016_all_data.pdf,4,2012-07-15
市場小学校（66m）,2012/08,0.05,standard,2010-2016_all_data.pdf,4,2012-08-15
市場小学校（66m）,2012/09,-0.03,standard,2010-2016_all_data.pdf,4,2012-09-15
市場小学校（66m）,2012/10,0.03,standard,2010-2016_all_data.pdf,4,2012-10-15
市場小学校（66m）,2012/11,0.05,standard,2010-2016_all_data.pdf,4,2012-11-15
市場小学校（66m）,2012/12,0.02,standard,2010-2016_all_data.pdf,4,2012-12-15
市場小学校（66m）,2013/01,0.0,standard,2010-2016_all_data.pdf,4,2013-01-15
市場小学校（66m）,2013/02,-0.12,standard,2010-2016_all_data.pdf,4,2013-02-15
市場小学校（66m）,2013/04,-0.15,standard,2010-2016_all_data.pdf,5,2013-04-15
市場小学校（66m）,2013/05,-1.81,standard,2010-2016_all_data.pdf,5,2013-05-15
市場小学校（66m）,2013/07,-2.87,standard,2010-2016_all_data.pdf,5,2013-07-15
市場小学校（66m）,2013/08,-2.4,standard,2010-2016_all_data.pdf,5,2013-08-15
市場小学校（66m）,2013/09,-0.94,standard,2010-2016_all_data.pdf,5,2013-09-15
市場小学校（66m）,2013/10,-0.43,standard,2010-2016_all_data.pdf,5,2013-10-15
市場小学校（66m）,2013/12,-0.33,standard,2010-2016_all_data.pdf,5,2013-12-15
市場小学校（66m）,2014/01,-0.31,standard,2010-2016_all_data.pdf,5,2014-01-15
市場小学校（66m）,2014/03,-0.22,standard,2010-2016_all_data.pdf,5,2014-03-15
市場小学校（66m）,2014/04,-0.22,standard,2010-2016_all_data.pdf,6,2014-04-15
市場小学校（66m）,2014/05,-0.22,standard,2010-2016_all_data.pdf,6,2014-05-15
市場小学校（66m）,2014/06,-0.58,standard,2010-2016_all_data.pdf,6,2014-06-15
市場小学校（66m）,2014/07,-3.19,standard,2010-2016_all_data.pdf,6,2014-07-15
市場小学校（66m）,2014/08,-3.68,standard,2010-2016_all_data.pdf,6,2014-08-15
市場小学校（66m）,2014/09,-3.86,standard,2010-2016_all_data.pdf,6,2014-09-15
市場小学校（66m）,2014/10,-3.91,standard,2010-2016_all_data.pdf,6,2014-10-15
市場小学校（66m）,2014/11,-2.76,standard,2010-2016_all_data.pdf,6,2014-11-15
市場小学校（66m）,2014/12,-1.05,standard,2010-2016_all_data.pdf,6,2014-12-15
市場小学校（66m）,2015/03,-0.31,standard,2010-2016_all_data.pdf,6,2015-03-15
市場小学校（66m）,2015/04,-0.27,standard,2010-2016_all_data.pdf,7,2015-04-15
市場小学校（66m）,2015/05,-0.27,standard,2010-2016_all_data.pdf,7,2015-05-15
市場小学校（66m）,2015/06,-0.12,standard,2010-2016_all_data.pdf,7,2015-06-15
市場小学校（66m）,2015/07,-0.05,standard,2010-2016_all_data.pdf,7,2015-07-15
市場小学校（66m）,2015/08,-0.06,standard,2010-2016_all_data.pdf,7,2015-08-15
市場小学校（66m）,2015/09,-0.01,standard,2010-2016_all_data.pdf,7,2015-09-15
市場小学校（66m）,2015/10,-0.08,standard,2010-2016_all_data.pdf,7,2015-10-15
市場小学校（66m）,2015/12,0.01,standard,2010-2016_all_data.pdf,7,2015-12-15
市場小学校（66m）,2016/01,-0.08,standard,2010-2016_all_data.pdf,7,2016-01-15
市場小学校（66m）,2016/02,-0.09,standard,2010-2016_all_data.pdf,7,2016-02-15
市場小学校（66m）,2016/03,-0.08,standard,2010-2016_all_data.pdf,7,2016-03-15
市場小学校（66m）,2016/04,-0.12,standard,2010-2016_all_data.pdf,8,2016-04-15
市場小学校（66m）,2016/05,-0.06,standard,2010-2016_all_data.pdf,8,2016-05-15
市場小学校（66m）,2016/06,-0.01,standard,2010-2016_all_data.pdf,8,2016-06-15
市場小学校（66m）,2016/08,0.06,standard,2010-2016_all_data.pdf,8,2016-08-15
市場小学校（66m）,2016/09,0.02,standard,2010-2016_all_data.pdf,8,2016-09-15
市場小学校（66m）,2016/10,-0.01,standard,2010-2016_all_data.pdf,8,2016-10-15
市場小学校（66m）,2016/11,0.04,standard,2010-2016_all_data.pdf,8,2016-11-15
市場小学校（66m）,2016/12,0.02,standard,2010-2016_all_data.pdf,8,2016-12-15
市場小学校（66m）,2017/01,-0.04,standard,2010-2016_all_data.pdf,8,2017-01-15
市場小学校（66m）,2017/02,-0.1,standard,2010-2016_all_data.pdf,8,2017-02-15
市場小学校（66m）,2017/03,-0.12,standard,2010-2016_all_data.pdf,8,2017-03-15
市場小学校（66m）,2017/04,-0.17,standard,2017_all_kansokukekka_ichiran_R.pdf,24,2017-04-15
市場小学校（66m）,2017/05,-0.18,standard,2017_all_kansokukekka_ichiran_R.pdf,24,2017-05-15
市場小学校（66m）,2017/06,-0.19,standard,2017_all_kansokukekka_ichiran_R.pdf,24,2017-06-15
市場小学校（66m）,2017/10,-0.26,standard,2017_all_kansokukekka_ichiran_R.pdf,24,2017-10-15
市場小学校（66m）,2017/11,-0.11,standard,2017_all_kansokukekka_ichiran_R.pdf,24,2017-11-15
市場小学校（66m）,2018/01,-0.15,standard,2017_all_kansokukekka_ichiran_R.pdf,24,2018-01-15
市場小学校（66m）,2018/03,-0.45,standard,2017_all_kansokukekka_ichiran_R.pdf,24,2018-03-15
市場小学校（66m）,2018/04,-0.4,standard,2018_all_kansokukekka_ichiran_R.pdf,24,2018-04-15
市場小学校（66m）,2018/05,-0.37,standard,2018_all_kansokukekka_ichiran_R.pdf,24,2018-05-15
市場小学校（66m）,2018/06,-0.93,standard,2018_all_kansokukekka_ichiran_R.pdf,24,2018-06-15
市場小学校（66m）,2018/07,-1.16,standard,2018_all_kansokukekka_ichiran_R.pdf,24,2018-07-15
市場小学校（66m）,2018/08,-1.36,standard,2018_all_kansokukekka_ichiran_R.pdf,24,2018-08-15
市場小学校（66m）,2018/09,-1.37,standard,2018_all_kansokukekka_ichiran_R.pdf,24,2018-09-15
市場小学校（66m）,2018/10,-1.51,standard,2018_all_kansokukekka_ichiran_R.pdf,24,2018-10-15
市場小学校（66m）,2018/11,-1.63,standard,2018_all_kansokukekka_ichiran_R.pdf,24,2018-11-15
市場小学校（66m）,2018/12,-1.77,standard,2018_all_kansokukekka_ichiran_R.pdf,24,2018-12-15
市場小学校（66m）,2019/01,-2.4,standard,2018_all_kansokukekka_ichiran_R.pdf,24,2019-01-15
市場小学校（66m）,2019/02,-2.23,standard,2018_all_kansokukekka_ichiran_R.pdf,24,2019-02-15
市場小学校（66m）,2019/03,-2.13,standard,2018_all_kansokukekka_ichiran_R.pdf,24,2019-03-15
市場小学校（66m）,2019/04,-2.16,standard,2019_all_kansokukekka_ichiran_R.pdf,24,2019-04-15
市場小学校（66m）,2019/05,-1.77,standard,2019_all_kansokukekka_ichiran_R.pdf,24,2019-05-15
市場小学校（66m）,2019/07,-0.91,standard,2019_all_kansokukekka_ichiran_R.pdf,24,2019-07-15
市場小学校（66m）,2019/08,-0.57,standard,2019_all_kansokukekka_ichiran_R.pdf,24,2019-08-15
市場小学校（66m）,2019/09,-0.43,standard,2019_all_kansokukekka_ichiran_R.pdf,24,2019-09-15
市場小学校（66m）,2019/10,-0.63,standard,2019_all_kansokukekka_ichiran_R.pdf,24,2019-10-15
市場小学校（66m）,2019/11,-1.01,standard,2019_all_kansokukekka_ichiran_R.pdf,24,2019-11-15
市場小学校（66m）,2020/01,-1.34,standard,2019_all_kansokukekka_ichiran_R.pdf,24,2020-01-15
市場小学校（66m）,2020/02,-1.45,standard,2019_all_kansokukekka_ichiran_R.pdf,24,2020-02-15
市場小学校（66m）,2020/03,-1.45,standard,2019_all_kansokukekka_ichiran_R.pdf,24,2020-03-15
市場小学校（66m）,2020/08,-0.21,standard,2020_all_kansokukekka_ichiran_R.pdf,24,2020-08-15
市場小学校（66m）,2020/10,-0.15,standard,2020_all_kansokukekka_ichiran_R.pdf,24,2020-10-15
市場小学校（66m）,2020/11,-0.21,standard,2020_all_kansokukekka_ichiran_R.pdf,24,2020-11-15
市場小学校（66m）,2020/12,-0.23,standard,2020_all_kansokukekka_ichiran_R.pdf,24,2020-12-15
市場小学校（66m）,2021/03,-0.11,standard,2020_all_kansokukekka_ichiran_R.pdf,24,2021-03-15
市場小学校（66m）,2021/04,-0.12,standard,2021_all_kansokukekka_ichiran_R.pdf,24,2021-04-15
市場小学校（66m）,2021/05,-0.07,standard,2021_all_kansokukekka_ichiran_R.pdf,24,2021-05-15
市場小学校（66m）,2021/06,-0.06,standard,2021_all_kansokukekka_ichiran_R.pdf,24,2021-06-15
市場小学校（66m）,2021/07,-0.03,standard,2021_all_kansokukekka_ichiran_R.pdf,24,2021-07-15
市場小学校（66m）,2021/08,-0.04,standard,2021_all_kansokukekka_ichiran_R.pdf,24,2021-08-15
市場小学校（66m）,2021/09,-0.02,standard,2021_all_kansokukekka_ichiran_R.pdf,24,2021-09-15
市場小学校（66m）,2021/10,0.03,standard,2021_all_kansokukekka_ichiran_R.pdf,24,2021-10-15
市場小学校（66m）,2021/11,0.03,standard,2021_all_kansokukekka_ichiran_R.pdf,24,2021-11-15
市場小学校（66m）,2021/12,0.05,standard,2021_all_kansokukekka_ichiran_R.pdf,24,2021-12-15
市場小学校（66m）,2022/01,-0.03,standard,2021_all_kansokukekka_ichiran_R.pdf,24,2022-01-15
市場小学校（66m）,2022/02,-0.07,standard,2021_all_kansokukekka_ichiran_R.pdf,24,2022-02-15
市場小学校（66m）,2022/03,-0.06,standard,2021_all_kansokukekka_ichiran_R.pdf,24,2022-03-15
市場小学校（66m）,2022/04,0.02,standard,2022_all_kansokukekka_ichiran_R.pdf,24,2022-04-15
市場小学校（66m）,2022/05,0.08,standard,2022_all_kansokukekka_ichiran_R.pdf,24,2022-05-15
市場小学校（66m）,2022/06,0.02,standard,2022_all_kansokukekka_ichiran_R.pdf,24,2022-06-15
市場小学校（66m）,2022/07,0.04,standard,2022_all_kansokukekka_ichiran_R.pdf,24,2022-07-15
市場小学校（66m）,2022/08,0.05,standard,2022_all_kansokukekka_ichiran_R.pdf,24,2022-08-15
市場小学校（66m）,2022/09,0.07,standard,2022_all_kansokukekka_ichiran_R.pdf,24,2022-09-15
市場小学校（66m）,2022/10,0.07,standard,2022_all_kansokukekka_ichiran_R.pdf,24,2022-10-15
市場小学校（66m）,2022/11,0.03,standard,2022_all_kansokukekka_ichiran_R.pdf,24,2022-11-15
市場小学校（66m）,2022/12,0.07,standard,2022_all_kansokukekka_ichiran_R.pdf,24,2022-12-15
市場小学校（66m）,2023/01,-0.08,standard,2022_all_kansokukekka_ichiran_R.pdf,24,2023-01-15
市場小学校（66m）,2023/02,-0.18,standard,2022_all_kansokukekka_ichiran_R.pdf,24,2023-02-15
市場小学校（66m）,2023/03,-0.13,standard,2022_all_kansokukekka_ichiran_R.pdf,24,2023-03-15
市場小学校（66m）,2023/04,-0.06,standard,2023_all_kansokukekka_ichiran.pdf,24,2023-04-15
市場小学校（66m）,2023/05,-0.05,standard,2023_all_kansokukekka_ichiran.pdf,24,2023-05-15
市場小学校（66m）,2023/06,0.03,standard,2023_all_kansokukekka_ichiran.pdf,24,2023-06-15
市場小学校（66m）,2023/07,0.01,standard,2023_all_kansokukekka_ichiran.pdf,24,2023-07-15
市場小学校（66m）,2023/08,-0.04,standard,2023_all_kansokukekka_ichiran.pdf,24,2023-08-15
市場小学校（66m）,2023/09,-0.04,standard,2023_all_kansokukekka_ichiran.pdf,24,2023-09-15
市場小学校（66m）,2023/10,-0.01,standard,2023_all_kansokukekka_ichiran.pdf,24,2023-10-15
市場小学校（66m）,2023/11,0.02,standard,2023_all_kansokukekka_ichiran.pdf,24,2023-11-15
市場小学校（66m）,2024/01,0.02,standard,2023_all_kansokukekka_ichiran.pdf,24,2024-01-15
市場小学校（66m）,2024/02,-0.02,standard,2023_all_kansokukekka_ichiran.pdf,24,2024-02-15
市場小学校（66m）,2024/03,0.01,standard,2023_all_kansokukekka_ichiran.pdf,24,2024-03-15
市場小学校（66m）,2024/04,0.04,standard,2024_all_kansokukekka_ichiran.pdf,24,2024-04-15
市場小学校（66m）,2024/05,0.1,standard,2024_all_kansokukekka_ichiran.pdf,24,2024-05-15
市場小学校（66m）,2024/06,0.08,standard,2024_all_kansokukekka_ichiran.pdf,24,2024-06-15
市場小学校（66m）,2024/07,0.06,standard,2024_all_kansokukekka_ichiran.pdf,24,2024-07-15
市場小学校（66m）,2024/08,0.05,standard,2024_all_kansokukekka_ichiran.pdf,24,2024-08-15
市場小学校（66m）,2024/09,0.09,standard,2024_all_kansokukekka_ichiran.pdf,24,2024-09-15
市場小学校（66m）,2024/10,0.09,standard,2024_all_kansokukekka_ichiran.pdf,24,2024-10-15
市場小学校（66m）,2024/11,0.09,standard,2024_all_kansokukekka_ichiran.pdf,24,2024-11-15
市場小学校（66m）,2024/12,0.01,standard,2024_all_kansokukekka_ichiran.pdf,24,2024-12-15
市場小学校（66m）,2025/01,-0.07,standard,2024_all_kansokukekka_ichiran.pdf,24,2025-01-15
市場小学校（66m）,2025/02,-0.11,standard,2024_all_kansokukekka_ichiran.pdf,24,2025-02-15
市場小学校（66m）,2025/03,-0.02,standard,2024_all_kansokukekka_ichiran.pdf,24,2025-03-15
市場小学校（66m）,2025/04,0.04,standard,2025_all_data.pdf,1,2025-04-15
市場小学校（66m）,2025/05,0.05,standard,2025_all_data.pdf,1,2025-05-15
市場小学校（66m）,2025/06,0.0,standard,2025_all_data.pdf,1,2025-06-15
市場小学校（66m）,2025/07,0.01,standard,2025_all_data.pdf,1,2025-07-15
市場小学校（66m）,2025/08,-0.01,standard,2025_all_data.pdf,1,2025-08-15
市場小学校（66m）,2025/09,0.01,standard,2025_all_data.pdf,1,2025-09-15
市場小学校（66m）,2025/10,-0.05,standard,2025_all_data.pdf,1,2025-10-15
市場小学校（66m）,2025/11,-0.04,standard,2025_all_data.pdf,1,2025-11-15
市場小学校（66m）,2025/12,0.02,standard,2025_all_data.pdf,1,2025-12-15
市場小学校（66m）,2026/01,-0.07,standard,2025_all_data.pdf,1,2026-01-15
市場小学校（66m）,2026/02,-0.12,standard,2025_all_data.pdf,1,2026-02-15
市場小学校（66m）,2026/03,-0.09,standard,2025_all_data.pdf,1,2026-03-15
戸塚区秋葉町（150ｍ）,2010/07,14.87,standard,2010-2016_all_data.pdf,2,2010-07-15
戸塚区秋葉町（150ｍ）,2010/09,14.86,standard,2010-2016_all_data.pdf,2,2010-09-15
戸塚区秋葉町（150ｍ）,2010/12,15.08,standard,2010-2016_all_data.pdf,2,2010-12-15
戸塚区秋葉町（150ｍ）,2011/03,15.17,standard,2010-2016_all_data.pdf,2,2011-03-15
戸塚区秋葉町（150ｍ）,2011/04,15.27,standard,2010-2016_all_data.pdf,3,2011-04-15
戸塚区秋葉町（150ｍ）,2011/09,15.4,standard,2010-2016_all_data.pdf,3,2011-09-15
戸塚区秋葉町（150ｍ）,2011/12,15.55,standard,2010-2016_all_data.pdf,3,2011-12-15
戸塚区秋葉町（150ｍ）,2012/03,15.92,standard,2010-2016_all_data.pdf,3,2012-03-15
戸塚区秋葉町（150ｍ）,2012/04,16.01,standard,2010-2016_all_data.pdf,4,2012-04-15
戸塚区秋葉町（150ｍ）,2012/05,16.16,standard,2010-2016_all_data.pdf,4,2012-05-15
戸塚区秋葉町（150ｍ）,2012/06,16.24,standard,2010-2016_all_data.pdf,4,2012-06-15
戸塚区秋葉町（150ｍ）,2012/07,16.38,standard,2010-2016_all_data.pdf,4,2012-07-15
戸塚区秋葉町（150ｍ）,2012/08,16.36,standard,2010-2016_all_data.pdf,4,2012-08-15
戸塚区秋葉町（150ｍ）,2012/09,16.38,standard,2010-2016_all_data.pdf,4,2012-09-15
戸塚区秋葉町（150ｍ）,2012/10,16.41,standard,2010-2016_all_data.pdf,4,2012-10-15
戸塚区秋葉町（150ｍ）,2012/11,16.54,standard,2010-2016_all_data.pdf,4,2012-11-15
戸塚区秋葉町（150ｍ）,2012/12,16.57,standard,2010-2016_all_data.pdf,4,2012-12-15
戸塚区秋葉町（150ｍ）,2013/01,16.61,standard,2010-2016_all_data.pdf,4,2013-01-15
戸塚区秋葉町（150ｍ）,2013/02,16.64,standard,2010-2016_all_data.pdf,4,2013-02-15
戸塚区秋葉町（150ｍ）,2013/03,16.64,standard,2010-2016_all_data.pdf,4,2013-03-15
戸塚区秋葉町（150ｍ）,2013/05,16.71,standard,2010-2016_all_data.pdf,5,2013-05-15
戸塚区秋葉町（150ｍ）,2013/06,16.79,standard,2010-2016_all_data.pdf,5,2013-06-15
戸塚区秋葉町（150ｍ）,2013/07,16.8,standard,2010-2016_all_data.pdf,5,2013-07-15
戸塚区秋葉町（150ｍ）,2013/08,16.77,standard,2010-2016_all_data.pdf,5,2013-08-15
戸塚区秋葉町（150ｍ）,2013/09,16.77,standard,2010-2016_all_data.pdf,5,2013-09-15
戸塚区秋葉町（150ｍ）,2013/10,16.85,standard,2010-2016_all_data.pdf,5,2013-10-15
戸塚区秋葉町（150ｍ）,2013/11,16.92,standard,2010-2016_all_data.pdf,5,2013-11-15
戸塚区秋葉町（150ｍ）,2013/12,16.91,standard,2010-2016_all_data.pdf,5,2013-12-15
戸塚区秋葉町（150ｍ）,2014/02,16.91,standard,2010-2016_all_data.pdf,5,2014-02-15
戸塚区秋葉町（150ｍ）,2014/03,16.94,standard,2010-2016_all_data.pdf,5,2014-03-15
戸塚区秋葉町（150ｍ）,2014/04,16.95,standard,2010-2016_all_data.pdf,6,2014-04-15
戸塚区秋葉町（150ｍ）,2014/05,16.96,standard,2010-2016_all_data.pdf,6,2014-05-15
戸塚区秋葉町（150ｍ）,2014/06,17.05,standard,2010-2016_all_data.pdf,6,2014-06-15
戸塚区秋葉町（150ｍ）,2014/07,17.01,standard,2010-2016_all_data.pdf,6,2014-07-15
戸塚区秋葉町（150ｍ）,2014/08,16.99,standard,2010-2016_all_data.pdf,6,2014-08-15
戸塚区秋葉町（150ｍ）,2014/09,16.96,standard,2010-2016_all_data.pdf,6,2014-09-15
戸塚区秋葉町（150ｍ）,2014/11,17.0,standard,2010-2016_all_data.pdf,6,2014-11-15
戸塚区秋葉町（150ｍ）,2014/12,17.01,standard,2010-2016_all_data.pdf,6,2014-12-15
戸塚区秋葉町（150ｍ）,2015/01,17.0,standard,2010-2016_all_data.pdf,6,2015-01-15
戸塚区秋葉町（150ｍ）,2015/02,17.01,standard,2010-2016_all_data.pdf,6,2015-02-15
戸塚区秋葉町（150ｍ）,2015/03,16.97,standard,2010-2016_all_data.pdf,6,2015-03-15
戸塚区秋葉町（150ｍ）,2015/04,17.0,standard,2010-2016_all_data.pdf,7,2015-04-15
戸塚区秋葉町（150ｍ）,2015/05,17.03,standard,2010-2016_all_data.pdf,7,2015-05-15
戸塚区秋葉町（150ｍ）,2015/06,17.13,standard,2010-2016_all_data.pdf,7,2015-06-15
戸塚区秋葉町（150ｍ）,2015/07,17.17,standard,2010-2016_all_data.pdf,7,2015-07-15
戸塚区秋葉町（150ｍ）,2015/08,17.12,standard,2010-2016_all_data.pdf,7,2015-08-15
戸塚区秋葉町（150ｍ）,2015/09,17.12,standard,2010-2016_all_data.pdf,7,2015-09-15
戸塚区秋葉町（150ｍ）,2015/10,17.14,standard,2010-2016_all_data.pdf,7,2015-10-15
戸塚区秋葉町（150ｍ）,2015/11,17.11,standard,2010-2016_all_data.pdf,7,2015-11-15
戸塚区秋葉町（150ｍ）,2015/12,17.09,standard,2010-2016_all_data.pdf,7,2015-12-15
戸塚区秋葉町（150ｍ）,2016/01,17.08,standard,2010-2016_all_data.pdf,7,2016-01-15
戸塚区秋葉町（150ｍ）,2016/02,17.03,standard,2010-2016_all_data.pdf,7,2016-02-15
戸塚区秋葉町（150ｍ）,2016/03,17.03,standard,2010-2016_all_data.pdf,7,2016-03-15
戸塚区秋葉町（150ｍ）,2016/04,17.04,standard,2010-2016_all_data.pdf,8,2016-04-15
戸塚区秋葉町（150ｍ）,2016/06,17.03,standard,2010-2016_all_data.pdf,8,2016-06-15
戸塚区秋葉町（150ｍ）,2016/07,17.08,standard,2010-2016_all_data.pdf,8,2016-07-15
戸塚区秋葉町（150ｍ）,2016/08,17.11,standard,2010-2016_all_data.pdf,8,2016-08-15
戸塚区秋葉町（150ｍ）,2016/09,17.12,standard,2010-2016_all_data.pdf,8,2016-09-15
戸塚区秋葉町（150ｍ）,2016/10,17.08,standard,2010-2016_all_data.pdf,8,2016-10-15
戸塚区秋葉町（150ｍ）,2016/11,17.14,standard,2010-2016_all_data.pdf,8,2016-11-15
戸塚区秋葉町（150ｍ）,2016/12,17.21,standard,2010-2016_all_data.pdf,8,2016-12-15
戸塚区秋葉町（150ｍ）,2017/01,17.19,standard,2010-2016_all_data.pdf,8,2017-01-15
戸塚区秋葉町（150ｍ）,2017/02,17.16,standard,2010-2016_all_data.pdf,8,2017-02-15
戸塚区秋葉町（150ｍ）,2017/03,17.18,standard,2010-2016_all_data.pdf,8,2017-03-15
戸塚区秋葉町（150ｍ）,2017/04,17.13,standard,2017_all_kansokukekka_ichiran_R.pdf,24,2017-04-15
戸塚区秋葉町（150ｍ）,2017/05,17.18,standard,2017_all_kansokukekka_ichiran_R.pdf,24,2017-05-15
戸塚区秋葉町（150ｍ）,2017/06,17.16,standard,2017_all_kansokukekka_ichiran_R.pdf,24,2017-06-15
戸塚区秋葉町（150ｍ）,2017/09,17.12,standard,2017_all_kansokukekka_ichiran_R.pdf,24,2017-09-15
戸塚区秋葉町（150ｍ）,2017/10,17.16,standard,2017_all_kansokukekka_ichiran_R.pdf,24,2017-10-15
戸塚区秋葉町（150ｍ）,2017/12,17.17,standard,2017_all_kansokukekka_ichiran_R.pdf,24,2017-12-15
戸塚区秋葉町（150ｍ）,2018/01,17.19,standard,2017_all_kansokukekka_ichiran_R.pdf,24,2018-01-15
戸塚区秋葉町（150ｍ）,2018/02,17.13,standard,2017_all_kansokukekka_ichiran_R.pdf,24,2018-02-15
戸塚区秋葉町（150ｍ）,2018/03,17.21,standard,2017_all_kansokukekka_ichiran_R.pdf,24,2018-03-15
戸塚区秋葉町（150ｍ）,2018/04,17.14,standard,2018_all_kansokukekka_ichiran_R.pdf,24,2018-04-15
戸塚区秋葉町（150ｍ）,2018/05,17.15,standard,2018_all_kansokukekka_ichiran_R.pdf,24,2018-05-15
戸塚区秋葉町（150ｍ）,2018/07,17.15,standard,2018_all_kansokukekka_ichiran_R.pdf,24,2018-07-15
戸塚区秋葉町（150ｍ）,2018/08,17.09,standard,2018_all_kansokukekka_ichiran_R.pdf,24,2018-08-15
戸塚区秋葉町（150ｍ）,2018/09,17.09,standard,2018_all_kansokukekka_ichiran_R.pdf,24,2018-09-15
戸塚区秋葉町（150ｍ）,2018/10,17.14,standard,2018_all_kansokukekka_ichiran_R.pdf,24,2018-10-15
戸塚区秋葉町（150ｍ）,2018/11,17.14,standard,2018_all_kansokukekka_ichiran_R.pdf,24,2018-11-15
戸塚区秋葉町（150ｍ）,2018/12,17.11,standard,2018_all_kansokukekka_ichiran_R.pdf,24,2018-12-15
戸塚区秋葉町（150ｍ）,2019/01,17.07,standard,2018_all_kansokukekka_ichiran_R.pdf,24,2019-01-15
戸塚区秋葉町（150ｍ）,2019/02,17.01,standard,2018_all_kansokukekka_ichiran_R.pdf,24,2019-02-15
戸塚区秋葉町（150ｍ）,2019/03,17.06,standard,2018_all_kansokukekka_ichiran_R.pdf,24,2019-03-15
戸塚区秋葉町（150ｍ）,2019/04,17.03,standard,2019_all_kansokukekka_ichiran_R.pdf,24,2019-04-15
戸塚区秋葉町（150ｍ）,2019/05,16.99,standard,2019_all_kansokukekka_ichiran_R.pdf,24,2019-05-15
戸塚区秋葉町（150ｍ）,2019/06,16.99,standard,2019_all_kansokukekka_ichiran_R.pdf,24,2019-06-15
戸塚区秋葉町（150ｍ）,2019/07,17.04,standard,2019_all_kansokukekka_ichiran_R.pdf,24,2019-07-15
戸塚区秋葉町（150ｍ）,2019/08,17.0,standard,2019_all_kansokukekka_ichiran_R.pdf,24,2019-08-15
戸塚区秋葉町（150ｍ）,2019/09,17.04,standard,2019_all_kansokukekka_ichiran_R.pdf,24,2019-09-15
戸塚区秋葉町（150ｍ）,2019/10,17.07,standard,2019_all_kansokukekka_ichiran_R.pdf,24,2019-10-15
戸塚区秋葉町（150ｍ）,2019/11,17.07,standard,2019_all_kansokukekka_ichiran_R.pdf,24,2019-11-15
戸塚区秋葉町（150ｍ）,2019/12,17.04,standard,2019_all_kansokukekka_ichiran_R.pdf,24,2019-12-15
戸塚区秋葉町（150ｍ）,2020/01,16.95,standard,2019_all_kansokukekka_ichiran_R.pdf,24,2020-01-15
戸塚区秋葉町（150ｍ）,2020/02,16.93,standard,2019_all_kansokukekka_ichiran_R.pdf,24,2020-02-15
戸塚区秋葉町（150ｍ）,2020/03,16.87,standard,2019_all_kansokukekka_ichiran_R.pdf,24,2020-03-15
戸塚区秋葉町（150ｍ）,2020/07,16.91,standard,2020_all_kansokukekka_ichiran_R.pdf,24,2020-07-15
戸塚区秋葉町（150ｍ）,2020/10,16.77,standard,2020_all_kansokukekka_ichiran_R.pdf,24,2020-10-15
戸塚区秋葉町（150ｍ）,2020/11,16.72,standard,2020_all_kansokukekka_ichiran_R.pdf,24,2020-11-15
戸塚区秋葉町（150ｍ）,2020/12,16.68,standard,2020_all_kansokukekka_ichiran_R.pdf,24,2020-12-15
戸塚区秋葉町（150ｍ）,2021/03,16.59,standard,2020_all_kansokukekka_ichiran_R.pdf,24,2021-03-15
戸塚区秋葉町（150ｍ）,2021/04,16.62,standard,2021_all_kansokukekka_ichiran_R.pdf,24,2021-04-15
戸塚区秋葉町（150ｍ）,2021/05,16.62,standard,2021_all_kansokukekka_ichiran_R.pdf,24,2021-05-15
戸塚区秋葉町（150ｍ）,2021/06,16.61,standard,2021_all_kansokukekka_ichiran_R.pdf,24,2021-06-15
戸塚区秋葉町（150ｍ）,2021/07,16.63,standard,2021_all_kansokukekka_ichiran_R.pdf,24,2021-07-15
戸塚区秋葉町（150ｍ）,2021/08,16.63,standard,2021_all_kansokukekka_ichiran_R.pdf,24,2021-08-15
戸塚区秋葉町（150ｍ）,2021/09,16.65,standard,2021_all_kansokukekka_ichiran_R.pdf,24,2021-09-15
戸塚区秋葉町（150ｍ）,2021/11,16.65,standard,2021_all_kansokukekka_ichiran_R.pdf,24,2021-11-15
戸塚区秋葉町（150ｍ）,2021/12,16.63,standard,2021_all_kansokukekka_ichiran_R.pdf,24,2021-12-15
戸塚区秋葉町（150ｍ）,2022/01,16.61,standard,2021_all_kansokukekka_ichiran_R.pdf,24,2022-01-15
戸塚区秋葉町（150ｍ）,2022/02,16.59,standard,2021_all_kansokukekka_ichiran_R.pdf,24,2022-02-15
戸塚区秋葉町（150ｍ）,2022/03,16.55,standard,2021_all_kansokukekka_ichiran_R.pdf,24,2022-03-15
戸塚区秋葉町（150ｍ）,2022/04,16.55,standard,2022_all_kansokukekka_ichiran_R.pdf,24,2022-04-15
戸塚区秋葉町（150ｍ）,2022/05,16.66,standard,2022_all_kansokukekka_ichiran_R.pdf,24,2022-05-15
戸塚区秋葉町（150ｍ）,2022/06,16.59,standard,2022_all_kansokukekka_ichiran_R.pdf,24,2022-06-15
戸塚区秋葉町（150ｍ）,2022/07,16.56,standard,2022_all_kansokukekka_ichiran_R.pdf,24,2022-07-15
戸塚区秋葉町（150ｍ）,2022/08,16.56,standard,2022_all_kansokukekka_ichiran_R.pdf,24,2022-08-15
戸塚区秋葉町（150ｍ）,2022/09,16.55,standard,2022_all_kansokukekka_ichiran_R.pdf,24,2022-09-15
戸塚区秋葉町（150ｍ）,2022/10,16.57,standard,2022_all_kansokukekka_ichiran_R.pdf,24,2022-10-15
戸塚区秋葉町（150ｍ）,2022/11,16.58,standard,2022_all_kansokukekka_ichiran_R.pdf,24,2022-11-15
戸塚区秋葉町（150ｍ）,2022/12,16.61,standard,2022_all_kansokukekka_ichiran_R.pdf,24,2022-12-15
戸塚区秋葉町（150ｍ）,2023/01,16.59,standard,2022_all_kansokukekka_ichiran_R.pdf,24,2023-01-15
戸塚区秋葉町（150ｍ）,2023/02,16.53,standard,2022_all_kansokukekka_ichiran_R.pdf,24,2023-02-15
戸塚区秋葉町（150ｍ）,2023/03,16.52,standard,2022_all_kansokukekka_ichiran_R.pdf,24,2023-03-15
戸塚区秋葉町（150ｍ）,2023/04,16.53,standard,2023_all_kansokukekka_ichiran.pdf,24,2023-04-15
戸塚区秋葉町（150ｍ）,2023/05,16.53,standard,2023_all_kansokukekka_ichiran.pdf,24,2023-05-15
戸塚区秋葉町（150ｍ）,2023/06,16.6,standard,2023_all_kansokukekka_ichiran.pdf,24,2023-06-15
戸塚区秋葉町（150ｍ）,2023/07,16.6,standard,2023_all_kansokukekka_ichiran.pdf,24,2023-07-15
戸塚区秋葉町（150ｍ）,2023/08,16.58,standard,2023_all_kansokukekka_ichiran.pdf,24,2023-08-15
戸塚区秋葉町（150ｍ）,2023/09,16.56,standard,2023_all_kansokukekka_ichiran.pdf,24,2023-09-15
戸塚区秋葉町（150ｍ）,2023/10,16.59,standard,2023_all_kansokukekka_ichiran.pdf,24,2023-10-15
戸塚区秋葉町（150ｍ）,2023/11,16.53,standard,2023_all_kansokukekka_ichiran.pdf,24,2023-11-15
戸塚区秋葉町（150ｍ）,2023/12,16.5,standard,2023_all_kansokukekka_ichiran.pdf,24,2023-12-15
戸塚区秋葉町（150ｍ）,2024/01,16.53,standard,2023_all_kansokukekka_ichiran.pdf,24,2024-01-15
戸塚区秋葉町（150ｍ）,2024/02,16.51,standard,2023_all_kansokukekka_ichiran.pdf,24,2024-02-15
戸塚区秋葉町（150ｍ）,2024/03,16.55,standard,2023_all_kansokukekka_ichiran.pdf,24,2024-03-15
戸塚区秋葉町（150ｍ）,2024/04,16.56,standard,2024_all_kansokukekka_ichiran.pdf,24,2024-04-15
戸塚区秋葉町（150ｍ）,2024/05,16.57,standard,2024_all_kansokukekka_ichiran.pdf,24,2024-05-15
戸塚区秋葉町（150ｍ）,2024/06,16.63,standard,2024_all_kansokukekka_ichiran.pdf,24,2024-06-15
戸塚区秋葉町（150ｍ）,2024/07,16.65,standard,2024_all_kansokukekka_ichiran.pdf,24,2024-07-15
戸塚区秋葉町（150ｍ）,2024/08,16.59,standard,2024_all_kansokukekka_ichiran.pdf,24,2024-08-15
戸塚区秋葉町（150ｍ）,2024/09,16.59,standard,2024_all_kansokukekka_ichiran.pdf,24,2024-09-15
戸塚区秋葉町（150ｍ）,2024/10,16.6,standard,2024_all_kansokukekka_ichiran.pdf,24,2024-10-15
戸塚区秋葉町（150ｍ）,2024/11,16.62,standard,2024_all_kansokukekka_ichiran.pdf,24,2024-11-15
戸塚区秋葉町（150ｍ）,2024/12,16.61,standard,2024_all_kansokukekka_ichiran.pdf,24,2024-12-15
戸塚区秋葉町（150ｍ）,2025/01,16.59,standard,2024_all_kansokukekka_ichiran.pdf,24,2025-01-15
戸塚区秋葉町（150ｍ）,2025/02,16.58,standard,2024_all_kansokukekka_ichiran.pdf,24,2025-02-15
戸塚区秋葉町（150ｍ）,2025/03,16.53,standard,2024_all_kansokukekka_ichiran.pdf,24,2025-03-15
戸塚区秋葉町（150ｍ）,2025/04,16.57,standard,2025_all_data.pdf,1,2025-04-15
戸塚区秋葉町（150ｍ）,2025/05,16.59,standard,2025_all_data.pdf,1,2025-05-15
戸塚区秋葉町（150ｍ）,2025/06,16.6,standard,2025_all_data.pdf,1,2025-06-15
戸塚区秋葉町（150ｍ）,2025/07,16.61,standard,2025_all_data.pdf,1,2025-07-15
戸塚区秋葉町（150ｍ）,2025/08,16.57,standard,2025_all_data.pdf,1,2025-08-15
戸塚区秋葉町（150ｍ）,2025/09,16.57,standard,2025_all_data.pdf,1,2025-09-15
戸塚区秋葉町（150ｍ）,2025/10,16.56,standard,2025_all_data.pdf,1,2025-10-15
戸塚区秋葉町（150ｍ）,2025/11,16.61,standard,2025_all_data.pdf,1,2025-11-15
戸塚区秋葉町（150ｍ）,2025/12,16.58,standard,2025_all_data.pdf,1,2025-12-15
戸塚区秋葉町（150ｍ）,2026/01,16.56,standard,2025_all_data.pdf,1,2026-01-15
戸塚区秋葉町（150ｍ）,2026/02,16.56,standard,2025_all_data.pdf,1,2026-02-15
戸塚区秋葉町（150ｍ）,2026/03,16.53,standard,2025_all_data.pdf,1,2026-03-15
新横浜駅前公園-1(25m),2010/06,0.82,standard,2010-2016_all_data.pdf,2,2010-06-15
新横浜駅前公園-1(25m),2010/10,0.72,standard,2010-2016_all_data.pdf,2,2010-10-15
新横浜駅前公園-1(25m),2010/11,0.75,standard,2010-2016_all_data.pdf,2,2010-11-15
新横浜駅前公園-1(25m),2010/12,0.03,standard,2010-2016_all_data.pdf,2,2010-12-15
新横浜駅前公園-1(25m),2011/01,-0.73,standard,2010-2016_all_data.pdf,2,2011-01-15
新横浜駅前公園-1(25m),2011/02,-0.84,standard,2010-2016_all_data.pdf,2,2011-02-15
新横浜駅前公園-1(25m),2011/03,0.69,standard,2010-2016_all_data.pdf,2,2011-03-15
新横浜駅前公園-1(25m),2011/04,1.3,standard,2010-2016_all_data.pdf,3,2011-04-15
新横浜駅前公園-1(25m),2011/05,2.72,standard,2010-2016_all_data.pdf,3,2011-05-15
新横浜駅前公園-1(25m),2011/06,1.51,standard,2010-2016_all_data.pdf,3,2011-06-15
新横浜駅前公園-1(25m),2011/07,1.05,standard,2010-2016_all_data.pdf,3,2011-07-15
新横浜駅前公園-1(25m),2011/08,1.04,standard,2010-2016_all_data.pdf,3,2011-08-15
新横浜駅前公園-1(25m),2011/09,1.06,standard,2010-2016_all_data.pdf,3,2011-09-15
新横浜駅前公園-1(25m),2011/10,1.13,standard,2010-2016_all_data.pdf,3,2011-10-15
新横浜駅前公園-1(25m),2011/11,0.97,standard,2010-2016_all_data.pdf,3,2011-11-15
新横浜駅前公園-1(25m),2011/12,0.94,standard,2010-2016_all_data.pdf,3,2011-12-15
新横浜駅前公園-1(25m),2012/01,0.73,standard,2010-2016_all_data.pdf,3,2012-01-15
新横浜駅前公園-1(25m),2012/02,0.42,standard,2010-2016_all_data.pdf,3,2012-02-15
新横浜駅前公園-1(25m),2012/03,-0.17,standard,2010-2016_all_data.pdf,3,2012-03-15
新横浜駅前公園-1(25m),2012/04,0.03,standard,2010-2016_all_data.pdf,4,2012-04-15
新横浜駅前公園-1(25m),2012/05,0.06,standard,2010-2016_all_data.pdf,4,2012-05-15
新横浜駅前公園-1(25m),2012/06,-0.16,standard,2010-2016_all_data.pdf,4,2012-06-15
新横浜駅前公園-1(25m),2012/07,0.09,standard,2010-2016_all_data.pdf,4,2012-07-15
新横浜駅前公園-1(25m),2012/08,0.0,standard,2010-2016_all_data.pdf,4,2012-08-15
新横浜駅前公園-1(25m),2012/09,-0.23,standard,2010-2016_all_data.pdf,4,2012-09-15
新横浜駅前公園-1(25m),2012/10,-0.56,standard,2010-2016_all_data.pdf,4,2012-10-15
新横浜駅前公園-1(25m),2012/11,-0.37,standard,2010-2016_all_data.pdf,4,2012-11-15
新横浜駅前公園-1(25m),2012/12,-0.26,standard,2010-2016_all_data.pdf,4,2012-12-15
新横浜駅前公園-1(25m),2013/01,-0.12,standard,2010-2016_all_data.pdf,4,2013-01-15
新横浜駅前公園-1(25m),2013/02,-0.63,standard,2010-2016_all_data.pdf,4,2013-02-15
新横浜駅前公園-1(25m),2013/04,-0.38,standard,2010-2016_all_data.pdf,5,2013-04-15
新横浜駅前公園-1(25m),2013/05,-0.58,standard,2010-2016_all_data.pdf,5,2013-05-15
新横浜駅前公園-1(25m),2013/06,-0.69,standard,2010-2016_all_data.pdf,5,2013-06-15
新横浜駅前公園-1(25m),2013/07,-0.78,standard,2010-2016_all_data.pdf,5,2013-07-15
新横浜駅前公園-1(25m),2013/08,-0.96,standard,2010-2016_all_data.pdf,5,2013-08-15
新横浜駅前公園-1(25m),2013/09,-0.71,standard,2010-2016_all_data.pdf,5,2013-09-15
新横浜駅前公園-1(25m),2013/10,-0.57,standard,2010-2016_all_data.pdf,5,2013-10-15
新横浜駅前公園-1(25m),2013/12,-0.51,standard,2010-2016_all_data.pdf,5,2013-12-15
新横浜駅前公園-1(25m),2014/02,-0.59,standard,2010-2016_all_data.pdf,5,2014-02-15
新横浜駅前公園-1(25m),2014/04,-0.3,standard,2010-2016_all_data.pdf,6,2014-04-15
新横浜駅前公園-1(25m),2014/05,0.0,standard,2010-2016_all_data.pdf,6,2014-05-15
新横浜駅前公園-1(25m),2014/07,0.04,standard,2010-2016_all_data.pdf,6,2014-07-15
新横浜駅前公園-1(25m),2014/08,-0.07,standard,2010-2016_all_data.pdf,6,2014-08-15
新横浜駅前公園-1(25m),2014/09,0.13,standard,2010-2016_all_data.pdf,6,2014-09-15
新横浜駅前公園-1(25m),2014/10,0.26,standard,2010-2016_all_data.pdf,6,2014-10-15
新横浜駅前公園-1(25m),2014/11,0.33,standard,2010-2016_all_data.pdf,6,2014-11-15
新横浜駅前公園-1(25m),2014/12,0.29,standard,2010-2016_all_data.pdf,6,2014-12-15
新横浜駅前公園-1(25m),2015/01,0.32,standard,2010-2016_all_data.pdf,6,2015-01-15
新横浜駅前公園-1(25m),2015/03,0.48,standard,2010-2016_all_data.pdf,6,2015-03-15
新横浜駅前公園-1(25m),2015/04,0.53,standard,2010-2016_all_data.pdf,7,2015-04-15
新横浜駅前公園-1(25m),2015/05,0.45,standard,2010-2016_all_data.pdf,7,2015-05-15
新横浜駅前公園-1(25m),2015/06,0.58,standard,2010-2016_all_data.pdf,7,2015-06-15
新横浜駅前公園-1(25m),2015/07,0.63,standard,2010-2016_all_data.pdf,7,2015-07-15
新横浜駅前公園-1(25m),2015/08,0.35,standard,2010-2016_all_data.pdf,7,2015-08-15
新横浜駅前公園-1(25m),2015/09,0.5,standard,2010-2016_all_data.pdf,7,2015-09-15
新横浜駅前公園-1(25m),2015/10,0.52,standard,2010-2016_all_data.pdf,7,2015-10-15
新横浜駅前公園-1(25m),2015/12,0.63,standard,2010-2016_all_data.pdf,7,2015-12-15
新横浜駅前公園-1(25m),2016/01,0.37,standard,2010-2016_all_data.pdf,7,2016-01-15
新横浜駅前公園-1(25m),2016/02,0.38,standard,2010-2016_all_data.pdf,7,2016-02-15
新横浜駅前公園-1(25m),2016/03,0.47,standard,2010-2016_all_data.pdf,7,2016-03-15
新横浜駅前公園-1(25m),2016/04,0.51,standard,2010-2016_all_data.pdf,8,2016-04-15
新横浜駅前公園-1(25m),2016/05,0.51,standard,2010-2016_all_data.pdf,8,2016-05-15
新横浜駅前公園-1(25m),2016/06,0.38,standard,2010-2016_all_data.pdf,8,2016-06-15
新横浜駅前公園-1(25m),2016/08,0.17,standard,2010-2016_all_data.pdf,8,2016-08-15
新横浜駅前公園-1(25m),2016/09,0.13,standard,2010-2016_all_data.pdf,8,2016-09-15
新横浜駅前公園-1(25m),2016/10,-0.24,standard,2010-2016_all_data.pdf,8,2016-10-15
新横浜駅前公園-1(25m),2016/11,0.07,standard,2010-2016_all_data.pdf,8,2016-11-15
新横浜駅前公園-1(25m),2016/12,0.25,standard,2010-2016_all_data.pdf,8,2016-12-15
新横浜駅前公園-1(25m),2017/01,0.09,standard,2010-2016_all_data.pdf,8,2017-01-15
新横浜駅前公園-1(25m),2017/02,-0.02,standard,2010-2016_all_data.pdf,8,2017-02-15
新横浜駅前公園-1(25m),2017/03,-0.31,standard,2010-2016_all_data.pdf,8,2017-03-15
新横浜駅前公園-1(25m),2017/04,-0.23,standard,2017_all_kansokukekka_ichiran_R.pdf,24,2017-04-15
新横浜駅前公園-1(25m),2017/05,-0.19,standard,2017_all_kansokukekka_ichiran_R.pdf,24,2017-05-15
新横浜駅前公園-1(25m),2017/06,-0.38,standard,2017_all_kansokukekka_ichiran_R.pdf,24,2017-06-15
新横浜駅前公園-1(25m),2017/10,-0.1,standard,2017_all_kansokukekka_ichiran_R.pdf,24,2017-10-15
新横浜駅前公園-1(25m),2017/11,0.13,standard,2017_all_kansokukekka_ichiran_R.pdf,24,2017-11-15
新横浜駅前公園-1(25m),2018/01,0.0,standard,2017_all_kansokukekka_ichiran_R.pdf,24,2018-01-15
新横浜駅前公園-1(25m),2018/03,0.1,standard,2017_all_kansokukekka_ichiran_R.pdf,24,2018-03-15
新横浜駅前公園-1(25m),2018/04,0.21,standard,2018_all_kansokukekka_ichiran_R.pdf,24,2018-04-15
新横浜駅前公園-1(25m),2018/05,0.66,standard,2018_all_kansokukekka_ichiran_R.pdf,24,2018-05-15
新横浜駅前公園-1(25m),2018/06,0.71,standard,2018_all_kansokukekka_ichiran_R.pdf,24,2018-06-15
新横浜駅前公園-1(25m),2018/07,0.59,standard,2018_all_kansokukekka_ichiran_R.pdf,24,2018-07-15
新横浜駅前公園-1(25m),2018/08,0.49,standard,2018_all_kansokukekka_ichiran_R.pdf,24,2018-08-15
新横浜駅前公園-1(25m),2018/09,0.69,standard,2018_all_kansokukekka_ichiran_R.pdf,24,2018-09-15
新横浜駅前公園-1(25m),2018/10,0.68,standard,2018_all_kansokukekka_ichiran_R.pdf,24,2018-10-15
新横浜駅前公園-1(25m),2018/11,0.73,standard,2018_all_kansokukekka_ichiran_R.pdf,24,2018-11-15
新横浜駅前公園-1(25m),2018/12,0.72,standard,2018_all_kansokukekka_ichiran_R.pdf,24,2018-12-15
新横浜駅前公園-1(25m),2019/01,0.69,standard,2018_all_kansokukekka_ichiran_R.pdf,24,2019-01-15
新横浜駅前公園-1(25m),2019/02,0.66,standard,2018_all_kansokukekka_ichiran_R.pdf,24,2019-02-15
新横浜駅前公園-1(25m),2019/03,0.8,standard,2018_all_kansokukekka_ichiran_R.pdf,24,2019-03-15
新横浜駅前公園-1(25m),2019/04,0.8,standard,2019_all_kansokukekka_ichiran_R.pdf,24,2019-04-15
新横浜駅前公園-1(25m),2019/05,0.88,standard,2019_all_kansokukekka_ichiran_R.pdf,24,2019-05-15
新横浜駅前公園-1(25m),2019/07,0.98,standard,2019_all_kansokukekka_ichiran_R.pdf,24,2019-07-15
新横浜駅前公園-1(25m),2019/08,0.84,standard,2019_all_kansokukekka_ichiran_R.pdf,24,2019-08-15
新横浜駅前公園-1(25m),2019/09,0.92,standard,2019_all_kansokukekka_ichiran_R.pdf,24,2019-09-15
新横浜駅前公園-1(25m),2019/10,1.15,standard,2019_all_kansokukekka_ichiran_R.pdf,24,2019-10-15
新横浜駅前公園-1(25m),2019/11,1.3,standard,2019_all_kansokukekka_ichiran_R.pdf,24,2019-11-15
新横浜駅前公園-1(25m),2020/01,1.36,standard,2019_all_kansokukekka_ichiran_R.pdf,24,2020-01-15
新横浜駅前公園-1(25m),2020/02,1.42,standard,2019_all_kansokukekka_ichiran_R.pdf,24,2020-02-15
新横浜駅前公園-1(25m),2020/03,1.39,standard,2019_all_kansokukekka_ichiran_R.pdf,24,2020-03-15
新横浜駅前公園-1(25m),2020/08,1.45,standard,2020_all_kansokukekka_ichiran_R.pdf,24,2020-08-15
新横浜駅前公園-1(25m),2020/10,1.43,standard,2020_all_kansokukekka_ichiran_R.pdf,24,2020-10-15
新横浜駅前公園-1(25m),2020/11,1.47,standard,2020_all_kansokukekka_ichiran_R.pdf,24,2020-11-15
新横浜駅前公園-1(25m),2020/12,1.42,standard,2020_all_kansokukekka_ichiran_R.pdf,24,2020-12-15
新横浜駅前公園-1(25m),2021/05,1.83,standard,2021_all_kansokukekka_ichiran_R.pdf,24,2021-05-15
新横浜駅前公園-1(25m),2021/06,1.55,standard,2021_all_kansokukekka_ichiran_R.pdf,24,2021-06-15
新横浜駅前公園-1(25m),2021/07,1.56,standard,2021_all_kansokukekka_ichiran_R.pdf,24,2021-07-15
新横浜駅前公園-1(25m),2021/08,1.56,standard,2021_all_kansokukekka_ichiran_R.pdf,24,2021-08-15
新横浜駅前公園-1(25m),2021/09,1.66,standard,2021_all_kansokukekka_ichiran_R.pdf,24,2021-09-15
新横浜駅前公園-1(25m),2021/10,1.83,standard,2021_all_kansokukekka_ichiran_R.pdf,24,2021-10-15
新横浜駅前公園-1(25m),2021/11,1.96,standard,2021_all_kansokukekka_ichiran_R.pdf,24,2021-11-15
新横浜駅前公園-1(25m),2021/12,2.02,standard,2021_all_kansokukekka_ichiran_R.pdf,24,2021-12-15
新横浜駅前公園-1(25m),2022/01,1.82,standard,2021_all_kansokukekka_ichiran_R.pdf,24,2022-01-15
新横浜駅前公園-1(25m),2022/02,1.76,standard,2021_all_kansokukekka_ichiran_R.pdf,24,2022-02-15
新横浜駅前公園-1(25m),2022/03,1.88,standard,2021_all_kansokukekka_ichiran_R.pdf,24,2022-03-15
新横浜駅前公園-1(25m),2022/04,2.02,standard,2022_all_kansokukekka_ichiran_R.pdf,24,2022-04-15
新横浜駅前公園-1(25m),2022/05,2.02,standard,2022_all_kansokukekka_ichiran_R.pdf,24,2022-05-15
新横浜駅前公園-1(25m),2022/06,1.81,standard,2022_all_kansokukekka_ichiran_R.pdf,24,2022-06-15
新横浜駅前公園-1(25m),2022/07,1.71,standard,2022_all_kansokukekka_ichiran_R.pdf,24,2022-07-15
新横浜駅前公園-1(25m),2022/08,1.58,standard,2022_all_kansokukekka_ichiran_R.pdf,24,2022-08-15
新横浜駅前公園-1(25m),2022/09,1.74,standard,2022_all_kansokukekka_ichiran_R.pdf,24,2022-09-15
新横浜駅前公園-1(25m),2022/10,1.79,standard,2022_all_kansokukekka_ichiran_R.pdf,24,2022-10-15
新横浜駅前公園-1(25m),2022/11,1.77,standard,2022_all_kansokukekka_ichiran_R.pdf,24,2022-11-15
新横浜駅前公園-1(25m),2022/12,1.89,standard,2022_all_kansokukekka_ichiran_R.pdf,24,2022-12-15
新横浜駅前公園-1(25m),2023/01,1.71,standard,2022_all_kansokukekka_ichiran_R.pdf,24,2023-01-15
新横浜駅前公園-1(25m),2023/02,1.64,standard,2022_all_kansokukekka_ichiran_R.pdf,24,2023-02-15
新横浜駅前公園-1(25m),2023/03,1.66,standard,2022_all_kansokukekka_ichiran_R.pdf,24,2023-03-15
新横浜駅前公園-1(25m),2023/04,1.8,standard,2023_all_kansokukekka_ichiran.pdf,24,2023-04-15
新横浜駅前公園-1(25m),2023/05,1.91,standard,2023_all_kansokukekka_ichiran.pdf,24,2023-05-15
新横浜駅前公園-1(25m),2023/06,1.88,standard,2023_all_kansokukekka_ichiran.pdf,24,2023-06-15
新横浜駅前公園-1(25m),2023/07,1.97,standard,2023_all_kansokukekka_ichiran.pdf,24,2023-07-15
新横浜駅前公園-1(25m),2023/08,1.52,standard,2023_all_kansokukekka_ichiran.pdf,24,2023-08-15
新横浜駅前公園-1(25m),2023/09,1.6,standard,2023_all_kansokukekka_ichiran.pdf,24,2023-09-15
新横浜駅前公園-1(25m),2023/10,1.67,standard,2023_all_kansokukekka_ichiran.pdf,24,2023-10-15
新横浜駅前公園-1(25m),2023/11,1.77,standard,2023_all_kansokukekka_ichiran.pdf,24,2023-11-15
新横浜駅前公園-1(25m),2024/01,1.81,standard,2023_all_kansokukekka_ichiran.pdf,24,2024-01-15
新横浜駅前公園-1(25m),2024/02,1.9,standard,2023_all_kansokukekka_ichiran.pdf,24,2024-02-15
新横浜駅前公園-1(25m),2024/03,1.97,standard,2023_all_kansokukekka_ichiran.pdf,24,2024-03-15
新横浜駅前公園-1(25m),2024/04,2.05,standard,2024_all_kansokukekka_ichiran.pdf,24,2024-04-15
新横浜駅前公園-1(25m),2024/05,2.03,standard,2024_all_kansokukekka_ichiran.pdf,24,2024-05-15
新横浜駅前公園-1(25m),2024/06,1.98,standard,2024_all_kansokukekka_ichiran.pdf,24,2024-06-15
新横浜駅前公園-1(25m),2024/07,1.88,standard,2024_all_kansokukekka_ichiran.pdf,24,2024-07-15
新横浜駅前公園-1(25m),2024/08,1.72,standard,2024_all_kansokukekka_ichiran.pdf,24,2024-08-15
新横浜駅前公園-1(25m),2024/09,1.76,standard,2024_all_kansokukekka_ichiran.pdf,24,2024-09-15
新横浜駅前公園-1(25m),2024/10,1.82,standard,2024_all_kansokukekka_ichiran.pdf,24,2024-10-15
新横浜駅前公園-1(25m),2024/11,1.83,standard,2024_all_kansokukekka_ichiran.pdf,24,2024-11-15
新横浜駅前公園-1(25m),2024/12,1.8,standard,2024_all_kansokukekka_ichiran.pdf,24,2024-12-15
新横浜駅前公園-1(25m),2025/01,1.74,standard,2024_all_kansokukekka_ichiran.pdf,24,2025-01-15
新横浜駅前公園-1(25m),2025/02,1.66,standard,2024_all_kansokukekka_ichiran.pdf,24,2025-02-15
新横浜駅前公園-1(25m),2025/03,1.76,standard,2024_all_kansokukekka_ichiran.pdf,24,2025-03-15
新横浜駅前公園-1(25m),2025/04,1.88,standard,2025_all_data.pdf,1,2025-04-15
新横浜駅前公園-1(25m),2025/05,1.87,standard,2025_all_data.pdf,1,2025-05-15
新横浜駅前公園-1(25m),2025/06,1.87,standard,2025_all_data.pdf,1,2025-06-15
新横浜駅前公園-1(25m),2025/07,1.81,standard,2025_all_data.pdf,1,2025-07-15
新横浜駅前公園-1(25m),2025/08,1.65,standard,2025_all_data.pdf,1,2025-08-15
新横浜駅前公園-1(25m),2025/09,1.76,standard,2025_all_data.pdf,1,2025-09-15
新横浜駅前公園-1(25m),2025/10,1.77,standard,2025_all_data.pdf,1,2025-10-15
新横浜駅前公園-1(25m),2025/11,1.89,standard,2025_all_data.pdf,1,2025-11-15
新横浜駅前公園-1(25m),2025/12,1.81,standard,2025_all_data.pdf,1,2025-12-15
新横浜駅前公園-1(25m),2026/01,1.83,standard,2025_all_data.pdf,1,2026-01-15
新横浜駅前公園-1(25m),2026/02,1.77,standard,2025_all_data.pdf,1,2026-02-15
新横浜駅前公園-1(25m),2026/03,1.82,standard,2025_all_data.pdf,1,2026-03-15
新横浜駅前公園-2(60m),2010/06,0.74,standard,2010-2016_all_data.pdf,2,2010-06-15
新横浜駅前公園-2(60m),2010/10,0.63,standard,2010-2016_all_data.pdf,2,2010-10-15
新横浜駅前公園-2(60m),2010/11,0.68,standard,2010-2016_all_data.pdf,2,2010-11-15
新横浜駅前公園-2(60m),2010/12,-0.06,standard,2010-2016_all_data.pdf,2,2010-12-15
新横浜駅前公園-2(60m),2011/01,-0.84,standard,2010-2016_all_data.pdf,2,2011-01-15
新横浜駅前公園-2(60m),2011/02,-0.94,standard,2010-2016_all_data.pdf,2,2011-02-15
新横浜駅前公園-2(60m),2011/03,0.64,standard,2010-2016_all_data.pdf,2,2011-03-15
新横浜駅前公園-2(60m),2011/04,1.23,standard,2010-2016_all_data.pdf,3,2011-04-15
新横浜駅前公園-2(60m),2011/05,2.63,standard,2010-2016_all_data.pdf,3,2011-05-15
新横浜駅前公園-2(60m),2011/06,1.43,standard,2010-2016_all_data.pdf,3,2011-06-15
新横浜駅前公園-2(60m),2011/07,0.97,standard,2010-2016_all_data.pdf,3,2011-07-15
新横浜駅前公園-2(60m),2011/08,0.97,standard,2010-2016_all_data.pdf,3,2011-08-15
新横浜駅前公園-2(60m),2011/09,0.98,standard,2010-2016_all_data.pdf,3,2011-09-15
新横浜駅前公園-2(60m),2011/10,1.06,standard,2010-2016_all_data.pdf,3,2011-10-15
新横浜駅前公園-2(60m),2011/11,0.89,standard,2010-2016_all_data.pdf,3,2011-11-15
新横浜駅前公園-2(60m),2011/12,0.86,standard,2010-2016_all_data.pdf,3,2011-12-15
新横浜駅前公園-2(60m),2012/01,0.65,standard,2010-2016_all_data.pdf,3,2012-01-15
新横浜駅前公園-2(60m),2012/02,0.58,standard,2010-2016_all_data.pdf,3,2012-02-15
新横浜駅前公園-2(60m),2012/03,0.42,standard,2010-2016_all_data.pdf,3,2012-03-15
新横浜駅前公園-2(60m),2012/04,0.47,standard,2010-2016_all_data.pdf,4,2012-04-15
新横浜駅前公園-2(60m),2012/05,0.5,standard,2010-2016_all_data.pdf,4,2012-05-15
新横浜駅前公園-2(60m),2012/06,0.72,standard,2010-2016_all_data.pdf,4,2012-06-15
新横浜駅前公園-2(60m),2012/07,0.0,standard,2010-2016_all_data.pdf,4,2012-07-15
新横浜駅前公園-2(60m),2012/08,-0.09,standard,2010-2016_all_data.pdf,4,2012-08-15
新横浜駅前公園-2(60m),2012/09,-0.31,standard,2010-2016_all_data.pdf,4,2012-09-15
新横浜駅前公園-2(60m),2012/10,-0.64,standard,2010-2016_all_data.pdf,4,2012-10-15
新横浜駅前公園-2(60m),2012/11,-0.46,standard,2010-2016_all_data.pdf,4,2012-11-15
新横浜駅前公園-2(60m),2012/12,-0.34,standard,2010-2016_all_data.pdf,4,2012-12-15
新横浜駅前公園-2(60m),2013/01,-0.21,standard,2010-2016_all_data.pdf,4,2013-01-15
新横浜駅前公園-2(60m),2013/02,-0.43,standard,2010-2016_all_data.pdf,4,2013-02-15
新横浜駅前公園-2(60m),2013/04,-0.46,standard,2010-2016_all_data.pdf,5,2013-04-15
新横浜駅前公園-2(60m),2013/05,-0.67,standard,2010-2016_all_data.pdf,5,2013-05-15
新横浜駅前公園-2(60m),2013/06,-0.77,standard,2010-2016_all_data.pdf,5,2013-06-15
新横浜駅前公園-2(60m),2013/07,-0.86,standard,2010-2016_all_data.pdf,5,2013-07-15
新横浜駅前公園-2(60m),2013/08,-1.06,standard,2010-2016_all_data.pdf,5,2013-08-15
新横浜駅前公園-2(60m),2013/09,-0.88,standard,2010-2016_all_data.pdf,5,2013-09-15
新横浜駅前公園-2(60m),2013/10,-0.66,standard,2010-2016_all_data.pdf,5,2013-10-15
新横浜駅前公園-2(60m),2013/12,-0.6,standard,2010-2016_all_data.pdf,5,2013-12-15
新横浜駅前公園-2(60m),2014/02,-0.66,standard,2010-2016_all_data.pdf,5,2014-02-15
新横浜駅前公園-2(60m),2014/04,-0.39,standard,2010-2016_all_data.pdf,6,2014-04-15
新横浜駅前公園-2(60m),2014/05,-0.08,standard,2010-2016_all_data.pdf,6,2014-05-15
新横浜駅前公園-2(60m),2014/07,-0.06,standard,2010-2016_all_data.pdf,6,2014-07-15
新横浜駅前公園-2(60m),2014/08,-0.15,standard,2010-2016_all_data.pdf,6,2014-08-15
新横浜駅前公園-2(60m),2014/09,0.04,standard,2010-2016_all_data.pdf,6,2014-09-15
新横浜駅前公園-2(60m),2014/10,0.19,standard,2010-2016_all_data.pdf,6,2014-10-15
新横浜駅前公園-2(60m),2014/11,0.24,standard,2010-2016_all_data.pdf,6,2014-11-15
新横浜駅前公園-2(60m),2014/12,0.31,standard,2010-2016_all_data.pdf,6,2014-12-15
新横浜駅前公園-2(60m),2015/01,0.33,standard,2010-2016_all_data.pdf,6,2015-01-15
新横浜駅前公園-2(60m),2015/03,0.36,standard,2010-2016_all_data.pdf,6,2015-03-15
新横浜駅前公園-2(60m),2015/04,0.41,standard,2010-2016_all_data.pdf,7,2015-04-15
新横浜駅前公園-2(60m),2015/05,0.37,standard,2010-2016_all_data.pdf,7,2015-05-15
新横浜駅前公園-2(60m),2015/06,0.49,standard,2010-2016_all_data.pdf,7,2015-06-15
新横浜駅前公園-2(60m),2015/07,0.54,standard,2010-2016_all_data.pdf,7,2015-07-15
新横浜駅前公園-2(60m),2015/08,0.27,standard,2010-2016_all_data.pdf,7,2015-08-15
新横浜駅前公園-2(60m),2015/09,0.4,standard,2010-2016_all_data.pdf,7,2015-09-15
新横浜駅前公園-2(60m),2015/10,0.43,standard,2010-2016_all_data.pdf,7,2015-10-15
新横浜駅前公園-2(60m),2015/12,0.59,standard,2010-2016_all_data.pdf,7,2015-12-15
新横浜駅前公園-2(60m),2016/01,0.28,standard,2010-2016_all_data.pdf,7,2016-01-15
新横浜駅前公園-2(60m),2016/02,0.29,standard,2010-2016_all_data.pdf,7,2016-02-15
新横浜駅前公園-2(60m),2016/03,0.37,standard,2010-2016_all_data.pdf,7,2016-03-15
新横浜駅前公園-2(60m),2016/04,0.43,standard,2010-2016_all_data.pdf,8,2016-04-15
新横浜駅前公園-2(60m),2016/05,0.43,standard,2010-2016_all_data.pdf,8,2016-05-15
新横浜駅前公園-2(60m),2016/06,0.28,standard,2010-2016_all_data.pdf,8,2016-06-15
新横浜駅前公園-2(60m),2016/08,0.11,standard,2010-2016_all_data.pdf,8,2016-08-15
新横浜駅前公園-2(60m),2016/09,0.03,standard,2010-2016_all_data.pdf,8,2016-09-15
新横浜駅前公園-2(60m),2016/10,-0.32,standard,2010-2016_all_data.pdf,8,2016-10-15
新横浜駅前公園-2(60m),2016/11,-0.01,standard,2010-2016_all_data.pdf,8,2016-11-15
新横浜駅前公園-2(60m),2016/12,0.16,standard,2010-2016_all_data.pdf,8,2016-12-15
新横浜駅前公園-2(60m),2017/01,0.0,standard,2010-2016_all_data.pdf,8,2017-01-15
新横浜駅前公園-2(60m),2017/02,-0.1,standard,2010-2016_all_data.pdf,8,2017-02-15
新横浜駅前公園-2(60m),2017/03,-0.41,standard,2010-2016_all_data.pdf,8,2017-03-15
新横浜駅前公園-2(60m),2017/04,-0.33,standard,2017_all_kansokukekka_ichiran_R.pdf,24,2017-04-15
新横浜駅前公園-2(60m),2017/05,-0.27,standard,2017_all_kansokukekka_ichiran_R.pdf,24,2017-05-15
新横浜駅前公園-2(60m),2017/06,-0.38,standard,2017_all_kansokukekka_ichiran_R.pdf,24,2017-06-15
新横浜駅前公園-2(60m),2017/07,-0.5,standard,2017_all_kansokukekka_ichiran_R.pdf,24,2017-07-15
新横浜駅前公園-2(60m),2017/08,-0.37,standard,2017_all_kansokukekka_ichiran_R.pdf,24,2017-08-15
新横浜駅前公園-2(60m),2017/10,-0.18,standard,2017_all_kansokukekka_ichiran_R.pdf,24,2017-10-15
新横浜駅前公園-2(60m),2017/11,0.04,standard,2017_all_kansokukekka_ichiran_R.pdf,24,2017-11-15
新横浜駅前公園-2(60m),2018/01,-0.08,standard,2017_all_kansokukekka_ichiran_R.pdf,24,2018-01-15
新横浜駅前公園-2(60m),2018/03,0.0,standard,2017_all_kansokukekka_ichiran_R.pdf,24,2018-03-15
新横浜駅前公園-2(60m),2018/04,0.12,standard,2018_all_kansokukekka_ichiran_R.pdf,24,2018-04-15
新横浜駅前公園-2(60m),2018/05,0.58,standard,2018_all_kansokukekka_ichiran_R.pdf,24,2018-05-15
新横浜駅前公園-2(60m),2018/06,0.62,standard,2018_all_kansokukekka_ichiran_R.pdf,24,2018-06-15
新横浜駅前公園-2(60m),2018/07,0.5,standard,2018_all_kansokukekka_ichiran_R.pdf,24,2018-07-15
新横浜駅前公園-2(60m),2018/08,0.42,standard,2018_all_kansokukekka_ichiran_R.pdf,24,2018-08-15
新横浜駅前公園-2(60m),2018/09,0.61,standard,2018_all_kansokukekka_ichiran_R.pdf,24,2018-09-15
新横浜駅前公園-2(60m),2018/10,0.57,standard,2018_all_kansokukekka_ichiran_R.pdf,24,2018-10-15
新横浜駅前公園-2(60m),2018/11,0.64,standard,2018_all_kansokukekka_ichiran_R.pdf,24,2018-11-15
新横浜駅前公園-2(60m),2018/12,0.65,standard,2018_all_kansokukekka_ichiran_R.pdf,24,2018-12-15
新横浜駅前公園-2(60m),2019/01,0.6,standard,2018_all_kansokukekka_ichiran_R.pdf,24,2019-01-15
新横浜駅前公園-2(60m),2019/02,0.56,standard,2018_all_kansokukekka_ichiran_R.pdf,24,2019-02-15
新横浜駅前公園-2(60m),2019/03,0.71,standard,2018_all_kansokukekka_ichiran_R.pdf,24,2019-03-15
新横浜駅前公園-2(60m),2019/04,0.72,standard,2019_all_kansokukekka_ichiran_R.pdf,24,2019-04-15
新横浜駅前公園-2(60m),2019/05,0.79,standard,2019_all_kansokukekka_ichiran_R.pdf,24,2019-05-15
新横浜駅前公園-2(60m),2019/07,0.9,standard,2019_all_kansokukekka_ichiran_R.pdf,24,2019-07-15
新横浜駅前公園-2(60m),2019/08,0.74,standard,2019_all_kansokukekka_ichiran_R.pdf,24,2019-08-15
新横浜駅前公園-2(60m),2019/09,0.83,standard,2019_all_kansokukekka_ichiran_R.pdf,24,2019-09-15
新横浜駅前公園-2(60m),2019/10,1.05,standard,2019_all_kansokukekka_ichiran_R.pdf,24,2019-10-15
新横浜駅前公園-2(60m),2019/11,1.22,standard,2019_all_kansokukekka_ichiran_R.pdf,24,2019-11-15
新横浜駅前公園-2(60m),2020/01,1.28,standard,2019_all_kansokukekka_ichiran_R.pdf,24,2020-01-15
新横浜駅前公園-2(60m),2020/02,1.32,standard,2019_all_kansokukekka_ichiran_R.pdf,24,2020-02-15
新横浜駅前公園-2(60m),2020/03,1.33,standard,2019_all_kansokukekka_ichiran_R.pdf,24,2020-03-15
新横浜駅前公園-2(60m),2020/08,1.37,standard,2020_all_kansokukekka_ichiran_R.pdf,24,2020-08-15
新横浜駅前公園-2(60m),2020/10,1.33,standard,2020_all_kansokukekka_ichiran_R.pdf,24,2020-10-15
新横浜駅前公園-2(60m),2020/11,1.38,standard,2020_all_kansokukekka_ichiran_R.pdf,24,2020-11-15
新横浜駅前公園-2(60m),2020/12,1.34,standard,2020_all_kansokukekka_ichiran_R.pdf,24,2020-12-15
新横浜駅前公園-2(60m),2021/05,1.76,standard,2021_all_kansokukekka_ichiran_R.pdf,24,2021-05-15
新横浜駅前公園-2(60m),2021/06,2.46,standard,2021_all_kansokukekka_ichiran_R.pdf,24,2021-06-15
新横浜駅前公園-2(60m),2021/07,1.47,standard,2021_all_kansokukekka_ichiran_R.pdf,24,2021-07-15
新横浜駅前公園-2(60m),2021/08,1.47,standard,2021_all_kansokukekka_ichiran_R.pdf,24,2021-08-15
新横浜駅前公園-2(60m),2021/09,1.58,standard,2021_all_kansokukekka_ichiran_R.pdf,24,2021-09-15
新横浜駅前公園-2(60m),2021/10,1.75,standard,2021_all_kansokukekka_ichiran_R.pdf,24,2021-10-15
新横浜駅前公園-2(60m),2021/11,1.88,standard,2021_all_kansokukekka_ichiran_R.pdf,24,2021-11-15
新横浜駅前公園-2(60m),2021/12,1.94,standard,2021_all_kansokukekka_ichiran_R.pdf,24,2021-12-15
新横浜駅前公園-2(60m),2022/01,1.75,standard,2021_all_kansokukekka_ichiran_R.pdf,24,2022-01-15
新横浜駅前公園-2(60m),2022/02,1.69,standard,2021_all_kansokukekka_ichiran_R.pdf,24,2022-02-15
新横浜駅前公園-2(60m),2022/03,1.8,standard,2021_all_kansokukekka_ichiran_R.pdf,24,2022-03-15
新横浜駅前公園-2(60m),2022/04,1.94,standard,2022_all_kansokukekka_ichiran_R.pdf,24,2022-04-15
新横浜駅前公園-2(60m),2022/05,1.94,standard,2022_all_kansokukekka_ichiran_R.pdf,24,2022-05-15
新横浜駅前公園-2(60m),2022/06,1.74,standard,2022_all_kansokukekka_ichiran_R.pdf,24,2022-06-15
新横浜駅前公園-2(60m),2022/07,1.55,standard,2022_all_kansokukekka_ichiran_R.pdf,24,2022-07-15
新横浜駅前公園-2(60m),2022/08,1.5,standard,2022_all_kansokukekka_ichiran_R.pdf,24,2022-08-15
新横浜駅前公園-2(60m),2022/09,1.65,standard,2022_all_kansokukekka_ichiran_R.pdf,24,2022-09-15
新横浜駅前公園-2(60m),2022/10,1.72,standard,2022_all_kansokukekka_ichiran_R.pdf,24,2022-10-15
新横浜駅前公園-2(60m),2022/11,1.7,standard,2022_all_kansokukekka_ichiran_R.pdf,24,2022-11-15
新横浜駅前公園-2(60m),2022/12,1.82,standard,2022_all_kansokukekka_ichiran_R.pdf,24,2022-12-15
新横浜駅前公園-2(60m),2023/01,1.65,standard,2022_all_kansokukekka_ichiran_R.pdf,24,2023-01-15
新横浜駅前公園-2(60m),2023/02,1.57,standard,2022_all_kansokukekka_ichiran_R.pdf,24,2023-02-15
新横浜駅前公園-2(60m),2023/03,1.59,standard,2022_all_kansokukekka_ichiran_R.pdf,24,2023-03-15
新横浜駅前公園-2(60m),2023/04,1.73,standard,2023_all_kansokukekka_ichiran.pdf,24,2023-04-15
新横浜駅前公園-2(60m),2023/05,1.84,standard,2023_all_kansokukekka_ichiran.pdf,24,2023-05-15
新横浜駅前公園-2(60m),2023/06,1.81,standard,2023_all_kansokukekka_ichiran.pdf,24,2023-06-15
新横浜駅前公園-2(60m),2023/07,1.54,standard,2023_all_kansokukekka_ichiran.pdf,24,2023-07-15
新横浜駅前公園-2(60m),2023/08,1.46,standard,2023_all_kansokukekka_ichiran.pdf,24,2023-08-15
新横浜駅前公園-2(60m),2023/09,1.52,standard,2023_all_kansokukekka_ichiran.pdf,24,2023-09-15
新横浜駅前公園-2(60m),2023/10,1.6,standard,2023_all_kansokukekka_ichiran.pdf,24,2023-10-15
新横浜駅前公園-2(60m),2023/11,1.63,standard,2023_all_kansokukekka_ichiran.pdf,24,2023-11-15
新横浜駅前公園-2(60m),2024/01,1.74,standard,2023_all_kansokukekka_ichiran.pdf,24,2024-01-15
新横浜駅前公園-2(60m),2024/02,1.83,standard,2023_all_kansokukekka_ichiran.pdf,24,2024-02-15
新横浜駅前公園-2(60m),2024/03,1.91,standard,2023_all_kansokukekka_ichiran.pdf,24,2024-03-15
新横浜駅前公園-2(60m),2024/04,1.98,standard,2024_all_kansokukekka_ichiran.pdf,24,2024-04-15
新横浜駅前公園-2(60m),2024/05,1.93,standard,2024_all_kansokukekka_ichiran.pdf,24,2024-05-15
新横浜駅前公園-2(60m),2024/06,1.91,standard,2024_all_kansokukekka_ichiran.pdf,24,2024-06-15
新横浜駅前公園-2(60m),2024/07,1.83,standard,2024_all_kansokukekka_ichiran.pdf,24,2024-07-15
新横浜駅前公園-2(60m),2024/08,1.65,standard,2024_all_kansokukekka_ichiran.pdf,24,2024-08-15
新横浜駅前公園-2(60m),2024/09,1.69,standard,2024_all_kansokukekka_ichiran.pdf,24,2024-09-15
新横浜駅前公園-2(60m),2024/10,1.8,standard,2024_all_kansokukekka_ichiran.pdf,24,2024-10-15
新横浜駅前公園-2(60m),2024/11,1.76,standard,2024_all_kansokukekka_ichiran.pdf,24,2024-11-15
新横浜駅前公園-2(60m),2024/12,1.72,standard,2024_all_kansokukekka_ichiran.pdf,24,2024-12-15
新横浜駅前公園-2(60m),2025/01,1.66,standard,2024_all_kansokukekka_ichiran.pdf,24,2025-01-15
新横浜駅前公園-2(60m),2025/02,1.6,standard,2024_all_kansokukekka_ichiran.pdf,24,2025-02-15
新横浜駅前公園-2(60m),2025/03,1.69,standard,2024_all_kansokukekka_ichiran.pdf,24,2025-03-15
新横浜駅前公園-2(60m),2025/04,1.82,standard,2025_all_data.pdf,1,2025-04-15
新横浜駅前公園-2(60m),2025/05,1.81,standard,2025_all_data.pdf,1,2025-05-15
新横浜駅前公園-2(60m),2025/06,1.82,standard,2025_all_data.pdf,1,2025-06-15
新横浜駅前公園-2(60m),2025/07,1.78,standard,2025_all_data.pdf,1,2025-07-15
新横浜駅前公園-2(60m),2025/08,1.6,standard,2025_all_data.pdf,1,2025-08-15
新横浜駅前公園-2(60m),2025/09,1.7,standard,2025_all_data.pdf,1,2025-09-15
新横浜駅前公園-2(60m),2025/10,1.72,standard,2025_all_data.pdf,1,2025-10-15
新横浜駅前公園-2(60m),2025/11,1.82,standard,2025_all_data.pdf,1,2025-11-15
新横浜駅前公園-2(60m),2025/12,1.75,standard,2025_all_data.pdf,1,2025-12-15
新横浜駅前公園-2(60m),2026/01,1.75,standard,2025_all_data.pdf,1,2026-01-15
新横浜駅前公園-2(60m),2026/02,1.69,standard,2025_all_data.pdf,1,2026-02-15
新横浜駅前公園-2(60m),2026/03,1.77,standard,2025_all_data.pdf,1,2026-03-15
新横浜駅前公園-3(117m),2010/06,1.28,standard,2010-2016_all_data.pdf,2,2010-06-15
新横浜駅前公園-3(117m),2010/10,1.01,standard,2010-2016_all_data.pdf,2,2010-10-15
新横浜駅前公園-3(117m),2010/11,1.27,standard,2010-2016_all_data.pdf,2,2010-11-15
新横浜駅前公園-3(117m),2010/12,1.37,standard,2010-2016_all_data.pdf,2,2010-12-15
新横浜駅前公園-3(117m),2011/01,1.15,standard,2010-2016_all_data.pdf,2,2011-01-15
新横浜駅前公園-3(117m),2011/02,1.11,standard,2010-2016_all_data.pdf,2,2011-02-15
新横浜駅前公園-3(117m),2011/03,0.86,standard,2010-2016_all_data.pdf,2,2011-03-15
新横浜駅前公園-3(117m),2011/04,1.09,standard,2010-2016_all_data.pdf,3,2011-04-15
新横浜駅前公園-3(117m),2011/05,2.5,standard,2010-2016_all_data.pdf,3,2011-05-15
新横浜駅前公園-3(117m),2011/06,2.4,standard,2010-2016_all_data.pdf,3,2011-06-15
新横浜駅前公園-3(117m),2011/07,1.96,standard,2010-2016_all_data.pdf,3,2011-07-15
新横浜駅前公園-3(117m),2011/08,1.87,standard,2010-2016_all_data.pdf,3,2011-08-15
新横浜駅前公園-3(117m),2011/09,1.91,standard,2010-2016_all_data.pdf,3,2011-09-15
新横浜駅前公園-3(117m),2011/10,2.05,standard,2010-2016_all_data.pdf,3,2011-10-15
新横浜駅前公園-3(117m),2011/11,1.96,standard,2010-2016_all_data.pdf,3,2011-11-15
新横浜駅前公園-3(117m),2011/12,1.98,standard,2010-2016_all_data.pdf,3,2011-12-15
新横浜駅前公園-3(117m),2012/01,1.82,standard,2010-2016_all_data.pdf,3,2012-01-15
新横浜駅前公園-3(117m),2012/02,1.57,standard,2010-2016_all_data.pdf,3,2012-02-15
新横浜駅前公園-3(117m),2012/03,1.32,standard,2010-2016_all_data.pdf,3,2012-03-15
新横浜駅前公園-3(117m),2012/04,1.54,standard,2010-2016_all_data.pdf,4,2012-04-15
新横浜駅前公園-3(117m),2012/05,1.86,standard,2010-2016_all_data.pdf,4,2012-05-15
新横浜駅前公園-3(117m),2012/06,1.57,standard,2010-2016_all_data.pdf,4,2012-06-15
新横浜駅前公園-3(117m),2012/07,1.3,standard,2010-2016_all_data.pdf,4,2012-07-15
新横浜駅前公園-3(117m),2012/08,1.21,standard,2010-2016_all_data.pdf,4,2012-08-15
新横浜駅前公園-3(117m),2012/09,0.99,standard,2010-2016_all_data.pdf,4,2012-09-15
新横浜駅前公園-3(117m),2012/10,0.94,standard,2010-2016_all_data.pdf,4,2012-10-15
新横浜駅前公園-3(117m),2012/11,1.18,standard,2010-2016_all_data.pdf,4,2012-11-15
新横浜駅前公園-3(117m),2012/12,1.2,standard,2010-2016_all_data.pdf,4,2012-12-15
新横浜駅前公園-3(117m),2013/01,1.37,standard,2010-2016_all_data.pdf,4,2013-01-15
新横浜駅前公園-3(117m),2013/02,1.21,standard,2010-2016_all_data.pdf,4,2013-02-15
新横浜駅前公園-3(117m),2013/04,1.22,standard,2010-2016_all_data.pdf,5,2013-04-15
新横浜駅前公園-3(117m),2013/05,1.03,standard,2010-2016_all_data.pdf,5,2013-05-15
新横浜駅前公園-3(117m),2013/06,0.71,standard,2010-2016_all_data.pdf,5,2013-06-15
新横浜駅前公園-3(117m),2013/07,0.53,standard,2010-2016_all_data.pdf,5,2013-07-15
新横浜駅前公園-3(117m),2013/08,0.35,standard,2010-2016_all_data.pdf,5,2013-08-15
新横浜駅前公園-3(117m),2013/09,0.51,standard,2010-2016_all_data.pdf,5,2013-09-15
新横浜駅前公園-3(117m),2013/10,0.8,standard,2010-2016_all_data.pdf,5,2013-10-15
新横浜駅前公園-3(117m),2013/12,1.05,standard,2010-2016_all_data.pdf,5,2013-12-15
新横浜駅前公園-3(117m),2014/02,1.06,standard,2010-2016_all_data.pdf,5,2014-02-15
新横浜駅前公園-3(117m),2014/04,1.2,standard,2010-2016_all_data.pdf,6,2014-04-15
新横浜駅前公園-3(117m),2014/05,1.25,standard,2010-2016_all_data.pdf,6,2014-05-15
新横浜駅前公園-3(117m),2014/07,0.95,standard,2010-2016_all_data.pdf,6,2014-07-15
新横浜駅前公園-3(117m),2014/08,0.82,standard,2010-2016_all_data.pdf,6,2014-08-15
新横浜駅前公園-3(117m),2014/09,1.05,standard,2010-2016_all_data.pdf,6,2014-09-15
新横浜駅前公園-3(117m),2014/10,1.26,standard,2010-2016_all_data.pdf,6,2014-10-15
新横浜駅前公園-3(117m),2014/11,1.41,standard,2010-2016_all_data.pdf,6,2014-11-15
新横浜駅前公園-3(117m),2014/12,1.51,standard,2010-2016_all_data.pdf,6,2014-12-15
新横浜駅前公園-3(117m),2015/01,1.57,standard,2010-2016_all_data.pdf,6,2015-01-15
新横浜駅前公園-3(117m),2015/03,1.62,standard,2010-2016_all_data.pdf,6,2015-03-15
新横浜駅前公園-3(117m),2015/04,1.64,standard,2010-2016_all_data.pdf,7,2015-04-15
新横浜駅前公園-3(117m),2015/05,1.59,standard,2010-2016_all_data.pdf,7,2015-05-15
新横浜駅前公園-3(117m),2015/06,1.35,standard,2010-2016_all_data.pdf,7,2015-06-15
新横浜駅前公園-3(117m),2015/07,1.38,standard,2010-2016_all_data.pdf,7,2015-07-15
新横浜駅前公園-3(117m),2015/08,1.03,standard,2010-2016_all_data.pdf,7,2015-08-15
新横浜駅前公園-3(117m),2015/09,1.15,standard,2010-2016_all_data.pdf,7,2015-09-15
新横浜駅前公園-3(117m),2015/10,1.41,standard,2010-2016_all_data.pdf,7,2015-10-15
新横浜駅前公園-3(117m),2015/12,1.56,standard,2010-2016_all_data.pdf,7,2015-12-15
新横浜駅前公園-3(117m),2016/01,1.47,standard,2010-2016_all_data.pdf,7,2016-01-15
新横浜駅前公園-3(117m),2016/02,1.45,standard,2010-2016_all_data.pdf,7,2016-02-15
新横浜駅前公園-3(117m),2016/03,1.6,standard,2010-2016_all_data.pdf,7,2016-03-15
新横浜駅前公園-3(117m),2016/04,1.6,standard,2010-2016_all_data.pdf,8,2016-04-15
新横浜駅前公園-3(117m),2016/05,1.51,standard,2010-2016_all_data.pdf,8,2016-05-15
新横浜駅前公園-3(117m),2016/06,1.19,standard,2010-2016_all_data.pdf,8,2016-06-15
新横浜駅前公園-3(117m),2016/08,0.82,standard,2010-2016_all_data.pdf,8,2016-08-15
新横浜駅前公園-3(117m),2016/09,0.85,standard,2010-2016_all_data.pdf,8,2016-09-15
新横浜駅前公園-3(117m),2016/10,0.9,standard,2010-2016_all_data.pdf,8,2016-10-15
新横浜駅前公園-3(117m),2016/11,1.1,standard,2010-2016_all_data.pdf,8,2016-11-15
新横浜駅前公園-3(117m),2016/12,1.41,standard,2010-2016_all_data.pdf,8,2016-12-15
新横浜駅前公園-3(117m),2017/01,1.48,standard,2010-2016_all_data.pdf,8,2017-01-15
新横浜駅前公園-3(117m),2017/02,1.44,standard,2010-2016_all_data.pdf,8,2017-02-15
新横浜駅前公園-3(117m),2017/03,1.4,standard,2010-2016_all_data.pdf,8,2017-03-15
新横浜駅前公園-3(117m),2017/04,1.4,standard,2017_all_kansokukekka_ichiran_R.pdf,24,2017-04-15
新横浜駅前公園-3(117m),2017/05,1.37,standard,2017_all_kansokukekka_ichiran_R.pdf,24,2017-05-15
新横浜駅前公園-3(117m),2017/06,1.02,standard,2017_all_kansokukekka_ichiran_R.pdf,24,2017-06-15
新横浜駅前公園-3(117m),2017/10,1.2,standard,2017_all_kansokukekka_ichiran_R.pdf,24,2017-10-15
新横浜駅前公園-3(117m),2017/11,1.01,standard,2017_all_kansokukekka_ichiran_R.pdf,24,2017-11-15
新横浜駅前公園-3(117m),2018/01,1.74,standard,2017_all_kansokukekka_ichiran_R.pdf,24,2018-01-15
新横浜駅前公園-3(117m),2018/03,1.74,standard,2017_all_kansokukekka_ichiran_R.pdf,24,2018-03-15
新横浜駅前公園-3(117m),2018/04,1.78,standard,2018_all_kansokukekka_ichiran_R.pdf,24,2018-04-15
新横浜駅前公園-3(117m),2018/05,1.77,standard,2018_all_kansokukekka_ichiran_R.pdf,24,2018-05-15
新横浜駅前公園-3(117m),2018/06,1.5,standard,2018_all_kansokukekka_ichiran_R.pdf,24,2018-06-15
新横浜駅前公園-3(117m),2018/07,1.29,standard,2018_all_kansokukekka_ichiran_R.pdf,24,2018-07-15
新横浜駅前公園-3(117m),2018/08,1.16,standard,2018_all_kansokukekka_ichiran_R.pdf,24,2018-08-15
新横浜駅前公園-3(117m),2018/09,1.29,standard,2018_all_kansokukekka_ichiran_R.pdf,24,2018-09-15
新横浜駅前公園-3(117m),2018/10,1.49,standard,2018_all_kansokukekka_ichiran_R.pdf,24,2018-10-15
新横浜駅前公園-3(117m),2018/11,1.74,standard,2018_all_kansokukekka_ichiran_R.pdf,24,2018-11-15
新横浜駅前公園-3(117m),2018/12,1.85,standard,2018_all_kansokukekka_ichiran_R.pdf,24,2018-12-15
新横浜駅前公園-3(117m),2019/01,1.95,standard,2018_all_kansokukekka_ichiran_R.pdf,24,2019-01-15
新横浜駅前公園-3(117m),2019/02,1.91,standard,2018_all_kansokukekka_ichiran_R.pdf,24,2019-02-15
新横浜駅前公園-3(117m),2019/03,1.93,standard,2018_all_kansokukekka_ichiran_R.pdf,24,2019-03-15
新横浜駅前公園-3(117m),2019/04,1.94,standard,2019_all_kansokukekka_ichiran_R.pdf,24,2019-04-15
新横浜駅前公園-3(117m),2019/05,1.88,standard,2019_all_kansokukekka_ichiran_R.pdf,24,2019-05-15
新横浜駅前公園-3(117m),2019/07,1.64,standard,2019_all_kansokukekka_ichiran_R.pdf,24,2019-07-15
新横浜駅前公園-3(117m),2019/08,1.46,standard,2019_all_kansokukekka_ichiran_R.pdf,24,2019-08-15
新横浜駅前公園-3(117m),2019/09,1.58,standard,2019_all_kansokukekka_ichiran_R.pdf,24,2019-09-15
新横浜駅前公園-3(117m),2019/10,1.86,standard,2019_all_kansokukekka_ichiran_R.pdf,24,2019-10-15
新横浜駅前公園-3(117m),2019/11,2.17,standard,2019_all_kansokukekka_ichiran_R.pdf,24,2019-11-15
新横浜駅前公園-3(117m),2020/01,2.4,standard,2019_all_kansokukekka_ichiran_R.pdf,24,2020-01-15
新横浜駅前公園-3(117m),2020/02,2.45,standard,2019_all_kansokukekka_ichiran_R.pdf,24,2020-02-15
新横浜駅前公園-3(117m),2020/03,2.48,standard,2019_all_kansokukekka_ichiran_R.pdf,24,2020-03-15
新横浜駅前公園-3(117m),2020/08,2.01,standard,2020_all_kansokukekka_ichiran_R.pdf,24,2020-08-15
新横浜駅前公園-3(117m),2020/10,2.05,standard,2020_all_kansokukekka_ichiran_R.pdf,24,2020-10-15
新横浜駅前公園-3(117m),2020/11,2.36,standard,2020_all_kansokukekka_ichiran_R.pdf,24,2020-11-15
新横浜駅前公園-3(117m),2020/12,2.43,standard,2020_all_kansokukekka_ichiran_R.pdf,24,2020-12-15
新横浜駅前公園-3(117m),2021/05,2.7,standard,2021_all_kansokukekka_ichiran_R.pdf,24,2021-05-15
新横浜駅前公園-3(117m),2021/06,2.1,standard,2021_all_kansokukekka_ichiran_R.pdf,24,2021-06-15
新横浜駅前公園-3(117m),2021/07,2.13,standard,2021_all_kansokukekka_ichiran_R.pdf,24,2021-07-15
新横浜駅前公園-3(117m),2021/08,2.03,standard,2021_all_kansokukekka_ichiran_R.pdf,24,2021-08-15
新横浜駅前公園-3(117m),2021/09,2.2,standard,2021_all_kansokukekka_ichiran_R.pdf,24,2021-09-15
新横浜駅前公園-3(117m),2021/10,2.47,standard,2021_all_kansokukekka_ichiran_R.pdf,24,2021-10-15
新横浜駅前公園-3(117m),2021/11,2.82,standard,2021_all_kansokukekka_ichiran_R.pdf,24,2021-11-15
新横浜駅前公園-3(117m),2021/12,2.89,standard,2021_all_kansokukekka_ichiran_R.pdf,24,2021-12-15
新横浜駅前公園-3(117m),2022/01,2.86,standard,2021_all_kansokukekka_ichiran_R.pdf,24,2022-01-15
新横浜駅前公園-3(117m),2022/02,2.82,standard,2021_all_kansokukekka_ichiran_R.pdf,24,2022-02-15
新横浜駅前公園-3(117m),2022/03,2.77,standard,2021_all_kansokukekka_ichiran_R.pdf,24,2022-03-15
新横浜駅前公園-3(117m),2022/04,2.87,standard,2022_all_kansokukekka_ichiran_R.pdf,24,2022-04-15
新横浜駅前公園-3(117m),2022/05,2.9,standard,2022_all_kansokukekka_ichiran_R.pdf,24,2022-05-15
新横浜駅前公園-3(117m),2022/06,2.44,standard,2022_all_kansokukekka_ichiran_R.pdf,24,2022-06-15
新横浜駅前公園-3(117m),2022/07,2.03,standard,2022_all_kansokukekka_ichiran_R.pdf,24,2022-07-15
新横浜駅前公園-3(117m),2022/08,1.95,standard,2022_all_kansokukekka_ichiran_R.pdf,24,2022-08-15
新横浜駅前公園-3(117m),2022/09,2.23,standard,2022_all_kansokukekka_ichiran_R.pdf,24,2022-09-15
新横浜駅前公園-3(117m),2022/10,2.43,standard,2022_all_kansokukekka_ichiran_R.pdf,24,2022-10-15
新横浜駅前公園-3(117m),2022/11,2.58,standard,2022_all_kansokukekka_ichiran_R.pdf,24,2022-11-15
新横浜駅前公園-3(117m),2022/12,2.83,standard,2022_all_kansokukekka_ichiran_R.pdf,24,2022-12-15
新横浜駅前公園-3(117m),2023/01,2.72,standard,2022_all_kansokukekka_ichiran_R.pdf,24,2023-01-15
新横浜駅前公園-3(117m),2023/02,2.67,standard,2022_all_kansokukekka_ichiran_R.pdf,24,2023-02-15
新横浜駅前公園-3(117m),2023/03,2.68,standard,2022_all_kansokukekka_ichiran_R.pdf,24,2023-03-15
新横浜駅前公園-3(117m),2023/04,2.73,standard,2023_all_kansokukekka_ichiran.pdf,24,2023-04-15
新横浜駅前公園-3(117m),2023/05,2.71,standard,2023_all_kansokukekka_ichiran.pdf,24,2023-05-15
新横浜駅前公園-3(117m),2023/06,2.5,standard,2023_all_kansokukekka_ichiran.pdf,24,2023-06-15
新横浜駅前公園-3(117m),2023/07,2.11,standard,2023_all_kansokukekka_ichiran.pdf,24,2023-07-15
新横浜駅前公園-3(117m),2023/08,1.98,standard,2023_all_kansokukekka_ichiran.pdf,24,2023-08-15
新横浜駅前公園-3(117m),2023/09,2.16,standard,2023_all_kansokukekka_ichiran.pdf,24,2023-09-15
新横浜駅前公園-3(117m),2023/10,2.36,standard,2023_all_kansokukekka_ichiran.pdf,24,2023-10-15
新横浜駅前公園-3(117m),2023/11,2.58,standard,2023_all_kansokukekka_ichiran.pdf,24,2023-11-15
新横浜駅前公園-3(117m),2024/01,2.74,standard,2023_all_kansokukekka_ichiran.pdf,24,2024-01-15
新横浜駅前公園-3(117m),2024/02,2.84,standard,2023_all_kansokukekka_ichiran.pdf,24,2024-02-15
新横浜駅前公園-3(117m),2024/03,2.92,standard,2023_all_kansokukekka_ichiran.pdf,24,2024-03-15
新横浜駅前公園-3(117m),2024/04,2.99,standard,2024_all_kansokukekka_ichiran.pdf,24,2024-04-15
新横浜駅前公園-3(117m),2024/05,2.89,standard,2024_all_kansokukekka_ichiran.pdf,24,2024-05-15
新横浜駅前公園-3(117m),2024/06,2.64,standard,2024_all_kansokukekka_ichiran.pdf,24,2024-06-15
新横浜駅前公園-3(117m),2024/07,2.39,standard,2024_all_kansokukekka_ichiran.pdf,24,2024-07-15
新横浜駅前公園-3(117m),2024/08,2.19,standard,2024_all_kansokukekka_ichiran.pdf,24,2024-08-15
新横浜駅前公園-3(117m),2024/09,2.39,standard,2024_all_kansokukekka_ichiran.pdf,24,2024-09-15
新横浜駅前公園-3(117m),2024/10,2.5,standard,2024_all_kansokukekka_ichiran.pdf,24,2024-10-15
新横浜駅前公園-3(117m),2024/11,2.61,standard,2024_all_kansokukekka_ichiran.pdf,24,2024-11-15
新横浜駅前公園-3(117m),2024/12,2.64,standard,2024_all_kansokukekka_ichiran.pdf,24,2024-12-15
新横浜駅前公園-3(117m),2025/01,2.78,standard,2024_all_kansokukekka_ichiran.pdf,24,2025-01-15
新横浜駅前公園-3(117m),2025/02,2.7,standard,2024_all_kansokukekka_ichiran.pdf,24,2025-02-15
新横浜駅前公園-3(117m),2025/03,2.7,standard,2024_all_kansokukekka_ichiran.pdf,24,2025-03-15
新横浜駅前公園-3(117m),2025/04,2.75,standard,2025_all_data.pdf,1,2025-04-15
新横浜駅前公園-3(117m),2025/05,2.57,standard,2025_all_data.pdf,1,2025-05-15
新横浜駅前公園-3(117m),2025/06,2.46,standard,2025_all_data.pdf,1,2025-06-15
新横浜駅前公園-3(117m),2025/07,2.25,standard,2025_all_data.pdf,1,2025-07-15
新横浜駅前公園-3(117m),2025/08,2.11,standard,2025_all_data.pdf,1,2025-08-15
新横浜駅前公園-3(117m),2025/09,2.31,standard,2025_all_data.pdf,1,2025-09-15
新横浜駅前公園-3(117m),2025/10,2.42,standard,2025_all_data.pdf,1,2025-10-15
新横浜駅前公園-3(117m),2025/11,2.6,standard,2025_all_data.pdf,1,2025-11-15
新横浜駅前公園-3(117m),2025/12,2.7,standard,2025_all_data.pdf,1,2025-12-15
新横浜駅前公園-3(117m),2026/01,2.83,standard,2025_all_data.pdf,1,2026-01-15
新横浜駅前公園-3(117m),2026/02,2.74,standard,2025_all_data.pdf,1,2026-02-15
新横浜駅前公園-3(117m),2026/03,2.78,standard,2025_all_data.pdf,1,2026-03-15
新羽公園-1(80m),2010/04,1.36,standard,2010-2016_all_data.pdf,2,2010-04-15
新羽公園-1(80m),2010/05,1.49,standard,2010-2016_all_data.pdf,2,2010-05-15
新羽公園-1(80m),2010/07,1.26,standard,2010-2016_all_data.pdf,2,2010-07-15
新羽公園-1(80m),2010/08,0.89,standard,2010-2016_all_data.pdf,2,2010-08-15
新羽公園-1(80m),2010/09,0.73,standard,2010-2016_all_data.pdf,2,2010-09-15
新羽公園-1(80m),2010/10,1.2,standard,2010-2016_all_data.pdf,2,2010-10-15
新羽公園-1(80m),2010/11,1.3,standard,2010-2016_all_data.pdf,2,2010-11-15
新羽公園-1(80m),2010/12,1.42,standard,2010-2016_all_data.pdf,2,2010-12-15
新羽公園-1(80m),2011/01,1.5,standard,2010-2016_all_data.pdf,2,2011-01-15
新羽公園-1(80m),2011/02,1.36,standard,2010-2016_all_data.pdf,2,2011-02-15
新羽公園-1(80m),2011/03,2.7,standard,2010-2016_all_data.pdf,2,2011-03-15
新羽公園-1(80m),2011/05,2.9,standard,2010-2016_all_data.pdf,3,2011-05-15
新羽公園-1(80m),2011/06,2.95,standard,2010-2016_all_data.pdf,3,2011-06-15
新羽公園-1(80m),2011/07,2.7,standard,2010-2016_all_data.pdf,3,2011-07-15
新羽公園-1(80m),2011/08,2.58,standard,2010-2016_all_data.pdf,3,2011-08-15
新羽公園-1(80m),2011/09,2.45,standard,2010-2016_all_data.pdf,3,2011-09-15
新羽公園-1(80m),2011/10,2.49,standard,2010-2016_all_data.pdf,3,2011-10-15
新羽公園-1(80m),2011/11,2.31,standard,2010-2016_all_data.pdf,3,2011-11-15
新羽公園-1(80m),2011/12,2.42,standard,2010-2016_all_data.pdf,3,2011-12-15
新羽公園-1(80m),2012/01,2.89,standard,2010-2016_all_data.pdf,3,2012-01-15
新羽公園-1(80m),2012/03,3.05,standard,2010-2016_all_data.pdf,3,2012-03-15
新羽公園-1(80m),2012/04,2.34,standard,2010-2016_all_data.pdf,4,2012-04-15
新羽公園-1(80m),2012/05,2.5,standard,2010-2016_all_data.pdf,4,2012-05-15
新羽公園-1(80m),2012/06,1.78,standard,2010-2016_all_data.pdf,4,2012-06-15
新羽公園-1(80m),2012/07,2.2,standard,2010-2016_all_data.pdf,4,2012-07-15
新羽公園-1(80m),2012/08,1.93,standard,2010-2016_all_data.pdf,4,2012-08-15
新羽公園-1(80m),2012/09,1.77,standard,2010-2016_all_data.pdf,4,2012-09-15
新羽公園-1(80m),2012/10,1.96,standard,2010-2016_all_data.pdf,4,2012-10-15
新羽公園-1(80m),2012/11,2.1,standard,2010-2016_all_data.pdf,4,2012-11-15
新羽公園-1(80m),2012/12,2.11,standard,2010-2016_all_data.pdf,4,2012-12-15
新羽公園-1(80m),2013/01,2.26,standard,2010-2016_all_data.pdf,4,2013-01-15
新羽公園-1(80m),2013/02,1.84,standard,2010-2016_all_data.pdf,4,2013-02-15
新羽公園-1(80m),2013/03,2.06,standard,2010-2016_all_data.pdf,4,2013-03-15
新羽公園-1(80m),2013/04,2.02,standard,2010-2016_all_data.pdf,5,2013-04-15
新羽公園-1(80m),2013/05,1.95,standard,2010-2016_all_data.pdf,5,2013-05-15
新羽公園-1(80m),2013/07,1.69,standard,2010-2016_all_data.pdf,5,2013-07-15
新羽公園-1(80m),2013/08,1.35,standard,2010-2016_all_data.pdf,5,2013-08-15
新羽公園-1(80m),2013/09,1.64,standard,2010-2016_all_data.pdf,5,2013-09-15
新羽公園-1(80m),2013/10,1.84,standard,2010-2016_all_data.pdf,5,2013-10-15
新羽公園-1(80m),2013/12,1.63,standard,2010-2016_all_data.pdf,5,2013-12-15
新羽公園-1(80m),2014/01,1.66,standard,2010-2016_all_data.pdf,5,2014-01-15
新羽公園-1(80m),2014/03,1.72,standard,2010-2016_all_data.pdf,5,2014-03-15
新羽公園-1(80m),2014/05,1.99,standard,2010-2016_all_data.pdf,6,2014-05-15
新羽公園-1(80m),2014/06,2.05,standard,2010-2016_all_data.pdf,6,2014-06-15
新羽公園-1(80m),2014/07,1.59,standard,2010-2016_all_data.pdf,6,2014-07-15
新羽公園-1(80m),2014/08,1.31,standard,2010-2016_all_data.pdf,6,2014-08-15
新羽公園-1(80m),2014/09,1.58,standard,2010-2016_all_data.pdf,6,2014-09-15
新羽公園-1(80m),2014/10,1.75,standard,2010-2016_all_data.pdf,6,2014-10-15
新羽公園-1(80m),2014/11,1.72,standard,2010-2016_all_data.pdf,6,2014-11-15
新羽公園-1(80m),2014/12,1.76,standard,2010-2016_all_data.pdf,6,2014-12-15
新羽公園-1(80m),2015/01,1.73,standard,2010-2016_all_data.pdf,6,2015-01-15
新羽公園-1(80m),2015/03,1.72,standard,2010-2016_all_data.pdf,6,2015-03-15
新羽公園-1(80m),2015/04,1.68,standard,2010-2016_all_data.pdf,7,2015-04-15
新羽公園-1(80m),2015/05,1.65,standard,2010-2016_all_data.pdf,7,2015-05-15
新羽公園-1(80m),2015/06,1.97,standard,2010-2016_all_data.pdf,7,2015-06-15
新羽公園-1(80m),2015/07,1.94,standard,2010-2016_all_data.pdf,7,2015-07-15
新羽公園-1(80m),2015/08,1.65,standard,2010-2016_all_data.pdf,7,2015-08-15
新羽公園-1(80m),2015/09,1.8,standard,2010-2016_all_data.pdf,7,2015-09-15
新羽公園-1(80m),2015/10,1.74,standard,2010-2016_all_data.pdf,7,2015-10-15
新羽公園-1(80m),2015/12,1.73,standard,2010-2016_all_data.pdf,7,2015-12-15
新羽公園-1(80m),2016/01,1.7,standard,2010-2016_all_data.pdf,7,2016-01-15
新羽公園-1(80m),2016/02,1.81,standard,2010-2016_all_data.pdf,7,2016-02-15
新羽公園-1(80m),2016/03,1.55,standard,2010-2016_all_data.pdf,7,2016-03-15
新羽公園-1(80m),2016/04,1.71,standard,2010-2016_all_data.pdf,8,2016-04-15
新羽公園-1(80m),2016/05,1.67,standard,2010-2016_all_data.pdf,8,2016-05-15
新羽公園-1(80m),2016/06,1.58,standard,2010-2016_all_data.pdf,8,2016-06-15
新羽公園-1(80m),2016/08,1.51,standard,2010-2016_all_data.pdf,8,2016-08-15
新羽公園-1(80m),2016/09,1.77,standard,2010-2016_all_data.pdf,8,2016-09-15
新羽公園-1(80m),2016/10,1.77,standard,2010-2016_all_data.pdf,8,2016-10-15
新羽公園-1(80m),2016/11,1.96,standard,2010-2016_all_data.pdf,8,2016-11-15
新羽公園-1(80m),2016/12,1.95,standard,2010-2016_all_data.pdf,8,2016-12-15
新羽公園-1(80m),2017/01,1.93,standard,2010-2016_all_data.pdf,8,2017-01-15
新羽公園-1(80m),2017/02,1.77,standard,2010-2016_all_data.pdf,8,2017-02-15
新羽公園-1(80m),2017/03,1.77,standard,2010-2016_all_data.pdf,8,2017-03-15
新羽公園-1(80m),2017/04,1.67,standard,2017_all_kansokukekka_ichiran_R.pdf,24,2017-04-15
新羽公園-1(80m),2017/05,1.59,standard,2017_all_kansokukekka_ichiran_R.pdf,24,2017-05-15
新羽公園-1(80m),2017/06,1.54,standard,2017_all_kansokukekka_ichiran_R.pdf,24,2017-06-15
新羽公園-1(80m),2017/10,1.4,standard,2017_all_kansokukekka_ichiran_R.pdf,24,2017-10-15
新羽公園-1(80m),2017/11,1.64,standard,2017_all_kansokukekka_ichiran_R.pdf,24,2017-11-15
新羽公園-1(80m),2018/01,1.73,standard,2017_all_kansokukekka_ichiran_R.pdf,24,2018-01-15
新羽公園-1(80m),2018/02,1.68,standard,2017_all_kansokukekka_ichiran_R.pdf,24,2018-02-15
新羽公園-1(80m),2018/03,1.74,standard,2017_all_kansokukekka_ichiran_R.pdf,24,2018-03-15
新羽公園-1(80m),2018/04,1.52,standard,2018_all_kansokukekka_ichiran_R.pdf,24,2018-04-15
新羽公園-1(80m),2018/05,1.74,standard,2018_all_kansokukekka_ichiran_R.pdf,24,2018-05-15
新羽公園-1(80m),2018/06,1.55,standard,2018_all_kansokukekka_ichiran_R.pdf,24,2018-06-15
新羽公園-1(80m),2018/07,1.27,standard,2018_all_kansokukekka_ichiran_R.pdf,24,2018-07-15
新羽公園-1(80m),2018/08,1.23,standard,2018_all_kansokukekka_ichiran_R.pdf,24,2018-08-15
新羽公園-1(80m),2018/09,1.52,standard,2018_all_kansokukekka_ichiran_R.pdf,24,2018-09-15
新羽公園-1(80m),2018/10,1.56,standard,2018_all_kansokukekka_ichiran_R.pdf,24,2018-10-15
新羽公園-1(80m),2018/11,1.62,standard,2018_all_kansokukekka_ichiran_R.pdf,24,2018-11-15
新羽公園-1(80m),2018/12,1.67,standard,2018_all_kansokukekka_ichiran_R.pdf,24,2018-12-15
新羽公園-1(80m),2019/01,1.6,standard,2018_all_kansokukekka_ichiran_R.pdf,24,2019-01-15
新羽公園-1(80m),2019/02,1.61,standard,2018_all_kansokukekka_ichiran_R.pdf,24,2019-02-15
新羽公園-1(80m),2019/03,1.73,standard,2018_all_kansokukekka_ichiran_R.pdf,24,2019-03-15
新羽公園-1(80m),2019/04,2.6,standard,2019_all_kansokukekka_ichiran_R.pdf,24,2019-04-15
新羽公園-1(80m),2019/05,1.59,standard,2019_all_kansokukekka_ichiran_R.pdf,24,2019-05-15
新羽公園-1(80m),2019/07,1.66,standard,2019_all_kansokukekka_ichiran_R.pdf,24,2019-07-15
新羽公園-1(80m),2019/08,1.4,standard,2019_all_kansokukekka_ichiran_R.pdf,24,2019-08-15
新羽公園-1(80m),2019/09,1.51,standard,2019_all_kansokukekka_ichiran_R.pdf,24,2019-09-15
新羽公園-1(80m),2019/10,1.76,standard,2019_all_kansokukekka_ichiran_R.pdf,24,2019-10-15
新羽公園-1(80m),2019/11,1.78,standard,2019_all_kansokukekka_ichiran_R.pdf,24,2019-11-15
新羽公園-1(80m),2020/01,1.85,standard,2019_all_kansokukekka_ichiran_R.pdf,24,2020-01-15
新羽公園-1(80m),2020/02,1.91,standard,2019_all_kansokukekka_ichiran_R.pdf,24,2020-02-15
新羽公園-1(80m),2020/03,2.14,standard,2019_all_kansokukekka_ichiran_R.pdf,24,2020-03-15
新羽公園-1(80m),2020/08,2.11,standard,2020_all_kansokukekka_ichiran_R.pdf,24,2020-08-15
新羽公園-1(80m),2020/10,2.0,standard,2020_all_kansokukekka_ichiran_R.pdf,24,2020-10-15
新羽公園-1(80m),2020/11,1.92,standard,2020_all_kansokukekka_ichiran_R.pdf,24,2020-11-15
新羽公園-1(80m),2020/12,1.88,standard,2020_all_kansokukekka_ichiran_R.pdf,24,2020-12-15
新羽公園-1(80m),2021/03,2.38,standard,2020_all_kansokukekka_ichiran_R.pdf,24,2021-03-15
新羽公園-1(80m),2021/04,2.3,standard,2021_all_kansokukekka_ichiran_R.pdf,24,2021-04-15
新羽公園-1(80m),2021/05,2.75,standard,2021_all_kansokukekka_ichiran_R.pdf,24,2021-05-15
新羽公園-1(80m),2021/06,2.19,standard,2021_all_kansokukekka_ichiran_R.pdf,24,2021-06-15
新羽公園-1(80m),2021/07,2.21,standard,2021_all_kansokukekka_ichiran_R.pdf,24,2021-07-15
新羽公園-1(80m),2021/08,2.0,standard,2021_all_kansokukekka_ichiran_R.pdf,24,2021-08-15
新羽公園-1(80m),2021/09,2.17,standard,2021_all_kansokukekka_ichiran_R.pdf,24,2021-09-15
新羽公園-1(80m),2021/10,2.41,standard,2021_all_kansokukekka_ichiran_R.pdf,24,2021-10-15
新羽公園-1(80m),2021/11,2.25,standard,2021_all_kansokukekka_ichiran_R.pdf,24,2021-11-15
新羽公園-1(80m),2021/12,2.2,standard,2021_all_kansokukekka_ichiran_R.pdf,24,2021-12-15
新羽公園-1(80m),2022/01,2.3,standard,2021_all_kansokukekka_ichiran_R.pdf,24,2022-01-15
新羽公園-1(80m),2022/02,2.29,standard,2021_all_kansokukekka_ichiran_R.pdf,24,2022-02-15
新羽公園-1(80m),2022/03,2.29,standard,2021_all_kansokukekka_ichiran_R.pdf,24,2022-03-15
新羽公園-1(80m),2022/04,2.31,standard,2022_all_kansokukekka_ichiran_R.pdf,24,2022-04-15
新羽公園-1(80m),2022/05,2.24,standard,2022_all_kansokukekka_ichiran_R.pdf,24,2022-05-15
新羽公園-1(80m),2022/06,2.15,standard,2022_all_kansokukekka_ichiran_R.pdf,24,2022-06-15
新羽公園-1(80m),2022/07,1.99,standard,2022_all_kansokukekka_ichiran_R.pdf,24,2022-07-15
新羽公園-1(80m),2022/08,1.92,standard,2022_all_kansokukekka_ichiran_R.pdf,24,2022-08-15
新羽公園-1(80m),2022/09,1.95,standard,2022_all_kansokukekka_ichiran_R.pdf,24,2022-09-15
新羽公園-1(80m),2022/10,2.08,standard,2022_all_kansokukekka_ichiran_R.pdf,24,2022-10-15
新羽公園-1(80m),2022/11,1.95,standard,2022_all_kansokukekka_ichiran_R.pdf,24,2022-11-15
新羽公園-1(80m),2022/12,2.05,standard,2022_all_kansokukekka_ichiran_R.pdf,24,2022-12-15
新羽公園-1(80m),2023/01,2.08,standard,2022_all_kansokukekka_ichiran_R.pdf,24,2023-01-15
新羽公園-1(80m),2023/02,2.13,standard,2022_all_kansokukekka_ichiran_R.pdf,24,2023-02-15
新羽公園-1(80m),2023/03,2.01,standard,2022_all_kansokukekka_ichiran_R.pdf,24,2023-03-15
新羽公園-1(80m),2023/04,2.02,standard,2023_all_kansokukekka_ichiran.pdf,24,2023-04-15
新羽公園-1(80m),2023/05,2.13,standard,2023_all_kansokukekka_ichiran.pdf,24,2023-05-15
新羽公園-1(80m),2023/06,2.1,standard,2023_all_kansokukekka_ichiran.pdf,24,2023-06-15
新羽公園-1(80m),2023/07,1.68,standard,2023_all_kansokukekka_ichiran.pdf,24,2023-07-15
新羽公園-1(80m),2023/08,1.66,standard,2023_all_kansokukekka_ichiran.pdf,24,2023-08-15
新羽公園-1(80m),2023/09,1.91,standard,2023_all_kansokukekka_ichiran.pdf,24,2023-09-15
新羽公園-1(80m),2023/10,2.1,standard,2023_all_kansokukekka_ichiran.pdf,24,2023-10-15
新羽公園-1(80m),2023/11,2.09,standard,2023_all_kansokukekka_ichiran.pdf,24,2023-11-15
新羽公園-1(80m),2024/01,2.29,standard,2023_all_kansokukekka_ichiran.pdf,24,2024-01-15
新羽公園-1(80m),2024/02,2.46,standard,2023_all_kansokukekka_ichiran.pdf,24,2024-02-15
新羽公園-1(80m),2024/03,2.49,standard,2023_all_kansokukekka_ichiran.pdf,24,2024-03-15
新羽公園-1(80m),2024/04,2.47,standard,2024_all_kansokukekka_ichiran.pdf,24,2024-04-15
新羽公園-1(80m),2024/05,2.44,standard,2024_all_kansokukekka_ichiran.pdf,24,2024-05-15
新羽公園-1(80m),2024/06,2.38,standard,2024_all_kansokukekka_ichiran.pdf,24,2024-06-15
新羽公園-1(80m),2024/07,2.23,standard,2024_all_kansokukekka_ichiran.pdf,24,2024-07-15
新羽公園-1(80m),2024/08,1.95,standard,2024_all_kansokukekka_ichiran.pdf,24,2024-08-15
新羽公園-1(80m),2024/09,1.93,standard,2024_all_kansokukekka_ichiran.pdf,24,2024-09-15
新羽公園-1(80m),2024/10,2.2,standard,2024_all_kansokukekka_ichiran.pdf,24,2024-10-15
新羽公園-1(80m),2024/11,2.11,standard,2024_all_kansokukekka_ichiran.pdf,24,2024-11-15
新羽公園-1(80m),2024/12,2.13,standard,2024_all_kansokukekka_ichiran.pdf,24,2024-12-15
新羽公園-1(80m),2025/01,2.18,standard,2024_all_kansokukekka_ichiran.pdf,24,2025-01-15
新羽公園-1(80m),2025/02,1.99,standard,2024_all_kansokukekka_ichiran.pdf,24,2025-02-15
新羽公園-1(80m),2025/03,2.13,standard,2024_all_kansokukekka_ichiran.pdf,24,2025-03-15
新羽公園-1(80m),2025/04,2.06,standard,2025_all_data.pdf,1,2025-04-15
新羽公園-1(80m),2025/05,2.23,standard,2025_all_data.pdf,1,2025-05-15
新羽公園-1(80m),2025/06,2.08,standard,2025_all_data.pdf,1,2025-06-15
新羽公園-1(80m),2025/07,1.97,standard,2025_all_data.pdf,1,2025-07-15
新羽公園-1(80m),2025/08,1.75,standard,2025_all_data.pdf,1,2025-08-15
新羽公園-1(80m),2025/09,1.71,standard,2025_all_data.pdf,1,2025-09-15
新羽公園-1(80m),2025/10,1.89,standard,2025_all_data.pdf,1,2025-10-15
新羽公園-1(80m),2025/11,1.94,standard,2025_all_data.pdf,1,2025-11-15
新羽公園-1(80m),2025/12,2.01,standard,2025_all_data.pdf,1,2025-12-15
新羽公園-1(80m),2026/01,2.03,standard,2025_all_data.pdf,1,2026-01-15
新羽公園-1(80m),2026/02,1.97,standard,2025_all_data.pdf,1,2026-02-15
新羽公園-1(80m),2026/03,2.0,standard,2025_all_data.pdf,1,2026-03-15
新羽公園-2(40m),2010/04,1.86,standard,2010-2016_all_data.pdf,2,2010-04-15
新羽公園-2(40m),2010/05,1.99,standard,2010-2016_all_data.pdf,2,2010-05-15
新羽公園-2(40m),2010/07,1.83,standard,2010-2016_all_data.pdf,2,2010-07-15
新羽公園-2(40m),2010/08,1.44,standard,2010-2016_all_data.pdf,2,2010-08-15
新羽公園-2(40m),2010/09,1.26,standard,2010-2016_all_data.pdf,2,2010-09-15
新羽公園-2(40m),2010/10,1.72,standard,2010-2016_all_data.pdf,2,2010-10-15
新羽公園-2(40m),2010/11,1.83,standard,2010-2016_all_data.pdf,2,2010-11-15
新羽公園-2(40m),2010/12,1.94,standard,2010-2016_all_data.pdf,2,2010-12-15
新羽公園-2(40m),2011/01,2.03,standard,2010-2016_all_data.pdf,2,2011-01-15
新羽公園-2(40m),2011/02,1.88,standard,2010-2016_all_data.pdf,2,2011-02-15
新羽公園-2(40m),2011/03,2.92,standard,2010-2016_all_data.pdf,2,2011-03-15
新羽公園-2(40m),2011/05,3.15,standard,2010-2016_all_data.pdf,3,2011-05-15
新羽公園-2(40m),2011/06,3.21,standard,2010-2016_all_data.pdf,3,2011-06-15
新羽公園-2(40m),2011/07,2.9,standard,2010-2016_all_data.pdf,3,2011-07-15
新羽公園-2(40m),2011/08,2.87,standard,2010-2016_all_data.pdf,3,2011-08-15
新羽公園-2(40m),2011/09,2.8,standard,2010-2016_all_data.pdf,3,2011-09-15
新羽公園-2(40m),2011/10,2.83,standard,2010-2016_all_data.pdf,3,2011-10-15
新羽公園-2(40m),2011/11,2.67,standard,2010-2016_all_data.pdf,3,2011-11-15
新羽公園-2(40m),2011/12,2.78,standard,2010-2016_all_data.pdf,3,2011-12-15
新羽公園-2(40m),2012/01,2.61,standard,2010-2016_all_data.pdf,3,2012-01-15
新羽公園-2(40m),2012/03,2.79,standard,2010-2016_all_data.pdf,3,2012-03-15
新羽公園-2(40m),2012/04,2.72,standard,2010-2016_all_data.pdf,4,2012-04-15
新羽公園-2(40m),2012/05,2.85,standard,2010-2016_all_data.pdf,4,2012-05-15
新羽公園-2(40m),2012/06,2.65,standard,2010-2016_all_data.pdf,4,2012-06-15
新羽公園-2(40m),2012/07,2.57,standard,2010-2016_all_data.pdf,4,2012-07-15
新羽公園-2(40m),2012/08,2.35,standard,2010-2016_all_data.pdf,4,2012-08-15
新羽公園-2(40m),2012/09,2.16,standard,2010-2016_all_data.pdf,4,2012-09-15
新羽公園-2(40m),2012/10,2.36,standard,2010-2016_all_data.pdf,4,2012-10-15
新羽公園-2(40m),2012/11,2.49,standard,2010-2016_all_data.pdf,4,2012-11-15
新羽公園-2(40m),2012/12,2.47,standard,2010-2016_all_data.pdf,4,2012-12-15
新羽公園-2(40m),2013/01,2.62,standard,2010-2016_all_data.pdf,4,2013-01-15
新羽公園-2(40m),2013/02,2.55,standard,2010-2016_all_data.pdf,4,2013-02-15
新羽公園-2(40m),2013/03,2.46,standard,2010-2016_all_data.pdf,4,2013-03-15
新羽公園-2(40m),2013/04,2.43,standard,2010-2016_all_data.pdf,5,2013-04-15
新羽公園-2(40m),2013/05,2.36,standard,2010-2016_all_data.pdf,5,2013-05-15
新羽公園-2(40m),2013/07,2.12,standard,2010-2016_all_data.pdf,5,2013-07-15
新羽公園-2(40m),2013/08,1.78,standard,2010-2016_all_data.pdf,5,2013-08-15
新羽公園-2(40m),2013/09,2.05,standard,2010-2016_all_data.pdf,5,2013-09-15
新羽公園-2(40m),2013/10,2.26,standard,2010-2016_all_data.pdf,5,2013-10-15
新羽公園-2(40m),2013/12,2.12,standard,2010-2016_all_data.pdf,5,2013-12-15
新羽公園-2(40m),2014/01,2.1,standard,2010-2016_all_data.pdf,5,2014-01-15
新羽公園-2(40m),2014/03,2.22,standard,2010-2016_all_data.pdf,5,2014-03-15
新羽公園-2(40m),2014/05,2.34,standard,2010-2016_all_data.pdf,6,2014-05-15
新羽公園-2(40m),2014/06,2.44,standard,2010-2016_all_data.pdf,6,2014-06-15
新羽公園-2(40m),2014/07,2.08,standard,2010-2016_all_data.pdf,6,2014-07-15
新羽公園-2(40m),2014/08,1.83,standard,2010-2016_all_data.pdf,6,2014-08-15
新羽公園-2(40m),2014/09,2.05,standard,2010-2016_all_data.pdf,6,2014-09-15
新羽公園-2(40m),2014/10,2.19,standard,2010-2016_all_data.pdf,6,2014-10-15
新羽公園-2(40m),2014/11,2.2,standard,2010-2016_all_data.pdf,6,2014-11-15
新羽公園-2(40m),2014/12,2.25,standard,2010-2016_all_data.pdf,6,2014-12-15
新羽公園-2(40m),2015/01,2.23,standard,2010-2016_all_data.pdf,6,2015-01-15
新羽公園-2(40m),2015/03,2.23,standard,2010-2016_all_data.pdf,6,2015-03-15
新羽公園-2(40m),2015/04,2.19,standard,2010-2016_all_data.pdf,7,2015-04-15
新羽公園-2(40m),2015/05,2.1,standard,2010-2016_all_data.pdf,7,2015-05-15
新羽公園-2(40m),2015/06,2.35,standard,2010-2016_all_data.pdf,7,2015-06-15
新羽公園-2(40m),2015/07,2.3,standard,2010-2016_all_data.pdf,7,2015-07-15
新羽公園-2(40m),2015/08,2.11,standard,2010-2016_all_data.pdf,7,2015-08-15
新羽公園-2(40m),2015/09,2.25,standard,2010-2016_all_data.pdf,7,2015-09-15
新羽公園-2(40m),2015/10,2.22,standard,2010-2016_all_data.pdf,7,2015-10-15
新羽公園-2(40m),2015/12,2.26,standard,2010-2016_all_data.pdf,7,2015-12-15
新羽公園-2(40m),2016/01,2.21,standard,2010-2016_all_data.pdf,7,2016-01-15
新羽公園-2(40m),2016/02,2.27,standard,2010-2016_all_data.pdf,7,2016-02-15
新羽公園-2(40m),2016/03,2.12,standard,2010-2016_all_data.pdf,7,2016-03-15
新羽公園-2(40m),2016/04,2.19,standard,2010-2016_all_data.pdf,8,2016-04-15
新羽公園-2(40m),2016/05,2.17,standard,2010-2016_all_data.pdf,8,2016-05-15
新羽公園-2(40m),2016/06,2.1,standard,2010-2016_all_data.pdf,8,2016-06-15
新羽公園-2(40m),2016/08,2.05,standard,2010-2016_all_data.pdf,8,2016-08-15
新羽公園-2(40m),2016/09,2.23,standard,2010-2016_all_data.pdf,8,2016-09-15
新羽公園-2(40m),2016/10,2.2,standard,2010-2016_all_data.pdf,8,2016-10-15
新羽公園-2(40m),2016/11,2.34,standard,2010-2016_all_data.pdf,8,2016-11-15
新羽公園-2(40m),2016/12,2.66,standard,2010-2016_all_data.pdf,8,2016-12-15
新羽公園-2(40m),2017/01,2.4,standard,2010-2016_all_data.pdf,8,2017-01-15
新羽公園-2(40m),2017/02,2.28,standard,2010-2016_all_data.pdf,8,2017-02-15
新羽公園-2(40m),2017/03,2.23,standard,2010-2016_all_data.pdf,8,2017-03-15
新羽公園-2(40m),2017/04,2.19,standard,2017_all_kansokukekka_ichiran_R.pdf,24,2017-04-15
新羽公園-2(40m),2017/05,2.08,standard,2017_all_kansokukekka_ichiran_R.pdf,24,2017-05-15
新羽公園-2(40m),2017/06,1.98,standard,2017_all_kansokukekka_ichiran_R.pdf,24,2017-06-15
新羽公園-2(40m),2017/10,1.92,standard,2017_all_kansokukekka_ichiran_R.pdf,24,2017-10-15
新羽公園-2(40m),2017/11,2.16,standard,2017_all_kansokukekka_ichiran_R.pdf,24,2017-11-15
新羽公園-2(40m),2018/01,2.2,standard,2017_all_kansokukekka_ichiran_R.pdf,24,2018-01-15
新羽公園-2(40m),2018/02,2.2,standard,2017_all_kansokukekka_ichiran_R.pdf,24,2018-02-15
新羽公園-2(40m),2018/03,2.25,standard,2017_all_kansokukekka_ichiran_R.pdf,24,2018-03-15
新羽公園-2(40m),2018/04,2.08,standard,2018_all_kansokukekka_ichiran_R.pdf,24,2018-04-15
新羽公園-2(40m),2018/05,2.25,standard,2018_all_kansokukekka_ichiran_R.pdf,24,2018-05-15
新羽公園-2(40m),2018/06,2.11,standard,2018_all_kansokukekka_ichiran_R.pdf,24,2018-06-15
新羽公園-2(40m),2018/07,1.83,standard,2018_all_kansokukekka_ichiran_R.pdf,24,2018-07-15
新羽公園-2(40m),2018/08,1.76,standard,2018_all_kansokukekka_ichiran_R.pdf,24,2018-08-15
新羽公園-2(40m),2018/09,2.04,standard,2018_all_kansokukekka_ichiran_R.pdf,24,2018-09-15
新羽公園-2(40m),2018/10,2.13,standard,2018_all_kansokukekka_ichiran_R.pdf,24,2018-10-15
新羽公園-2(40m),2018/11,2.15,standard,2018_all_kansokukekka_ichiran_R.pdf,24,2018-11-15
新羽公園-2(40m),2018/12,2.17,standard,2018_all_kansokukekka_ichiran_R.pdf,24,2018-12-15
新羽公園-2(40m),2019/01,2.11,standard,2018_all_kansokukekka_ichiran_R.pdf,24,2019-01-15
新羽公園-2(40m),2019/02,2.13,standard,2018_all_kansokukekka_ichiran_R.pdf,24,2019-02-15
新羽公園-2(40m),2019/03,2.23,standard,2018_all_kansokukekka_ichiran_R.pdf,24,2019-03-15
新羽公園-2(40m),2019/04,2.14,standard,2019_all_kansokukekka_ichiran_R.pdf,24,2019-04-15
新羽公園-2(40m),2019/05,2.11,standard,2019_all_kansokukekka_ichiran_R.pdf,24,2019-05-15
新羽公園-2(40m),2019/07,2.26,standard,2019_all_kansokukekka_ichiran_R.pdf,24,2019-07-15
新羽公園-2(40m),2019/08,1.77,standard,2019_all_kansokukekka_ichiran_R.pdf,24,2019-08-15
新羽公園-2(40m),2019/09,2.02,standard,2019_all_kansokukekka_ichiran_R.pdf,24,2019-09-15
新羽公園-2(40m),2019/10,2.31,standard,2019_all_kansokukekka_ichiran_R.pdf,24,2019-10-15
新羽公園-2(40m),2019/11,2.35,standard,2019_all_kansokukekka_ichiran_R.pdf,24,2019-11-15
新羽公園-2(40m),2020/01,2.35,standard,2019_all_kansokukekka_ichiran_R.pdf,24,2020-01-15
新羽公園-2(40m),2020/02,2.43,standard,2019_all_kansokukekka_ichiran_R.pdf,24,2020-02-15
新羽公園-2(40m),2020/03,2.58,standard,2019_all_kansokukekka_ichiran_R.pdf,24,2020-03-15
新羽公園-2(40m),2020/08,2.53,standard,2020_all_kansokukekka_ichiran_R.pdf,24,2020-08-15
新羽公園-2(40m),2020/10,2.49,standard,2020_all_kansokukekka_ichiran_R.pdf,24,2020-10-15
新羽公園-2(40m),2020/11,2.36,standard,2020_all_kansokukekka_ichiran_R.pdf,24,2020-11-15
新羽公園-2(40m),2020/12,2.35,standard,2020_all_kansokukekka_ichiran_R.pdf,24,2020-12-15
新羽公園-2(40m),2021/03,2.77,standard,2020_all_kansokukekka_ichiran_R.pdf,24,2021-03-15
新羽公園-2(40m),2021/04,2.73,standard,2021_all_kansokukekka_ichiran_R.pdf,24,2021-04-15
新羽公園-2(40m),2021/05,2.28,standard,2021_all_kansokukekka_ichiran_R.pdf,24,2021-05-15
新羽公園-2(40m),2021/06,2.61,standard,2021_all_kansokukekka_ichiran_R.pdf,24,2021-06-15
新羽公園-2(40m),2021/07,2.65,standard,2021_all_kansokukekka_ichiran_R.pdf,24,2021-07-15
新羽公園-2(40m),2021/08,2.46,standard,2021_all_kansokukekka_ichiran_R.pdf,24,2021-08-15
新羽公園-2(40m),2021/09,2.63,standard,2021_all_kansokukekka_ichiran_R.pdf,24,2021-09-15
新羽公園-2(40m),2021/10,2.75,standard,2021_all_kansokukekka_ichiran_R.pdf,24,2021-10-15
新羽公園-2(40m),2021/11,2.68,standard,2021_all_kansokukekka_ichiran_R.pdf,24,2021-11-15
新羽公園-2(40m),2021/12,2.68,standard,2021_all_kansokukekka_ichiran_R.pdf,24,2021-12-15
新羽公園-2(40m),2022/01,2.71,standard,2021_all_kansokukekka_ichiran_R.pdf,24,2022-01-15
新羽公園-2(40m),2022/02,2.71,standard,2021_all_kansokukekka_ichiran_R.pdf,24,2022-02-15
新羽公園-2(40m),2022/03,2.69,standard,2021_all_kansokukekka_ichiran_R.pdf,24,2022-03-15
新羽公園-2(40m),2022/04,2.76,standard,2022_all_kansokukekka_ichiran_R.pdf,24,2022-04-15
新羽公園-2(40m),2022/05,2.7,standard,2022_all_kansokukekka_ichiran_R.pdf,24,2022-05-15
新羽公園-2(40m),2022/06,2.57,standard,2022_all_kansokukekka_ichiran_R.pdf,24,2022-06-15
新羽公園-2(40m),2022/07,2.43,standard,2022_all_kansokukekka_ichiran_R.pdf,24,2022-07-15
新羽公園-2(40m),2022/08,2.41,standard,2022_all_kansokukekka_ichiran_R.pdf,24,2022-08-15
新羽公園-2(40m),2022/09,2.47,standard,2022_all_kansokukekka_ichiran_R.pdf,24,2022-09-15
新羽公園-2(40m),2022/10,2.53,standard,2022_all_kansokukekka_ichiran_R.pdf,24,2022-10-15
新羽公園-2(40m),2022/11,2.4,standard,2022_all_kansokukekka_ichiran_R.pdf,24,2022-11-15
新羽公園-2(40m),2022/12,2.56,standard,2022_all_kansokukekka_ichiran_R.pdf,24,2022-12-15
新羽公園-2(40m),2023/01,2.52,standard,2022_all_kansokukekka_ichiran_R.pdf,24,2023-01-15
新羽公園-2(40m),2023/02,2.62,standard,2022_all_kansokukekka_ichiran_R.pdf,24,2023-02-15
新羽公園-2(40m),2023/03,2.51,standard,2022_all_kansokukekka_ichiran_R.pdf,24,2023-03-15
新羽公園-2(40m),2023/04,2.51,standard,2023_all_kansokukekka_ichiran.pdf,24,2023-04-15
新羽公園-2(40m),2023/05,2.58,standard,2023_all_kansokukekka_ichiran.pdf,24,2023-05-15
新羽公園-2(40m),2023/06,2.55,standard,2023_all_kansokukekka_ichiran.pdf,24,2023-06-15
新羽公園-2(40m),2023/07,2.2,standard,2023_all_kansokukekka_ichiran.pdf,24,2023-07-15
新羽公園-2(40m),2023/08,2.15,standard,2023_all_kansokukekka_ichiran.pdf,24,2023-08-15
新羽公園-2(40m),2023/09,2.39,standard,2023_all_kansokukekka_ichiran.pdf,24,2023-09-15
新羽公園-2(40m),2023/10,2.51,standard,2023_all_kansokukekka_ichiran.pdf,24,2023-10-15
新羽公園-2(40m),2023/11,2.56,standard,2023_all_kansokukekka_ichiran.pdf,24,2023-11-15
新羽公園-2(40m),2024/01,2.67,standard,2023_all_kansokukekka_ichiran.pdf,24,2024-01-15
新羽公園-2(40m),2024/02,2.86,standard,2023_all_kansokukekka_ichiran.pdf,24,2024-02-15
新羽公園-2(40m),2024/03,2.86,standard,2023_all_kansokukekka_ichiran.pdf,24,2024-03-15
新羽公園-2(40m),2024/04,2.89,standard,2024_all_kansokukekka_ichiran.pdf,24,2024-04-15
新羽公園-2(40m),2024/05,2.85,standard,2024_all_kansokukekka_ichiran.pdf,24,2024-05-15
新羽公園-2(40m),2024/06,2.8,standard,2024_all_kansokukekka_ichiran.pdf,24,2024-06-15
新羽公園-2(40m),2024/07,2.66,standard,2024_all_kansokukekka_ichiran.pdf,24,2024-07-15
新羽公園-2(40m),2024/08,2.39,standard,2024_all_kansokukekka_ichiran.pdf,24,2024-08-15
新羽公園-2(40m),2024/09,2.38,standard,2024_all_kansokukekka_ichiran.pdf,24,2024-09-15
新羽公園-2(40m),2024/10,2.61,standard,2024_all_kansokukekka_ichiran.pdf,24,2024-10-15
新羽公園-2(40m),2024/11,2.58,standard,2024_all_kansokukekka_ichiran.pdf,24,2024-11-15
新羽公園-2(40m),2024/12,2.58,standard,2024_all_kansokukekka_ichiran.pdf,24,2024-12-15
新羽公園-2(40m),2025/01,2.61,standard,2024_all_kansokukekka_ichiran.pdf,24,2025-01-15
新羽公園-2(40m),2025/02,2.45,standard,2024_all_kansokukekka_ichiran.pdf,24,2025-02-15
新羽公園-2(40m),2025/03,2.58,standard,2024_all_kansokukekka_ichiran.pdf,24,2025-03-15
新羽公園-2(40m),2025/04,2.53,standard,2025_all_data.pdf,1,2025-04-15
新羽公園-2(40m),2025/05,2.65,standard,2025_all_data.pdf,1,2025-05-15
新羽公園-2(40m),2025/06,2.5,standard,2025_all_data.pdf,1,2025-06-15
新羽公園-2(40m),2025/07,2.4,standard,2025_all_data.pdf,1,2025-07-15
新羽公園-2(40m),2025/08,2.36,standard,2025_all_data.pdf,1,2025-08-15
新羽公園-2(40m),2025/09,2.19,standard,2025_all_data.pdf,1,2025-09-15
新羽公園-2(40m),2025/10,2.39,standard,2025_all_data.pdf,1,2025-10-15
新羽公園-2(40m),2025/11,2.4,standard,2025_all_data.pdf,1,2025-11-15
新羽公園-2(40m),2025/12,2.45,standard,2025_all_data.pdf,1,2025-12-15
新羽公園-2(40m),2026/01,2.47,standard,2025_all_data.pdf,1,2026-01-15
新羽公園-2(40m),2026/02,2.44,standard,2025_all_data.pdf,1,2026-02-15
新羽公園-2(40m),2026/03,2.49,standard,2025_all_data.pdf,1,2026-03-15
横浜公園（57m）,2010/04,-2.31,standard,2010-2016_all_data.pdf,2,2010-04-15
横浜公園（57m）,2010/05,-2.19,standard,2010-2016_all_data.pdf,2,2010-05-15
横浜公園（57m）,2010/07,-2.08,standard,2010-2016_all_data.pdf,2,2010-07-15
横浜公園（57m）,2010/08,-1.95,standard,2010-2016_all_data.pdf,2,2010-08-15
横浜公園（57m）,2010/09,-1.84,standard,2010-2016_all_data.pdf,2,2010-09-15
横浜公園（57m）,2010/10,-1.77,standard,2010-2016_all_data.pdf,2,2010-10-15
横浜公園（57m）,2010/11,-1.78,standard,2010-2016_all_data.pdf,2,2010-11-15
横浜公園（57m）,2010/12,-1.74,standard,2010-2016_all_data.pdf,2,2010-12-15
横浜公園（57m）,2011/01,-1.7,standard,2010-2016_all_data.pdf,2,2011-01-15
横浜公園（57m）,2011/02,-1.78,standard,2010-2016_all_data.pdf,2,2011-02-15
横浜公園（57m）,2011/04,-1.11,standard,2010-2016_all_data.pdf,3,2011-04-15
横浜公園（57m）,2011/05,-1.11,standard,2010-2016_all_data.pdf,3,2011-05-15
横浜公園（57m）,2011/06,-1.13,standard,2010-2016_all_data.pdf,3,2011-06-15
横浜公園（57m）,2011/07,-1.02,standard,2010-2016_all_data.pdf,3,2011-07-15
横浜公園（57m）,2011/08,-0.93,standard,2010-2016_all_data.pdf,3,2011-08-15
横浜公園（57m）,2011/09,-0.82,standard,2010-2016_all_data.pdf,3,2011-09-15
横浜公園（57m）,2011/10,-1.0,standard,2010-2016_all_data.pdf,3,2011-10-15
横浜公園（57m）,2011/11,-1.12,standard,2010-2016_all_data.pdf,3,2011-11-15
横浜公園（57m）,2011/12,-1.05,standard,2010-2016_all_data.pdf,3,2011-12-15
横浜公園（57m）,2012/01,-1.19,standard,2010-2016_all_data.pdf,3,2012-01-15
横浜公園（57m）,2012/02,-0.96,standard,2010-2016_all_data.pdf,3,2012-02-15
横浜公園（57m）,2012/03,-1.32,standard,2010-2016_all_data.pdf,3,2012-03-15
横浜公園（57m）,2012/04,-1.21,standard,2010-2016_all_data.pdf,4,2012-04-15
横浜公園（57m）,2012/05,-1.23,standard,2010-2016_all_data.pdf,4,2012-05-15
横浜公園（57m）,2012/06,-1.11,standard,2010-2016_all_data.pdf,4,2012-06-15
横浜公園（57m）,2012/07,-1.2,standard,2010-2016_all_data.pdf,4,2012-07-15
横浜公園（57m）,2012/08,-1.14,standard,2010-2016_all_data.pdf,4,2012-08-15
横浜公園（57m）,2012/09,-1.16,standard,2010-2016_all_data.pdf,4,2012-09-15
横浜公園（57m）,2012/10,-1.1,standard,2010-2016_all_data.pdf,4,2012-10-15
横浜公園（57m）,2012/11,-1.04,standard,2010-2016_all_data.pdf,4,2012-11-15
横浜公園（57m）,2012/12,-1.11,standard,2010-2016_all_data.pdf,4,2012-12-15
横浜公園（57m）,2013/01,-1.12,standard,2010-2016_all_data.pdf,4,2013-01-15
横浜公園（57m）,2013/02,-1.2,standard,2010-2016_all_data.pdf,4,2013-02-15
横浜公園（57m）,2013/03,-1.17,standard,2010-2016_all_data.pdf,4,2013-03-15
横浜公園（57m）,2013/04,-1.18,standard,2010-2016_all_data.pdf,5,2013-04-15
横浜公園（57m）,2013/05,-1.2,standard,2010-2016_all_data.pdf,5,2013-05-15
横浜公園（57m）,2013/07,-1.06,standard,2010-2016_all_data.pdf,5,2013-07-15
横浜公園（57m）,2013/08,-1.0,standard,2010-2016_all_data.pdf,5,2013-08-15
横浜公園（57m）,2013/09,-1.09,standard,2010-2016_all_data.pdf,5,2013-09-15
横浜公園（57m）,2013/10,-1.06,standard,2010-2016_all_data.pdf,5,2013-10-15
横浜公園（57m）,2013/12,-1.05,standard,2010-2016_all_data.pdf,5,2013-12-15
横浜公園（57m）,2014/01,-1.15,standard,2010-2016_all_data.pdf,5,2014-01-15
横浜公園（57m）,2014/03,-1.11,standard,2010-2016_all_data.pdf,5,2014-03-15
横浜公園（57m）,2014/04,-1.16,standard,2010-2016_all_data.pdf,6,2014-04-15
横浜公園（57m）,2014/05,-1.16,standard,2010-2016_all_data.pdf,6,2014-05-15
横浜公園（57m）,2014/06,-1.05,standard,2010-2016_all_data.pdf,6,2014-06-15
横浜公園（57m）,2014/07,-1.03,standard,2010-2016_all_data.pdf,6,2014-07-15
横浜公園（57m）,2014/08,-1.01,standard,2010-2016_all_data.pdf,6,2014-08-15
横浜公園（57m）,2014/09,-0.96,standard,2010-2016_all_data.pdf,6,2014-09-15
横浜公園（57m）,2014/10,-0.92,standard,2010-2016_all_data.pdf,6,2014-10-15
横浜公園（57m）,2014/11,-0.95,standard,2010-2016_all_data.pdf,6,2014-11-15
横浜公園（57m）,2014/12,-0.92,standard,2010-2016_all_data.pdf,6,2014-12-15
横浜公園（57m）,2015/03,-1.12,standard,2010-2016_all_data.pdf,6,2015-03-15
横浜公園（57m）,2015/04,-1.05,standard,2010-2016_all_data.pdf,7,2015-04-15
横浜公園（57m）,2015/05,-1.02,standard,2010-2016_all_data.pdf,7,2015-05-15
横浜公園（57m）,2015/06,-1.0,standard,2010-2016_all_data.pdf,7,2015-06-15
横浜公園（57m）,2015/07,-0.99,standard,2010-2016_all_data.pdf,7,2015-07-15
横浜公園（57m）,2015/08,-0.94,standard,2010-2016_all_data.pdf,7,2015-08-15
横浜公園（57m）,2015/10,-0.89,standard,2010-2016_all_data.pdf,7,2015-10-15
横浜公園（57m）,2015/11,-0.92,standard,2010-2016_all_data.pdf,7,2015-11-15
横浜公園（57m）,2015/12,-0.95,standard,2010-2016_all_data.pdf,7,2015-12-15
横浜公園（57m）,2016/01,-0.93,standard,2010-2016_all_data.pdf,7,2016-01-15
横浜公園（57m）,2016/02,-1.11,standard,2010-2016_all_data.pdf,7,2016-02-15
横浜公園（57m）,2016/04,-0.98,standard,2010-2016_all_data.pdf,8,2016-04-15
横浜公園（57m）,2016/06,-0.91,standard,2010-2016_all_data.pdf,8,2016-06-15
横浜公園（57m）,2016/07,-0.89,standard,2010-2016_all_data.pdf,8,2016-07-15
横浜公園（57m）,2016/08,-0.84,standard,2010-2016_all_data.pdf,8,2016-08-15
横浜公園（57m）,2016/09,-0.9,standard,2010-2016_all_data.pdf,8,2016-09-15
横浜公園（57m）,2016/10,-0.85,standard,2010-2016_all_data.pdf,8,2016-10-15
横浜公園（57m）,2016/11,-0.92,standard,2010-2016_all_data.pdf,8,2016-11-15
横浜公園（57m）,2016/12,-0.82,standard,2010-2016_all_data.pdf,8,2016-12-15
横浜公園（57m）,2017/01,-0.97,standard,2010-2016_all_data.pdf,8,2017-01-15
横浜公園（57m）,2017/02,-1.23,standard,2010-2016_all_data.pdf,8,2017-02-15
横浜公園（57m）,2017/03,-1.23,standard,2010-2016_all_data.pdf,8,2017-03-15
横浜公園（57m）,2017/04,-0.99,standard,2017_all_kansokukekka_ichiran_R.pdf,24,2017-04-15
横浜公園（57m）,2017/05,-0.96,standard,2017_all_kansokukekka_ichiran_R.pdf,24,2017-05-15
横浜公園（57m）,2017/09,-1.47,standard,2017_all_kansokukekka_ichiran_R.pdf,24,2017-09-15
横浜公園（57m）,2017/10,-0.95,standard,2017_all_kansokukekka_ichiran_R.pdf,24,2017-10-15
横浜公園（57m）,2017/12,-1.12,standard,2017_all_kansokukekka_ichiran_R.pdf,24,2017-12-15
横浜公園（57m）,2018/01,-0.76,standard,2017_all_kansokukekka_ichiran_R.pdf,24,2018-01-15
横浜公園（57m）,2018/02,-1.02,standard,2017_all_kansokukekka_ichiran_R.pdf,24,2018-02-15
横浜公園（57m）,2018/03,-1.01,standard,2017_all_kansokukekka_ichiran_R.pdf,24,2018-03-15
横浜公園（57m）,2018/04,-1.0,standard,2018_all_kansokukekka_ichiran_R.pdf,24,2018-04-15
横浜公園（57m）,2018/05,-0.97,standard,2018_all_kansokukekka_ichiran_R.pdf,24,2018-05-15
横浜公園（57m）,2018/07,-0.98,standard,2018_all_kansokukekka_ichiran_R.pdf,24,2018-07-15
横浜公園（57m）,2018/08,-1.05,standard,2018_all_kansokukekka_ichiran_R.pdf,24,2018-08-15
横浜公園（57m）,2018/09,-1.09,standard,2018_all_kansokukekka_ichiran_R.pdf,24,2018-09-15
横浜公園（57m）,2018/10,-1.06,standard,2018_all_kansokukekka_ichiran_R.pdf,24,2018-10-15
横浜公園（57m）,2018/11,-1.08,standard,2018_all_kansokukekka_ichiran_R.pdf,24,2018-11-15
横浜公園（57m）,2018/12,-1.11,standard,2018_all_kansokukekka_ichiran_R.pdf,24,2018-12-15
横浜公園（57m）,2019/01,-1.29,standard,2018_all_kansokukekka_ichiran_R.pdf,24,2019-01-15
横浜公園（57m）,2019/02,-1.56,standard,2018_all_kansokukekka_ichiran_R.pdf,24,2019-02-15
横浜公園（57m）,2019/03,-1.38,standard,2018_all_kansokukekka_ichiran_R.pdf,24,2019-03-15
横浜公園（57m）,2019/04,-1.32,standard,2019_all_kansokukekka_ichiran_R.pdf,24,2019-04-15
横浜公園（57m）,2019/05,-1.33,standard,2019_all_kansokukekka_ichiran_R.pdf,24,2019-05-15
横浜公園（57m）,2019/06,0.78,standard,2019_all_kansokukekka_ichiran_R.pdf,24,2019-06-15
横浜公園（57m）,2019/07,-1.13,standard,2019_all_kansokukekka_ichiran_R.pdf,24,2019-07-15
横浜公園（57m）,2019/08,-1.06,standard,2019_all_kansokukekka_ichiran_R.pdf,24,2019-08-15
横浜公園（57m）,2019/09,-0.99,standard,2019_all_kansokukekka_ichiran_R.pdf,24,2019-09-15
横浜公園（57m）,2019/10,-0.99,standard,2019_all_kansokukekka_ichiran_R.pdf,24,2019-10-15
横浜公園（57m）,2019/11,-1.17,standard,2019_all_kansokukekka_ichiran_R.pdf,24,2019-11-15
横浜公園（57m）,2019/12,-0.93,standard,2019_all_kansokukekka_ichiran_R.pdf,24,2019-12-15
横浜公園（57m）,2020/01,-1.12,standard,2019_all_kansokukekka_ichiran_R.pdf,24,2020-01-15
横浜公園（57m）,2020/02,-1.02,standard,2019_all_kansokukekka_ichiran_R.pdf,24,2020-02-15
横浜公園（57m）,2020/03,-1.05,standard,2019_all_kansokukekka_ichiran_R.pdf,24,2020-03-15
横浜公園（57m）,2020/07,-1.08,standard,2020_all_kansokukekka_ichiran_R.pdf,24,2020-07-15
横浜公園（57m）,2020/09,-0.85,standard,2020_all_kansokukekka_ichiran_R.pdf,24,2020-09-15
横浜公園（57m）,2020/10,-0.94,standard,2020_all_kansokukekka_ichiran_R.pdf,24,2020-10-15
横浜公園（57m）,2020/11,-1.03,standard,2020_all_kansokukekka_ichiran_R.pdf,24,2020-11-15
横浜公園（57m）,2020/12,-1.02,standard,2020_all_kansokukekka_ichiran_R.pdf,24,2020-12-15
横浜公園（57m）,2021/03,-1.12,standard,2020_all_kansokukekka_ichiran_R.pdf,24,2021-03-15
横浜公園（57m）,2021/04,-1.02,standard,2021_all_kansokukekka_ichiran_R.pdf,24,2021-04-15
横浜公園（57m）,2021/05,-0.96,standard,2021_all_kansokukekka_ichiran_R.pdf,24,2021-05-15
横浜公園（57m）,2021/06,-0.94,standard,2021_all_kansokukekka_ichiran_R.pdf,24,2021-06-15
横浜公園（57m）,2021/07,-1.2,standard,2021_all_kansokukekka_ichiran_R.pdf,24,2021-07-15
横浜公園（57m）,2021/08,-0.88,standard,2021_all_kansokukekka_ichiran_R.pdf,24,2021-08-15
横浜公園（57m）,2021/09,-0.85,standard,2021_all_kansokukekka_ichiran_R.pdf,24,2021-09-15
横浜公園（57m）,2021/10,-0.9,standard,2021_all_kansokukekka_ichiran_R.pdf,24,2021-10-15
横浜公園（57m）,2021/11,-0.87,standard,2021_all_kansokukekka_ichiran_R.pdf,24,2021-11-15
横浜公園（57m）,2021/12,-0.89,standard,2021_all_kansokukekka_ichiran_R.pdf,24,2021-12-15
横浜公園（57m）,2022/01,-0.9,standard,2021_all_kansokukekka_ichiran_R.pdf,24,2022-01-15
横浜公園（57m）,2022/02,-0.97,standard,2021_all_kansokukekka_ichiran_R.pdf,24,2022-02-15
横浜公園（57m）,2022/03,-1.02,standard,2021_all_kansokukekka_ichiran_R.pdf,24,2022-03-15
横浜公園（57m）,2022/04,-1.02,standard,2022_all_kansokukekka_ichiran_R.pdf,24,2022-04-15
横浜公園（57m）,2022/05,-0.97,standard,2022_all_kansokukekka_ichiran_R.pdf,24,2022-05-15
横浜公園（57m）,2022/06,-0.96,standard,2022_all_kansokukekka_ichiran_R.pdf,24,2022-06-15
横浜公園（57m）,2022/07,-0.92,standard,2022_all_kansokukekka_ichiran_R.pdf,24,2022-07-15
横浜公園（57m）,2022/08,-0.99,standard,2022_all_kansokukekka_ichiran_R.pdf,24,2022-08-15
横浜公園（57m）,2022/09,-0.91,standard,2022_all_kansokukekka_ichiran_R.pdf,24,2022-09-15
横浜公園（57m）,2022/10,-0.92,standard,2022_all_kansokukekka_ichiran_R.pdf,24,2022-10-15
横浜公園（57m）,2022/11,-0.86,standard,2022_all_kansokukekka_ichiran_R.pdf,24,2022-11-15
横浜公園（57m）,2022/12,-0.77,standard,2022_all_kansokukekka_ichiran_R.pdf,24,2022-12-15
横浜公園（57m）,2023/01,-0.79,standard,2022_all_kansokukekka_ichiran_R.pdf,24,2023-01-15
横浜公園（57m）,2023/02,-1.01,standard,2022_all_kansokukekka_ichiran_R.pdf,24,2023-02-15
横浜公園（57m）,2023/03,-1.02,standard,2022_all_kansokukekka_ichiran_R.pdf,24,2023-03-15
横浜公園（57m）,2023/04,-1.02,standard,2023_all_kansokukekka_ichiran.pdf,24,2023-04-15
横浜公園（57m）,2023/05,-0.99,standard,2023_all_kansokukekka_ichiran.pdf,24,2023-05-15
横浜公園（57m）,2023/06,-0.91,standard,2023_all_kansokukekka_ichiran.pdf,24,2023-06-15
横浜公園（57m）,2023/07,-0.88,standard,2023_all_kansokukekka_ichiran.pdf,24,2023-07-15
横浜公園（57m）,2023/08,-0.87,standard,2023_all_kansokukekka_ichiran.pdf,24,2023-08-15
横浜公園（57m）,2023/09,-0.89,standard,2023_all_kansokukekka_ichiran.pdf,24,2023-09-15
横浜公園（57m）,2023/10,-0.84,standard,2023_all_kansokukekka_ichiran.pdf,24,2023-10-15
横浜公園（57m）,2023/11,-0.94,standard,2023_all_kansokukekka_ichiran.pdf,24,2023-11-15
横浜公園（57m）,2023/12,-0.98,standard,2023_all_kansokukekka_ichiran.pdf,24,2023-12-15
横浜公園（57m）,2024/01,-0.97,standard,2023_all_kansokukekka_ichiran.pdf,24,2024-01-15
横浜公園（57m）,2024/02,-1.01,standard,2023_all_kansokukekka_ichiran.pdf,24,2024-02-15
横浜公園（57m）,2024/03,-0.99,standard,2023_all_kansokukekka_ichiran.pdf,24,2024-03-15
横浜公園（57m）,2024/04,-0.97,standard,2024_all_kansokukekka_ichiran.pdf,24,2024-04-15
横浜公園（57m）,2024/05,-0.97,standard,2024_all_kansokukekka_ichiran.pdf,24,2024-05-15
横浜公園（57m）,2024/06,-0.83,standard,2024_all_kansokukekka_ichiran.pdf,24,2024-06-15
横浜公園（57m）,2024/07,0.17,standard,2024_all_kansokukekka_ichiran.pdf,24,2024-07-15
横浜公園（57m）,2024/08,-1.12,standard,2024_all_kansokukekka_ichiran.pdf,24,2024-08-15
横浜公園（57m）,2024/09,-0.99,standard,2024_all_kansokukekka_ichiran.pdf,24,2024-09-15
横浜公園（57m）,2024/10,-0.99,standard,2024_all_kansokukekka_ichiran.pdf,24,2024-10-15
横浜公園（57m）,2024/11,-1.2,standard,2024_all_kansokukekka_ichiran.pdf,24,2024-11-15
横浜公園（57m）,2024/12,-0.95,standard,2024_all_kansokukekka_ichiran.pdf,24,2024-12-15
横浜公園（57m）,2025/01,-0.97,standard,2024_all_kansokukekka_ichiran.pdf,24,2025-01-15
横浜公園（57m）,2025/02,-1.0,standard,2024_all_kansokukekka_ichiran.pdf,24,2025-02-15
横浜公園（57m）,2025/03,-1.14,standard,2024_all_kansokukekka_ichiran.pdf,24,2025-03-15
横浜公園（57m）,2025/04,-1.0,standard,2025_all_data.pdf,1,2025-04-15
横浜公園（57m）,2025/05,-1.02,standard,2025_all_data.pdf,1,2025-05-15
横浜公園（57m）,2025/06,-1.81,standard,2025_all_data.pdf,1,2025-06-15
横浜公園（57m）,2025/07,-0.97,standard,2025_all_data.pdf,1,2025-07-15
横浜公園（57m）,2025/08,-0.97,standard,2025_all_data.pdf,1,2025-08-15
横浜公園（57m）,2025/09,-0.92,standard,2025_all_data.pdf,1,2025-09-15
横浜公園（57m）,2025/10,-0.94,standard,2025_all_data.pdf,1,2025-10-15
横浜公園（57m）,2025/11,-0.87,standard,2025_all_data.pdf,1,2025-11-15
横浜公園（57m）,2025/12,-0.97,standard,2025_all_data.pdf,1,2025-12-15
横浜公園（57m）,2026/01,-0.95,standard,2025_all_data.pdf,1,2026-01-15
横浜公園（57m）,2026/02,-1.05,standard,2025_all_data.pdf,1,2026-02-15
横浜公園（57m）,2026/03,-1.09,standard,2025_all_data.pdf,1,2026-03-15
矢部団地（10ｍ）,2010/04,10.37,standard,2010-2016_all_data.pdf,2,2010-04-15
矢部団地（10ｍ）,2010/05,10.42,standard,2010-2016_all_data.pdf,2,2010-05-15
矢部団地（10ｍ）,2010/07,10.47,standard,2010-2016_all_data.pdf,2,2010-07-15
矢部団地（10ｍ）,2010/08,10.38,standard,2010-2016_all_data.pdf,2,2010-08-15
矢部団地（10ｍ）,2010/09,10.27,standard,2010-2016_all_data.pdf,2,2010-09-15
矢部団地（10ｍ）,2010/10,10.54,standard,2010-2016_all_data.pdf,2,2010-10-15
矢部団地（10ｍ）,2010/12,10.53,standard,2010-2016_all_data.pdf,2,2010-12-15
矢部団地（10ｍ）,2011/01,10.14,standard,2010-2016_all_data.pdf,2,2011-01-15
矢部団地（10ｍ）,2011/02,10.21,standard,2010-2016_all_data.pdf,2,2011-02-15
矢部団地（10ｍ）,2011/03,9.98,standard,2010-2016_all_data.pdf,2,2011-03-15
矢部団地（10ｍ）,2011/04,9.86,standard,2010-2016_all_data.pdf,3,2011-04-15
矢部団地（10ｍ）,2011/05,10.36,standard,2010-2016_all_data.pdf,3,2011-05-15
矢部団地（10ｍ）,2011/06,10.33,standard,2010-2016_all_data.pdf,3,2011-06-15
矢部団地（10ｍ）,2011/07,10.18,standard,2010-2016_all_data.pdf,3,2011-07-15
矢部団地（10ｍ）,2011/08,10.38,standard,2010-2016_all_data.pdf,3,2011-08-15
矢部団地（10ｍ）,2011/09,10.19,standard,2010-2016_all_data.pdf,3,2011-09-15
矢部団地（10ｍ）,2011/10,10.45,standard,2010-2016_all_data.pdf,3,2011-10-15
矢部団地（10ｍ）,2011/11,10.34,standard,2010-2016_all_data.pdf,3,2011-11-15
矢部団地（10ｍ）,2011/12,10.32,standard,2010-2016_all_data.pdf,3,2011-12-15
矢部団地（10ｍ）,2012/01,10.05,standard,2010-2016_all_data.pdf,3,2012-01-15
矢部団地（10ｍ）,2012/02,10.1,standard,2010-2016_all_data.pdf,3,2012-02-15
矢部団地（10ｍ）,2012/03,10.36,standard,2010-2016_all_data.pdf,3,2012-03-15
矢部団地（10ｍ）,2012/04,10.4,standard,2010-2016_all_data.pdf,4,2012-04-15
矢部団地（10ｍ）,2012/05,10.46,standard,2010-2016_all_data.pdf,4,2012-05-15
矢部団地（10ｍ）,2012/06,10.47,standard,2010-2016_all_data.pdf,4,2012-06-15
矢部団地（10ｍ）,2012/07,10.46,standard,2010-2016_all_data.pdf,4,2012-07-15
矢部団地（10ｍ）,2012/08,10.31,standard,2010-2016_all_data.pdf,4,2012-08-15
矢部団地（10ｍ）,2012/09,10.39,standard,2010-2016_all_data.pdf,4,2012-09-15
矢部団地（10ｍ）,2012/11,10.68,standard,2010-2016_all_data.pdf,4,2012-11-15
矢部団地（10ｍ）,2012/12,10.57,standard,2010-2016_all_data.pdf,4,2012-12-15
矢部団地（10ｍ）,2013/01,10.45,standard,2010-2016_all_data.pdf,4,2013-01-15
矢部団地（10ｍ）,2013/02,10.43,standard,2010-2016_all_data.pdf,4,2013-02-15
矢部団地（10ｍ）,2013/03,10.35,standard,2010-2016_all_data.pdf,4,2013-03-15
矢部団地（10ｍ）,2013/05,10.49,standard,2010-2016_all_data.pdf,5,2013-05-15
矢部団地（10ｍ）,2013/06,10.64,standard,2010-2016_all_data.pdf,5,2013-06-15
矢部団地（10ｍ）,2013/07,10.57,standard,2010-2016_all_data.pdf,5,2013-07-15
矢部団地（10ｍ）,2013/08,10.38,standard,2010-2016_all_data.pdf,5,2013-08-15
矢部団地（10ｍ）,2013/09,10.38,standard,2010-2016_all_data.pdf,5,2013-09-15
矢部団地（10ｍ）,2013/10,10.6,standard,2010-2016_all_data.pdf,5,2013-10-15
矢部団地（10ｍ）,2013/11,10.69,standard,2010-2016_all_data.pdf,5,2013-11-15
矢部団地（10ｍ）,2013/12,10.48,standard,2010-2016_all_data.pdf,5,2013-12-15
矢部団地（10ｍ）,2014/01,10.44,standard,2010-2016_all_data.pdf,5,2014-01-15
矢部団地（10ｍ）,2014/02,10.54,standard,2010-2016_all_data.pdf,5,2014-02-15
矢部団地（10ｍ）,2014/03,10.56,standard,2010-2016_all_data.pdf,5,2014-03-15
矢部団地（10ｍ）,2014/05,10.53,standard,2010-2016_all_data.pdf,6,2014-05-15
矢部団地（10ｍ）,2014/06,10.77,standard,2010-2016_all_data.pdf,6,2014-06-15
矢部団地（10ｍ）,2014/07,10.63,standard,2010-2016_all_data.pdf,6,2014-07-15
矢部団地（10ｍ）,2014/08,10.57,standard,2010-2016_all_data.pdf,6,2014-08-15
矢部団地（10ｍ）,2014/09,10.57,standard,2010-2016_all_data.pdf,6,2014-09-15
矢部団地（10ｍ）,2014/10,10.59,standard,2010-2016_all_data.pdf,6,2014-10-15
矢部団地（10ｍ）,2014/11,10.53,standard,2010-2016_all_data.pdf,6,2014-11-15
矢部団地（10ｍ）,2014/12,10.52,standard,2010-2016_all_data.pdf,6,2014-12-15
矢部団地（10ｍ）,2015/01,10.5,standard,2010-2016_all_data.pdf,6,2015-01-15
矢部団地（10ｍ）,2015/02,10.54,standard,2010-2016_all_data.pdf,6,2015-02-15
矢部団地（10ｍ）,2015/03,10.54,standard,2010-2016_all_data.pdf,6,2015-03-15
矢部団地（10ｍ）,2015/04,10.65,standard,2010-2016_all_data.pdf,7,2015-04-15
矢部団地（10ｍ）,2015/05,10.59,standard,2010-2016_all_data.pdf,7,2015-05-15
矢部団地（10ｍ）,2015/06,10.65,standard,2010-2016_all_data.pdf,7,2015-06-15
矢部団地（10ｍ）,2015/07,10.84,standard,2010-2016_all_data.pdf,7,2015-07-15
矢部団地（10ｍ）,2015/08,10.71,standard,2010-2016_all_data.pdf,7,2015-08-15
矢部団地（10ｍ）,2015/09,10.74,standard,2010-2016_all_data.pdf,7,2015-09-15
矢部団地（10ｍ）,2015/11,10.68,standard,2010-2016_all_data.pdf,7,2015-11-15
矢部団地（10ｍ）,2015/12,10.72,standard,2010-2016_all_data.pdf,7,2015-12-15
矢部団地（10ｍ）,2016/01,10.62,standard,2010-2016_all_data.pdf,7,2016-01-15
矢部団地（10ｍ）,2016/02,10.6,standard,2010-2016_all_data.pdf,7,2016-02-15
矢部団地（10ｍ）,2016/03,10.68,standard,2010-2016_all_data.pdf,7,2016-03-15
矢部団地（10ｍ）,2016/04,10.72,standard,2010-2016_all_data.pdf,8,2016-04-15
矢部団地（10ｍ）,2016/06,10.69,standard,2010-2016_all_data.pdf,8,2016-06-15
矢部団地（10ｍ）,2016/07,10.84,standard,2010-2016_all_data.pdf,8,2016-07-15
矢部団地（10ｍ）,2016/08,10.85,standard,2010-2016_all_data.pdf,8,2016-08-15
矢部団地（10ｍ）,2016/09,10.84,standard,2010-2016_all_data.pdf,8,2016-09-15
矢部団地（10ｍ）,2016/10,10.9,standard,2010-2016_all_data.pdf,8,2016-10-15
矢部団地（10ｍ）,2016/11,10.71,standard,2010-2016_all_data.pdf,8,2016-11-15
矢部団地（10ｍ）,2016/12,10.83,standard,2010-2016_all_data.pdf,8,2016-12-15
矢部団地（10ｍ）,2017/01,10.61,standard,2010-2016_all_data.pdf,8,2017-01-15
矢部団地（10ｍ）,2017/02,10.54,standard,2010-2016_all_data.pdf,8,2017-02-15
矢部団地（10ｍ）,2017/03,10.63,standard,2010-2016_all_data.pdf,8,2017-03-15
矢部団地（10ｍ）,2017/04,10.7,standard,2017_all_kansokukekka_ichiran_R.pdf,24,2017-04-15
矢部団地（10ｍ）,2017/05,10.7,standard,2017_all_kansokukekka_ichiran_R.pdf,24,2017-05-15
矢部団地（10ｍ）,2017/07,10.98,standard,2017_all_kansokukekka_ichiran_R.pdf,24,2017-07-15
矢部団地（10ｍ）,2017/08,11.09,standard,2017_all_kansokukekka_ichiran_R.pdf,24,2017-08-15
矢部団地（10ｍ）,2017/09,10.8,standard,2017_all_kansokukekka_ichiran_R.pdf,24,2017-09-15
矢部団地（10ｍ）,2017/10,11.03,standard,2017_all_kansokukekka_ichiran_R.pdf,24,2017-10-15
矢部団地（10ｍ）,2017/12,10.73,standard,2017_all_kansokukekka_ichiran_R.pdf,24,2017-12-15
矢部団地（10ｍ）,2018/01,10.74,standard,2017_all_kansokukekka_ichiran_R.pdf,24,2018-01-15
矢部団地（10ｍ）,2018/02,10.61,standard,2017_all_kansokukekka_ichiran_R.pdf,24,2018-02-15
矢部団地（10ｍ）,2018/04,10.75,standard,2018_all_kansokukekka_ichiran_R.pdf,24,2018-04-15
矢部団地（10ｍ）,2018/05,9.81,standard,2018_all_kansokukekka_ichiran_R.pdf,24,2018-05-15
矢部団地（10ｍ）,2018/07,10.84,standard,2018_all_kansokukekka_ichiran_R.pdf,24,2018-07-15
矢部団地（10ｍ）,2018/08,10.78,standard,2018_all_kansokukekka_ichiran_R.pdf,24,2018-08-15
矢部団地（10ｍ）,2018/09,10.76,standard,2018_all_kansokukekka_ichiran_R.pdf,24,2018-09-15
矢部団地（10ｍ）,2018/10,10.88,standard,2018_all_kansokukekka_ichiran_R.pdf,24,2018-10-15
矢部団地（10ｍ）,2018/11,10.78,standard,2018_all_kansokukekka_ichiran_R.pdf,24,2018-11-15
矢部団地（10ｍ）,2018/12,10.79,standard,2018_all_kansokukekka_ichiran_R.pdf,24,2018-12-15
矢部団地（10ｍ）,2019/01,10.64,standard,2018_all_kansokukekka_ichiran_R.pdf,24,2019-01-15
矢部団地（10ｍ）,2019/02,10.54,standard,2018_all_kansokukekka_ichiran_R.pdf,24,2019-02-15
矢部団地（10ｍ）,2019/03,10.8,standard,2018_all_kansokukekka_ichiran_R.pdf,24,2019-03-15
矢部団地（10ｍ）,2019/04,10.74,standard,2019_all_kansokukekka_ichiran_R.pdf,24,2019-04-15
矢部団地（10ｍ）,2019/05,10.73,standard,2019_all_kansokukekka_ichiran_R.pdf,24,2019-05-15
矢部団地（10ｍ）,2019/06,10.86,standard,2019_all_kansokukekka_ichiran_R.pdf,24,2019-06-15
矢部団地（10ｍ）,2019/07,10.94,standard,2019_all_kansokukekka_ichiran_R.pdf,24,2019-07-15
矢部団地（10ｍ）,2019/08,10.79,standard,2019_all_kansokukekka_ichiran_R.pdf,24,2019-08-15
矢部団地（10ｍ）,2019/09,10.88,standard,2019_all_kansokukekka_ichiran_R.pdf,24,2019-09-15
矢部団地（10ｍ）,2019/10,10.94,standard,2019_all_kansokukekka_ichiran_R.pdf,24,2019-10-15
矢部団地（10ｍ）,2019/11,10.91,standard,2019_all_kansokukekka_ichiran_R.pdf,24,2019-11-15
矢部団地（10ｍ）,2019/12,10.95,standard,2019_all_kansokukekka_ichiran_R.pdf,24,2019-12-15
矢部団地（10ｍ）,2020/01,10.72,standard,2019_all_kansokukekka_ichiran_R.pdf,24,2020-01-15
矢部団地（10ｍ）,2020/02,10.78,standard,2019_all_kansokukekka_ichiran_R.pdf,24,2020-02-15
矢部団地（10ｍ）,2020/03,10.74,standard,2019_all_kansokukekka_ichiran_R.pdf,24,2020-03-15
矢部団地（10ｍ）,2020/07,11.08,standard,2020_all_kansokukekka_ichiran_R.pdf,24,2020-07-15
矢部団地（10ｍ）,2020/10,10.9,standard,2020_all_kansokukekka_ichiran_R.pdf,24,2020-10-15
矢部団地（10ｍ）,2020/11,10.76,standard,2020_all_kansokukekka_ichiran_R.pdf,24,2020-11-15
矢部団地（10ｍ）,2020/12,10.66,standard,2020_all_kansokukekka_ichiran_R.pdf,24,2020-12-15
矢部団地（10ｍ）,2021/03,10.64,standard,2020_all_kansokukekka_ichiran_R.pdf,24,2021-03-15
矢部団地（10ｍ）,2021/04,10.88,standard,2021_all_kansokukekka_ichiran_R.pdf,24,2021-04-15
矢部団地（10ｍ）,2021/05,10.86,standard,2021_all_kansokukekka_ichiran_R.pdf,24,2021-05-15
矢部団地（10ｍ）,2021/06,10.87,standard,2021_all_kansokukekka_ichiran_R.pdf,24,2021-06-15
矢部団地（10ｍ）,2021/07,10.93,standard,2021_all_kansokukekka_ichiran_R.pdf,24,2021-07-15
矢部団地（10ｍ）,2021/08,10.97,standard,2021_all_kansokukekka_ichiran_R.pdf,24,2021-08-15
矢部団地（10ｍ）,2021/09,11.04,standard,2021_all_kansokukekka_ichiran_R.pdf,24,2021-09-15
矢部団地（10ｍ）,2021/11,10.87,standard,2021_all_kansokukekka_ichiran_R.pdf,24,2021-11-15
矢部団地（10ｍ）,2021/12,10.89,standard,2021_all_kansokukekka_ichiran_R.pdf,24,2021-12-15
矢部団地（10ｍ）,2022/01,10.77,standard,2021_all_kansokukekka_ichiran_R.pdf,24,2022-01-15
矢部団地（10ｍ）,2022/02,10.73,standard,2021_all_kansokukekka_ichiran_R.pdf,24,2022-02-15
矢部団地（10ｍ）,2022/03,10.75,standard,2021_all_kansokukekka_ichiran_R.pdf,24,2022-03-15
矢部団地（10ｍ）,2022/04,10.83,standard,2022_all_kansokukekka_ichiran_R.pdf,24,2022-04-15
矢部団地（10ｍ）,2022/05,10.96,standard,2022_all_kansokukekka_ichiran_R.pdf,24,2022-05-15
矢部団地（10ｍ）,2022/06,10.92,standard,2022_all_kansokukekka_ichiran_R.pdf,24,2022-06-15
矢部団地（10ｍ）,2022/07,10.86,standard,2022_all_kansokukekka_ichiran_R.pdf,24,2022-07-15
矢部団地（10ｍ）,2022/08,10.89,standard,2022_all_kansokukekka_ichiran_R.pdf,24,2022-08-15
矢部団地（10ｍ）,2022/09,10.83,standard,2022_all_kansokukekka_ichiran_R.pdf,24,2022-09-15
矢部団地（10ｍ）,2022/10,10.92,standard,2022_all_kansokukekka_ichiran_R.pdf,24,2022-10-15
矢部団地（10ｍ）,2022/11,10.83,standard,2022_all_kansokukekka_ichiran_R.pdf,24,2022-11-15
矢部団地（10ｍ）,2022/12,10.91,standard,2022_all_kansokukekka_ichiran_R.pdf,24,2022-12-15
矢部団地（10ｍ）,2023/01,10.81,standard,2022_all_kansokukekka_ichiran_R.pdf,24,2023-01-15
矢部団地（10ｍ）,2023/02,10.62,standard,2022_all_kansokukekka_ichiran_R.pdf,24,2023-02-15
矢部団地（10ｍ）,2023/03,10.66,standard,2022_all_kansokukekka_ichiran_R.pdf,24,2023-03-15
矢部団地（10ｍ）,2023/04,10.7,standard,2023_all_kansokukekka_ichiran.pdf,24,2023-04-15
矢部団地（10ｍ）,2023/05,10.88,standard,2023_all_kansokukekka_ichiran.pdf,24,2023-05-15
矢部団地（10ｍ）,2023/06,11.01,standard,2023_all_kansokukekka_ichiran.pdf,24,2023-06-15
矢部団地（10ｍ）,2023/07,10.88,standard,2023_all_kansokukekka_ichiran.pdf,24,2023-07-15
矢部団地（10ｍ）,2023/08,10.82,standard,2023_all_kansokukekka_ichiran.pdf,24,2023-08-15
矢部団地（10ｍ）,2023/09,10.83,standard,2023_all_kansokukekka_ichiran.pdf,24,2023-09-15
矢部団地（10ｍ）,2023/10,10.92,standard,2023_all_kansokukekka_ichiran.pdf,24,2023-10-15
矢部団地（10ｍ）,2023/11,10.75,standard,2023_all_kansokukekka_ichiran.pdf,24,2023-11-15
矢部団地（10ｍ）,2023/12,10.68,standard,2023_all_kansokukekka_ichiran.pdf,24,2023-12-15
矢部団地（10ｍ）,2024/01,10.67,standard,2023_all_kansokukekka_ichiran.pdf,24,2024-01-15
矢部団地（10ｍ）,2024/02,10.69,standard,2023_all_kansokukekka_ichiran.pdf,24,2024-02-15
矢部団地（10ｍ）,2024/03,10.86,standard,2023_all_kansokukekka_ichiran.pdf,24,2024-03-15
矢部団地（10ｍ）,2024/04,10.89,standard,2024_all_kansokukekka_ichiran.pdf,24,2024-04-15
矢部団地（10ｍ）,2024/05,10.93,standard,2024_all_kansokukekka_ichiran.pdf,24,2024-05-15
矢部団地（10ｍ）,2024/06,11.01,standard,2024_all_kansokukekka_ichiran.pdf,24,2024-06-15
矢部団地（10ｍ）,2024/07,10.92,standard,2024_all_kansokukekka_ichiran.pdf,24,2024-07-15
矢部団地（10ｍ）,2024/08,10.84,standard,2024_all_kansokukekka_ichiran.pdf,24,2024-08-15
矢部団地（10ｍ）,2024/09,10.85,standard,2024_all_kansokukekka_ichiran.pdf,24,2024-09-15
矢部団地（10ｍ）,2024/10,10.91,standard,2024_all_kansokukekka_ichiran.pdf,24,2024-10-15
矢部団地（10ｍ）,2024/11,10.97,standard,2024_all_kansokukekka_ichiran.pdf,24,2024-11-15
矢部団地（10ｍ）,2024/12,10.89,standard,2024_all_kansokukekka_ichiran.pdf,24,2024-12-15
矢部団地（10ｍ）,2025/01,10.75,standard,2024_all_kansokukekka_ichiran.pdf,24,2025-01-15
矢部団地（10ｍ）,2025/02,10.68,standard,2024_all_kansokukekka_ichiran.pdf,24,2025-02-15
矢部団地（10ｍ）,2025/03,10.79,standard,2024_all_kansokukekka_ichiran.pdf,24,2025-03-15
矢部団地（10ｍ）,2025/04,10.97,standard,2025_all_data.pdf,1,2025-04-15
矢部団地（10ｍ）,2025/05,10.95,standard,2025_all_data.pdf,1,2025-05-15
矢部団地（10ｍ）,2025/06,10.98,standard,2025_all_data.pdf,1,2025-06-15
矢部団地（10ｍ）,2025/07,10.88,standard,2025_all_data.pdf,1,2025-07-15
矢部団地（10ｍ）,2025/08,10.84,standard,2025_all_data.pdf,1,2025-08-15
矢部団地（10ｍ）,2025/09,10.95,standard,2025_all_data.pdf,1,2025-09-15
矢部団地（10ｍ）,2025/10,10.88,standard,2025_all_data.pdf,1,2025-10-15
矢部団地（10ｍ）,2025/11,11.03,standard,2025_all_data.pdf,1,2025-11-15
矢部団地（10ｍ）,2025/12,10.74,standard,2025_all_data.pdf,1,2025-12-15
矢部団地（10ｍ）,2026/01,10.73,standard,2025_all_data.pdf,1,2026-01-15
矢部団地（10ｍ）,2026/02,10.61,standard,2025_all_data.pdf,1,2026-02-15
矢部団地（10ｍ）,2026/03,10.75,standard,2025_all_data.pdf,1,2026-03-15
西寺尾公園（17ｍ）,2010/04,3.91,standard,2010-2016_all_data.pdf,2,2010-04-15
西寺尾公園（17ｍ）,2010/05,3.94,standard,2010-2016_all_data.pdf,2,2010-05-15
西寺尾公園（17ｍ）,2010/07,3.92,standard,2010-2016_all_data.pdf,2,2010-07-15
西寺尾公園（17ｍ）,2010/08,3.87,standard,2010-2016_all_data.pdf,2,2010-08-15
西寺尾公園（17ｍ）,2010/09,3.83,standard,2010-2016_all_data.pdf,2,2010-09-15
西寺尾公園（17ｍ）,2010/10,4.0,standard,2010-2016_all_data.pdf,2,2010-10-15
西寺尾公園（17ｍ）,2010/11,3.88,standard,2010-2016_all_data.pdf,2,2010-11-15
西寺尾公園（17ｍ）,2010/12,3.92,standard,2010-2016_all_data.pdf,2,2010-12-15
西寺尾公園（17ｍ）,2011/01,3.77,standard,2010-2016_all_data.pdf,2,2011-01-15
西寺尾公園（17ｍ）,2011/02,3.73,standard,2010-2016_all_data.pdf,2,2011-02-15
西寺尾公園（17ｍ）,2011/03,3.79,standard,2010-2016_all_data.pdf,2,2011-03-15
西寺尾公園（17ｍ）,2011/04,3.65,standard,2010-2016_all_data.pdf,3,2011-04-15
西寺尾公園（17ｍ）,2011/05,3.36,standard,2010-2016_all_data.pdf,3,2011-05-15
西寺尾公園（17ｍ）,2011/06,3.79,standard,2010-2016_all_data.pdf,3,2011-06-15
西寺尾公園（17ｍ）,2011/07,3.81,standard,2010-2016_all_data.pdf,3,2011-07-15
西寺尾公園（17ｍ）,2011/08,3.79,standard,2010-2016_all_data.pdf,3,2011-08-15
西寺尾公園（17ｍ）,2011/09,3.8,standard,2010-2016_all_data.pdf,3,2011-09-15
西寺尾公園（17ｍ）,2011/10,3.86,standard,2010-2016_all_data.pdf,3,2011-10-15
西寺尾公園（17ｍ）,2011/11,3.8,standard,2010-2016_all_data.pdf,3,2011-11-15
西寺尾公園（17ｍ）,2011/12,3.81,standard,2010-2016_all_data.pdf,3,2011-12-15
西寺尾公園（17ｍ）,2012/01,3.73,standard,2010-2016_all_data.pdf,3,2012-01-15
西寺尾公園（17ｍ）,2012/07,3.88,standard,2010-2016_all_data.pdf,4,2012-07-15
西寺尾公園（17ｍ）,2012/08,3.8,standard,2010-2016_all_data.pdf,4,2012-08-15
西寺尾公園（17ｍ）,2012/09,3.7,standard,2010-2016_all_data.pdf,4,2012-09-15
西寺尾公園（17ｍ）,2012/11,3.82,standard,2010-2016_all_data.pdf,4,2012-11-15
西寺尾公園（17ｍ）,2012/12,3.79,standard,2010-2016_all_data.pdf,4,2012-12-15
西寺尾公園（17ｍ）,2013/01,3.77,standard,2010-2016_all_data.pdf,4,2013-01-15
西寺尾公園（17ｍ）,2013/02,3.73,standard,2010-2016_all_data.pdf,4,2013-02-15
西寺尾公園（17ｍ）,2013/03,3.7,standard,2010-2016_all_data.pdf,4,2013-03-15
西寺尾公園（17ｍ）,2013/04,3.76,standard,2010-2016_all_data.pdf,5,2013-04-15
西寺尾公園（17ｍ）,2013/05,3.71,standard,2010-2016_all_data.pdf,5,2013-05-15
西寺尾公園（17ｍ）,2013/06,3.83,standard,2010-2016_all_data.pdf,5,2013-06-15
西寺尾公園（17ｍ）,2013/07,3.71,standard,2010-2016_all_data.pdf,5,2013-07-15
西寺尾公園（17ｍ）,2013/08,3.64,standard,2010-2016_all_data.pdf,5,2013-08-15
西寺尾公園（17ｍ）,2013/09,3.44,standard,2010-2016_all_data.pdf,5,2013-09-15
西寺尾公園（17ｍ）,2013/10,3.63,standard,2010-2016_all_data.pdf,5,2013-10-15
西寺尾公園（17ｍ）,2013/12,3.44,standard,2010-2016_all_data.pdf,5,2013-12-15
西寺尾公園（17ｍ）,2014/01,3.49,standard,2010-2016_all_data.pdf,5,2014-01-15
西寺尾公園（17ｍ）,2014/03,3.46,standard,2010-2016_all_data.pdf,5,2014-03-15
西寺尾公園（17ｍ）,2014/04,3.49,standard,2010-2016_all_data.pdf,6,2014-04-15
西寺尾公園（17ｍ）,2014/05,3.68,standard,2010-2016_all_data.pdf,6,2014-05-15
西寺尾公園（17ｍ）,2014/06,3.88,standard,2010-2016_all_data.pdf,6,2014-06-15
西寺尾公園（17ｍ）,2014/07,3.78,standard,2010-2016_all_data.pdf,6,2014-07-15
西寺尾公園（17ｍ）,2014/08,3.73,standard,2010-2016_all_data.pdf,6,2014-08-15
西寺尾公園（17ｍ）,2014/09,3.74,standard,2010-2016_all_data.pdf,6,2014-09-15
西寺尾公園（17ｍ）,2014/10,3.8,standard,2010-2016_all_data.pdf,6,2014-10-15
西寺尾公園（17ｍ）,2014/11,3.7,standard,2010-2016_all_data.pdf,6,2014-11-15
西寺尾公園（17ｍ）,2014/12,3.71,standard,2010-2016_all_data.pdf,6,2014-12-15
西寺尾公園（17ｍ）,2015/04,3.7,standard,2010-2016_all_data.pdf,7,2015-04-15
西寺尾公園（17ｍ）,2015/05,3.62,standard,2010-2016_all_data.pdf,7,2015-05-15
西寺尾公園（17ｍ）,2015/06,3.72,standard,2010-2016_all_data.pdf,7,2015-06-15
西寺尾公園（17ｍ）,2015/07,3.76,standard,2010-2016_all_data.pdf,7,2015-07-15
西寺尾公園（17ｍ）,2015/08,3.58,standard,2010-2016_all_data.pdf,7,2015-08-15
西寺尾公園（17ｍ）,2015/09,3.7,standard,2010-2016_all_data.pdf,7,2015-09-15
西寺尾公園（17ｍ）,2015/10,3.62,standard,2010-2016_all_data.pdf,7,2015-10-15
西寺尾公園（17ｍ）,2015/11,3.61,standard,2010-2016_all_data.pdf,7,2015-11-15
西寺尾公園（17ｍ）,2015/12,3.55,standard,2010-2016_all_data.pdf,7,2015-12-15
西寺尾公園（17ｍ）,2016/01,3.55,standard,2010-2016_all_data.pdf,7,2016-01-15
西寺尾公園（17ｍ）,2016/02,3.54,standard,2010-2016_all_data.pdf,7,2016-02-15
西寺尾公園（17ｍ）,2016/04,3.59,standard,2010-2016_all_data.pdf,8,2016-04-15
西寺尾公園（17ｍ）,2016/06,3.64,standard,2010-2016_all_data.pdf,8,2016-06-15
西寺尾公園（17ｍ）,2016/07,3.67,standard,2010-2016_all_data.pdf,8,2016-07-15
西寺尾公園（17ｍ）,2016/08,3.74,standard,2010-2016_all_data.pdf,8,2016-08-15
西寺尾公園（17ｍ）,2016/09,3.7,standard,2010-2016_all_data.pdf,8,2016-09-15
西寺尾公園（17ｍ）,2016/12,3.79,standard,2010-2016_all_data.pdf,8,2016-12-15
西寺尾公園（17ｍ）,2017/01,3.65,standard,2010-2016_all_data.pdf,8,2017-01-15
西寺尾公園（17ｍ）,2017/02,3.6,standard,2010-2016_all_data.pdf,8,2017-02-15
西寺尾公園（17ｍ）,2017/03,3.64,standard,2010-2016_all_data.pdf,8,2017-03-15
西寺尾公園（17ｍ）,2017/04,3.71,standard,2017_all_kansokukekka_ichiran_R.pdf,24,2017-04-15
西寺尾公園（17ｍ）,2017/05,3.64,standard,2017_all_kansokukekka_ichiran_R.pdf,24,2017-05-15
西寺尾公園（17ｍ）,2017/06,3.71,standard,2017_all_kansokukekka_ichiran_R.pdf,24,2017-06-15
西寺尾公園（17ｍ）,2017/10,3.81,standard,2017_all_kansokukekka_ichiran_R.pdf,24,2017-10-15
西寺尾公園（17ｍ）,2017/11,3.74,standard,2017_all_kansokukekka_ichiran_R.pdf,24,2017-11-15
西寺尾公園（17ｍ）,2018/01,3.61,standard,2017_all_kansokukekka_ichiran_R.pdf,24,2018-01-15
西寺尾公園（17ｍ）,2018/02,3.6,standard,2017_all_kansokukekka_ichiran_R.pdf,24,2018-02-15
西寺尾公園（17ｍ）,2018/03,3.73,standard,2017_all_kansokukekka_ichiran_R.pdf,24,2018-03-15
西寺尾公園（17ｍ）,2018/04,3.65,standard,2018_all_kansokukekka_ichiran_R.pdf,24,2018-04-15
西寺尾公園（17ｍ）,2018/05,3.4,standard,2018_all_kansokukekka_ichiran_R.pdf,24,2018-05-15
西寺尾公園（17ｍ）,2018/06,3.47,standard,2018_all_kansokukekka_ichiran_R.pdf,24,2018-06-15
西寺尾公園（17ｍ）,2018/07,3.44,standard,2018_all_kansokukekka_ichiran_R.pdf,24,2018-07-15
西寺尾公園（17ｍ）,2018/08,3.5,standard,2018_all_kansokukekka_ichiran_R.pdf,24,2018-08-15
西寺尾公園（17ｍ）,2018/09,3.9,standard,2018_all_kansokukekka_ichiran_R.pdf,24,2018-09-15
西寺尾公園（17ｍ）,2018/10,3.86,standard,2018_all_kansokukekka_ichiran_R.pdf,24,2018-10-15
西寺尾公園（17ｍ）,2018/11,3.8,standard,2018_all_kansokukekka_ichiran_R.pdf,24,2018-11-15
西寺尾公園（17ｍ）,2018/12,3.79,standard,2018_all_kansokukekka_ichiran_R.pdf,24,2018-12-15
西寺尾公園（17ｍ）,2019/01,3.67,standard,2018_all_kansokukekka_ichiran_R.pdf,24,2019-01-15
西寺尾公園（17ｍ）,2019/04,3.76,standard,2019_all_kansokukekka_ichiran_R.pdf,24,2019-04-15
西寺尾公園（17ｍ）,2019/05,3.84,standard,2019_all_kansokukekka_ichiran_R.pdf,24,2019-05-15
西寺尾公園（17ｍ）,2019/08,3.77,standard,2019_all_kansokukekka_ichiran_R.pdf,24,2019-08-15
西寺尾公園（17ｍ）,2019/09,3.85,standard,2019_all_kansokukekka_ichiran_R.pdf,24,2019-09-15
西寺尾公園（17ｍ）,2019/10,4.0,standard,2019_all_kansokukekka_ichiran_R.pdf,24,2019-10-15
西寺尾公園（17ｍ）,2019/11,3.9,standard,2019_all_kansokukekka_ichiran_R.pdf,24,2019-11-15
西寺尾公園（17ｍ）,2020/01,3.79,standard,2019_all_kansokukekka_ichiran_R.pdf,24,2020-01-15
西寺尾公園（17ｍ）,2020/02,3.77,standard,2019_all_kansokukekka_ichiran_R.pdf,24,2020-02-15
西寺尾公園（17ｍ）,2020/03,3.8,standard,2019_all_kansokukekka_ichiran_R.pdf,24,2020-03-15
西寺尾公園（17ｍ）,2020/07,3.97,standard,2020_all_kansokukekka_ichiran_R.pdf,24,2020-07-15
西寺尾公園（17ｍ）,2020/09,3.78,standard,2020_all_kansokukekka_ichiran_R.pdf,24,2020-09-15
西寺尾公園（17ｍ）,2020/10,3.91,standard,2020_all_kansokukekka_ichiran_R.pdf,24,2020-10-15
西寺尾公園（17ｍ）,2020/11,3.73,standard,2020_all_kansokukekka_ichiran_R.pdf,24,2020-11-15
西寺尾公園（17ｍ）,2021/03,3.81,standard,2020_all_kansokukekka_ichiran_R.pdf,24,2021-03-15
西寺尾公園（17ｍ）,2021/04,3.82,standard,2021_all_kansokukekka_ichiran_R.pdf,24,2021-04-15
西寺尾公園（17ｍ）,2021/05,3.83,standard,2021_all_kansokukekka_ichiran_R.pdf,24,2021-05-15
西寺尾公園（17ｍ）,2021/06,3.85,standard,2021_all_kansokukekka_ichiran_R.pdf,24,2021-06-15
西寺尾公園（17ｍ）,2021/07,3.91,standard,2021_all_kansokukekka_ichiran_R.pdf,24,2021-07-15
西寺尾公園（17ｍ）,2021/08,3.9,standard,2021_all_kansokukekka_ichiran_R.pdf,24,2021-08-15
西寺尾公園（17ｍ）,2021/09,3.92,standard,2021_all_kansokukekka_ichiran_R.pdf,24,2021-09-15
西寺尾公園（17ｍ）,2021/10,3.87,standard,2021_all_kansokukekka_ichiran_R.pdf,24,2021-10-15
西寺尾公園（17ｍ）,2021/11,3.84,standard,2021_all_kansokukekka_ichiran_R.pdf,24,2021-11-15
西寺尾公園（17ｍ）,2021/12,3.87,standard,2021_all_kansokukekka_ichiran_R.pdf,24,2021-12-15
西寺尾公園（17ｍ）,2022/01,3.73,standard,2021_all_kansokukekka_ichiran_R.pdf,24,2022-01-15
西寺尾公園（17ｍ）,2022/02,3.77,standard,2021_all_kansokukekka_ichiran_R.pdf,24,2022-02-15
西寺尾公園（17ｍ）,2022/03,3.84,standard,2021_all_kansokukekka_ichiran_R.pdf,24,2022-03-15
西寺尾公園（17ｍ）,2022/04,3.89,standard,2022_all_kansokukekka_ichiran_R.pdf,24,2022-04-15
西寺尾公園（17ｍ）,2022/05,3.88,standard,2022_all_kansokukekka_ichiran_R.pdf,24,2022-05-15
西寺尾公園（17ｍ）,2022/06,3.85,standard,2022_all_kansokukekka_ichiran_R.pdf,24,2022-06-15
西寺尾公園（17ｍ）,2022/07,3.88,standard,2022_all_kansokukekka_ichiran_R.pdf,24,2022-07-15
西寺尾公園（17ｍ）,2022/08,3.87,standard,2022_all_kansokukekka_ichiran_R.pdf,24,2022-08-15
西寺尾公園（17ｍ）,2022/09,3.95,standard,2022_all_kansokukekka_ichiran_R.pdf,24,2022-09-15
西寺尾公園（17ｍ）,2022/10,3.91,standard,2022_all_kansokukekka_ichiran_R.pdf,24,2022-10-15
西寺尾公園（17ｍ）,2022/11,3.74,standard,2022_all_kansokukekka_ichiran_R.pdf,24,2022-11-15
西寺尾公園（17ｍ）,2022/12,3.8,standard,2022_all_kansokukekka_ichiran_R.pdf,24,2022-12-15
西寺尾公園（17ｍ）,2023/01,3.72,standard,2022_all_kansokukekka_ichiran_R.pdf,24,2023-01-15
西寺尾公園（17ｍ）,2023/02,3.63,standard,2022_all_kansokukekka_ichiran_R.pdf,24,2023-02-15
西寺尾公園（17ｍ）,2023/03,3.73,standard,2022_all_kansokukekka_ichiran_R.pdf,24,2023-03-15
西寺尾公園（17ｍ）,2023/04,3.76,standard,2023_all_kansokukekka_ichiran.pdf,24,2023-04-15
西寺尾公園（17ｍ）,2023/05,3.88,standard,2023_all_kansokukekka_ichiran.pdf,24,2023-05-15
西寺尾公園（17ｍ）,2023/06,3.85,standard,2023_all_kansokukekka_ichiran.pdf,24,2023-06-15
西寺尾公園（17ｍ）,2023/07,3.73,standard,2023_all_kansokukekka_ichiran.pdf,24,2023-07-15
西寺尾公園（17ｍ）,2023/08,3.36,standard,2023_all_kansokukekka_ichiran.pdf,24,2023-08-15
西寺尾公園（17ｍ）,2023/09,3.38,standard,2023_all_kansokukekka_ichiran.pdf,24,2023-09-15
西寺尾公園（17ｍ）,2023/10,3.39,standard,2023_all_kansokukekka_ichiran.pdf,24,2023-10-15
西寺尾公園（17ｍ）,2023/11,3.49,standard,2023_all_kansokukekka_ichiran.pdf,24,2023-11-15
西寺尾公園（17ｍ）,2023/12,3.48,standard,2023_all_kansokukekka_ichiran.pdf,24,2023-12-15
西寺尾公園（17ｍ）,2024/01,3.4,standard,2023_all_kansokukekka_ichiran.pdf,24,2024-01-15
西寺尾公園（17ｍ）,2024/02,3.56,standard,2023_all_kansokukekka_ichiran.pdf,24,2024-02-15
西寺尾公園（17ｍ）,2024/03,3.6,standard,2023_all_kansokukekka_ichiran.pdf,24,2024-03-15
西寺尾公園（17ｍ）,2024/04,3.62,standard,2024_all_kansokukekka_ichiran.pdf,24,2024-04-15
西寺尾公園（17ｍ）,2024/05,3.64,standard,2024_all_kansokukekka_ichiran.pdf,24,2024-05-15
西寺尾公園（17ｍ）,2024/06,3.73,standard,2024_all_kansokukekka_ichiran.pdf,24,2024-06-15
西寺尾公園（17ｍ）,2024/07,3.65,standard,2024_all_kansokukekka_ichiran.pdf,24,2024-07-15
西寺尾公園（17ｍ）,2024/08,3.56,standard,2024_all_kansokukekka_ichiran.pdf,24,2024-08-15
西寺尾公園（17ｍ）,2024/09,3.59,standard,2024_all_kansokukekka_ichiran.pdf,24,2024-09-15
西寺尾公園（17ｍ）,2024/10,3.7,standard,2024_all_kansokukekka_ichiran.pdf,24,2024-10-15
西寺尾公園（17ｍ）,2024/11,3.65,standard,2024_all_kansokukekka_ichiran.pdf,24,2024-11-15
西寺尾公園（17ｍ）,2024/12,3.47,standard,2024_all_kansokukekka_ichiran.pdf,24,2024-12-15
西寺尾公園（17ｍ）,2025/01,3.44,standard,2024_all_kansokukekka_ichiran.pdf,24,2025-01-15
西寺尾公園（17ｍ）,2025/02,3.45,standard,2024_all_kansokukekka_ichiran.pdf,24,2025-02-15
西寺尾公園（17ｍ）,2025/03,3.56,standard,2024_all_kansokukekka_ichiran.pdf,24,2025-03-15
西寺尾公園（17ｍ）,2025/04,3.62,standard,2025_all_data.pdf,1,2025-04-15
西寺尾公園（17ｍ）,2025/05,3.65,standard,2025_all_data.pdf,1,2025-05-15
西寺尾公園（17ｍ）,2025/06,3.65,standard,2025_all_data.pdf,1,2025-06-15
西寺尾公園（17ｍ）,2025/07,3.74,standard,2025_all_data.pdf,1,2025-07-15
西寺尾公園（17ｍ）,2025/08,3.57,standard,2025_all_data.pdf,1,2025-08-15
西寺尾公園（17ｍ）,2025/09,3.61,standard,2025_all_data.pdf,1,2025-09-15
西寺尾公園（17ｍ）,2025/10,3.77,standard,2025_all_data.pdf,1,2025-10-15
西寺尾公園（17ｍ）,2025/11,3.48,standard,2025_all_data.pdf,1,2025-11-15
西寺尾公園（17ｍ）,2025/12,3.42,standard,2025_all_data.pdf,1,2025-12-15
西寺尾公園（17ｍ）,2026/01,3.6,standard,2025_all_data.pdf,1,2026-01-15
西寺尾公園（17ｍ）,2026/02,3.6,standard,2025_all_data.pdf,1,2026-02-15
西寺尾公園（17ｍ）,2026/03,3.65,standard,2025_all_data.pdf,1,2026-03-15
都筑(120m),2010/05,-0.03,standard,2010-2016_all_data.pdf,2,2010-05-15
都筑(120m),2010/07,-1.19,standard,2010-2016_all_data.pdf,2,2010-07-15
都筑(120m),2010/08,-1.74,standard,2010-2016_all_data.pdf,2,2010-08-15
都筑(120m),2010/09,-2.71,standard,2010-2016_all_data.pdf,2,2010-09-15
都筑(120m),2010/10,-1.21,standard,2010-2016_all_data.pdf,2,2010-10-15
都筑(120m),2010/11,-0.55,standard,2010-2016_all_data.pdf,2,2010-11-15
都筑(120m),2010/12,-0.11,standard,2010-2016_all_data.pdf,2,2010-12-15
都筑(120m),2011/01,-0.13,standard,2010-2016_all_data.pdf,2,2011-01-15
都筑(120m),2011/02,-0.27,standard,2010-2016_all_data.pdf,2,2011-02-15
都筑(120m),2011/03,2.77,standard,2010-2016_all_data.pdf,2,2011-03-15
都筑(120m),2011/04,3.62,standard,2010-2016_all_data.pdf,3,2011-04-15
都筑(120m),2011/05,3.61,standard,2010-2016_all_data.pdf,3,2011-05-15
都筑(120m),2011/06,3.64,standard,2010-2016_all_data.pdf,3,2011-06-15
都筑(120m),2011/07,2.34,standard,2010-2016_all_data.pdf,3,2011-07-15
都筑(120m),2011/08,2.44,standard,2010-2016_all_data.pdf,3,2011-08-15
都筑(120m),2011/09,2.41,standard,2010-2016_all_data.pdf,3,2011-09-15
都筑(120m),2011/10,2.22,standard,2010-2016_all_data.pdf,3,2011-10-15
都筑(120m),2011/11,1.79,standard,2010-2016_all_data.pdf,3,2011-11-15
都筑(120m),2011/12,3.07,standard,2010-2016_all_data.pdf,3,2011-12-15
都筑(120m),2012/01,3.79,standard,2010-2016_all_data.pdf,3,2012-01-15
都筑(120m),2012/03,2.78,standard,2010-2016_all_data.pdf,3,2012-03-15
都筑(120m),2012/04,2.47,standard,2010-2016_all_data.pdf,4,2012-04-15
都筑(120m),2012/05,2.62,standard,2010-2016_all_data.pdf,4,2012-05-15
都筑(120m),2012/06,2.06,standard,2010-2016_all_data.pdf,4,2012-06-15
都筑(120m),2012/07,1.92,standard,2010-2016_all_data.pdf,4,2012-07-15
都筑(120m),2012/08,1.35,standard,2010-2016_all_data.pdf,4,2012-08-15
都筑(120m),2012/09,0.75,standard,2010-2016_all_data.pdf,4,2012-09-15
都筑(120m),2012/10,1.37,standard,2010-2016_all_data.pdf,4,2012-10-15
都筑(120m),2012/11,1.85,standard,2010-2016_all_data.pdf,4,2012-11-15
都筑(120m),2012/12,2.15,standard,2010-2016_all_data.pdf,4,2012-12-15
都筑(120m),2013/01,3.02,standard,2010-2016_all_data.pdf,4,2013-01-15
都筑(120m),2013/02,2.16,standard,2010-2016_all_data.pdf,4,2013-02-15
都筑(120m),2013/03,1.81,standard,2010-2016_all_data.pdf,4,2013-03-15
都筑(120m),2013/04,1.69,standard,2010-2016_all_data.pdf,5,2013-04-15
都筑(120m),2013/05,1.04,standard,2010-2016_all_data.pdf,5,2013-05-15
都筑(120m),2013/06,0.9,standard,2010-2016_all_data.pdf,5,2013-06-15
都筑(120m),2013/07,0.08,standard,2010-2016_all_data.pdf,5,2013-07-15
都筑(120m),2013/09,0.27,standard,2010-2016_all_data.pdf,5,2013-09-15
都筑(120m),2013/11,1.61,standard,2010-2016_all_data.pdf,5,2013-11-15
都筑(120m),2013/12,1.26,standard,2010-2016_all_data.pdf,5,2013-12-15
都筑(120m),2014/01,1.53,standard,2010-2016_all_data.pdf,5,2014-01-15
都筑(120m),2014/03,1.26,standard,2010-2016_all_data.pdf,5,2014-03-15
都筑(120m),2014/05,2.09,standard,2010-2016_all_data.pdf,6,2014-05-15
都筑(120m),2014/06,1.49,standard,2010-2016_all_data.pdf,6,2014-06-15
都筑(120m),2014/08,-0.24,standard,2010-2016_all_data.pdf,6,2014-08-15
都筑(120m),2014/09,-0.75,standard,2010-2016_all_data.pdf,6,2014-09-15
都筑(120m),2014/10,0.24,standard,2010-2016_all_data.pdf,6,2014-10-15
都筑(120m),2014/11,0.29,standard,2010-2016_all_data.pdf,6,2014-11-15
都筑(120m),2014/12,1.32,standard,2010-2016_all_data.pdf,6,2014-12-15
都筑(120m),2015/01,1.05,standard,2010-2016_all_data.pdf,6,2015-01-15
都筑(120m),2015/03,0.92,standard,2010-2016_all_data.pdf,6,2015-03-15
都筑(120m),2015/04,1.05,standard,2010-2016_all_data.pdf,7,2015-04-15
都筑(120m),2015/05,0.86,standard,2010-2016_all_data.pdf,7,2015-05-15
都筑(120m),2015/06,1.2,standard,2010-2016_all_data.pdf,7,2015-06-15
都筑(120m),2015/07,0.86,standard,2010-2016_all_data.pdf,7,2015-07-15
都筑(120m),2015/08,0.0,standard,2010-2016_all_data.pdf,7,2015-08-15
都筑(120m),2015/09,0.79,standard,2010-2016_all_data.pdf,7,2015-09-15
都筑(120m),2015/10,0.62,standard,2010-2016_all_data.pdf,7,2015-10-15
都筑(120m),2015/12,0.59,standard,2010-2016_all_data.pdf,7,2015-12-15
都筑(120m),2016/01,1.15,standard,2010-2016_all_data.pdf,7,2016-01-15
都筑(120m),2016/02,0.62,standard,2010-2016_all_data.pdf,7,2016-02-15
都筑(120m),2016/03,0.25,standard,2010-2016_all_data.pdf,7,2016-03-15
都筑(120m),2016/04,0.65,standard,2010-2016_all_data.pdf,8,2016-04-15
都筑(120m),2016/05,0.52,standard,2010-2016_all_data.pdf,8,2016-05-15
都筑(120m),2016/06,0.28,standard,2010-2016_all_data.pdf,8,2016-06-15
