name,country,lat,lon,population,aquifer_context_class,sy_low,sy_mid,sy_high,class_basis,dP_sy_low,dP_sy_mid,dP_sy_high,material_at_sy_low,material_at_sy_mid,material_at_sy_high,sy_material_threshold_0p03_0p25,direction,class_prior_use
Yokohama,JP,35.43333,139.65,3777491,coastal mixed/delta-reclaimed review,0.06,0.12,0.18,coastal mixed aquifer/reclamation/leakage review; not a local shallow-head calibration,0.021894330287945296,0.010987912867872929,0.007327969638177501,True,True,False,0.13186851271525948,increase,review-prior only; replace with local hydrogeology before engineering use
Bhayandar,IN,19.30157,72.85107,809378,coastal mixed/delta-reclaimed review,0.06,0.12,0.18,coastal mixed aquifer/reclamation/leakage review; not a local shallow-head calibration,0.01962863164894163,0.009806304960102319,0.006535383757692026,True,False,False,0.1176778486207835,increase,review-prior only; replace with local hydrogeology before engineering use
Mumbai,IN,19.07283,72.88261,12691836,coastal mixed/delta-reclaimed review,0.06,0.12,0.18,coastal mixed aquifer/reclamation/leakage review; not a local shallow-head calibration,0.01435495399970016,0.00900367105635197,0.005991057720597326,True,False,False,0.10811117529808202,increase,review-prior only; replace with local hydrogeology before engineering use
Dar es Salaam,TZ,-6.82349,39.26951,5383728,alluvial-delta floodplain proxy,0.08,0.16,0.25,low Vs30 and near-water proxy for unconsolidated alluvial/delta/floodplain context,0.012463363033564823,0.006183724333362894,0.003946481064729002,True,False,False,0.0994079565980562,increase,review-prior only; replace with local hydrogeology before engineering use
Surat,IN,21.19594,72.83023,4591246,alluvial-delta floodplain proxy,0.08,0.16,0.25,low Vs30 and near-water proxy for unconsolidated alluvial/delta/floodplain context,0.012057905792449641,0.005991107806504414,0.003825527693647135,True,False,False,0.09625940661945943,increase,review-prior only; replace with local hydrogeology before engineering use
Nashik,IN,19.99727,73.79096,1486053,mixed urban aquifer context,0.05,0.12,0.2,default review range when no stronger context proxy is available,0.016078828146274274,0.007582619048365782,0.004498669251049081,True,False,False,0.09178055128943617,increase,review-prior only; replace with local hydrogeology before engineering use
Bhiwandi,IN,19.30023,73.05881,874032,mixed urban aquifer context,0.05,0.12,0.2,default review range when no stronger context proxy is available,0.017472459907608706,0.007178041227226123,0.004289227411240548,True,False,False,0.08647689282322076,increase,review-prior only; replace with local hydrogeology before engineering use
Thāne,IN,19.19704,72.96355,1841488,mixed urban aquifer context,0.05,0.12,0.2,default review range when no stronger context proxy is available,0.01247976013037333,0.006994052419675129,0.004178699504002542,True,False,False,0.0843034878123549,increase,review-prior only; replace with local hydrogeology before engineering use
Dombivali,IN,19.21667,73.08333,1247327,mixed urban aquifer context,0.05,0.12,0.2,default review range when no stronger context proxy is available,0.01687109375839224,0.006926279001205904,0.0041379983804102904,True,False,False,0.08350317148023319,increase,review-prior only; replace with local hydrogeology before engineering use
Tokyo,JP,35.6895,139.69171,9733276,coastal mixed/delta-reclaimed review,0.06,0.12,0.18,coastal mixed aquifer/reclamation/leakage review; not a local shallow-head calibration,0.013986678104947026,0.006900266696356072,0.004579528285363149,True,False,False,0.0832950608494791,increase,review-prior only; replace with local hydrogeology before engineering use
Yangon,MM,16.80528,96.15611,4477638,alluvial-delta floodplain proxy,0.08,0.16,0.25,low Vs30 and near-water proxy for unconsolidated alluvial/delta/floodplain context,0.009818591541813748,0.004905624695559219,0.003138704868775488,False,False,False,0.07855080347677375,increase,review-prior only; replace with local hydrogeology before engineering use
Tianjin,CN,39.14222,117.17667,11090314,semi-confined basin-fill recovery,0.05,0.1,0.15,managed basin-fill/recovery setting; use low-to-moderate unconfined-equivalent S_y review range,0.014835812200878928,0.007373635729423955,0.004905788037384784,True,False,False,0.07389378470199084,increase,review-prior only; replace with local hydrogeology before engineering use
Varanasi,IN,25.31668,83.01041,1164404,alluvial-delta floodplain proxy,0.08,0.16,0.25,low Vs30 and near-water proxy for unconsolidated alluvial/delta/floodplain context,0.008112214129430473,0.004001550717982638,0.0025485139862127526,False,False,False,0.06529392468150233,increase,review-prior only; replace with local hydrogeology before engineering use
Chattogram,BD,22.3384,91.83168,3920222,alluvial-delta floodplain proxy,0.08,0.16,0.25,low Vs30 and near-water proxy for unconsolidated alluvial/delta/floodplain context,0.007879250988867104,0.003944646703529231,0.00252570589119816,False,False,False,0.06298956474465302,increase,review-prior only; replace with local hydrogeology before engineering use
Patna,IN,25.59408,85.13563,1684297,mixed urban aquifer context,0.05,0.12,0.2,default review range when no stronger context proxy is available,0.012372554415679388,0.005069568614128467,0.0030271286639413364,True,False,False,0.06153168991201806,increase,review-prior only; replace with local hydrogeology before engineering use
Kanpur,IN,26.46523,80.34975,2823249,alluvial-delta floodplain proxy,0.08,0.16,0.25,low Vs30 and near-water proxy for unconsolidated alluvial/delta/floodplain context,0.007464745813185375,0.003707396915849953,0.002366981430320325,False,False,False,0.05998471702831889,increase,review-prior only; replace with local hydrogeology before engineering use
Barcelona,VE,10.1384,-64.68769,815141,alluvial-delta floodplain proxy,0.08,0.16,0.25,low Vs30 and near-water proxy for unconsolidated alluvial/delta/floodplain context,0.007007389104861206,0.003484704451400089,0.002225831574233672,False,False,False,0.05631435153368944,increase,review-prior only; replace with local hydrogeology before engineering use
Prayagraj,IN,25.44478,81.84322,1073438,alluvial-delta floodplain proxy,0.08,0.16,0.25,low Vs30 and near-water proxy for unconsolidated alluvial/delta/floodplain context,0.006782708329897483,0.0033504520201723953,0.0021349303544468123,False,False,False,0.05486697763409641,increase,review-prior only; replace with local hydrogeology before engineering use
Kalyān,IN,19.2437,73.13554,1262255,mixed urban aquifer context,0.05,0.12,0.2,default review range when no stronger context proxy is available,0.005381297964220544,0.005381297964220544,0.0032287416533375857,False,False,False,,increase,review-prior only; replace with local hydrogeology before engineering use
Makassar,ID,-5.14861,119.43194,1423877,alluvial-delta floodplain proxy,0.08,0.16,0.25,low Vs30 and near-water proxy for unconsolidated alluvial/delta/floodplain context,0.0053197165084566955,0.003273889706070676,0.0020950133008946215,False,False,False,,increase,review-prior only; replace with local hydrogeology before engineering use
Howrah,IN,22.57688,88.31857,1027672,alluvial-delta floodplain proxy,0.08,0.16,0.25,low Vs30 and near-water proxy for unconsolidated alluvial/delta/floodplain context,0.006373444308932663,0.003180448219829546,0.0020340292394954718,False,False,False,0.05109959455091151,increase,review-prior only; replace with local hydrogeology before engineering use
Kolkata,IN,22.56263,88.36304,4631392,alluvial-delta floodplain proxy,0.08,0.16,0.25,low Vs30 and near-water proxy for unconsolidated alluvial/delta/floodplain context,0.006370971746031073,0.0031792005198644224,0.0020332281025310373,False,False,False,0.051080140856100416,increase,review-prior only; replace with local hydrogeology before engineering use
Luzhou,CN,28.8903,105.42575,998900,alluvial-delta floodplain proxy,0.08,0.16,0.25,low Vs30 and near-water proxy for unconsolidated alluvial/delta/floodplain context,0.0062590842405811364,0.0031247463394472597,0.0019987207267199714,False,False,False,0.0501623508184382,increase,review-prior only; replace with local hydrogeology before engineering use
Ranchi,IN,23.34316,85.3094,1120374,alluvial-delta floodplain proxy,0.08,0.16,0.25,low Vs30 and near-water proxy for unconsolidated alluvial/delta/floodplain context,0.006215286441076495,0.003082189490326903,0.001966756421182436,False,False,False,0.05020813579770979,increase,review-prior only; replace with local hydrogeology before engineering use
Ciudad Guayana,VE,8.35122,-62.64102,978202,mixed urban aquifer context,0.05,0.12,0.2,default review range when no stronger context proxy is available,0.010342545090604068,0.004062367655312635,0.0023969127741571353,True,False,False,0.05155448538375854,increase,review-prior only; replace with local hydrogeology before engineering use
Haikou,CN,20.03421,110.34651,2873358,alluvial-delta floodplain proxy,0.08,0.16,0.25,low Vs30 and near-water proxy for unconsolidated alluvial/delta/floodplain context,0.006043393317085005,0.00300762288589676,0.0019216334332365637,False,False,False,,increase,review-prior only; replace with local hydrogeology before engineering use
Jing’an,CN,31.22,121.41583,936500,alluvial-delta floodplain proxy,0.08,0.16,0.25,low Vs30 and near-water proxy for unconsolidated alluvial/delta/floodplain context,0.005881839348483853,0.002933377018423111,0.0018756151620709094,False,False,False,0.047220829868609385,increase,review-prior only; replace with local hydrogeology before engineering use
Vijayawada,IN,16.50745,80.6466,1143232,mixed urban aquifer context,0.05,0.12,0.2,default review range when no stronger context proxy is available,0.009503041498394815,0.003803325525088372,0.002255967122974545,False,False,False,0.047675733239757115,increase,review-prior only; replace with local hydrogeology before engineering use
Zhabei,CN,31.25861,121.45972,840000,alluvial-delta floodplain proxy,0.08,0.16,0.25,low Vs30 and near-water proxy for unconsolidated alluvial/delta/floodplain context,0.005562487209720357,0.0027730103564497788,0.0017728237422225956,False,False,False,0.04470661620562564,increase,review-prior only; replace with local hydrogeology before engineering use
Kaifeng,CN,34.7986,114.30742,1451741,mixed urban aquifer context,0.05,0.12,0.2,default review range when no stronger context proxy is available,0.004396939206460337,0.004396939206460337,0.0028041725054993027,False,False,False,,increase,review-prior only; replace with local hydrogeology before engineering use
Qinhuangdao,CN,39.94104,119.58936,759718,alluvial-delta floodplain proxy,0.08,0.16,0.25,low Vs30 and near-water proxy for unconsolidated alluvial/delta/floodplain context,0.005362650268557229,0.0026703363713493633,0.0017064815186222937,False,False,False,,increase,review-prior only; replace with local hydrogeology before engineering use
Nagoya,JP,35.18147,136.90641,2332176,mixed urban aquifer context,0.05,0.12,0.2,default review range when no stronger context proxy is available,0.008428562376281201,0.003489813619842297,0.0020900896364331456,False,False,False,0.04222617425003328,increase,review-prior only; replace with local hydrogeology before engineering use
Luohe,CN,33.57424,114.03261,1294974,alluvial-delta floodplain proxy,0.08,0.16,0.25,low Vs30 and near-water proxy for unconsolidated alluvial/delta/floodplain context,0.005007255236904262,0.002496829951779189,0.0015964007420150583,False,False,False,0.040271325855067625,increase,review-prior only; replace with local hydrogeology before engineering use
Putuo,CN,31.251,121.3897,1239100,alluvial-delta floodplain proxy,0.08,0.16,0.25,low Vs30 and near-water proxy for unconsolidated alluvial/delta/floodplain context,0.0049665831811360195,0.002474392832612915,0.001581559003480254,False,False,False,0.04001648475922976,increase,review-prior only; replace with local hydrogeology before engineering use
Hanzhong,CN,33.07507,107.02214,1006557,alluvial-delta floodplain proxy,0.08,0.16,0.25,low Vs30 and near-water proxy for unconsolidated alluvial/delta/floodplain context,0.004896474564172304,0.002438553217739753,0.0015584419824054563,False,False,False,0.039489363354952754,increase,review-prior only; replace with local hydrogeology before engineering use
Benghazi,LY,32.11486,20.06859,757490,alluvial-delta floodplain proxy,0.08,0.16,0.25,low Vs30 and near-water proxy for unconsolidated alluvial/delta/floodplain context,0.004616010884469335,0.002290677381744516,0.001462057032080577,False,False,False,0.03756049508950983,increase,review-prior only; replace with local hydrogeology before engineering use
Accra,GH,5.55602,-0.1969,1963264,mixed urban aquifer context,0.05,0.12,0.2,default review range when no stronger context proxy is available,0.008043851609047827,0.0030182879494943075,0.001758445000900808,False,False,False,,increase,review-prior only; replace with local hydrogeology before engineering use
Jabalpur,IN,23.16697,79.95006,1081677,mixed urban aquifer context,0.05,0.12,0.2,default review range when no stronger context proxy is available,0.005031107354587741,0.002973390258194347,0.0017702382888002827,False,False,False,,increase,review-prior only; replace with local hydrogeology before engineering use
Manila,PH,14.6042,120.9822,1600000,alluvial-delta floodplain proxy,0.08,0.16,0.25,low Vs30 and near-water proxy for unconsolidated alluvial/delta/floodplain context,0.0043615974619566344,0.0021815152196761334,0.0013963305100591628,False,False,False,0.03486105237070428,increase,review-prior only; replace with local hydrogeology before engineering use
Nanchong,CN,30.79508,106.08473,1858875,alluvial-delta floodplain proxy,0.08,0.16,0.25,low Vs30 and near-water proxy for unconsolidated alluvial/delta/floodplain context,0.004230885389967826,0.0021017772928867695,0.001341999084961798,False,False,False,0.034430735979744505,increase,review-prior only; replace with local hydrogeology before engineering use
Linfen,CN,36.08889,111.51889,959198,alluvial-delta floodplain proxy,0.08,0.16,0.25,low Vs30 and near-water proxy for unconsolidated alluvial/delta/floodplain context,0.004211574772039844,0.002090919301437788,0.0013347759170820872,False,False,False,0.03433192757509484,increase,review-prior only; replace with local hydrogeology before engineering use
Jamshedpur,IN,22.80278,86.18545,1339438,mixed urban aquifer context,0.05,0.12,0.2,default review range when no stronger context proxy is available,0.006655981442299286,0.0027227499562237217,0.0016250801004635135,False,False,False,0.03378731310507851,increase,review-prior only; replace with local hydrogeology before engineering use
Xuhui,CN,31.19594,121.44709,1109800,alluvial-delta floodplain proxy,0.08,0.16,0.25,low Vs30 and near-water proxy for unconsolidated alluvial/delta/floodplain context,0.003881805048573883,0.001932165353999038,0.0012345756244657446,False,False,False,0.03148695161360453,increase,review-prior only; replace with local hydrogeology before engineering use
Maracaibo,VE,10.64232,-71.61089,1752602,stiff/deep low-sensitivity control,0.03,0.06,0.1,"control class for stiff, deep-water or far-from-water settings; not used to expand claims",0.010389969459266443,0.005034083608169843,0.0029827278373295713,True,False,False,0.03110052903491209,increase,review-prior only; replace with local hydrogeology before engineering use
Malingao,PH,7.16083,124.475,1121974,mixed urban aquifer context,0.05,0.12,0.2,default review range when no stronger context proxy is available,0.002963818340636637,0.0026859720832422274,0.0016109882777503026,False,False,False,,increase,review-prior only; replace with local hydrogeology before engineering use
Dalian,CN,38.91222,121.60222,4913879,mixed urban aquifer context,0.05,0.12,0.2,default review range when no stronger context proxy is available,0.005906769422451871,0.002405679715297024,0.001434049264707582,False,False,False,0.030295677389739612,increase,review-prior only; replace with local hydrogeology before engineering use
Budta,PH,7.20417,124.43972,1273715,mixed urban aquifer context,0.05,0.12,0.2,default review range when no stronger context proxy is available,0.005795198365935728,0.002408026906784544,0.0014436714419849839,False,False,False,,increase,review-prior only; replace with local hydrogeology before engineering use
Mombasa,KE,-4.05466,39.66359,1208333,alluvial-delta floodplain proxy,0.08,0.16,0.25,low Vs30 and near-water proxy for unconsolidated alluvial/delta/floodplain context,0.003518905011992729,0.0017536785717879588,0.0011210243900097172,False,False,False,,increase,review-prior only; replace with local hydrogeology before engineering use
Chennai,IN,13.08784,80.27847,4681087,alluvial-delta floodplain proxy,0.08,0.16,0.25,low Vs30 and near-water proxy for unconsolidated alluvial/delta/floodplain context,0.0033568824765033978,0.0016749823123079488,0.0010711906837373997,False,False,False,,increase,review-prior only; replace with local hydrogeology before engineering use
Cartagena,CO,10.39817,-75.49328,914552,alluvial-delta floodplain proxy,0.08,0.16,0.25,low Vs30 and near-water proxy for unconsolidated alluvial/delta/floodplain context,0.0033543021753679736,0.001669478532355495,0.0010667019944099465,False,False,False,,increase,review-prior only; replace with local hydrogeology before engineering use
Virār,IN,19.45591,72.81136,1222390,mixed urban aquifer context,0.05,0.12,0.2,default review range when no stronger context proxy is available,0.0025991780956606536,0.0025991780956606536,0.0025991780956606536,False,False,False,,increase,review-prior only; replace with local hydrogeology before engineering use
Mandalay,MM,21.97473,96.08359,1208099,alluvial-delta floodplain proxy,0.08,0.16,0.25,low Vs30 and near-water proxy for unconsolidated alluvial/delta/floodplain context,0.0032312015958621543,0.0016130387633941923,0.001031753251427736,False,False,False,,increase,review-prior only; replace with local hydrogeology before engineering use
Ziyang,CN,30.12108,104.64811,905729,mixed urban aquifer context,0.05,0.12,0.2,default review range when no stronger context proxy is available,0.005165031796652342,0.0021293650525350816,0.0012737442358992102,False,False,False,,increase,review-prior only; replace with local hydrogeology before engineering use
Santo Domingo,DO,18.47186,-69.89232,2201941,mixed urban aquifer context,0.05,0.12,0.2,default review range when no stronger context proxy is available,0.004964568247891987,0.0020632280509746415,0.001237017127413087,False,False,False,,increase,review-prior only; replace with local hydrogeology before engineering use
Baoshan,CN,31.40845,121.48956,2265900,alluvial-delta floodplain proxy,0.08,0.16,0.25,low Vs30 and near-water proxy for unconsolidated alluvial/delta/floodplain context,0.003090099660093132,0.0015372199026121303,0.0009820216039180263,False,False,False,,increase,review-prior only; replace with local hydrogeology before engineering use
Barranquilla,CO,10.96854,-74.78132,1206319,alluvial-delta floodplain proxy,0.08,0.16,0.25,low Vs30 and near-water proxy for unconsolidated alluvial/delta/floodplain context,0.003012445804461805,0.001498973070527071,0.0009576765938668352,False,False,False,,increase,review-prior only; replace with local hydrogeology before engineering use
Cebu City,PH,10.31672,123.89071,965332,alluvial-delta floodplain proxy,0.08,0.16,0.25,low Vs30 and near-water proxy for unconsolidated alluvial/delta/floodplain context,0.002276329626615059,0.002276329626615059,0.002276329626615059,False,False,False,,increase,review-prior only; replace with local hydrogeology before engineering use
Surabaya,ID,-7.24917,112.75083,2874314,alluvial-delta floodplain proxy,0.08,0.16,0.25,low Vs30 and near-water proxy for unconsolidated alluvial/delta/floodplain context,0.002760921548778328,0.0013796290028784686,0.0008827698777079118,False,False,False,,increase,review-prior only; replace with local hydrogeology before engineering use
Seoul,KR,37.566,126.9784,10349312,alluvial-delta floodplain proxy,0.08,0.16,0.25,low Vs30 and near-water proxy for unconsolidated alluvial/delta/floodplain context,0.0027464076527744657,0.0013662065445439048,0.0008727648461152315,False,False,False,,increase,review-prior only; replace with local hydrogeology before engineering use
Weinan,CN,34.50355,109.50891,1199290,alluvial-delta floodplain proxy,0.08,0.16,0.25,low Vs30 and near-water proxy for unconsolidated alluvial/delta/floodplain context,0.0025122927807350315,0.00125212059502669,0.0008004307861357585,False,False,False,,increase,review-prior only; replace with local hydrogeology before engineering use
Alexandria,EG,31.20176,29.91582,5263542,alluvial-delta floodplain proxy,0.08,0.16,0.25,low Vs30 and near-water proxy for unconsolidated alluvial/delta/floodplain context,0.0024489129402572585,0.0012221890328520946,0.0007816783629459312,False,False,False,,increase,review-prior only; replace with local hydrogeology before engineering use
Sapporo,JP,43.06667,141.35,1973832,mixed urban aquifer context,0.05,0.12,0.2,default review range when no stronger context proxy is available,0.003525010037273027,0.0016096915500116021,0.0009635883521716265,False,False,False,,increase,review-prior only; replace with local hydrogeology before engineering use
Nantong,CN,32.03028,120.87472,2273326,mixed urban aquifer context,0.05,0.12,0.2,default review range when no stronger context proxy is available,0.0038487747224912605,0.001596117201128816,0.0009563792110281466,False,False,False,,increase,review-prior only; replace with local hydrogeology before engineering use
Auckland,NZ,-36.84853,174.76349,1547200,mixed urban aquifer context,0.05,0.12,0.2,default review range when no stronger context proxy is available,0.003847402990678414,0.0015876660930259356,0.0009499719052186439,False,False,False,,increase,review-prior only; replace with local hydrogeology before engineering use
Xianyang,CN,34.33778,108.70261,1034081,alluvial-delta floodplain proxy,0.08,0.16,0.25,low Vs30 and near-water proxy for unconsolidated alluvial/delta/floodplain context,0.0023478851969878922,0.0011700452336714517,0.0007479323494766488,False,False,False,,increase,review-prior only; replace with local hydrogeology before engineering use
Hamamatsu,JP,34.7,137.73333,791707,mixed urban aquifer context,0.05,0.12,0.2,default review range when no stronger context proxy is available,0.0018496808038376833,0.0016254816282758044,0.0009748707647686539,False,False,False,,increase,review-prior only; replace with local hydrogeology before engineering use
Karachi,PK,24.8608,67.0104,11624219,alluvial/basin-fill depletion,0.08,0.14,0.22,alluvial or basin-fill depletion setting; moderate-to-high review range,0.0022662208168490183,0.0012913708825948722,0.0008206684581423263,False,False,False,,increase,review-prior only; replace with local hydrogeology before engineering use
Shanghai,CN,31.22222,121.45806,24874500,alluvial-delta floodplain proxy,0.08,0.16,0.25,low Vs30 and near-water proxy for unconsolidated alluvial/delta/floodplain context,0.0017738693845824882,0.0017738693845824882,0.0016090260642873944,False,False,False,,increase,review-prior only; replace with local hydrogeology before engineering use
Tainan,TW,22.99083,120.21333,1856642,mixed urban aquifer context,0.05,0.12,0.2,default review range when no stronger context proxy is available,0.003221624899557074,0.001342309669644437,0.0008053785735066543,False,False,False,,increase,review-prior only; replace with local hydrogeology before engineering use
Kitakyushu,JP,33.85181,130.85034,940978,mixed urban aquifer context,0.05,0.12,0.2,default review range when no stronger context proxy is available,0.0019178033808634753,0.0013297066405357216,0.0007965129464252985,False,False,False,,increase,review-prior only; replace with local hydrogeology before engineering use
Lanzhou,CN,36.05701,103.83987,3000000,alluvial-delta floodplain proxy,0.08,0.16,0.25,low Vs30 and near-water proxy for unconsolidated alluvial/delta/floodplain context,0.001967216060813237,0.0009796520837403039,0.0006260681721129979,False,False,False,,increase,review-prior only; replace with local hydrogeology before engineering use
Hiroshima,JP,34.4,132.45,1200754,mixed urban aquifer context,0.05,0.12,0.2,default review range when no stronger context proxy is available,0.0031298109110149963,0.0013032667153586308,0.000781818020660352,False,False,False,,increase,review-prior only; replace with local hydrogeology before engineering use
Davao,PH,7.07306,125.61278,1848947,alluvial-delta floodplain proxy,0.08,0.16,0.25,low Vs30 and near-water proxy for unconsolidated alluvial/delta/floodplain context,0.0019005197829629061,0.0009503916691263603,0.0006082806731939616,False,False,False,,increase,review-prior only; replace with local hydrogeology before engineering use
Neijiang,CN,29.58354,105.06216,1251095,stiff/deep low-sensitivity control,0.03,0.06,0.1,"control class for stiff, deep-water or far-from-water settings; not used to expand claims",0.004976045603720586,0.0024316293221790172,0.00144569378958425,False,False,False,,increase,review-prior only; replace with local hydrogeology before engineering use
Santiago de los Caballeros,DO,19.45036,-70.69085,1200000,alluvial-delta floodplain proxy,0.08,0.16,0.25,low Vs30 and near-water proxy for unconsolidated alluvial/delta/floodplain context,0.0017533058197912732,0.000875133393442612,0.0005597353732242905,False,False,False,,increase,review-prior only; replace with local hydrogeology before engineering use
Port-au-Prince,HT,18.54349,-72.33881,1234742,mixed urban aquifer context,0.05,0.12,0.2,default review range when no stronger context proxy is available,0.002769915859332145,0.0011504744462914052,0.0006896580149016174,False,False,False,,increase,review-prior only; replace with local hydrogeology before engineering use
Hyderabad,PK,25.39689,68.37718,1921275,alluvial/basin-fill depletion,0.08,0.14,0.22,alluvial or basin-fill depletion setting; moderate-to-high review range,0.0016674854819343707,0.0009477644577044267,0.000601561108545895,False,False,False,,increase,review-prior only; replace with local hydrogeology before engineering use
Nay Pyi Taw,MM,19.745,96.12972,925000,mixed urban aquifer context,0.05,0.12,0.2,default review range when no stronger context proxy is available,0.002270889799828396,0.0011075032886209285,0.000663207122552939,False,False,False,,increase,review-prior only; replace with local hydrogeology before engineering use
Zhengzhou,CN,34.75778,113.64861,4253913,mixed urban aquifer context,0.05,0.12,0.2,default review range when no stronger context proxy is available,0.0015282868465959602,0.0010519684030921225,0.0006261016665059446,False,False,False,,increase,review-prior only; replace with local hydrogeology before engineering use
Anyang,CN,36.096,114.38278,1146839,mixed urban aquifer context,0.05,0.12,0.2,default review range when no stronger context proxy is available,0.0022811255178191055,0.0010046476498419797,0.0005937607013474198,False,False,False,,increase,review-prior only; replace with local hydrogeology before engineering use
Fukuoka,JP,33.6,130.41667,1612392,alluvial-delta floodplain proxy,0.08,0.16,0.25,low Vs30 and near-water proxy for unconsolidated alluvial/delta/floodplain context,0.0011292210388418322,0.0011292210388418322,0.0011292210388418322,False,False,False,,increase,review-prior only; replace with local hydrogeology before engineering use
Panzhihua,CN,26.58509,101.71276,787177,stiff/deep low-sensitivity control,0.03,0.06,0.1,"control class for stiff, deep-water or far-from-water settings; not used to expand claims",0.0037977440854302102,0.0018818253798576628,0.0011250293667992156,False,False,False,,increase,review-prior only; replace with local hydrogeology before engineering use
Quezon City,PH,14.6488,121.0509,3084270,mixed urban aquifer context,0.05,0.12,0.2,default review range when no stronger context proxy is available,0.0020880458013805697,0.0008655130066856503,0.0005185377478629793,False,False,False,,increase,review-prior only; replace with local hydrogeology before engineering use
Bandar Lampung,ID,-5.42917,105.26111,1166066,mixed urban aquifer context,0.05,0.12,0.2,default review range when no stronger context proxy is available,0.0020649380236175963,0.0008574005495608494,0.0005139284933652344,False,False,False,,increase,review-prior only; replace with local hydrogeology before engineering use
Yangjiang,CN,21.85563,111.96272,1292987,alluvial-delta floodplain proxy,0.08,0.16,0.25,low Vs30 and near-water proxy for unconsolidated alluvial/delta/floodplain context,0.0012454038109009358,0.0006224657836545466,0.00039832360831426605,False,False,False,,increase,review-prior only; replace with local hydrogeology before engineering use
Chongqing,CN,29.56026,106.55771,7457599,stiff/deep low-sensitivity control,0.03,0.06,0.1,"control class for stiff, deep-water or far-from-water settings; not used to expand claims",0.0033376376403254915,0.0016446744044747372,0.0009810779997386776,False,False,False,,increase,review-prior only; replace with local hydrogeology before engineering use
Jakarta,ID,-6.21462,106.84513,8540121,mixed urban aquifer context,0.05,0.12,0.2,default review range when no stronger context proxy is available,0.0019269886984436546,0.0008000566950419341,0.00047954539331612756,False,False,False,,increase,review-prior only; replace with local hydrogeology before engineering use
Pasig City,PH,14.58691,121.0614,853050,stiff/deep low-sensitivity control,0.03,0.06,0.1,"control class for stiff, deep-water or far-from-water settings; not used to expand claims",0.0031755563308963064,0.0015757250036065457,0.0009425574639516793,False,False,False,,increase,review-prior only; replace with local hydrogeology before engineering use
Goyang-si,KR,37.65639,126.835,1061752,mixed urban aquifer context,0.05,0.12,0.2,default review range when no stronger context proxy is available,0.0009003048747226322,0.0009003048747226322,0.0006489773478028926,False,False,False,,increase,review-prior only; replace with local hydrogeology before engineering use
Tianshui,CN,34.57952,105.74238,1212791,stiff/deep low-sensitivity control,0.03,0.06,0.1,"control class for stiff, deep-water or far-from-water settings; not used to expand claims",0.0021414497149772754,0.0015020891577163797,0.0008961976667930874,False,False,False,,increase,review-prior only; replace with local hydrogeology before engineering use
Haiphong,VN,20.86481,106.68345,2625200,stiff/deep low-sensitivity control,0.03,0.06,0.1,"control class for stiff, deep-water or far-from-water settings; not used to expand claims",0.00295771045463622,0.0014648546269222934,0.000875576889456664,False,False,False,,increase,review-prior only; replace with local hydrogeology before engineering use
Changwon,KR,35.22806,128.68111,1025702,mixed urban aquifer context,0.05,0.12,0.2,default review range when no stronger context proxy is available,0.0017494136030489216,0.0007244052968884696,0.00043387214584894584,False,False,False,,increase,review-prior only; replace with local hydrogeology before engineering use
Kaohsiung,TW,22.61626,120.31333,2737660,alluvial-delta floodplain proxy,0.08,0.16,0.25,low Vs30 and near-water proxy for unconsolidated alluvial/delta/floodplain context,0.000984466547940599,0.0004922832716239833,0.00031507276400311035,False,False,False,,increase,review-prior only; replace with local hydrogeology before engineering use
Vadodara,IN,22.29941,73.20812,1822221,mixed urban aquifer context,0.05,0.12,0.2,default review range when no stronger context proxy is available,0.0015929081084562237,0.0006432993340855023,0.00038256952830699985,False,False,False,,increase,review-prior only; replace with local hydrogeology before engineering use
Langfang,CN,39.52079,116.71471,868066,mixed urban aquifer context,0.05,0.12,0.2,default review range when no stronger context proxy is available,0.0015577798492616007,0.0006425065421948387,0.00038438672164717996,False,False,False,,increase,review-prior only; replace with local hydrogeology before engineering use
Hanoi,VN,21.0245,105.84117,8053663,alluvial-delta floodplain proxy,0.08,0.16,0.25,low Vs30 and near-water proxy for unconsolidated alluvial/delta/floodplain context,0.0009577968102840728,0.00047869826386554015,0.0003063207404163104,False,False,False,,increase,review-prior only; replace with local hydrogeology before engineering use
Caloocan,PH,14.64953,120.96788,1712945,alluvial-delta floodplain proxy,0.08,0.16,0.25,low Vs30 and near-water proxy for unconsolidated alluvial/delta/floodplain context,0.0007599218058339519,0.0007599218058339519,0.0007599218058339519,False,False,False,,increase,review-prior only; replace with local hydrogeology before engineering use
Dongying,CN,37.46271,118.49165,998968,mixed urban aquifer context,0.05,0.12,0.2,default review range when no stronger context proxy is available,0.0007503506881893704,0.0007503506881893704,0.000664920678368125,False,False,False,,increase,review-prior only; replace with local hydrogeology before engineering use
Incheon,KR,37.45646,126.70515,3015482,mixed urban aquifer context,0.05,0.12,0.2,default review range when no stronger context proxy is available,0.00151530718961701,0.0006241267804562925,0.00037324421961657667,False,False,False,,increase,review-prior only; replace with local hydrogeology before engineering use
Taiyuan,CN,37.86944,112.56028,4303673,alluvial-delta floodplain proxy,0.08,0.16,0.25,low Vs30 and near-water proxy for unconsolidated alluvial/delta/floodplain context,0.0007481143005881596,0.0007481143005881596,0.0007481143005881596,False,False,False,,increase,review-prior only; replace with local hydrogeology before engineering use
Zhenjiang,CN,32.21086,119.45508,950516,alluvial-delta floodplain proxy,0.08,0.16,0.25,low Vs30 and near-water proxy for unconsolidated alluvial/delta/floodplain context,0.0009030045932733044,0.0004510028585961723,0.00028852680431201705,False,False,False,,increase,review-prior only; replace with local hydrogeology before engineering use
Giza,EG,30.00944,31.20861,4367343,alluvial-delta floodplain proxy,0.08,0.16,0.25,low Vs30 and near-water proxy for unconsolidated alluvial/delta/floodplain context,0.0008822727734285329,0.0004407455514918168,0.0002819871187129397,False,False,False,,increase,review-prior only; replace with local hydrogeology before engineering use
Ankang,CN,32.68,109.01722,870126,stiff/deep low-sensitivity control,0.03,0.06,0.1,"control class for stiff, deep-water or far-from-water settings; not used to expand claims",0.0023236578659075052,0.0011443972395993318,0.0006825083072401414,False,False,False,,increase,review-prior only; replace with local hydrogeology before engineering use
Suwon,KR,37.29111,127.00889,1234582,mixed urban aquifer context,0.05,0.12,0.2,default review range when no stronger context proxy is available,0.0012846495035298625,0.0005290461561845185,0.0003163705422718176,False,False,False,,increase,review-prior only; replace with local hydrogeology before engineering use
Pimpri-Chinchwad,IN,18.61867,73.80375,1727692,mixed urban aquifer context,0.05,0.12,0.2,default review range when no stronger context proxy is available,0.0012875955566053433,0.000510676242606865,0.0003021582047292408,False,False,False,,increase,review-prior only; replace with local hydrogeology before engineering use
Chiba,JP,35.6,140.11667,979768,alluvial-delta floodplain proxy,0.08,0.16,0.25,low Vs30 and near-water proxy for unconsolidated alluvial/delta/floodplain context,0.0006153195528436073,0.0006153195528436073,0.0006153195528436073,False,False,False,,increase,review-prior only; replace with local hydrogeology before engineering use
Cali,CO,3.43054,-76.5199,2392877,mixed urban aquifer context,0.05,0.12,0.2,default review range when no stronger context proxy is available,0.0006105155087874903,0.0005453182949792523,0.0003270745603979608,False,False,False,,increase,review-prior only; replace with local hydrogeology before engineering use
Barquisimeto,VE,10.0647,-69.35703,1240714,mixed urban aquifer context,0.05,0.12,0.2,default review range when no stronger context proxy is available,0.001228746762185014,0.0004967678066832067,0.00029551787219837984,False,False,False,,increase,review-prior only; replace with local hydrogeology before engineering use
Tangerang,ID,-6.17806,106.63,1912679,mixed urban aquifer context,0.05,0.12,0.2,default review range when no stronger context proxy is available,0.0011765900429084042,0.00048823106146958506,0.0002925942215133148,False,False,False,,increase,review-prior only; replace with local hydrogeology before engineering use
Mysuru,IN,12.29791,76.63925,920550,mixed urban aquifer context,0.05,0.12,0.2,default review range when no stronger context proxy is available,0.0008395328968500435,0.00047401870062310867,0.00028097105108484694,False,False,False,,increase,review-prior only; replace with local hydrogeology before engineering use
Bucheon-si,KR,37.49889,126.78306,850731,mixed urban aquifer context,0.05,0.12,0.2,default review range when no stronger context proxy is available,0.0011540576174008596,0.00047522682655758847,0.0002841799580654905,False,False,False,,increase,review-prior only; replace with local hydrogeology before engineering use
Tripoli,LY,32.88743,13.18733,1302947,alluvial-delta floodplain proxy,0.08,0.16,0.25,low Vs30 and near-water proxy for unconsolidated alluvial/delta/floodplain context,0.0007069167160620449,0.00035272134242209097,0.00022557210734108768,False,False,False,,increase,review-prior only; replace with local hydrogeology before engineering use
Beirut,LB,33.89332,35.50157,1916100,mixed urban aquifer context,0.05,0.12,0.2,default review range when no stronger context proxy is available,0.0010629379363386732,0.00044162767993327634,0.00026476045869548714,False,False,False,,increase,review-prior only; replace with local hydrogeology before engineering use
Yibin,CN,28.7593,104.63994,836340,stiff/deep low-sensitivity control,0.03,0.06,0.1,"control class for stiff, deep-water or far-from-water settings; not used to expand claims",0.0017722870868760454,0.0008676175572889938,0.0005162069294723098,False,False,False,,increase,review-prior only; replace with local hydrogeology before engineering use
Havana,CU,23.13302,-82.38304,2163824,alluvial-delta floodplain proxy,0.08,0.16,0.25,low Vs30 and near-water proxy for unconsolidated alluvial/delta/floodplain context,0.0006294813365721186,0.00031448696885016947,0.0002012132260207633,False,False,False,,increase,review-prior only; replace with local hydrogeology before engineering use
Guwahati,IN,26.1844,91.7458,962334,mixed urban aquifer context,0.05,0.12,0.2,default review range when no stronger context proxy is available,0.0010067210797418957,0.00041899855928081986,0.0002513188214976203,False,False,False,,increase,review-prior only; replace with local hydrogeology before engineering use
Dhaka,BD,23.7104,90.40744,10356500,alluvial-delta floodplain proxy,0.08,0.16,0.25,low Vs30 and near-water proxy for unconsolidated alluvial/delta/floodplain context,0.0006273456942026412,0.00031365647372549876,0.0002007363579548116,False,False,False,,increase,review-prior only; replace with local hydrogeology before engineering use
San Jose,US,37.33939,-121.89496,997368,mixed urban aquifer context,0.05,0.12,0.2,default review range when no stronger context proxy is available,0.0006725883656629392,0.0004126806911189107,0.0002464045570063772,False,False,False,,increase,review-prior only; replace with local hydrogeology before engineering use
Kota,IN,25.18254,75.83907,1001694,mixed urban aquifer context,0.05,0.12,0.2,default review range when no stronger context proxy is available,0.0009910782220983114,0.0004086336973462973,0.00024444664435464836,False,False,False,,increase,review-prior only; replace with local hydrogeology before engineering use
Jiaozuo,CN,35.23925,113.23914,865413,mixed urban aquifer context,0.05,0.12,0.2,default review range when no stronger context proxy is available,0.000936770317908224,0.00037208731671363286,0.00022024984356368814,False,False,False,,increase,review-prior only; replace with local hydrogeology before engineering use
Taipei,TW,25.05306,121.52639,7871900,mixed urban aquifer context,0.05,0.12,0.2,default review range when no stronger context proxy is available,0.0008390959187524194,0.0003495966281999441,0.00020975338023648815,False,False,False,,increase,review-prior only; replace with local hydrogeology before engineering use
Agra,IN,27.18333,78.01667,1430055,mixed urban aquifer context,0.05,0.12,0.2,default review range when no stronger context proxy is available,0.0008279133711528025,0.00034407807406514057,0.00020629524631782248,False,False,False,,increase,review-prior only; replace with local hydrogeology before engineering use
New Taipei City,TW,25.06199,121.45703,4004367,mixed urban aquifer context,0.05,0.12,0.2,default review range when no stronger context proxy is available,0.0008213680436536253,0.0003421812937920987,0.0002052992582559643,False,False,False,,increase,review-prior only; replace with local hydrogeology before engineering use
Linyi,CN,35.06306,118.34278,2743843,mixed urban aquifer context,0.05,0.12,0.2,default review range when no stronger context proxy is available,0.0003796795217104777,0.0003796795217104777,0.00025805447234353643,False,False,False,,increase,review-prior only; replace with local hydrogeology before engineering use
Bekasi,ID,-6.2349,106.9896,2564940,mixed urban aquifer context,0.05,0.12,0.2,default review range when no stronger context proxy is available,0.0007418562664348663,0.00030774712056346604,0.00018441597167553891,False,False,False,,increase,review-prior only; replace with local hydrogeology before engineering use
Pimpri,IN,18.62292,73.80696,1284606,mixed urban aquifer context,0.05,0.12,0.2,default review range when no stronger context proxy is available,0.0007496657792325752,0.0002972289803591672,0.0001758496839205483,False,False,False,,increase,review-prior only; replace with local hydrogeology before engineering use
Bhubaneswar,IN,20.27241,85.83385,885363,mixed urban aquifer context,0.05,0.12,0.2,default review range when no stronger context proxy is available,0.0007104185933879568,0.0002884378375203932,0.00017179292468769754,False,False,False,,increase,review-prior only; replace with local hydrogeology before engineering use
Pingdingshan,CN,33.73091,113.31554,979130,mixed urban aquifer context,0.05,0.12,0.2,default review range when no stronger context proxy is available,0.00034725850295594385,0.00034725850295594385,0.00025849697960744766,False,False,False,,increase,review-prior only; replace with local hydrogeology before engineering use
Ulsan,KR,35.53722,129.31667,1098421,mixed urban aquifer context,0.05,0.12,0.2,default review range when no stronger context proxy is available,0.0003399052354951526,0.0003399052354951526,0.0002333151760873925,False,False,False,,increase,review-prior only; replace with local hydrogeology before engineering use
Natal,BR,-5.795,-35.20944,896708,stiff/deep low-sensitivity control,0.03,0.06,0.1,"control class for stiff, deep-water or far-from-water settings; not used to expand claims",0.0011209129088394706,0.0005560585151404285,0.0003325867328523788,False,False,False,,increase,review-prior only; replace with local hydrogeology before engineering use
Antipolo,PH,14.62578,121.12251,913712,mixed urban aquifer context,0.05,0.12,0.2,default review range when no stronger context proxy is available,0.0003908803154227189,0.00027594063160952045,0.00016527376098806126,False,False,False,,increase,review-prior only; replace with local hydrogeology before engineering use
Wenzhou,CN,27.99942,120.66682,2650000,alluvial-delta floodplain proxy,0.08,0.16,0.25,low Vs30 and near-water proxy for unconsolidated alluvial/delta/floodplain context,0.00033060228889042476,0.00033060228889042476,0.00033060228889042476,False,False,False,,increase,review-prior only; replace with local hydrogeology before engineering use
Panjin,CN,41.121,122.0739,1166481,stiff/deep low-sensitivity control,0.03,0.06,0.1,"control class for stiff, deep-water or far-from-water settings; not used to expand claims",0.0003149296385248114,0.0003149296385248114,0.0003149296385248114,False,False,False,,increase,review-prior only; replace with local hydrogeology before engineering use
Managua,NI,12.13282,-86.2504,973087,mixed urban aquifer context,0.05,0.12,0.2,default review range when no stronger context proxy is available,0.00030928222232040614,0.00023227842915168537,0.00013896420194891776,False,False,False,,increase,review-prior only; replace with local hydrogeology before engineering use
Ottawa,CA,45.41117,-75.69812,1017449,alluvial-delta floodplain proxy,0.08,0.16,0.25,low Vs30 and near-water proxy for unconsolidated alluvial/delta/floodplain context,0.0003401092666689143,0.00016990637450266244,0.00010870594145453993,False,False,False,,increase,review-prior only; replace with local hydrogeology before engineering use
Beijing,CN,39.9075,116.39723,18960744,semi-confined basin-fill recovery,0.05,0.1,0.15,managed basin-fill/recovery setting; use low-to-moderate unconfined-equivalent S_y review range,0.0005105976948408756,0.0002529408037319717,0.00016810736694154726,False,False,False,,increase,review-prior only; replace with local hydrogeology before engineering use
Xi’an,CN,34.25833,108.92861,9600000,mixed urban aquifer context,0.05,0.12,0.2,default review range when no stronger context proxy is available,0.0005067020410496406,0.00020933910823774105,0.0001252993066139449,False,False,False,,increase,review-prior only; replace with local hydrogeology before engineering use
Jepara,ID,-6.5924,110.671,1257912,alluvial-delta floodplain proxy,0.08,0.16,0.25,low Vs30 and near-water proxy for unconsolidated alluvial/delta/floodplain context,0.00024401756337893987,0.00024401756337893987,0.00024401756337893987,False,False,False,,increase,review-prior only; replace with local hydrogeology before engineering use
Zigong,CN,29.34162,104.77689,1262064,stiff/deep low-sensitivity control,0.03,0.06,0.1,"control class for stiff, deep-water or far-from-water settings; not used to expand claims",0.00026383694732508983,0.00026383694732508983,0.00024214625137560647,False,False,False,,increase,review-prior only; replace with local hydrogeology before engineering use
Busan,KR,35.10168,129.03004,3285147,stiff/deep low-sensitivity control,0.03,0.06,0.1,"control class for stiff, deep-water or far-from-water settings; not used to expand claims",0.0007721442417902916,0.0003847403160614979,0.00023052545644945688,False,False,False,,increase,review-prior only; replace with local hydrogeology before engineering use
Daegu,KR,35.87028,128.59111,2365523,mixed urban aquifer context,0.05,0.12,0.2,default review range when no stronger context proxy is available,0.0004367506482916145,0.00018150960796038673,0.00010882538151744253,False,False,False,,increase,review-prior only; replace with local hydrogeology before engineering use
Bengaluru,IN,12.97194,77.59369,8495492,stiff/deep low-sensitivity control,0.03,0.06,0.1,"control class for stiff, deep-water or far-from-water settings; not used to expand claims",0.00034334223673664933,0.00034334223673664933,0.00021418372523291295,False,False,False,,increase,review-prior only; replace with local hydrogeology before engineering use
Kingston,JM,17.99702,-76.79358,937700,mixed urban aquifer context,0.05,0.12,0.2,default review range when no stronger context proxy is available,0.00016362884800588673,0.00016362884800588673,0.00016362884800588673,False,False,False,,increase,review-prior only; replace with local hydrogeology before engineering use
Medan,ID,3.58333,98.66667,2435252,stiff/deep low-sensitivity control,0.03,0.06,0.1,"control class for stiff, deep-water or far-from-water settings; not used to expand claims",0.00015219602330251297,0.00015219602330251297,0.00015219602330251297,False,False,False,,increase,review-prior only; replace with local hydrogeology before engineering use
South Tangerang,ID,-6.28862,106.71789,1404785,stiff/deep low-sensitivity control,0.03,0.06,0.1,"control class for stiff, deep-water or far-from-water settings; not used to expand claims",0.0004888766641809768,0.00024280408588483668,0.0001452925843284797,False,False,False,,increase,review-prior only; replace with local hydrogeology before engineering use
Setagaya,JP,35.64188,139.64715,940071,mixed urban aquifer context,0.05,0.12,0.2,default review range when no stronger context proxy is available,0.00013755961943143213,0.00013755961943143213,0.00013755961943143213,False,False,False,,increase,review-prior only; replace with local hydrogeology before engineering use
Sendai,JP,38.26667,140.86667,1096704,mixed urban aquifer context,0.05,0.12,0.2,default review range when no stronger context proxy is available,0.0002527863842402313,0.00010496553984942064,6.291742086343352e-05,False,False,False,,increase,review-prior only; replace with local hydrogeology before engineering use
Bogotá,CO,4.60971,-74.08175,7674366,mixed urban aquifer context,0.05,0.12,0.2,default review range when no stronger context proxy is available,0.00024182725544709578,0.00010015444712194004,5.99891507031651e-05,False,False,False,,increase,review-prior only; replace with local hydrogeology before engineering use
Luoyang,CN,34.67345,112.43684,1390581,stiff/deep low-sensitivity control,0.03,0.06,0.1,"control class for stiff, deep-water or far-from-water settings; not used to expand claims",0.00033421256153517705,0.00016051391217469031,9.478375575265922e-05,False,False,False,,increase,review-prior only; replace with local hydrogeology before engineering use
Palembang,ID,-2.91673,104.7458,1668848,mixed urban aquifer context,0.05,0.12,0.2,default review range when no stronger context proxy is available,0.0001808875683781963,7.534814837939496e-05,4.520517430017801e-05,False,False,False,,increase,review-prior only; replace with local hydrogeology before engineering use
Baoji,CN,34.36775,107.23705,1437802,stiff/deep low-sensitivity control,0.03,0.06,0.1,"control class for stiff, deep-water or far-from-water settings; not used to expand claims",0.0002926113729391387,0.00014437284710659953,8.616546833398013e-05,False,False,False,,increase,review-prior only; replace with local hydrogeology before engineering use
Al Başrah al Qadīmah,IQ,30.50316,47.81507,2015483,alluvial-delta floodplain proxy,0.08,0.16,0.25,low Vs30 and near-water proxy for unconsolidated alluvial/delta/floodplain context,0.00010705507068420328,5.352012924569882e-05,3.425117644584308e-05,False,False,False,,increase,review-prior only; replace with local hydrogeology before engineering use
Kennedy,CO,4.6165,-74.14597,979914,stiff/deep low-sensitivity control,0.03,0.06,0.1,"control class for stiff, deep-water or far-from-water settings; not used to expand claims",0.0002349786298451069,0.00011646775734255009,6.96374397448048e-05,False,False,False,,increase,review-prior only; replace with local hydrogeology before engineering use
Basrah,IQ,30.50852,47.7804,1326564,mixed urban aquifer context,0.05,0.12,0.2,default review range when no stronger context proxy is available,0.0001257161040542215,5.2366282970062183e-05,3.141712559938392e-05,False,False,False,,increase,review-prior only; replace with local hydrogeology before engineering use
Khulna,BD,22.80979,89.56439,1500689,stiff/deep low-sensitivity control,0.03,0.06,0.1,"control class for stiff, deep-water or far-from-water settings; not used to expand claims",0.000210720199103215,0.00010359230361301191,6.173769196178179e-05,False,False,False,,increase,review-prior only; replace with local hydrogeology before engineering use
Xinxiang,CN,35.19033,113.80151,1047088,stiff/deep low-sensitivity control,0.03,0.06,0.1,"control class for stiff, deep-water or far-from-water settings; not used to expand claims",0.00020715972461201834,9.705208844312623e-05,5.6755516451558515e-05,False,False,False,,increase,review-prior only; replace with local hydrogeology before engineering use
Jinzhong,CN,37.68403,112.75471,1226617,stiff/deep low-sensitivity control,0.03,0.06,0.1,"control class for stiff, deep-water or far-from-water settings; not used to expand claims",0.00018942573994274858,9.303363200565459e-05,5.542377266519764e-05,False,False,False,,increase,review-prior only; replace with local hydrogeology before engineering use
Sholapur,IN,17.67152,75.91044,997281,stiff/deep low-sensitivity control,0.03,0.06,0.1,"control class for stiff, deep-water or far-from-water settings; not used to expand claims",0.00020292598252063772,9.381476079227294e-05,5.45804768456626e-05,False,False,False,,increase,review-prior only; replace with local hydrogeology before engineering use
Liupanshui,CN,26.59444,104.83333,1320825,stiff/deep low-sensitivity control,0.03,0.06,0.1,"control class for stiff, deep-water or far-from-water settings; not used to expand claims",0.00017313762116223305,8.637369612870052e-05,5.1777484746426405e-05,False,False,False,,increase,review-prior only; replace with local hydrogeology before engineering use
Petaling Jaya,MY,3.10726,101.60671,807879,stiff/deep low-sensitivity control,0.03,0.06,0.1,"control class for stiff, deep-water or far-from-water settings; not used to expand claims",0.00013838059269742783,6.754590193246211e-05,4.014157512375032e-05,False,False,False,,increase,review-prior only; replace with local hydrogeology before engineering use
Chengdu,CN,30.66667,104.06667,13568357,stiff/deep low-sensitivity control,0.03,0.06,0.1,"control class for stiff, deep-water or far-from-water settings; not used to expand claims",0.00013097783946188022,6.459370239814046e-05,3.854409003034229e-05,False,False,False,,increase,review-prior only; replace with local hydrogeology before engineering use
Changzhi,CN,36.18389,113.10528,1214940,stiff/deep low-sensitivity control,0.03,0.06,0.1,"control class for stiff, deep-water or far-from-water settings; not used to expand claims",0.00013023600490808717,6.071063762209077e-05,3.543453867513183e-05,False,False,False,,increase,review-prior only; replace with local hydrogeology before engineering use
Taizhou,CN,32.49069,119.90812,1607108,stiff/deep low-sensitivity control,0.03,0.06,0.1,"control class for stiff, deep-water or far-from-water settings; not used to expand claims",0.00010614535748334087,5.2842522415880513e-05,3.165049655297781e-05,False,False,False,,increase,review-prior only; replace with local hydrogeology before engineering use
Gazipur,BD,23.99844,90.42234,2674697,stiff/deep low-sensitivity control,0.03,0.06,0.1,"control class for stiff, deep-water or far-from-water settings; not used to expand claims",9.801368915506037e-05,4.892673395790782e-05,2.933684224548129e-05,False,False,False,,increase,review-prior only; replace with local hydrogeology before engineering use
Multan,PK,30.19679,71.47824,2169915,alluvial/basin-fill depletion,0.08,0.14,0.22,alluvial or basin-fill depletion setting; moderate-to-high review range,3.435302246137476e-05,1.9611449894160228e-05,1.2474203445979846e-05,False,False,False,,increase,review-prior only; replace with local hydrogeology before engineering use
Liaocheng,CN,36.45064,116.00247,1229768,stiff/deep low-sensitivity control,0.03,0.06,0.1,"control class for stiff, deep-water or far-from-water settings; not used to expand claims",2.5218804814582953e-05,2.5218804814582953e-05,2.5218804814582953e-05,False,False,False,,increase,review-prior only; replace with local hydrogeology before engineering use
Valencia,VE,10.16153,-68.00044,1619470,stiff/deep low-sensitivity control,0.03,0.06,0.1,"control class for stiff, deep-water or far-from-water settings; not used to expand claims",2.46839178901176e-05,2.46839178901176e-05,2.46839178901176e-05,False,False,False,,increase,review-prior only; replace with local hydrogeology before engineering use
Kallakurichi,IN,11.73379,78.95925,1682687,stiff/deep low-sensitivity control,0.03,0.06,0.1,"control class for stiff, deep-water or far-from-water settings; not used to expand claims",8.677592504890877e-05,4.1275819849649284e-05,2.4281377783598858e-05,False,False,False,,increase,review-prior only; replace with local hydrogeology before engineering use
Heze,CN,35.23929,115.47358,1346717,stiff/deep low-sensitivity control,0.03,0.06,0.1,"control class for stiff, deep-water or far-from-water settings; not used to expand claims",2.2515712648938854e-05,2.2515712648938854e-05,2.2515712648938854e-05,False,False,False,,increase,review-prior only; replace with local hydrogeology before engineering use
Shivaji Nagar,IN,18.53017,73.85263,1000000,stiff/deep low-sensitivity control,0.03,0.06,0.1,"control class for stiff, deep-water or far-from-water settings; not used to expand claims",2.2385554731239442e-05,2.2385554731239442e-05,2.2385554731239442e-05,False,False,False,,increase,review-prior only; replace with local hydrogeology before engineering use
Caracas,VE,10.48801,-66.87919,3000000,mixed urban aquifer context,0.05,0.12,0.2,default review range when no stronger context proxy is available,2.042034761258471e-05,2.042034761258471e-05,2.042034761258471e-05,False,False,False,,increase,review-prior only; replace with local hydrogeology before engineering use
Baoshan,CN,25.11626,99.16366,935618,stiff/deep low-sensitivity control,0.03,0.06,0.1,"control class for stiff, deep-water or far-from-water settings; not used to expand claims",5.7538663424541855e-05,3.0182902271423933e-05,1.8027984983073723e-05,False,False,False,,increase,review-prior only; replace with local hydrogeology before engineering use
Handan,CN,36.60999,114.48764,1358318,stiff/deep low-sensitivity control,0.03,0.06,0.1,"control class for stiff, deep-water or far-from-water settings; not used to expand claims",2.1006966030205707e-05,2.1006966030205707e-05,1.4961671246194907e-05,False,False,False,,increase,review-prior only; replace with local hydrogeology before engineering use
Indore,IN,22.71792,75.8333,1994397,stiff/deep low-sensitivity control,0.03,0.06,0.1,"control class for stiff, deep-water or far-from-water settings; not used to expand claims",1.4940004805608672e-05,1.4940004805608672e-05,1.4940004805608672e-05,False,False,False,,increase,review-prior only; replace with local hydrogeology before engineering use
Depok,ID,-6.4,106.81861,2145400,stiff/deep low-sensitivity control,0.03,0.06,0.1,"control class for stiff, deep-water or far-from-water settings; not used to expand claims",4.6710441464355894e-05,2.3193807657152007e-05,1.387779415677878e-05,False,False,False,,increase,review-prior only; replace with local hydrogeology before engineering use
Kolwezi,CD,-10.71484,25.46674,790248,stiff/deep low-sensitivity control,0.03,0.06,0.1,"control class for stiff, deep-water or far-from-water settings; not used to expand claims",4.715135114066e-05,2.3184648557342258e-05,1.3818388655759345e-05,False,False,False,,increase,review-prior only; replace with local hydrogeology before engineering use
Taichung,TW,24.1469,120.6839,2850285,stiff/deep low-sensitivity control,0.03,0.06,0.1,"control class for stiff, deep-water or far-from-water settings; not used to expand claims",4.191027669674281e-05,2.0925865868612684e-05,1.254850314375e-05,False,False,False,,increase,review-prior only; replace with local hydrogeology before engineering use
Pune,IN,18.51957,73.85535,3124458,stiff/deep low-sensitivity control,0.03,0.06,0.1,"control class for stiff, deep-water or far-from-water settings; not used to expand claims",1.1486070368725825e-05,1.1486070368725825e-05,1.1486070368725825e-05,False,False,False,,increase,review-prior only; replace with local hydrogeology before engineering use
Aurangabad,IN,19.87757,75.34226,1175116,stiff/deep low-sensitivity control,0.03,0.06,0.1,"control class for stiff, deep-water or far-from-water settings; not used to expand claims",3.2407849096528755e-05,1.4980256436999736e-05,8.714882584437593e-06,False,False,False,,increase,review-prior only; replace with local hydrogeology before engineering use
Shenyang,CN,41.79222,123.43278,7050000,stiff/deep low-sensitivity control,0.03,0.06,0.1,"control class for stiff, deep-water or far-from-water settings; not used to expand claims",7.412707708519327e-06,7.412707708519327e-06,7.412707708519327e-06,False,False,False,,increase,review-prior only; replace with local hydrogeology before engineering use
Kuala Lumpur,MY,3.1412,101.68653,1453975,stiff/deep low-sensitivity control,0.03,0.06,0.1,"control class for stiff, deep-water or far-from-water settings; not used to expand claims",1.4960922259777776e-05,1.2251124125087882e-05,7.280506355712159e-06,False,False,False,,increase,review-prior only; replace with local hydrogeology before engineering use
Blantyre,MW,-15.78499,35.00854,902588,stiff/deep low-sensitivity control,0.03,0.06,0.1,"control class for stiff, deep-water or far-from-water settings; not used to expand claims",2.2415748896023992e-05,1.1154723139579882e-05,6.680133844755168e-06,False,False,False,,increase,review-prior only; replace with local hydrogeology before engineering use
Xuchang,CN,34.03189,113.86299,1265536,stiff/deep low-sensitivity control,0.03,0.06,0.1,"control class for stiff, deep-water or far-from-water settings; not used to expand claims",1.0039718517563539e-05,6.1313820469871175e-06,3.616357162117631e-06,False,False,False,,increase,review-prior only; replace with local hydrogeology before engineering use
Anshan,CN,41.12361,122.99,1450000,stiff/deep low-sensitivity control,0.03,0.06,0.1,"control class for stiff, deep-water or far-from-water settings; not used to expand claims",2.976771155298167e-06,2.976771155298167e-06,2.976771155298167e-06,False,False,False,,increase,review-prior only; replace with local hydrogeology before engineering use
Lubumbashi,CD,-11.66089,27.47938,2221925,stiff/deep low-sensitivity control,0.03,0.06,0.1,"control class for stiff, deep-water or far-from-water settings; not used to expand claims",9.654597348153254e-06,4.7594769508067976e-06,2.839621737117903e-06,False,False,False,,increase,review-prior only; replace with local hydrogeology before engineering use
Addis Ababa,ET,9.02497,38.74689,3860000,stiff/deep low-sensitivity control,0.03,0.06,0.1,"control class for stiff, deep-water or far-from-water settings; not used to expand claims",1.0307413687363528e-05,4.823406522991205e-06,2.8194569339276605e-06,False,False,False,,increase,review-prior only; replace with local hydrogeology before engineering use
Comilla,BD,23.46186,91.18503,1030000,stiff/deep low-sensitivity control,0.03,0.06,0.1,"control class for stiff, deep-water or far-from-water settings; not used to expand claims",9.095548502575289e-06,4.475513237394519e-06,2.6682216159197027e-06,False,False,False,,increase,review-prior only; replace with local hydrogeology before engineering use
Jerusalem,IL,31.76904,35.21633,971800,stiff/deep low-sensitivity control,0.03,0.06,0.1,"control class for stiff, deep-water or far-from-water settings; not used to expand claims",5.749581962567751e-06,2.8537867676396527e-06,1.707265361990725e-06,False,False,False,,increase,review-prior only; replace with local hydrogeology before engineering use
Pyongyang,KP,39.03385,125.75432,3222000,stiff/deep low-sensitivity control,0.03,0.06,0.1,"control class for stiff, deep-water or far-from-water settings; not used to expand claims",5.4021094910831246e-06,2.5948316992543505e-06,1.532334130254123e-06,False,False,False,,increase,review-prior only; replace with local hydrogeology before engineering use
Kyoto,JP,35.02107,135.75385,1463723,stiff/deep low-sensitivity control,0.03,0.06,0.1,"control class for stiff, deep-water or far-from-water settings; not used to expand claims",1.3932253853739571e-06,1.3932253853739571e-06,8.994660704178545e-07,False,False,False,,increase,review-prior only; replace with local hydrogeology before engineering use
Malang,ID,-7.9797,112.6304,847182,stiff/deep low-sensitivity control,0.03,0.06,0.1,"control class for stiff, deep-water or far-from-water settings; not used to expand claims",1.8437494217660882e-06,1.4672185367938092e-06,8.776195985724528e-07,False,False,False,,increase,review-prior only; replace with local hydrogeology before engineering use
Medellín,CO,6.245,-75.57151,1999979,stiff/deep low-sensitivity control,0.03,0.06,0.1,"control class for stiff, deep-water or far-from-water settings; not used to expand claims",8.566869730858729e-07,8.566869730858729e-07,8.566869730858729e-07,False,False,False,,increase,review-prior only; replace with local hydrogeology before engineering use
Damascus,SY,33.5102,36.29128,1569394,stiff/deep low-sensitivity control,0.03,0.06,0.1,"control class for stiff, deep-water or far-from-water settings; not used to expand claims",2.2594003796256055e-06,1.123989694171867e-06,6.73029755562284e-07,False,False,False,,increase,review-prior only; replace with local hydrogeology before engineering use
Gwangju,KR,35.15472,126.91556,1401235,stiff/deep low-sensitivity control,0.03,0.06,0.1,"control class for stiff, deep-water or far-from-water settings; not used to expand claims",6.674624721634217e-07,6.674624721634217e-07,6.674624721634217e-07,False,False,False,,increase,review-prior only; replace with local hydrogeology before engineering use
Amman,JO,31.95522,35.94503,1275857,stiff/deep low-sensitivity control,0.03,0.06,0.1,"control class for stiff, deep-water or far-from-water settings; not used to expand claims",2.155627066009519e-06,1.0699367186602386e-06,6.400844697075083e-07,False,False,False,,increase,review-prior only; replace with local hydrogeology before engineering use
Puning,CN,23.31072,116.16869,874954,stiff/deep low-sensitivity control,0.03,0.06,0.1,"control class for stiff, deep-water or far-from-water settings; not used to expand claims",2.057369272184253e-06,1.0266475129180668e-06,6.155005010132267e-07,False,False,False,,increase,review-prior only; replace with local hydrogeology before engineering use
Qingyang,CN,35.70976,107.64455,2125400,stiff/deep low-sensitivity control,0.03,0.06,0.1,"control class for stiff, deep-water or far-from-water settings; not used to expand claims",1.814584612075485e-06,9.02018531444702e-07,5.39952270602856e-07,False,False,False,,increase,review-prior only; replace with local hydrogeology before engineering use
Salem,IN,11.65376,78.15538,917414,stiff/deep low-sensitivity control,0.03,0.06,0.1,"control class for stiff, deep-water or far-from-water settings; not used to expand claims",4.997142860270237e-07,4.997142860270237e-07,4.997142860270237e-07,False,False,False,,increase,review-prior only; replace with local hydrogeology before engineering use
Kunming,CN,25.03889,102.71833,3855346,stiff/deep low-sensitivity control,0.03,0.06,0.1,"control class for stiff, deep-water or far-from-water settings; not used to expand claims",8.68871601920486e-07,5.602200009050207e-07,3.356685715909279e-07,False,False,False,,increase,review-prior only; replace with local hydrogeology before engineering use
Tiruppur,IN,11.11541,77.35456,963173,stiff/deep low-sensitivity control,0.03,0.06,0.1,"control class for stiff, deep-water or far-from-water settings; not used to expand claims",1.163671452256627e-06,5.607586919422199e-07,3.315665642735338e-07,False,False,False,,increase,review-prior only; replace with local hydrogeology before engineering use
Fushun,CN,41.88669,123.94363,1400646,stiff/deep low-sensitivity control,0.03,0.06,0.1,"control class for stiff, deep-water or far-from-water settings; not used to expand claims",2.6350394759514496e-07,2.6350394759514496e-07,2.6350394759514496e-07,False,False,False,,increase,review-prior only; replace with local hydrogeology before engineering use
Meishan,CN,30.04392,103.83696,1107742,stiff/deep low-sensitivity control,0.03,0.06,0.1,"control class for stiff, deep-water or far-from-water settings; not used to expand claims",8.066805529939864e-07,3.952727031737485e-07,2.3526340848704938e-07,False,False,False,,increase,review-prior only; replace with local hydrogeology before engineering use
Tangshan,CN,39.64381,118.18319,3372102,stiff/deep low-sensitivity control,0.03,0.06,0.1,"control class for stiff, deep-water or far-from-water settings; not used to expand claims",1.5904333389553664e-07,1.5904333389553664e-07,1.5904333389553664e-07,False,False,False,,increase,review-prior only; replace with local hydrogeology before engineering use
Weifang,CN,36.71,119.10194,2044028,stiff/deep low-sensitivity control,0.03,0.06,0.1,"control class for stiff, deep-water or far-from-water settings; not used to expand claims",1.3481222346287719e-07,1.3481222346287719e-07,1.3481222346287719e-07,False,False,False,,increase,review-prior only; replace with local hydrogeology before engineering use
Soweto,ZA,-26.26781,27.85849,1695047,stiff/deep low-sensitivity control,0.03,0.06,0.1,"control class for stiff, deep-water or far-from-water settings; not used to expand claims",4.065067701716733e-07,1.9842963560743667e-07,1.1792560651695024e-07,False,False,False,,increase,review-prior only; replace with local hydrogeology before engineering use
Lucknow,IN,26.83928,80.92313,2472011,stiff/deep low-sensitivity control,0.03,0.06,0.1,"control class for stiff, deep-water or far-from-water settings; not used to expand claims",9.346896860413579e-08,9.346896860413579e-08,9.315278130211075e-08,False,False,False,,increase,review-prior only; replace with local hydrogeology before engineering use
Xining,CN,36.62554,101.75739,1677177,stiff/deep low-sensitivity control,0.03,0.06,0.1,"control class for stiff, deep-water or far-from-water settings; not used to expand claims",2.0671210763643096e-07,1.0148309353414086e-07,6.044792135420331e-08,False,False,False,,increase,review-prior only; replace with local hydrogeology before engineering use
Daejeon,KR,36.34913,127.38493,1441203,stiff/deep low-sensitivity control,0.03,0.06,0.1,"control class for stiff, deep-water or far-from-water settings; not used to expand claims",2.0485447974811271e-07,1.0075041020566368e-07,6.005393629582567e-08,False,False,False,,increase,review-prior only; replace with local hydrogeology before engineering use
Dodoma,TZ,-6.17221,35.73947,765179,stiff/deep low-sensitivity control,0.03,0.06,0.1,"control class for stiff, deep-water or far-from-water settings; not used to expand claims",2.1126684387612058e-07,9.728341583486011e-08,5.6511767885969806e-08,False,False,False,,increase,review-prior only; replace with local hydrogeology before engineering use
Gwalior,IN,26.22983,78.17337,1054420,stiff/deep low-sensitivity control,0.03,0.06,0.1,"control class for stiff, deep-water or far-from-water settings; not used to expand claims",1.6827293291469903e-07,8.135628787013208e-08,4.8166977239862135e-08,False,False,False,,increase,review-prior only; replace with local hydrogeology before engineering use
Johannesburg,ZA,-26.20227,28.04363,9418183,stiff/deep low-sensitivity control,0.03,0.06,0.1,"control class for stiff, deep-water or far-from-water settings; not used to expand claims",6.41252020840551e-08,3.130166380112463e-08,1.8602399924541268e-08,False,False,False,,increase,review-prior only; replace with local hydrogeology before engineering use
Zarqa,JO,32.07275,36.08796,792665,stiff/deep low-sensitivity control,0.03,0.06,0.1,"control class for stiff, deep-water or far-from-water settings; not used to expand claims",5.1893831601325045e-08,2.5757264762330938e-08,1.5409152664978725e-08,False,False,False,,increase,review-prior only; replace with local hydrogeology before engineering use
Sanhe,CN,39.98049,117.06887,965075,stiff/deep low-sensitivity control,0.03,0.06,0.1,"control class for stiff, deep-water or far-from-water settings; not used to expand claims",4.452778492546264e-08,2.163548677905597e-08,1.2834426076257587e-08,False,False,False,,increase,review-prior only; replace with local hydrogeology before engineering use
Rājkot,IN,22.29161,70.79322,1390640,stiff/deep low-sensitivity control,0.03,0.06,0.1,"control class for stiff, deep-water or far-from-water settings; not used to expand claims",3.1171337593841286e-08,1.5056100897350957e-08,8.910568479958237e-09,False,False,False,,increase,review-prior only; replace with local hydrogeology before engineering use
Bandung,ID,-6.92222,107.60694,2444160,stiff/deep low-sensitivity control,0.03,0.06,0.1,"control class for stiff, deep-water or far-from-water settings; not used to expand claims",2.6318662805004023e-08,1.308889067646218e-08,7.83651300365193e-09,False,False,False,,increase,review-prior only; replace with local hydrogeology before engineering use
Zhaotong,CN,27.31667,103.71667,787845,stiff/deep low-sensitivity control,0.03,0.06,0.1,"control class for stiff, deep-water or far-from-water settings; not used to expand claims",7.738392314048773e-09,7.738392314048773e-09,7.738392314048773e-09,False,False,False,,increase,review-prior only; replace with local hydrogeology before engineering use
Ashgabat,TM,37.95,58.38333,1030063,stiff/deep low-sensitivity control,0.03,0.06,0.1,"control class for stiff, deep-water or far-from-water settings; not used to expand claims",2.4048608725824822e-08,1.1621943302294625e-08,6.8795958355776e-09,False,False,False,,increase,review-prior only; replace with local hydrogeology before engineering use
Mianyang,CN,31.46784,104.68168,1550000,stiff/deep low-sensitivity control,0.03,0.06,0.1,"control class for stiff, deep-water or far-from-water settings; not used to expand claims",4.477183212607225e-09,4.477183212607225e-09,4.477183212607225e-09,False,False,False,,increase,review-prior only; replace with local hydrogeology before engineering use
Dhanbad,IN,23.79759,86.42992,1196214,stiff/deep low-sensitivity control,0.03,0.06,0.1,"control class for stiff, deep-water or far-from-water settings; not used to expand claims",9.114166902401008e-09,4.479735890253666e-09,2.6695712131150403e-09,False,False,False,,increase,review-prior only; replace with local hydrogeology before engineering use
Ahmedabad,IN,23.02579,72.58727,6357693,stiff/deep low-sensitivity control,0.03,0.06,0.1,"control class for stiff, deep-water or far-from-water settings; not used to expand claims",9.26620356397061e-09,4.488123798908548e-09,2.659089633979322e-09,False,False,False,,increase,review-prior only; replace with local hydrogeology before engineering use
Hubballi,IN,15.34776,75.13378,943788,stiff/deep low-sensitivity control,0.03,0.06,0.1,"control class for stiff, deep-water or far-from-water settings; not used to expand claims",1.7955698116368267e-09,1.7955698116368267e-09,1.7955698116368267e-09,False,False,False,,increase,review-prior only; replace with local hydrogeology before engineering use
Xingtai,CN,37.06217,114.49272,798770,stiff/deep low-sensitivity control,0.03,0.06,0.1,"control class for stiff, deep-water or far-from-water settings; not used to expand claims",2.0715004845544914e-09,1.3871670883629417e-09,8.13152979229807e-10,False,False,False,,increase,review-prior only; replace with local hydrogeology before engineering use
Suzhou,CN,33.63611,116.97889,1647642,stiff/deep low-sensitivity control,0.03,0.06,0.1,"control class for stiff, deep-water or far-from-water settings; not used to expand claims",6.645989120303883e-10,3.307641189519096e-10,1.9809157802246189e-10,False,False,False,,increase,review-prior only; replace with local hydrogeology before engineering use
Nairobi,KE,-1.28333,36.81667,4397073,stiff/deep low-sensitivity control,0.03,0.06,0.1,"control class for stiff, deep-water or far-from-water settings; not used to expand claims",1.6194035317150484e-10,1.6194035317150484e-10,1.6194035317150484e-10,False,False,False,,increase,review-prior only; replace with local hydrogeology before engineering use
Coimbatore,IN,11.00555,76.96612,2136916,stiff/deep low-sensitivity control,0.03,0.06,0.1,"control class for stiff, deep-water or far-from-water settings; not used to expand claims",1.8655024607090493e-10,1.8655024607090493e-10,1.4726694366623784e-10,False,False,False,,increase,review-prior only; replace with local hydrogeology before engineering use
Nanyang,CN,33.00524,112.54659,1811812,stiff/deep low-sensitivity control,0.03,0.06,0.1,"control class for stiff, deep-water or far-from-water settings; not used to expand claims",3.7495720530250695e-10,2.3506660264266323e-10,1.4083278971349363e-10,False,False,False,,increase,review-prior only; replace with local hydrogeology before engineering use
Suqian,CN,33.94917,118.29583,1437685,stiff/deep low-sensitivity control,0.03,0.06,0.1,"control class for stiff, deep-water or far-from-water settings; not used to expand claims",4.0956123156472657e-10,2.0333440236716025e-10,1.216558348265327e-10,False,False,False,,increase,review-prior only; replace with local hydrogeology before engineering use
Zaozhuang,CN,34.86472,117.55417,899753,stiff/deep low-sensitivity control,0.03,0.06,0.1,"control class for stiff, deep-water or far-from-water settings; not used to expand claims",2.111721098275071e-10,1.0407046329130411e-10,6.208339533298919e-11,False,False,False,,increase,review-prior only; replace with local hydrogeology before engineering use
Bijie,CN,27.30193,105.28627,1137383,stiff/deep low-sensitivity control,0.03,0.06,0.1,"control class for stiff, deep-water or far-from-water settings; not used to expand claims",5.496625048199433e-11,5.496625048199433e-11,5.496625048199433e-11,False,False,False,,increase,review-prior only; replace with local hydrogeology before engineering use
Madurai,IN,9.919,78.11953,1465625,stiff/deep low-sensitivity control,0.03,0.06,0.1,"control class for stiff, deep-water or far-from-water settings; not used to expand claims",9.43520973489172e-11,4.604648080351652e-11,2.7362822284118792e-11,False,False,False,,increase,review-prior only; replace with local hydrogeology before engineering use
Baoding,CN,38.87288,115.46246,2739887,stiff/deep low-sensitivity control,0.03,0.06,0.1,"control class for stiff, deep-water or far-from-water settings; not used to expand claims",8.532524696127477e-11,4.1797793544936364e-11,2.4875028401400063e-11,False,False,False,,increase,review-prior only; replace with local hydrogeology before engineering use
Pekanbaru,ID,0.51667,101.44167,1085000,stiff/deep low-sensitivity control,0.03,0.06,0.1,"control class for stiff, deep-water or far-from-water settings; not used to expand claims",3.629812847984543e-11,3.629812847984543e-11,2.2480577588317295e-11,False,False,False,,increase,review-prior only; replace with local hydrogeology before engineering use
Shangqiu,CN,34.4143,115.65613,1859723,stiff/deep low-sensitivity control,0.03,0.06,0.1,"control class for stiff, deep-water or far-from-water settings; not used to expand claims",1.0846740032236545e-11,1.0846740032236545e-11,1.0846740032236545e-11,False,False,False,,increase,review-prior only; replace with local hydrogeology before engineering use
Kigali,RW,-1.94995,30.05885,1132686,stiff/deep low-sensitivity control,0.03,0.06,0.1,"control class for stiff, deep-water or far-from-water settings; not used to expand claims",3.27355853532782e-11,1.4859441288152045e-11,8.584281793849532e-12,False,False,False,,increase,review-prior only; replace with local hydrogeology before engineering use
Nampula,MZ,-15.11646,39.2666,770379,stiff/deep low-sensitivity control,0.03,0.06,0.1,"control class for stiff, deep-water or far-from-water settings; not used to expand claims",2.6134341447799016e-11,1.300121179992544e-11,7.784971441841527e-12,False,False,False,,increase,review-prior only; replace with local hydrogeology before engineering use
Taiz,YE,13.57952,44.02091,940600,stiff/deep low-sensitivity control,0.03,0.06,0.1,"control class for stiff, deep-water or far-from-water settings; not used to expand claims",1.6032705058235944e-11,7.948705939631246e-12,4.7531160369404115e-12,False,False,False,,increase,review-prior only; replace with local hydrogeology before engineering use
Changchun,CN,43.88,125.32278,4714996,stiff/deep low-sensitivity control,0.03,0.06,0.1,"control class for stiff, deep-water or far-from-water settings; not used to expand claims",3.708277976184314e-12,3.708277976184314e-12,3.708277976184314e-12,False,False,False,,increase,review-prior only; replace with local hydrogeology before engineering use
Teni,IN,10.01115,77.47772,1034724,stiff/deep low-sensitivity control,0.03,0.06,0.1,"control class for stiff, deep-water or far-from-water settings; not used to expand claims",1.8471710406842523e-13,1.8471710406842523e-13,1.8471710406842523e-13,False,False,False,,increase,review-prior only; replace with local hydrogeology before engineering use
Ulan Bator,MN,47.90771,106.88324,844818,stiff/deep low-sensitivity control,0.03,0.06,0.1,"control class for stiff, deep-water or far-from-water settings; not used to expand claims",1.572545226667369e-13,1.572545226667369e-13,1.2792988126430438e-13,False,False,False,,increase,review-prior only; replace with local hydrogeology before engineering use
Hyderabad,IN,17.38405,78.45636,6993262,stiff/deep low-sensitivity control,0.03,0.06,0.1,"control class for stiff, deep-water or far-from-water settings; not used to expand claims",1.028918604337368e-13,1.028918604337368e-13,1.028918604337368e-13,False,False,False,,increase,review-prior only; replace with local hydrogeology before engineering use
Ibb,YE,13.96667,44.18333,771514,stiff/deep low-sensitivity control,0.03,0.06,0.1,"control class for stiff, deep-water or far-from-water settings; not used to expand claims",1.0808288651130685e-13,5.3585410500431985e-14,3.2042659010053763e-14,False,False,False,,increase,review-prior only; replace with local hydrogeology before engineering use
Navi Mumbai,IN,19.03681,73.01582,2600000,alluvial-delta floodplain proxy,0.08,0.16,0.25,low Vs30 and near-water proxy for unconsolidated alluvial/delta/floodplain context,4.996003610813204e-16,4.996003610813204e-16,4.996003610813204e-16,False,False,False,,increase,review-prior only; replace with local hydrogeology before engineering use
Sakai,JP,34.58216,135.46653,826161,alluvial-delta floodplain proxy,0.08,0.16,0.25,low Vs30 and near-water proxy for unconsolidated alluvial/delta/floodplain context,4.440892098500626e-16,4.440892098500626e-16,4.440892098500626e-16,False,False,False,,increase,review-prior only; replace with local hydrogeology before engineering use
Pudong,CN,31.23995,121.50094,5681512,alluvial-delta floodplain proxy,0.08,0.16,0.25,low Vs30 and near-water proxy for unconsolidated alluvial/delta/floodplain context,4.440892098500626e-16,4.440892098500626e-16,4.440892098500626e-16,False,False,False,,increase,review-prior only; replace with local hydrogeology before engineering use
Kawasaki,JP,35.52056,139.71722,1538262,alluvial-delta floodplain proxy,0.08,0.16,0.25,low Vs30 and near-water proxy for unconsolidated alluvial/delta/floodplain context,4.440892098500626e-16,4.440892098500626e-16,4.440892098500626e-16,False,False,False,,increase,review-prior only; replace with local hydrogeology before engineering use
Taguig,PH,14.5243,121.0792,1308085,mixed urban aquifer context,0.05,0.12,0.2,default review range when no stronger context proxy is available,3.885780586188048e-16,3.885780586188048e-16,3.885780586188048e-16,False,False,False,,increase,review-prior only; replace with local hydrogeology before engineering use
Shubrā al Khaymah,EG,30.12511,31.25053,1240289,alluvial-delta floodplain proxy,0.08,0.16,0.25,low Vs30 and near-water proxy for unconsolidated alluvial/delta/floodplain context,3.885780586188048e-16,3.885780586188048e-16,3.885780586188048e-16,False,False,False,,increase,review-prior only; replace with local hydrogeology before engineering use
Yangpu,CN,31.26193,121.51904,1210800,alluvial-delta floodplain proxy,0.08,0.16,0.25,low Vs30 and near-water proxy for unconsolidated alluvial/delta/floodplain context,3.885780586188048e-16,3.885780586188048e-16,3.885780586188048e-16,False,False,False,,increase,review-prior only; replace with local hydrogeology before engineering use
Zamboanga,PH,6.91028,122.07389,1018849,alluvial-delta floodplain proxy,0.08,0.16,0.25,low Vs30 and near-water proxy for unconsolidated alluvial/delta/floodplain context,3.885780586188048e-16,3.885780586188048e-16,3.885780586188048e-16,False,False,False,,increase,review-prior only; replace with local hydrogeology before engineering use
Rui’an,CN,27.77605,120.65859,927383,alluvial-delta floodplain proxy,0.08,0.16,0.25,low Vs30 and near-water proxy for unconsolidated alluvial/delta/floodplain context,3.885780586188048e-16,3.885780586188048e-16,3.885780586188048e-16,False,False,False,,increase,review-prior only; replace with local hydrogeology before engineering use
Semarang,ID,-6.99306,110.42083,1653524,mixed urban aquifer context,0.05,0.12,0.2,default review range when no stronger context proxy is available,3.608224830031759e-16,3.608224830031759e-16,3.608224830031759e-16,False,False,False,,increase,review-prior only; replace with local hydrogeology before engineering use
Padang,ID,-0.94924,100.35427,909040,alluvial-delta floodplain proxy,0.08,0.16,0.25,low Vs30 and near-water proxy for unconsolidated alluvial/delta/floodplain context,3.3306690738754696e-16,3.3306690738754696e-16,3.3306690738754696e-16,False,False,False,,increase,review-prior only; replace with local hydrogeology before engineering use
Osaka,JP,34.69379,135.50107,2753862,mixed urban aquifer context,0.05,0.12,0.2,default review range when no stronger context proxy is available,3.0531133177191805e-16,3.0531133177191805e-16,3.0531133177191805e-16,False,False,False,,increase,review-prior only; replace with local hydrogeology before engineering use
Ra’s Bayrūt,LB,33.9,35.48333,1251739,mixed urban aquifer context,0.05,0.12,0.2,default review range when no stronger context proxy is available,2.7755575615628914e-16,2.7755575615628914e-16,2.7755575615628914e-16,False,False,False,,increase,review-prior only; replace with local hydrogeology before engineering use
Cairo,EG,30.06263,31.24967,9606916,mixed urban aquifer context,0.05,0.12,0.2,default review range when no stronger context proxy is available,2.498001805406602e-16,2.498001805406602e-16,2.498001805406602e-16,False,False,False,,increase,review-prior only; replace with local hydrogeology before engineering use
Huludao,CN,40.75243,120.83552,944495,mixed urban aquifer context,0.05,0.12,0.2,default review range when no stronger context proxy is available,1.8041124150158794e-16,1.8041124150158794e-16,1.8041124150158794e-16,False,False,False,,increase,review-prior only; replace with local hydrogeology before engineering use
Yichang,CN,30.71444,111.28472,1350150,stiff/deep low-sensitivity control,0.03,0.06,0.1,"control class for stiff, deep-water or far-from-water settings; not used to expand claims",1.3877787807814457e-16,1.3877787807814457e-16,1.3877787807814457e-16,False,False,False,,increase,review-prior only; replace with local hydrogeology before engineering use
Wanzhou,CN,30.76451,108.39586,1545900,stiff/deep low-sensitivity control,0.03,0.06,0.1,"control class for stiff, deep-water or far-from-water settings; not used to expand claims",1.249000902703301e-16,1.249000902703301e-16,1.249000902703301e-16,False,False,False,,increase,review-prior only; replace with local hydrogeology before engineering use
Aden,YE,12.77957,45.03852,1079670,mixed urban aquifer context,0.05,0.12,0.2,default review range when no stronger context proxy is available,1.249000902703301e-16,1.249000902703301e-16,1.249000902703301e-16,False,False,False,,increase,review-prior only; replace with local hydrogeology before engineering use
Bhopal,IN,23.25469,77.40289,1798218,mixed urban aquifer context,0.05,0.12,0.2,default review range when no stronger context proxy is available,1.1102230246251565e-16,1.1102230246251565e-16,1.1102230246251565e-16,False,False,False,,increase,review-prior only; replace with local hydrogeology before engineering use
Kakamega,KE,0.28422,34.75229,1867579,stiff/deep low-sensitivity control,0.03,0.06,0.1,"control class for stiff, deep-water or far-from-water settings; not used to expand claims",2.7587667026312797e-16,1.2338281927393176e-16,7.087400801883261e-17,False,False,False,,increase,review-prior only; replace with local hydrogeology before engineering use
Lilongwe,MW,-13.96692,33.78725,1115815,stiff/deep low-sensitivity control,0.03,0.06,0.1,"control class for stiff, deep-water or far-from-water settings; not used to expand claims",1.6411951208378445e-16,8.787125059398382e-17,5.190635555856613e-17,False,False,False,,increase,review-prior only; replace with local hydrogeology before engineering use
Saitama,JP,35.90807,139.65657,1324854,stiff/deep low-sensitivity control,0.03,0.06,0.1,"control class for stiff, deep-water or far-from-water settings; not used to expand claims",4.163336342344337e-17,4.163336342344337e-17,4.163336342344337e-17,False,False,False,,increase,review-prior only; replace with local hydrogeology before engineering use
Shijiazhuang,CN,38.04139,114.47861,3938513,stiff/deep low-sensitivity control,0.03,0.06,0.1,"control class for stiff, deep-water or far-from-water settings; not used to expand claims",1.2767380542286028e-16,6.018245446331335e-17,3.5278765281167854e-17,False,False,False,,increase,review-prior only; replace with local hydrogeology before engineering use
Kampung Baru Subang,MY,3.15,101.53333,833571,stiff/deep low-sensitivity control,0.03,0.06,0.1,"control class for stiff, deep-water or far-from-water settings; not used to expand claims",2.42861286636753e-17,2.42861286636753e-17,2.42861286636753e-17,False,False,False,,increase,review-prior only; replace with local hydrogeology before engineering use
Jieyang,CN,23.5418,116.36581,1899394,stiff/deep low-sensitivity control,0.03,0.06,0.1,"control class for stiff, deep-water or far-from-water settings; not used to expand claims",1.734723475976807e-17,1.734723475976807e-17,1.734723475976807e-17,False,False,False,,increase,review-prior only; replace with local hydrogeology before engineering use
Changzhou,CN,31.77359,119.95401,3290918,stiff/deep low-sensitivity control,0.03,0.06,0.1,"control class for stiff, deep-water or far-from-water settings; not used to expand claims",1.5612511283791264e-17,1.5612511283791264e-17,1.5612511283791264e-17,False,False,False,,increase,review-prior only; replace with local hydrogeology before engineering use
Shiyan,CN,32.6475,110.77806,3460000,mixed urban aquifer context,0.05,0.12,0.2,default review range when no stronger context proxy is available,1.3877787807814457e-17,1.3877787807814457e-17,1.3877787807814457e-17,False,False,False,,increase,review-prior only; replace with local hydrogeology before engineering use
Cúcuta,CO,7.90745,-72.5049,777106,stiff/deep low-sensitivity control,0.03,0.06,0.1,"control class for stiff, deep-water or far-from-water settings; not used to expand claims",1.734723475976807e-18,1.734723475976807e-18,1.734723475976807e-18,False,False,False,,increase,review-prior only; replace with local hydrogeology before engineering use
Yancheng,CN,33.3575,120.1573,1615717,stiff/deep low-sensitivity control,0.03,0.06,0.1,"control class for stiff, deep-water or far-from-water settings; not used to expand claims",2.168404344971009e-19,2.168404344971009e-19,2.168404344971009e-19,False,False,False,,increase,review-prior only; replace with local hydrogeology before engineering use
Wuwei,CN,37.92672,102.63202,1010295,stiff/deep low-sensitivity control,0.03,0.06,0.1,"control class for stiff, deep-water or far-from-water settings; not used to expand claims",4.751779227317649e-19,2.3733314943039793e-19,1.4233855647727016e-19,False,False,False,,increase,review-prior only; replace with local hydrogeology before engineering use
Bogor,ID,-6.59444,106.78917,1127408,stiff/deep low-sensitivity control,0.03,0.06,0.1,"control class for stiff, deep-water or far-from-water settings; not used to expand claims",1.0164395367051604e-19,1.0164395367051604e-19,1.0164395367051604e-19,False,False,False,,increase,review-prior only; replace with local hydrogeology before engineering use
Cheongju-si,KR,36.63722,127.48972,852147,stiff/deep low-sensitivity control,0.03,0.06,0.1,"control class for stiff, deep-water or far-from-water settings; not used to expand claims",7.623296525288703e-21,7.623296525288703e-21,7.623296525288703e-21,False,False,False,,increase,review-prior only; replace with local hydrogeology before engineering use
Yixing,CN,31.36059,119.82016,1285785,stiff/deep low-sensitivity control,0.03,0.06,0.1,"control class for stiff, deep-water or far-from-water settings; not used to expand claims",1.0587911840678754e-21,1.0587911840678754e-21,1.0587911840678754e-21,False,False,False,,increase,review-prior only; replace with local hydrogeology before engineering use
Tegucigalpa,HN,14.0818,-87.20681,850848,stiff/deep low-sensitivity control,0.03,0.06,0.1,"control class for stiff, deep-water or far-from-water settings; not used to expand claims",2.117582368135751e-22,2.117582368135751e-22,2.117582368135751e-22,False,False,False,,increase,review-prior only; replace with local hydrogeology before engineering use
Benxi,CN,41.28861,123.765,987717,stiff/deep low-sensitivity control,0.03,0.06,0.1,"control class for stiff, deep-water or far-from-water settings; not used to expand claims",0.0,0.0,0.0,False,False,False,,decrease,review-prior only; replace with local hydrogeology before engineering use
Longyan,CN,25.07485,117.01775,1025087,stiff/deep low-sensitivity control,0.03,0.06,0.1,"control class for stiff, deep-water or far-from-water settings; not used to expand claims",0.0,0.0,0.0,False,False,False,,decrease,review-prior only; replace with local hydrogeology before engineering use
Guang’an,CN,30.47413,106.63696,858159,stiff/deep low-sensitivity control,0.03,0.06,0.1,"control class for stiff, deep-water or far-from-water settings; not used to expand claims",0.0,0.0,0.0,False,False,False,,decrease,review-prior only; replace with local hydrogeology before engineering use
Wanxian,CN,30.81601,108.37407,859662,stiff/deep low-sensitivity control,0.03,0.06,0.1,"control class for stiff, deep-water or far-from-water settings; not used to expand claims",0.0,0.0,0.0,False,False,False,,decrease,review-prior only; replace with local hydrogeology before engineering use
Seongnam-si,KR,37.43861,127.13778,914832,stiff/deep low-sensitivity control,0.03,0.06,0.1,"control class for stiff, deep-water or far-from-water settings; not used to expand claims",0.0,0.0,0.0,False,False,False,,decrease,review-prior only; replace with local hydrogeology before engineering use
Xiamen,CN,24.47979,118.08187,4617251,stiff/deep low-sensitivity control,0.03,0.06,0.1,"control class for stiff, deep-water or far-from-water settings; not used to expand claims",0.0,0.0,0.0,False,False,False,,decrease,review-prior only; replace with local hydrogeology before engineering use
Weihai,CN,37.50914,122.11356,844310,stiff/deep low-sensitivity control,0.03,0.06,0.1,"control class for stiff, deep-water or far-from-water settings; not used to expand claims",0.0,0.0,0.0,False,False,False,,decrease,review-prior only; replace with local hydrogeology before engineering use
Kobe,JP,34.6913,135.183,1525152,stiff/deep low-sensitivity control,0.03,0.06,0.1,"control class for stiff, deep-water or far-from-water settings; not used to expand claims",0.0,0.0,0.0,False,False,False,,decrease,review-prior only; replace with local hydrogeology before engineering use
Bazhong,CN,31.8694,106.74432,2712894,stiff/deep low-sensitivity control,0.03,0.06,0.1,"control class for stiff, deep-water or far-from-water settings; not used to expand claims",0.0,0.0,0.0,False,False,False,,decrease,review-prior only; replace with local hydrogeology before engineering use
Zunyi,CN,27.68667,106.90722,2037775,stiff/deep low-sensitivity control,0.03,0.06,0.1,"control class for stiff, deep-water or far-from-water settings; not used to expand claims",0.0,0.0,0.0,False,False,False,,decrease,review-prior only; replace with local hydrogeology before engineering use
Montréal,CA,45.50884,-73.58781,1762949,stiff/deep low-sensitivity control,0.03,0.06,0.1,"control class for stiff, deep-water or far-from-water settings; not used to expand claims",0.0,0.0,0.0,False,False,False,,decrease,review-prior only; replace with local hydrogeology before engineering use
La Paz,BO,-16.5,-68.15,2004652,stiff/deep low-sensitivity control,0.03,0.06,0.1,"control class for stiff, deep-water or far-from-water settings; not used to expand claims",0.0,0.0,0.0,False,False,False,,decrease,review-prior only; replace with local hydrogeology before engineering use
Yantai,CN,37.47649,121.44081,2227733,stiff/deep low-sensitivity control,0.03,0.06,0.1,"control class for stiff, deep-water or far-from-water settings; not used to expand claims",0.0,0.0,0.0,False,False,False,,decrease,review-prior only; replace with local hydrogeology before engineering use
Bukavu,CD,-2.49077,28.84281,816811,stiff/deep low-sensitivity control,0.03,0.06,0.1,"control class for stiff, deep-water or far-from-water settings; not used to expand claims",0.0,0.0,0.0,False,False,False,,decrease,review-prior only; replace with local hydrogeology before engineering use
Guiyang,CN,26.58333,106.71667,3037159,stiff/deep low-sensitivity control,0.03,0.06,0.1,"control class for stiff, deep-water or far-from-water settings; not used to expand claims",0.0,0.0,0.0,False,False,False,,decrease,review-prior only; replace with local hydrogeology before engineering use
Isfahan,IR,32.65246,51.67462,1547164,stiff/deep low-sensitivity control,0.03,0.06,0.1,"control class for stiff, deep-water or far-from-water settings; not used to expand claims",-1.0786974769326602e-28,-5.413842309414332e-29,-3.253207788113959e-29,False,False,False,,decrease,review-prior only; replace with local hydrogeology before engineering use
Quetta,PK,30.18414,67.00141,1565546,alluvial/basin-fill depletion,0.08,0.14,0.22,alluvial or basin-fill depletion setting; moderate-to-high review range,-5.22424991909682e-29,-2.9952885740663235e-29,-1.9091892721908378e-29,False,False,False,,decrease,review-prior only; replace with local hydrogeology before engineering use
Ürümqi,CN,43.80096,87.60046,3029372,stiff/deep low-sensitivity control,0.03,0.06,0.1,"control class for stiff, deep-water or far-from-water settings; not used to expand claims",-3.8829294172091576e-21,-2.1485530890398532e-21,-1.3439003471778378e-21,False,False,False,,decrease,review-prior only; replace with local hydrogeology before engineering use
Qom,IR,34.6401,50.8764,900000,stiff/deep low-sensitivity control,0.03,0.06,0.1,"control class for stiff, deep-water or far-from-water settings; not used to expand claims",-3.592562358813622e-19,-1.834607553130515e-19,-1.1101468390129983e-19,False,False,False,,decrease,review-prior only; replace with local hydrogeology before engineering use
Shiraz,IR,29.61031,52.53113,1249942,stiff/deep low-sensitivity control,0.03,0.06,0.1,"control class for stiff, deep-water or far-from-water settings; not used to expand claims",-7.169884990185384e-17,-3.717054630745922e-17,-2.2630386422839784e-17,False,False,False,,decrease,review-prior only; replace with local hydrogeology before engineering use
Jodhpur,IN,26.26841,73.00594,1056191,stiff/deep low-sensitivity control,0.03,0.06,0.1,"control class for stiff, deep-water or far-from-water settings; not used to expand claims",-9.670978531792883e-17,-5.18989226146147e-17,-3.204903241899323e-17,False,False,False,,decrease,review-prior only; replace with local hydrogeology before engineering use
Sanaa,YE,15.35452,44.20646,1937451,stiff/deep low-sensitivity control,0.03,0.06,0.1,"control class for stiff, deep-water or far-from-water settings; not used to expand claims",-4.880267096259063e-16,-2.448008624790784e-16,-1.4707008899986974e-16,False,False,False,,decrease,review-prior only; replace with local hydrogeology before engineering use
Bishkek,KG,42.87,74.59,900000,stiff/deep low-sensitivity control,0.03,0.06,0.1,"control class for stiff, deep-water or far-from-water settings; not used to expand claims",-2.7369860670353324e-15,-1.3919710936361544e-15,-8.409079320156896e-16,False,False,False,,decrease,review-prior only; replace with local hydrogeology before engineering use
Konya,TR,37.87135,32.48464,1433861,stiff/deep low-sensitivity control,0.03,0.06,0.1,"control class for stiff, deep-water or far-from-water settings; not used to expand claims",-4.8341141671000156e-15,-2.667406032891293e-15,-1.666471201814658e-15,False,False,False,,decrease,review-prior only; replace with local hydrogeology before engineering use
Mashhad,IR,36.29807,59.60567,2307177,stiff/deep low-sensitivity control,0.03,0.06,0.1,"control class for stiff, deep-water or far-from-water settings; not used to expand claims",-6.34349240435101e-14,-3.1729872271076063e-14,-1.904090291026939e-14,False,False,False,,decrease,review-prior only; replace with local hydrogeology before engineering use
Gorakhpur,IN,29.44768,75.67206,1324570,stiff/deep low-sensitivity control,0.03,0.06,0.1,"control class for stiff, deep-water or far-from-water settings; not used to expand claims",-1.0921432173593146e-13,-6.722024141249628e-14,-4.4051122799383185e-14,False,False,False,,decrease,review-prior only; replace with local hydrogeology before engineering use
Sulaymaniyah,IQ,35.56496,45.4329,878146,stiff/deep low-sensitivity control,0.03,0.06,0.1,"control class for stiff, deep-water or far-from-water settings; not used to expand claims",-3.9496366534596524e-13,-2.0443651684650847e-13,-1.243862992681345e-13,False,False,False,,decrease,review-prior only; replace with local hydrogeology before engineering use
Shymkent,KZ,42.30988,69.60042,1200000,stiff/deep low-sensitivity control,0.03,0.06,0.1,"control class for stiff, deep-water or far-from-water settings; not used to expand claims",-7.173131043890983e-12,-3.665686754391746e-12,-2.2187938987426967e-12,False,False,False,,decrease,review-prior only; replace with local hydrogeology before engineering use
Tehran,IR,35.69439,51.42151,7153309,stiff/deep low-sensitivity control,0.03,0.06,0.1,"control class for stiff, deep-water or far-from-water settings; not used to expand claims",-2.634865672472896e-11,-1.4352713235960343e-11,-8.918518202711793e-12,False,False,False,,decrease,review-prior only; replace with local hydrogeology before engineering use
Marrakesh,MA,31.63416,-7.99994,995871,stiff/deep low-sensitivity control,0.03,0.06,0.1,"control class for stiff, deep-water or far-from-water settings; not used to expand claims",-3.0034903004931875e-11,-1.568158418545038e-11,-9.574982613199165e-12,False,False,False,,decrease,review-prior only; replace with local hydrogeology before engineering use
Hermosillo,MX,29.08874,-110.96677,812229,stiff/deep low-sensitivity control,0.03,0.06,0.1,"control class for stiff, deep-water or far-from-water settings; not used to expand claims",-4.41223190565106e-11,-2.2293296129208272e-11,-1.3432238777995405e-11,False,False,False,,decrease,review-prior only; replace with local hydrogeology before engineering use
Karaj,IR,35.83266,50.99155,1448075,stiff/deep low-sensitivity control,0.03,0.06,0.1,"control class for stiff, deep-water or far-from-water settings; not used to expand claims",-4.690950603677169e-11,-2.5552675994603343e-11,-1.5877973888164904e-11,False,False,False,,decrease,review-prior only; replace with local hydrogeology before engineering use
Ordos,CN,39.6086,109.78157,1940653,stiff/deep low-sensitivity control,0.03,0.06,0.1,"control class for stiff, deep-water or far-from-water settings; not used to expand claims",-1.0137187773806084e-10,-5.469908541553246e-11,-3.385501630400029e-11,False,False,False,,decrease,review-prior only; replace with local hydrogeology before engineering use
Quito,EC,-0.22985,-78.52495,2781641,stiff/deep low-sensitivity control,0.03,0.06,0.1,"control class for stiff, deep-water or far-from-water settings; not used to expand claims",-2.9924542234718294e-10,-1.5064284917209838e-10,-9.063210276745265e-11,False,False,False,,decrease,review-prior only; replace with local hydrogeology before engineering use
Kirkuk,IQ,35.46806,44.39222,1031000,stiff/deep low-sensitivity control,0.03,0.06,0.1,"control class for stiff, deep-water or far-from-water settings; not used to expand claims",-4.513270900155274e-10,-2.3388212889037216e-10,-1.42369293986186e-10,False,False,False,,decrease,review-prior only; replace with local hydrogeology before engineering use
Lu’an,CN,31.73561,116.51688,1644344,stiff/deep low-sensitivity control,0.03,0.06,0.1,"control class for stiff, deep-water or far-from-water settings; not used to expand claims",-9.679248451164572e-10,-4.882397523238683e-10,-2.9397889367935817e-10,False,False,False,,decrease,review-prior only; replace with local hydrogeology before engineering use
Hefei,CN,31.86389,117.28083,5050000,stiff/deep low-sensitivity control,0.03,0.06,0.1,"control class for stiff, deep-water or far-from-water settings; not used to expand claims",-1.0101398919342516e-09,-5.061295303972179e-10,-3.039325166400886e-10,False,False,False,,decrease,review-prior only; replace with local hydrogeology before engineering use
Aleppo,SY,36.20124,37.16117,2098210,stiff/deep low-sensitivity control,0.03,0.06,0.1,"control class for stiff, deep-water or far-from-water settings; not used to expand claims",-1.1307405997971972e-09,-5.840538303175519e-10,-3.5505559854338794e-10,False,False,False,,decrease,review-prior only; replace with local hydrogeology before engineering use
Kathmandu,NP,27.70169,85.3206,1442271,stiff/deep low-sensitivity control,0.03,0.06,0.1,"control class for stiff, deep-water or far-from-water settings; not used to expand claims",-1.2877923320523832e-09,-6.6041518935591e-10,-4.0030911038414537e-10,False,False,False,,decrease,review-prior only; replace with local hydrogeology before engineering use
Córdoba,AR,-31.40648,-64.18853,2106734,stiff/deep low-sensitivity control,0.03,0.06,0.1,"control class for stiff, deep-water or far-from-water settings; not used to expand claims",-3.3187023526897813e-09,-1.7705030886740381e-09,-1.090670243149346e-09,False,False,False,,decrease,review-prior only; replace with local hydrogeology before engineering use
Arequipa,PE,-16.39899,-71.53747,1008290,stiff/deep low-sensitivity control,0.03,0.06,0.1,"control class for stiff, deep-water or far-from-water settings; not used to expand claims",-3.8571891757728925e-09,-1.9321642640281434e-09,-1.160156761248708e-09,False,False,False,,decrease,review-prior only; replace with local hydrogeology before engineering use
Bannu,PK,32.98527,70.60403,1357890,alluvial/basin-fill depletion,0.08,0.14,0.22,alluvial or basin-fill depletion setting; moderate-to-high review range,-1.7236880725451253e-09,-9.951252249849542e-10,-6.364285737614678e-10,False,False,False,,decrease,review-prior only; replace with local hydrogeology before engineering use
Jaipur,IN,26.91962,75.78781,3046163,stiff/deep low-sensitivity control,0.03,0.06,0.1,"control class for stiff, deep-water or far-from-water settings; not used to expand claims",-5.689959809575367e-09,-3.205669167517075e-09,-2.020510392213274e-09,False,False,False,,decrease,review-prior only; replace with local hydrogeology before engineering use
Hohhot,CN,40.81056,111.65222,2350000,stiff/deep low-sensitivity control,0.03,0.06,0.1,"control class for stiff, deep-water or far-from-water settings; not used to expand claims",-6.9562044483425776e-09,-3.579966424929985e-09,-2.173099577262619e-09,False,False,False,,decrease,review-prior only; replace with local hydrogeology before engineering use
Eskişehir,TR,39.77667,30.52056,921630,stiff/deep low-sensitivity control,0.03,0.06,0.1,"control class for stiff, deep-water or far-from-water settings; not used to expand claims",-7.807958911860246e-09,-4.215990287917043e-09,-2.6101603665541626e-09,False,False,False,,decrease,review-prior only; replace with local hydrogeology before engineering use
Almaty,KZ,43.25249,76.9115,1977011,stiff/deep low-sensitivity control,0.03,0.06,0.1,"control class for stiff, deep-water or far-from-water settings; not used to expand claims",-9.83787201490429e-09,-5.118690063534163e-09,-3.1209875317509502e-09,False,False,False,,decrease,review-prior only; replace with local hydrogeology before engineering use
Homs,SY,34.72405,36.72559,775404,stiff/deep low-sensitivity control,0.03,0.06,0.1,"control class for stiff, deep-water or far-from-water settings; not used to expand claims",-1.2569209412117477e-08,-6.3525125192325274e-09,-3.827970111359048e-09,False,False,False,,decrease,review-prior only; replace with local hydrogeology before engineering use
Meizhou,CN,24.28859,116.11768,992351,stiff/deep low-sensitivity control,0.03,0.06,0.1,"control class for stiff, deep-water or far-from-water settings; not used to expand claims",-2.0241263479173953e-08,-1.0251667772181269e-08,-6.1828303432702285e-09,False,False,False,,decrease,review-prior only; replace with local hydrogeology before engineering use
León de los Aldama,MX,21.12183,-101.68253,1579803,stiff/deep low-sensitivity control,0.03,0.06,0.1,"control class for stiff, deep-water or far-from-water settings; not used to expand claims",-2.4603192083265152e-08,-1.3409097504785188e-08,-8.334039205856399e-09,False,False,False,,decrease,review-prior only; replace with local hydrogeology before engineering use
Santiago,CL,-33.45694,-70.64827,4837295,stiff/deep low-sensitivity control,0.03,0.06,0.1,"control class for stiff, deep-water or far-from-water settings; not used to expand claims",-2.739420482894375e-08,-1.3904047983342467e-08,-8.392798256101334e-09,False,False,False,,decrease,review-prior only; replace with local hydrogeology before engineering use
Chuzhou,CN,32.32194,118.29778,782671,stiff/deep low-sensitivity control,0.03,0.06,0.1,"control class for stiff, deep-water or far-from-water settings; not used to expand claims",-6.055283282535473e-08,-3.029767180753672e-08,-1.8183707722217105e-08,False,False,False,,decrease,review-prior only; replace with local hydrogeology before engineering use
Mexicali,MX,32.62781,-115.45446,1032686,stiff/deep low-sensitivity control,0.03,0.06,0.1,"control class for stiff, deep-water or far-from-water settings; not used to expand claims",-8.421493731455018e-08,-4.2176640971500375e-08,-2.532261139990073e-08,False,False,False,,decrease,review-prior only; replace with local hydrogeology before engineering use
Kabul,AF,34.52813,69.17233,4434550,stiff/deep low-sensitivity control,0.03,0.06,0.1,"control class for stiff, deep-water or far-from-water settings; not used to expand claims",-8.852486333611852e-08,-4.5731161797204755e-08,-2.7802184407922655e-08,False,False,False,,decrease,review-prior only; replace with local hydrogeology before engineering use
Erbil,IQ,36.19117,44.00943,1612700,stiff/deep low-sensitivity control,0.03,0.06,0.1,"control class for stiff, deep-water or far-from-water settings; not used to expand claims",-1.0936404563941329e-07,-5.6673519143638045e-08,-3.4498440596081335e-08,False,False,False,,decrease,review-prior only; replace with local hydrogeology before engineering use
Tashkent,UZ,41.26465,69.21627,1978028,stiff/deep low-sensitivity control,0.03,0.06,0.1,"control class for stiff, deep-water or far-from-water settings; not used to expand claims",-4.999789296053024e-07,-2.628085143242637e-07,-1.6091052581911514e-07,False,False,False,,decrease,review-prior only; replace with local hydrogeology before engineering use
Santiago de Querétaro,MX,20.58806,-100.38806,1594212,stiff/deep low-sensitivity control,0.03,0.06,0.1,"control class for stiff, deep-water or far-from-water settings; not used to expand claims",-8.189527385348615e-07,-4.448380910375538e-07,-2.7608675705370773e-07,False,False,False,,decrease,review-prior only; replace with local hydrogeology before engineering use
Ankara,TR,39.91987,32.85427,3517182,stiff/deep low-sensitivity control,0.03,0.06,0.1,"control class for stiff, deep-water or far-from-water settings; not used to expand claims",-1.6134841334938912e-06,-8.559230024473799e-07,-5.260375942224583e-07,False,False,False,,decrease,review-prior only; replace with local hydrogeology before engineering use
Çankaya,TR,39.9179,32.86268,792189,stiff/deep low-sensitivity control,0.03,0.06,0.1,"control class for stiff, deep-water or far-from-water settings; not used to expand claims",-2.284757791799192e-06,-1.2120206775304069e-06,-7.44889846432645e-07,False,False,False,,decrease,review-prior only; replace with local hydrogeology before engineering use
Peshawar,PK,34.008,71.57849,4758762,alluvial/basin-fill depletion,0.08,0.14,0.22,alluvial or basin-fill depletion setting; moderate-to-high review range,-1.1533575944638369e-06,-6.720028537154224e-07,-4.3170918597520026e-07,False,False,False,,decrease,review-prior only; replace with local hydrogeology before engineering use
Ciudad Nezahualcoyotl,MX,19.40061,-99.01483,1077208,stiff/deep low-sensitivity control,0.03,0.06,0.1,"control class for stiff, deep-water or far-from-water settings; not used to expand claims",-3.1550247258794956e-06,-1.684591706184505e-06,-1.0381060441043847e-06,False,False,False,,decrease,review-prior only; replace with local hydrogeology before engineering use
Tijuana,MX,32.5027,-117.00371,1922523,stiff/deep low-sensitivity control,0.03,0.06,0.1,"control class for stiff, deep-water or far-from-water settings; not used to expand claims",-3.832922554969104e-06,-1.918037099498662e-06,-1.151200746594928e-06,False,False,False,,decrease,review-prior only; replace with local hydrogeology before engineering use
Ecatepec de Morelos,MX,19.60492,-99.06064,1645352,stiff/deep low-sensitivity control,0.03,0.06,0.1,"control class for stiff, deep-water or far-from-water settings; not used to expand claims",-3.914706976484018e-06,-2.090215178243215e-06,-1.2880656269815139e-06,False,False,False,,decrease,review-prior only; replace with local hydrogeology before engineering use
Lusaka,ZM,-15.40669,28.28713,2212301,stiff/deep low-sensitivity control,0.03,0.06,0.1,"control class for stiff, deep-water or far-from-water settings; not used to expand claims",-4.073494879472047e-06,-2.117405625619109e-06,-1.2905227307220937e-06,False,False,False,,decrease,review-prior only; replace with local hydrogeology before engineering use
Gustavo Adolfo Madero,MX,19.49392,-99.11075,1185772,stiff/deep low-sensitivity control,0.03,0.06,0.1,"control class for stiff, deep-water or far-from-water settings; not used to expand claims",-4.988801020941329e-06,-2.6637146682126687e-06,-1.6414762387937892e-06,False,False,False,,decrease,review-prior only; replace with local hydrogeology before engineering use
Los Angeles,US,34.05223,-118.24368,3820914,stiff/deep low-sensitivity control,0.03,0.06,0.1,"control class for stiff, deep-water or far-from-water settings; not used to expand claims",-6.6150173262868525e-06,-3.3099942065260846e-06,-1.9865934709393206e-06,False,False,False,,decrease,review-prior only; replace with local hydrogeology before engineering use
Rawalpindi,PK,33.59733,73.0479,3357612,alluvial/basin-fill depletion,0.08,0.14,0.22,alluvial or basin-fill depletion setting; moderate-to-high review range,-2.509501313699194e-06,-1.4590769006025553e-06,-9.363751094112644e-07,False,False,False,,decrease,review-prior only; replace with local hydrogeology before engineering use
Gaziantep,TR,37.05944,37.3825,2222415,stiff/deep low-sensitivity control,0.03,0.06,0.1,"control class for stiff, deep-water or far-from-water settings; not used to expand claims",-6.276407342395473e-06,-3.321794576534957e-06,-2.0395743919534905e-06,False,False,False,,decrease,review-prior only; replace with local hydrogeology before engineering use
Chaozhou,CN,23.65396,116.62262,1750945,stiff/deep low-sensitivity control,0.03,0.06,0.1,"control class for stiff, deep-water or far-from-water settings; not used to expand claims",-6.844652110451349e-06,-3.4244036396973224e-06,-2.0551410850402907e-06,False,False,False,,decrease,review-prior only; replace with local hydrogeology before engineering use
Culiacán,MX,24.80209,-107.39421,808416,stiff/deep low-sensitivity control,0.03,0.06,0.1,"control class for stiff, deep-water or far-from-water settings; not used to expand claims",-6.83875795912292e-06,-3.4737239112491e-06,-2.0974711869263264e-06,False,False,False,,decrease,review-prior only; replace with local hydrogeology before engineering use
Iztapalapa,MX,19.35529,-99.06224,1835486,stiff/deep low-sensitivity control,0.03,0.06,0.1,"control class for stiff, deep-water or far-from-water settings; not used to expand claims",-1.1284051094007425e-05,-6.0249755595868844e-06,-3.7128006164988185e-06,False,False,False,,decrease,review-prior only; replace with local hydrogeology before engineering use
Alīgarh,IN,27.88145,78.07464,753207,stiff/deep low-sensitivity control,0.03,0.06,0.1,"control class for stiff, deep-water or far-from-water settings; not used to expand claims",-1.391671687409014e-05,-7.098477634521702e-06,-4.293349599803528e-06,False,False,False,,decrease,review-prior only; replace with local hydrogeology before engineering use
Ahvaz,IR,31.31901,48.6842,841145,stiff/deep low-sensitivity control,0.03,0.06,0.1,"control class for stiff, deep-water or far-from-water settings; not used to expand claims",-1.5092468645677573e-05,-7.57706483341732e-06,-4.5536664083144045e-06,False,False,False,,decrease,review-prior only; replace with local hydrogeology before engineering use
Santa Cruz de la Sierra,BO,-17.78629,-63.18117,1831434,stiff/deep low-sensitivity control,0.03,0.06,0.1,"control class for stiff, deep-water or far-from-water settings; not used to expand claims",-1.4660908297698907e-05,-7.532386150970691e-06,-4.5691481460386255e-06,False,False,False,,decrease,review-prior only; replace with local hydrogeology before engineering use
Maoming,CN,21.66625,110.91364,1307802,mixed urban aquifer context,0.05,0.12,0.2,default review range when no stronger context proxy is available,-1.2935596038729166e-05,-5.391717068791921e-06,-3.235353545072428e-06,False,False,False,,decrease,review-prior only; replace with local hydrogeology before engineering use
San Pedro Sula,HN,15.50585,-88.02588,801259,mixed urban aquifer context,0.05,0.12,0.2,default review range when no stronger context proxy is available,-1.8077937088544806e-05,-7.538393307014203e-06,-4.524051433387605e-06,False,False,False,,decrease,review-prior only; replace with local hydrogeology before engineering use
Mexico City,MX,19.42847,-99.12766,12294193,stiff/deep low-sensitivity control,0.03,0.06,0.1,"control class for stiff, deep-water or far-from-water settings; not used to expand claims",-2.8869552466742138e-05,-1.5414403991718942e-05,-9.498860505506256e-06,False,False,False,,decrease,review-prior only; replace with local hydrogeology before engineering use
Yerevan,AM,40.17765,44.5126,1144700,stiff/deep low-sensitivity control,0.03,0.06,0.1,"control class for stiff, deep-water or far-from-water settings; not used to expand claims",-3.418709981263643e-05,-1.7193770062030184e-05,-1.0340446264539603e-05,False,False,False,,decrease,review-prior only; replace with local hydrogeology before engineering use
Guatemala City,GT,14.64072,-90.51327,994938,stiff/deep low-sensitivity control,0.03,0.06,0.1,"control class for stiff, deep-water or far-from-water settings; not used to expand claims",-4.0347049806279366e-05,-2.033781146197058e-05,-1.2242415083635631e-05,False,False,False,,decrease,review-prior only; replace with local hydrogeology before engineering use
Sargodha,PK,32.08586,72.67418,975886,alluvial/basin-fill depletion,0.08,0.14,0.22,alluvial or basin-fill depletion setting; moderate-to-high review range,-1.664826071550666e-05,-9.613425943464315e-06,-6.148852776267607e-06,False,False,False,,decrease,review-prior only; replace with local hydrogeology before engineering use
Faisalabad,PK,31.41554,73.08969,3800193,alluvial/basin-fill depletion,0.08,0.14,0.22,alluvial or basin-fill depletion setting; moderate-to-high review range,-2.0006184117176134e-05,-1.1652709895646163e-05,-7.484733452460074e-06,False,False,False,,decrease,review-prior only; replace with local hydrogeology before engineering use
Lüliang,CN,37.5192,111.14436,3346500,stiff/deep low-sensitivity control,0.03,0.06,0.1,"control class for stiff, deep-water or far-from-water settings; not used to expand claims",-5.072634044289107e-05,-2.6754216218154934e-05,-1.640366162603918e-05,False,False,False,,decrease,review-prior only; replace with local hydrogeology before engineering use
Naucalpan de Juárez,MX,19.47851,-99.23963,834434,stiff/deep low-sensitivity control,0.03,0.06,0.1,"control class for stiff, deep-water or far-from-water settings; not used to expand claims",-5.242144667864124e-05,-2.7989227940661645e-05,-1.7247795541052162e-05,False,False,False,,decrease,review-prior only; replace with local hydrogeology before engineering use
Meerut,IN,28.98002,77.70636,1223184,stiff/deep low-sensitivity control,0.03,0.06,0.1,"control class for stiff, deep-water or far-from-water settings; not used to expand claims",-9.000551496818717e-05,-4.7954831410481594e-05,-2.9525356371625216e-05,False,False,False,,decrease,review-prior only; replace with local hydrogeology before engineering use
Chandigarh,IN,30.73629,76.7884,970602,stiff/deep low-sensitivity control,0.03,0.06,0.1,"control class for stiff, deep-water or far-from-water settings; not used to expand claims",-8.362599607080734e-05,-4.836003981686723e-05,-3.082547473202998e-05,False,False,False,,decrease,review-prior only; replace with local hydrogeology before engineering use
Bucharest,RO,44.43225,26.10626,1877155,stiff/deep low-sensitivity control,0.03,0.06,0.1,"control class for stiff, deep-water or far-from-water settings; not used to expand claims",-9.841258727340523e-05,-5.209099649609942e-05,-3.198525018772758e-05,False,False,False,,decrease,review-prior only; replace with local hydrogeology before engineering use
Anshun,CN,26.25,105.93333,765313,mixed urban aquifer context,0.05,0.12,0.2,default review range when no stronger context proxy is available,-6.55134488876689e-05,-2.7434045895578796e-05,-1.6483974742547824e-05,False,False,False,,decrease,review-prior only; replace with local hydrogeology before engineering use
Datong,CN,40.09361,113.29139,1850000,stiff/deep low-sensitivity control,0.03,0.06,0.1,"control class for stiff, deep-water or far-from-water settings; not used to expand claims",-0.00010941318353794032,-5.5842619863320135e-05,-3.378351124176497e-05,False,False,False,,decrease,review-prior only; replace with local hydrogeology before engineering use
Gujranwala,PK,32.15567,74.18705,2511118,alluvial/basin-fill depletion,0.08,0.14,0.22,alluvial or basin-fill depletion setting; moderate-to-high review range,-4.348448351883125e-05,-2.5689693609081375e-05,-1.6616386446467388e-05,False,False,False,,decrease,review-prior only; replace with local hydrogeology before engineering use
Amritsar,IN,31.62234,74.87534,1159227,stiff/deep low-sensitivity control,0.03,0.06,0.1,"control class for stiff, deep-water or far-from-water settings; not used to expand claims",-0.00013408286477022488,-7.829153594897457e-05,-5.011482914793282e-05,False,False,False,,decrease,review-prior only; replace with local hydrogeology before engineering use
Nanjing,CN,32.06167,118.77778,9314685,mixed urban aquifer context,0.05,0.12,0.2,default review range when no stronger context proxy is available,-0.0001276771616461475,-5.3220643829635095e-05,-3.193612900923015e-05,False,False,False,,decrease,review-prior only; replace with local hydrogeology before engineering use
Qujing,CN,25.48333,103.78333,1408500,stiff/deep low-sensitivity control,0.03,0.06,0.1,"control class for stiff, deep-water or far-from-water settings; not used to expand claims",-0.0002459384441431522,-0.00012352683309363455,-7.425047756744359e-05,False,False,False,,decrease,review-prior only; replace with local hydrogeology before engineering use
Cochabamba,BO,-17.38195,-66.15995,841276,stiff/deep low-sensitivity control,0.03,0.06,0.1,"control class for stiff, deep-water or far-from-water settings; not used to expand claims",-0.0003402912482523466,-0.00017652405460494422,-0.00010749898580862671,False,False,False,,decrease,review-prior only; replace with local hydrogeology before engineering use
San Diego,US,32.71571,-117.16472,1404452,alluvial-delta floodplain proxy,0.08,0.16,0.25,low Vs30 and near-water proxy for unconsolidated alluvial/delta/floodplain context,-0.0001407738041873663,-7.040295481616776e-05,-4.506159007450217e-05,False,False,False,,decrease,review-prior only; replace with local hydrogeology before engineering use
Putian,CN,25.43944,119.01028,1539389,mixed urban aquifer context,0.05,0.12,0.2,default review range when no stronger context proxy is available,-0.00023165466376248722,-9.676987689204511e-05,-5.8104373980655266e-05,False,False,False,,decrease,review-prior only; replace with local hydrogeology before engineering use
Milan,IT,45.46427,9.18951,1371498,stiff/deep low-sensitivity control,0.03,0.06,0.1,"control class for stiff, deep-water or far-from-water settings; not used to expand claims",-0.00036244464467445354,-0.00019011413797388136,-0.00011630088481940585,False,False,False,,decrease,review-prior only; replace with local hydrogeology before engineering use
Karbala,IQ,32.61603,44.02488,1218732,mixed urban aquifer context,0.05,0.12,0.2,default review range when no stronger context proxy is available,-0.0002536495860636307,-0.00010674789454894872,-6.423208996587243e-05,False,False,False,,decrease,review-prior only; replace with local hydrogeology before engineering use
Gurugram,IN,28.4601,77.02635,886519,stiff/deep low-sensitivity control,0.03,0.06,0.1,"control class for stiff, deep-water or far-from-water settings; not used to expand claims",-0.00043170196007851045,-0.00022997349828038968,-0.0001415826789553517,False,False,False,,decrease,review-prior only; replace with local hydrogeology before engineering use
Abū Ghurayb,IQ,33.30563,44.18477,900000,mixed urban aquifer context,0.05,0.12,0.2,default review range when no stronger context proxy is available,-0.0003004871013986086,-0.0001272411683280912,-7.669893777805404e-05,False,False,False,,decrease,review-prior only; replace with local hydrogeology before engineering use
Xinyang,CN,32.12278,114.06556,1230042,mixed urban aquifer context,0.05,0.12,0.2,default review range when no stronger context proxy is available,-0.0003058691107559394,-0.000127831378752781,-7.676514527047915e-05,False,False,False,,decrease,review-prior only; replace with local hydrogeology before engineering use
Jalandhar,IN,31.32556,75.57917,868929,stiff/deep low-sensitivity control,0.03,0.06,0.1,"control class for stiff, deep-water or far-from-water settings; not used to expand claims",-0.0004172110711413397,-0.00024358253516448684,-0.00015590919380083538,False,False,False,,decrease,review-prior only; replace with local hydrogeology before engineering use
Bursa,TR,40.19559,29.06013,3101833,stiff/deep low-sensitivity control,0.03,0.06,0.1,"control class for stiff, deep-water or far-from-water settings; not used to expand claims",-0.0006520460327852423,-0.00034248938254371553,-0.00020963258661456938,False,False,False,,decrease,review-prior only; replace with local hydrogeology before engineering use
Jinjiang,CN,24.81978,118.57415,1416151,mixed urban aquifer context,0.05,0.12,0.2,default review range when no stronger context proxy is available,-0.0004427930405077468,-0.00018494480388343837,-0.0001110437722661381,False,False,False,,decrease,review-prior only; replace with local hydrogeology before engineering use
Huainan,CN,32.62639,116.99694,1666826,mixed urban aquifer context,0.05,0.12,0.2,default review range when no stronger context proxy is available,-0.00046075332693485543,-0.00019248732016140246,-0.00011557944089012062,False,False,False,,decrease,review-prior only; replace with local hydrogeology before engineering use
İzmir,TR,38.41273,27.13838,2938292,stiff/deep low-sensitivity control,0.03,0.06,0.1,"control class for stiff, deep-water or far-from-water settings; not used to expand claims",-0.0008629045839910511,-0.00044499560691188284,-0.00027034224801196233,False,False,False,,decrease,review-prior only; replace with local hydrogeology before engineering use
Bahawalpur,PK,29.39779,71.6752,903795,alluvial/basin-fill depletion,0.08,0.14,0.22,alluvial or basin-fill depletion setting; moderate-to-high review range,-0.0003410244879585578,-0.0001950696962504106,-0.0001241965766062697,False,False,False,,decrease,review-prior only; replace with local hydrogeology before engineering use
Trujillo,PE,-8.11599,-79.02998,919899,mixed urban aquifer context,0.05,0.12,0.2,default review range when no stronger context proxy is available,-0.0005949804205565984,-0.0002486168165711372,-0.00014929177073965544,False,False,False,,decrease,review-prior only; replace with local hydrogeology before engineering use
Algiers,DZ,36.73225,3.08746,2364230,stiff/deep low-sensitivity control,0.03,0.06,0.1,"control class for stiff, deep-water or far-from-water settings; not used to expand claims",-0.0010040464189831622,-0.0005065675325474917,-0.00030503984418289026,False,False,False,,decrease,review-prior only; replace with local hydrogeology before engineering use
Malatya,TR,38.35018,38.31667,750491,mixed urban aquifer context,0.05,0.12,0.2,default review range when no stronger context proxy is available,-0.0006065570068270925,-0.00026183437175663574,-0.0001587088670217925,False,False,False,,decrease,review-prior only; replace with local hydrogeology before engineering use
Sofia,BG,42.69751,23.32415,1152556,stiff/deep low-sensitivity control,0.03,0.06,0.1,"control class for stiff, deep-water or far-from-water settings; not used to expand claims",-0.0010004315303649572,-0.0005344331249177059,-0.00032940004068898873,False,False,False,,decrease,review-prior only; replace with local hydrogeology before engineering use
Bengbu,CN,32.94083,117.36083,972784,alluvial-delta floodplain proxy,0.08,0.16,0.25,low Vs30 and near-water proxy for unconsolidated alluvial/delta/floodplain context,-0.0004176913159509299,-0.00020895818557536971,-0.00013375917062322107,False,False,False,,decrease,review-prior only; replace with local hydrogeology before engineering use
Kayseri,TR,38.73222,35.48528,1452458,stiff/deep low-sensitivity control,0.03,0.06,0.1,"control class for stiff, deep-water or far-from-water settings; not used to expand claims",-0.0009947694714891905,-0.0005443428821806707,-0.00033888400986059435,False,False,False,,decrease,review-prior only; replace with local hydrogeology before engineering use
Huizhou,CN,23.11147,114.41523,2900113,alluvial-delta floodplain proxy,0.08,0.16,0.25,low Vs30 and near-water proxy for unconsolidated alluvial/delta/floodplain context,-0.0004713261747155695,-0.0002357554695013031,-0.00015090478484960923,False,False,False,,decrease,review-prior only; replace with local hydrogeology before engineering use
Lima,PE,-12.04318,-77.02824,7737002,mixed urban aquifer context,0.05,0.12,0.2,default review range when no stronger context proxy is available,-0.0008579824859922813,-0.0003591575694180532,-0.0002157809503360239,False,False,False,,decrease,review-prior only; replace with local hydrogeology before engineering use
Tbilisi,GE,41.69143,44.83412,1049498,stiff/deep low-sensitivity control,0.03,0.06,0.1,"control class for stiff, deep-water or far-from-water settings; not used to expand claims",-0.0015731278258588229,-0.0007988066321644033,-0.0004822627548510608,False,False,False,,decrease,review-prior only; replace with local hydrogeology before engineering use
Adana,TR,36.98615,35.32531,1816750,stiff/deep low-sensitivity control,0.03,0.06,0.1,"control class for stiff, deep-water or far-from-water settings; not used to expand claims",-0.0016790223275632652,-0.0009125976297836152,-0.0005665372238081359,False,False,False,,decrease,review-prior only; replace with local hydrogeology before engineering use
Budapest,HU,47.49835,19.04045,1741041,stiff/deep low-sensitivity control,0.03,0.06,0.1,"control class for stiff, deep-water or far-from-water settings; not used to expand claims",-0.0019874542443735974,-0.001008752491963083,-0.0006089050159503798,False,False,False,,decrease,review-prior only; replace with local hydrogeology before engineering use
Quanzhou,CN,24.91389,118.58583,1469157,alluvial-delta floodplain proxy,0.08,0.16,0.25,low Vs30 and near-water proxy for unconsolidated alluvial/delta/floodplain context,-0.0007767544770895252,-0.0003887590587350609,-0.00024889380181372656,False,False,False,,decrease,review-prior only; replace with local hydrogeology before engineering use
Guayaquil,EC,-2.19616,-79.88621,2723665,stiff/deep low-sensitivity control,0.03,0.06,0.1,"control class for stiff, deep-water or far-from-water settings; not used to expand claims",-0.002148997945387393,-0.0010804461424776396,-0.0006497006440756292,False,False,False,,decrease,review-prior only; replace with local hydrogeology before engineering use
Yinchuan,CN,38.46806,106.27306,1487579,mixed urban aquifer context,0.05,0.12,0.2,default review range when no stronger context proxy is available,-0.0013564262609156077,-0.0005844531526181893,-0.0003540708381206143,False,False,False,,decrease,review-prior only; replace with local hydrogeology before engineering use
Najafgarh,IN,28.60922,76.97982,1365000,stiff/deep low-sensitivity control,0.03,0.06,0.1,"control class for stiff, deep-water or far-from-water settings; not used to expand claims",-0.001985756731420262,-0.0011714734045934162,-0.0007532157173897013,False,False,False,,decrease,review-prior only; replace with local hydrogeology before engineering use
Baotou,CN,40.6516,109.84389,2150000,mixed urban aquifer context,0.05,0.12,0.2,default review range when no stronger context proxy is available,-0.001504985531442904,-0.0006443426705554853,-0.000389633066998938,False,False,False,,decrease,review-prior only; replace with local hydrogeology before engineering use
Sialkot,PK,32.49268,74.53134,911817,alluvial/basin-fill depletion,0.08,0.14,0.22,alluvial or basin-fill depletion setting; moderate-to-high review range,-0.0009597421405608654,-0.0005667809499009073,-0.00036652984512614267,False,False,False,,decrease,review-prior only; replace with local hydrogeology before engineering use
Erzurum,TR,39.90861,41.27694,767848,mixed urban aquifer context,0.05,0.12,0.2,default review range when no stronger context proxy is available,-0.001762701256244302,-0.0007448309090036936,-0.00044869645787630474,False,False,False,,decrease,review-prior only; replace with local hydrogeology before engineering use
Wuhu,CN,31.35259,118.42947,1598165,mixed urban aquifer context,0.05,0.12,0.2,default review range when no stronger context proxy is available,-0.00180132490787005,-0.0007549109673821164,-0.00045369673622901174,False,False,False,,decrease,review-prior only; replace with local hydrogeology before engineering use
Köln,DE,50.93333,6.95,1024621,alluvial-delta floodplain proxy,0.08,0.16,0.25,low Vs30 and near-water proxy for unconsolidated alluvial/delta/floodplain context,-0.0011997192690060138,-0.0006012189227578568,-0.0003850937126279458,False,False,False,,decrease,review-prior only; replace with local hydrogeology before engineering use
Vienna,AT,48.20849,16.37208,1691468,mixed urban aquifer context,0.05,0.12,0.2,default review range when no stronger context proxy is available,-0.0019833862642686384,-0.0008340371681195627,-0.0005017385227192653,False,False,False,,decrease,review-prior only; replace with local hydrogeology before engineering use
Fes,MA,34.03313,-5.00028,1191905,mixed urban aquifer context,0.05,0.12,0.2,default review range when no stronger context proxy is available,-0.0022777322694023244,-0.0009772807634609096,-0.0005913249458899192,False,False,False,,decrease,review-prior only; replace with local hydrogeology before engineering use
Oran,DZ,35.69906,-0.63588,803329,stiff/deep low-sensitivity control,0.03,0.06,0.1,"control class for stiff, deep-water or far-from-water settings; not used to expand claims",-0.003833224302479017,-0.0019630559011498475,-0.001189211403174184,False,False,False,,decrease,review-prior only; replace with local hydrogeology before engineering use
Sadr City,IQ,33.3889,44.4583,1211849,mixed urban aquifer context,0.05,0.12,0.2,default review range when no stronger context proxy is available,-0.0024077952666281613,-0.0010182762527179423,-0.0006135716949646486,False,False,False,,decrease,review-prior only; replace with local hydrogeology before engineering use
Rome,IT,41.89193,12.51133,2318895,alluvial-delta floodplain proxy,0.08,0.16,0.25,low Vs30 and near-water proxy for unconsolidated alluvial/delta/floodplain context,-0.001661679942182387,-0.0008337601288227331,-0.0005342807899401947,False,False,False,,decrease,review-prior only; replace with local hydrogeology before engineering use
Rabat,MA,34.01325,-6.83255,1655753,stiff/deep low-sensitivity control,0.03,0.06,0.1,"control class for stiff, deep-water or far-from-water settings; not used to expand claims",-0.0043151263886961055,-0.0022432754470617378,-0.0013672601883325565,False,False,False,,decrease,review-prior only; replace with local hydrogeology before engineering use
Ghāziābād,IN,28.66535,77.43915,1199191,mixed urban aquifer context,0.05,0.12,0.2,default review range when no stronger context proxy is available,-0.002895552895221816,-0.0012601121890877393,-0.0007655988933952217,False,False,False,,decrease,review-prior only; replace with local hydrogeology before engineering use
Zapopan,MX,20.72111,-103.38742,1476491,mixed urban aquifer context,0.05,0.12,0.2,default review range when no stronger context proxy is available,-0.0029784600545042367,-0.0012786767188553844,-0.0007738185232957495,False,False,False,,decrease,review-prior only; replace with local hydrogeology before engineering use
Callao,PE,-12.05162,-77.13452,1300000,alluvial-delta floodplain proxy,0.08,0.16,0.25,low Vs30 and near-water proxy for unconsolidated alluvial/delta/floodplain context,-0.0019753993192920816,-0.0009891725712960209,-0.0006334096970308789,False,False,False,,decrease,review-prior only; replace with local hydrogeology before engineering use
Belgrade,RS,44.80401,20.46513,1273651,stiff/deep low-sensitivity control,0.03,0.06,0.1,"control class for stiff, deep-water or far-from-water settings; not used to expand claims",-0.00504071204005695,-0.002622450686357858,-0.0015988441037686485,False,False,False,,decrease,review-prior only; replace with local hydrogeology before engineering use
Valencia,ES,39.47391,-0.37966,824340,alluvial-delta floodplain proxy,0.08,0.16,0.25,low Vs30 and near-water proxy for unconsolidated alluvial/delta/floodplain context,-0.002202905015010137,-0.0011056016978608918,-0.0007085430501247159,False,False,False,,decrease,review-prior only; replace with local hydrogeology before engineering use
Naples,IT,40.85216,14.26811,909048,mixed urban aquifer context,0.05,0.12,0.2,default review range when no stronger context proxy is available,-0.0035193494069329923,-0.0014725279480189979,-0.0008845688200264379,False,False,False,,decrease,review-prior only; replace with local hydrogeology before engineering use
Al Mawşil al Jadīdah,IQ,36.33271,43.10555,2065597,mixed urban aquifer context,0.05,0.12,0.2,default review range when no stronger context proxy is available,-0.0034822311082537,-0.0014835270544878085,-0.0008958013555166247,False,False,False,,decrease,review-prior only; replace with local hydrogeology before engineering use
Istanbul,TR,41.01384,28.94966,15701602,alluvial-delta floodplain proxy,0.08,0.16,0.25,low Vs30 and near-water proxy for unconsolidated alluvial/delta/floodplain context,-0.0022327862527970477,-0.0011178604919243051,-0.0007157684584955248,False,False,False,,decrease,review-prior only; replace with local hydrogeology before engineering use
Fuzhou,CN,26.06139,119.30611,3740000,alluvial-delta floodplain proxy,0.08,0.16,0.25,low Vs30 and near-water proxy for unconsolidated alluvial/delta/floodplain context,-0.00242708603414446,-0.0012158162509262882,-0.0007786459821095271,False,False,False,,decrease,review-prior only; replace with local hydrogeology before engineering use
Fuyang,CN,32.9,115.81667,1768947,alluvial-delta floodplain proxy,0.08,0.16,0.25,low Vs30 and near-water proxy for unconsolidated alluvial/delta/floodplain context,-0.002549141311477765,-0.0012764923212417734,-0.0008173973390098177,False,False,False,,decrease,review-prior only; replace with local hydrogeology before engineering use
Rajshahi,BD,24.374,88.60114,763580,mixed urban aquifer context,0.05,0.12,0.2,default review range when no stronger context proxy is available,-0.00427328344307254,-0.0017938318115018337,-0.001078586375338142,False,False,False,,decrease,review-prior only; replace with local hydrogeology before engineering use
Antalya,TR,36.90812,30.69556,1335002,alluvial-delta floodplain proxy,0.08,0.16,0.25,low Vs30 and near-water proxy for unconsolidated alluvial/delta/floodplain context,-0.002733085129120516,-0.0013698742543888642,-0.000877487215480921,False,False,False,,decrease,review-prior only; replace with local hydrogeology before engineering use
Jiujiang,CN,29.70475,116.00206,1164268,mixed urban aquifer context,0.05,0.12,0.2,default review range when no stronger context proxy is available,-0.004418277742217147,-0.0018688622747085326,-0.0011261520808868025,False,False,False,,decrease,review-prior only; replace with local hydrogeology before engineering use
Baghdad,IQ,33.34058,44.40088,7216000,alluvial-delta floodplain proxy,0.08,0.16,0.25,low Vs30 and near-water proxy for unconsolidated alluvial/delta/floodplain context,-0.0027954211331973067,-0.0014078742793130344,-0.0009033931064990758,False,False,False,,decrease,review-prior only; replace with local hydrogeology before engineering use
Tangier,MA,35.76727,-5.79975,1035141,alluvial-delta floodplain proxy,0.08,0.16,0.25,low Vs30 and near-water proxy for unconsolidated alluvial/delta/floodplain context,-0.0028865285418850084,-0.0014463213441975598,-0.0009263496171890151,False,False,False,,decrease,review-prior only; replace with local hydrogeology before engineering use
Salé,MA,34.0531,-6.79846,972299,mixed urban aquifer context,0.05,0.12,0.2,default review range when no stronger context proxy is available,-0.0046063315688191775,-0.0019703714321472193,-0.0011911544941281202,False,False,False,,decrease,review-prior only; replace with local hydrogeology before engineering use
Dera Ismail Khan,PK,31.83129,70.9017,763195,alluvial/basin-fill depletion,0.08,0.14,0.22,alluvial or basin-fill depletion setting; moderate-to-high review range,-0.003217652500413795,-0.001848781954467263,-0.0011796326463810736,False,False,False,,decrease,review-prior only; replace with local hydrogeology before engineering use
Wuzhong,CN,37.9867,106.201,7202654,alluvial-delta floodplain proxy,0.08,0.16,0.25,low Vs30 and near-water proxy for unconsolidated alluvial/delta/floodplain context,-0.0037328093443947385,-0.001877363038701757,-0.001204044741294874,False,False,False,,decrease,review-prior only; replace with local hydrogeology before engineering use
Narela,IN,28.85267,77.09288,800000,mixed urban aquifer context,0.05,0.12,0.2,default review range when no stronger context proxy is available,-0.005849172674431698,-0.002540990385750286,-0.0015429889289997126,False,False,False,,decrease,review-prior only; replace with local hydrogeology before engineering use
Zhongwei,CN,37.51129,105.19067,1174600,alluvial-delta floodplain proxy,0.08,0.16,0.25,low Vs30 and near-water proxy for unconsolidated alluvial/delta/floodplain context,-0.003831968001113212,-0.0019271028355882236,-0.0012359149060919838,False,False,False,0.030070425774919918,decrease,review-prior only; replace with local hydrogeology before engineering use
Rohini,IN,28.74322,77.06778,860000,mixed urban aquifer context,0.05,0.12,0.2,default review range when no stronger context proxy is available,-0.006013222787128056,-0.0026119938429586403,-0.0015860568395233768,False,False,False,,decrease,review-prior only; replace with local hydrogeology before engineering use
Anqing,CN,30.51365,117.04723,804493,alluvial-delta floodplain proxy,0.08,0.16,0.25,low Vs30 and near-water proxy for unconsolidated alluvial/delta/floodplain context,-0.004024920466110082,-0.002020489310677942,-0.0012949642559864916,False,False,False,0.03181098001332873,decrease,review-prior only; replace with local hydrogeology before engineering use
Niigata,JP,37.92259,139.04125,797591,alluvial-delta floodplain proxy,0.08,0.16,0.25,low Vs30 and near-water proxy for unconsolidated alluvial/delta/floodplain context,-0.004295655293599099,-0.0021469866487111577,-0.0013738735854211814,False,False,False,0.034398883494698586,decrease,review-prior only; replace with local hydrogeology before engineering use
San Francisco,US,37.77493,-122.41942,827526,alluvial-delta floodplain proxy,0.08,0.16,0.25,low Vs30 and near-water proxy for unconsolidated alluvial/delta/floodplain context,-0.004667877215562111,-0.0023421439943107913,-0.0015008612308142488,False,False,False,0.03703793881884134,decrease,review-prior only; replace with local hydrogeology before engineering use
Guadalajara,MX,20.67738,-103.34749,1385629,mixed urban aquifer context,0.05,0.12,0.2,default review range when no stronger context proxy is available,-0.007410396748861278,-0.003172398262467596,-0.0019182427274869185,False,False,False,0.036417615027348485,decrease,review-prior only; replace with local hydrogeology before engineering use
Mosul,IQ,36.335,43.11889,1683000,alluvial-delta floodplain proxy,0.08,0.16,0.25,low Vs30 and near-water proxy for unconsolidated alluvial/delta/floodplain context,-0.004759461618527319,-0.0024047300730203336,-0.0015448263677394353,False,False,False,0.03716918982323913,decrease,review-prior only; replace with local hydrogeology before engineering use
Pest,HU,47.5,19.08333,1001748,alluvial-delta floodplain proxy,0.08,0.16,0.25,low Vs30 and near-water proxy for unconsolidated alluvial/delta/floodplain context,-0.00485264464481594,-0.0024328701652857054,-0.0015585417605996077,False,False,False,0.038595115917822845,decrease,review-prior only; replace with local hydrogeology before engineering use
Bayan Nur,CN,40.74143,107.38599,1760000,mixed urban aquifer context,0.05,0.12,0.2,default review range when no stronger context proxy is available,-0.008361276834471562,-0.003542738451413105,-0.0021358250775694865,False,False,False,0.0415628452483706,decrease,review-prior only; replace with local hydrogeology before engineering use
Rangpur,BD,25.74664,89.25166,1031388,mixed urban aquifer context,0.05,0.12,0.2,default review range when no stronger context proxy is available,-0.010169976368091,-0.004292081230844874,-0.0025846354767953272,True,False,False,0.05086902071593759,decrease,review-prior only; replace with local hydrogeology before engineering use
Diyarbakır,TR,37.91363,40.21721,1833684,alluvial-delta floodplain proxy,0.08,0.16,0.25,low Vs30 and near-water proxy for unconsolidated alluvial/delta/floodplain context,-0.006929113932861719,-0.0035111885396534176,-0.0022579920602416453,False,False,False,0.05475281013218378,decrease,review-prior only; replace with local hydrogeology before engineering use
Turin,IT,45.07049,7.68682,847287,alluvial-delta floodplain proxy,0.08,0.16,0.25,low Vs30 and near-water proxy for unconsolidated alluvial/delta/floodplain context,-0.007230705281540711,-0.0036585033123948396,-0.0023514475572328775,False,False,False,0.057303395788654406,decrease,review-prior only; replace with local hydrogeology before engineering use
Puebla,MX,19.04778,-98.20723,1692181,alluvial-delta floodplain proxy,0.08,0.16,0.25,low Vs30 and near-water proxy for unconsolidated alluvial/delta/floodplain context,-0.008351433716069695,-0.004229545754391967,-0.0027193915943976577,False,False,False,0.06646301386896293,decrease,review-prior only; replace with local hydrogeology before engineering use
Seattle,US,47.60621,-122.33207,780995,alluvial-delta floodplain proxy,0.08,0.16,0.25,low Vs30 and near-water proxy for unconsolidated alluvial/delta/floodplain context,-0.00838750460638954,-0.00421652235854203,-0.002703805608842147,False,False,False,0.06695771459817709,decrease,review-prior only; replace with local hydrogeology before engineering use
Srinagar,IN,34.08565,74.80555,1206419,mixed urban aquifer context,0.05,0.12,0.2,default review range when no stronger context proxy is available,-0.01660414339506637,-0.007236871367325287,-0.004398302079637678,True,False,False,0.08573380422598885,decrease,review-prior only; replace with local hydrogeology before engineering use
Faridabad,IN,28.41124,77.31316,1414050,mixed urban aquifer context,0.05,0.12,0.2,default review range when no stronger context proxy is available,-0.018761006018343518,-0.008077906999403889,-0.004892142780319908,True,False,False,0.09638158474892806,decrease,review-prior only; replace with local hydrogeology before engineering use
Delhi,IN,28.65195,77.23149,11034555,alluvial/basin-fill depletion,0.08,0.14,0.22,alluvial or basin-fill depletion setting; moderate-to-high review range,-0.014130013623379206,-0.008185677418473786,-0.0052435873080941275,True,False,False,0.11412711522083271,decrease,review-prior only; replace with local hydrogeology before engineering use
Lahore,PK,31.558,74.35071,13004135,alluvial/basin-fill depletion,0.08,0.14,0.22,alluvial or basin-fill depletion setting; moderate-to-high review range,-0.017294177459961285,-0.010178925593464075,-0.006570863216677422,True,True,False,0.1426076055697791,decrease,review-prior only; replace with local hydrogeology before engineering use
Ludhiana,IN,30.91204,75.85379,1618879,alluvial/basin-fill depletion,0.08,0.14,0.22,alluvial or basin-fill depletion setting; moderate-to-high review range,-0.018677532472066972,-0.011314040774037665,-0.007407809206730634,True,True,False,0.15994912085618376,decrease,review-prior only; replace with local hydrogeology before engineering use
