city_row_id,name,country,lat,lon,population,pga,wtd,tws_cm_yr,dP,fdr_sig,gfz_grid_lat,gfz_grid_lon,gfz_nearest_finite_grid_distance_km,gfz_tws_cm_yr,gfz_tws_p,gfz_tws_n_months,gfz_leakage_corrected_tws_cm_yr,gfz_leakage_corrected_p,gfz_leakage_corrected_n_months,gfz_dP_sy010,gfz_leakage_corrected_dP_sy010,csr_sign,gfz_sign,gfz_leakage_corrected_sign,csr_gfz_sign_match,csr_gfz_leakage_corrected_sign_match,gfz_material_sy010,gfz_targeted_sy010,gfz_leakage_corrected_material_sy010,gfz_leakage_corrected_targeted_sy010
0,Yokohama,JP,35.43333,139.65,3777491,0.6621291,2.6398107881285,1.5877,0.0131823600667306,True,35.5,139.5,0.0,1.051378506493669,9.603496664444573e-15,100,0.9864803341780951,0.016199585253151905,100,0.008733480104552549,0.008194826087057905,1,1,1,True,True,False,True,False,True
1,Bhayandar,IN,19.30157,72.85107,809378,0.1212539,2.9297322041657594,1.4173,0.0117697302764608,True,19.5,73.5,71.5476643676065,2.173770589306053,5.890212955064635e-09,100,2.3992314309475344,7.002260748820509e-05,100,0.018061096994636094,0.019937052376315434,1,1,1,True,True,True,True,True,True
2,Mumbai,IN,19.07283,72.88261,12691836,0.120297400125448,1.8768596932936816,1.4173,0.0108165938122896,True,19.5,73.5,80.3425440615053,2.173770589306053,5.890212955064635e-09,100,2.3992314309475344,7.002260748820509e-05,100,0.01435495399970016,0.01435495399970016,1,1,1,True,True,True,True,True,True
3,Dar es Salaam,TZ,-6.82349,39.26951,5383728,0.109765000000553,8.361943999389666,1.5505,0.0099400650158641,True,-6.5,38.5,92.28660664260424,2.2136833102306683,5.583091105422115e-15,100,3.652453761233007,6.099048163585939e-09,100,0.014266378714862193,0.02380388675412415,1,1,1,True,True,True,True,True,True
4,Surat,IN,21.19594,72.83023,4591246,0.09830952,8.25513084611282,1.4158,0.0096221809737705,True,21.5,72.5,0.0,1.93389861466864,2.241691831634277e-06,100,2.287190463132637,0.0017160171403940918,100,0.013191551343825325,0.015640113485469398,1,1,1,True,True,True,True,True,True
5,Nashik,IN,19.99727,73.79096,1486053,0.07369488,4.516670481422182,2.633,0.009150408807873,True,19.5,73.5,0.0,2.173770589306053,5.890212955064635e-09,100,2.3992314309475344,7.002260748820509e-05,100,0.007510171811783817,0.008313085559027544,1,1,1,True,True,False,True,False,True
6,Bhiwandi,IN,19.30023,73.05881,874032,0.125094701840259,3.2349126420996868,1.4173,0.0086312201636333,True,19.5,73.5,0.0,2.173770589306053,5.890212955064635e-09,100,2.3992314309475344,7.002260748820509e-05,100,0.01332415804033693,0.01473438024536583,1,1,1,True,True,True,True,True,True
7,Thāne,IN,19.19704,72.96355,1841488,0.1226549788237301,2.0904859998474308,1.4173,0.0084105762061177,True,19.5,73.5,65.59315440122127,2.173770589306053,5.890212955064635e-09,100,2.3992314309475344,7.002260748820509e-05,100,0.01247976013037333,0.01247976013037333,1,1,1,True,True,True,True,True,True
8,Dombivali,IN,19.21667,73.08333,1247327,0.1242170029365362,3.8452735179675415,1.4173,0.0083292880236759,True,19.5,73.5,0.0,2.173770589306053,5.890212955064635e-09,100,2.3992314309475344,7.002260748820509e-05,100,0.012862044292373781,0.01422468101236507,1,1,1,True,True,True,True,True,True
9,Tokyo,JP,35.6895,139.69171,9733276,0.605276,5.432211795223964,1.5877,0.0083026372584477,True,35.5,139.5,0.0,1.051378506493669,9.603496664444573e-15,100,0.9864803341780951,0.016199585253151905,100,0.005468080173495843,0.005127155615132051,1,1,1,True,True,False,True,False,True
10,Yangon,MM,16.80528,96.15611,4477638,0.2417016573252616,1.4038300144961229,0.949,0.0078525840287735,True,16.5,95.5,77.7032405126364,0.7808525327533902,0.04747263753525822,100,2.1794213327541834,0.014015637120739981,100,0.0064598579753784025,0.011622502249179656,1,1,1,True,True,False,True,True,True
11,Tianjin,CN,39.14222,117.17667,11090314,0.117718599999321,3.112840466926116,1.0174,0.0073736357294239,True,39.5,117.5,0.0,0.9481528339079544,7.392158926786609e-07,100,1.7450181524370736,0.000988252166008948,100,0.00686892668479705,0.012701530655780335,1,1,1,True,True,False,True,True,True
12,Varanasi,IN,25.31668,83.01041,1164404,0.0641719299859855,26.092927443350906,1.7399,0.0064547441040125,True,25.5,83.5,0.0,0.9732931315752004,0.06685168568306805,100,3.6312003041194227,0.00021173762236047187,100,0.0035764271728479513,0.013791223469674513,1,1,1,True,True,False,False,True,True
13,Chattogram,BD,22.3384,91.83168,3920222,0.2789350093955502,1.724269474326718,0.7765,0.0063066447842901,False,22.5,91.5,0.0,0.5325975336665828,0.30774795458090043,100,0.16552760833067356,0.8341978453674225,100,0.004328452820670292,0.0013465163547212722,1,1,1,True,True,False,False,False,False
14,Patna,IN,25.59408,85.13563,1684297,0.0921172673310556,4.257267109178315,1.3047,0.0060981198108892,True,25.5,85.5,0.0,0.6595367015451028,0.234092447699612,100,2.373479610117463,0.015005625951895975,100,0.0030607212874822487,0.011224856730457616,1,1,1,True,True,False,False,True,True
15,Kanpur,IN,26.46523,80.34975,2823249,0.0874991899999999,13.42793926909286,1.095,0.0059558101069985,True,26.5,80.5,0.0,0.04909565063493821,0.9167178356481137,100,3.8192783714438896,4.368206031596649e-05,100,0.0002642986579724782,0.02132833176622856,1,1,1,True,True,False,False,True,True
16,Barcelona,VE,10.1384,-64.68769,815141,0.1565541,5.95101853971164,0.9569,0.0055937627238466,True,9.5,295.5,73.9056040305774,1.8174707038055338,0.00029178306285919625,100,2.0800141690971232,0.0123990118386767,100,0.010707350387656883,0.012282997801039947,1,1,1,True,True,True,True,True,True
17,Prayagraj,IN,25.44478,81.84322,1073438,0.0632544323089667,8.484016174563237,1.5299,0.005399910094125,True,25.5,81.5,0.0,1.004519548740973,0.047481482352188895,100,4.246321933263805,5.211895087895386e-06,100,0.003521967597505171,0.015511572772751073,1,1,1,True,True,False,False,True,True
18,Kalyān,IN,19.2437,73.13554,1262255,0.1256955999999282,1.1749446860456487,1.4173,0.0053812979642205,True,19.5,73.5,0.0,2.173770589306053,5.890212955064635e-09,100,2.3992314309475344,7.002260748820509e-05,100,0.005381297964220544,0.005381297964220544,1,1,1,True,True,False,True,False,True
19,Makassar,ID,-5.14861,119.43194,1423877,0.06073681,0.6408789196613043,0.6312,0.005239330970689,True,-3.5,119.5,183.47257100740634,0.40138821709336353,0.002808967924462806,100,1.294678207141267,0.011722249858585354,100,0.003331074848166804,0.0053197165084566955,1,1,1,True,True,False,False,False,True
20,Howrah,IN,22.57688,88.31857,1027672,0.116651700000003,2.075226977950763,0.6662,0.0050947550306674,False,22.5,88.5,0.0,0.6086081381735647,0.17582488289407971,100,0.7357831760061425,0.24362147898400516,100,0.004653054122089995,0.005628739966246299,1,1,1,True,True,False,False,False,True
21,Kolkata,IN,22.56263,88.36304,4631392,0.119528,2.059967956054038,0.6662,0.0050927696458126,False,22.5,88.5,0.0,0.6086081381735647,0.17582488289407971,100,0.7357831760061425,0.24362147898400516,100,0.004651238060966845,0.0056265505917557634,1,1,1,True,True,False,False,False,True
22,Luzhou,CN,28.8903,105.42575,998900,0.1971011047434862,1.586938277256479,0.6356,0.0050042128246746,True,28.5,105.5,0.0,0.4520497892712189,0.04216711328558072,100,0.5151307521415821,0.34940646833756256,100,0.0035565564380016235,0.004053845537040857,1,1,1,True,True,False,False,False,False
23,Ranchi,IN,23.34316,85.3094,1120374,0.1272203,3.2806897077897474,1.1405,0.004955914891752,True,23.5,85.5,0.0,1.0508197688882157,0.04376192419804692,100,2.308207068873937,0.006440556511269224,100,0.004561497703281819,0.010165674485222431,1,1,1,True,True,False,False,True,True
24,Ciudad Guayana,VE,8.35122,-62.64102,978202,0.0609216311130317,24.00244144350347,3.2946,0.004915952855939,True,8.5,297.5,0.0,2.484977110392999,1.793611641428554e-05,100,4.999392900013103,3.1475689919736886e-05,100,0.003662280417749693,0.007657356414927784,1,1,1,True,True,False,False,False,True
25,Haikou,CN,20.03421,110.34651,2873358,0.0606846,1.4190890363927906,0.8239,0.0048257107875001,True,19.5,110.5,61.53466307214644,0.3781460714233461,0.028372861379602456,100,0.3664481451909307,0.5311504456330046,100,0.0022059103411357917,0.002137442905785575,1,1,1,True,True,False,False,False,False
26,Jing’an,CN,31.22,121.41583,936500,0.0507968402419307,4.104676890211351,0.6576,0.0047006544213692,True,31.5,121.5,0.0,0.21687077299127308,0.16718504423176556,100,-0.42229952763216927,0.3715311523348765,100,0.0015459540479071943,-0.0029981454117192774,1,1,-1,True,False,False,False,False,False
27,Vijayawada,IN,16.50745,80.6466,1143232,0.06847776,5.859464408331462,2.3443,0.0045902708923863,True,16.5,80.5,0.0,2.0693548224535396,7.680667783701428e-09,100,4.970857965749448,5.75736689471079e-11,100,0.00403557296267934,0.010117183111098535,1,1,1,True,True,False,False,True,True
28,Zhabei,CN,31.25861,121.45972,840000,0.0543976236497186,3.0365453574426056,0.6576,0.0044447278430762,True,31.5,121.5,0.0,0.21687077299127308,0.16718504423176556,100,-0.42229952763216927,0.3715311523348765,100,0.001461164634423362,-0.0028319785735654857,1,1,-1,True,False,False,False,False,False
29,Kaifeng,CN,34.7986,114.30742,1451741,0.0997951691928758,1.7700465400168357,2.2778,0.0043969392064603,True,34.5,114.5,0.0,0.8527018264054707,0.002905173599380454,100,4.177920324800754,1.2877850984619007e-06,100,0.0020910891168304663,0.004396939206460337,1,1,1,True,True,False,False,False,False
30,Qinhuangdao,CN,39.94104,119.58936,759718,0.1847800918294732,1.1596856641489808,0.7283,0.0042830898810408,True,40.5,119.5,62.614954949310196,1.2254918477931105,1.512144894093421e-12,100,1.7895228855064371,0.00026419840313360294,100,0.006846557757048899,0.006846557757048899,1,1,1,True,True,False,True,False,True
31,Nagoya,JP,35.18147,136.90641,2332176,0.4578695,12.802319371328338,0.664,0.0041915709353172,True,35.5,136.5,0.0,0.33170058480444303,0.008110733406667599,100,0.4300172390452864,0.3309279014374253,100,0.002088199545366487,0.002709331977892415,1,1,1,True,True,False,False,False,False
32,Luohe,CN,33.57424,114.03261,1294974,0.0534729595322506,11.520561532005845,0.5955,0.0040014589304054,False,33.5,114.5,0.0,0.7679968477704091,0.002816971721729404,100,3.0417050020379253,3.815840084499993e-05,100,0.005167042809648914,0.02079858158199721,1,1,1,True,True,False,True,True,True
33,Putuo,CN,31.251,121.3897,1239100,0.0503584899999993,2.1972991531243338,0.6576,0.003967574017243,True,31.5,121.5,0.0,0.21687077299127308,0.16718504423176556,100,-0.42229952763216927,0.3715311523348765,100,0.001303432878844768,-0.002523841270473476,1,1,-1,True,False,False,False,False,False
34,Hanzhong,CN,33.07507,107.02214,1006557,0.1400477000011399,3.64690623331046,0.6823,0.003910982978689,True,33.5,107.5,0.0,0.7905914952357601,3.8606579140492733e-05,100,1.5496433313754885,0.006718731761128253,100,0.004536274711244681,0.008954167275999708,1,1,1,True,True,False,False,False,True
35,Benghazi,LY,32.11486,20.06859,757490,0.0783412446839008,6.332494087129021,0.9766,0.0036816993522627,True,31.5,20.5,79.60061856451192,0.21227518248801025,0.013085856222470589,100,0.8380303041297259,0.04814476116360051,100,0.0007927364284753824,0.003153902607240383,1,1,1,True,True,False,False,False,False
36,Accra,GH,5.55602,-0.1969,1963264,0.0840799599994307,11.53582055390251,5.4265,0.0036759540436972,True,5.5,359.5,0.0,2.335878515216206,8.064632390543702e-22,100,5.485942602605625,7.398268699395556e-18,100,0.0015046475072204614,0.0037198451358757614,1,1,1,True,True,False,False,False,False
37,Jabalpur,IN,23.16697,79.95006,1081677,0.1361818,2.2583352407111192,1.6226,0.0035819517574923,True,23.5,79.5,0.0,1.952696218444463,0.0001453695626833199,100,2.448691338561656,0.000809218046320197,100,0.004331141236675842,0.005031107354587741,1,1,1,True,True,False,False,False,True
38,Manila,PH,14.6042,120.9822,1600000,0.3303762000045073,2.838178072785581,0.4215,0.0034897418002498,True,14.5,121.5,56.92141355119396,0.1358844541940611,0.3491664101714155,100,-0.3525971155469815,0.4591578121433882,100,0.0011254274813605747,-0.0029219410065317586,1,1,-1,True,False,False,False,False,False
39,Nanchong,CN,30.79508,106.08473,1858875,0.0702872509812431,21.637293049515563,0.8565,0.0033759501018316,True,30.5,106.5,0.0,0.7247113786971672,0.00046433153371662256,100,0.21123241241846877,0.690837806772397,100,0.0028519426132922743,0.0008261017385288727,1,1,1,True,True,False,False,False,False
40,Linfen,CN,36.08889,111.51889,959198,0.1546868420043955,12.08514534218358,0.9104,0.0033597281576323,True,36.5,111.5,0.0,0.3117645652572205,0.20204450812187896,100,2.75225669950899,0.00013774314652150496,100,0.0011419817071741667,0.010391915246415057,1,1,1,True,True,False,False,True,True
41,Jamshedpur,IN,22.80278,86.18545,1339438,0.1567997419895702,18.08194094758528,1.161,0.003275903248584,True,22.5,86.5,0.0,0.8573144220347524,0.05335052561605953,100,1.3463857461598958,0.06220171806848257,100,0.002409054181765388,0.0038085746771452655,1,1,1,True,True,False,False,False,False
42,Xuhui,CN,31.19594,121.44709,1109800,0.0507968402419307,3.31120775158314,0.6576,0.0030998488024287,True,31.5,121.5,0.0,0.21687077299127308,0.16718504423176556,100,-0.42229952763216927,0.3715311523348765,100,0.001017363911694824,-0.001967142553227802,1,1,-1,True,False,False,False,False,False
43,Maracaibo,VE,10.64232,-71.61089,1752602,0.09229294999185,6.042572671091818,1.3193,0.0029827278373295,True,10.5,288.5,0.0,1.2459444511104651,1.3229679851406648e-07,100,2.8068670930541035,6.785867583726753e-06,100,0.0028139330351636266,0.006482252223405843,1,1,1,True,True,False,False,False,True
44,Malingao,PH,7.16083,124.475,1121974,0.5545271999996771,0.3662165255207696,0.3983,0.0029638183406366,True,7.5,124.5,0.0,-0.11230381323985894,0.4000101452685799,100,-1.1089266185617166,0.031668382800601066,100,-0.0009076638918726898,-0.008936401104268965,1,-1,-1,False,False,False,False,False,True
45,Dalian,CN,38.91222,121.60222,4913879,0.0876957999990944,16.18982223239493,1.3534,0.002896224481439,True,39.5,122.5,101.26839547064503,1.5120010757124225,1.5965047609427406e-17,100,1.9699025949048916,4.170743549447746e-05,100,0.0032430380245803136,0.004253195684324251,1,1,1,True,True,False,False,False,False
46,Budta,PH,7.20417,124.43972,1273715,0.5609091576962117,1.007095445182017,0.3983,0.0028907748123359,True,7.5,124.5,0.0,-0.11230381323985894,0.4000101452685799,100,-1.1089266185617166,0.031668382800601066,100,-0.0008125883303267134,-0.007975149340105236,1,-1,-1,False,False,False,False,False,True
47,Mombasa,KE,-4.05466,39.66359,1208333,0.0996536100001263,18.50919356069278,0.5269,0.0028114281985759,True,-3.5,39.5,64.29086122481611,1.0082295311940086,5.4129751391264906e-09,100,-0.24079142839324294,0.6253424176189164,100,0.0054055488333834,-0.0012749758010573153,1,1,-1,True,False,False,True,False,False
48,Chennai,IN,13.08784,80.27847,4681087,0.08934973,8.041504539559014,0.4167,0.0026832935777019,True,13.5,79.5,95.90179224786579,1.6781645772881424,5.362106537083902e-08,100,5.4778246202017735,1.5215175688961023e-10,100,0.010913752116451902,0.036655755933202805,1,1,1,True,True,True,True,True,True
49,Cartagena,CO,10.39817,-75.49328,914552,0.0708730299999999,10.849164568551204,0.6294,0.0026785270490979,True,9.5,284.5,99.87479701943775,0.8673193436191671,0.0018223488685283284,100,1.8129932126031434,0.01701352165304333,100,0.0037012796993353136,0.007822406114155717,1,1,1,True,True,False,False,False,True
50,Virār,IN,19.45591,72.81136,1222390,0.1198278828077522,0.5951018539711868,1.4173,0.0025991780956606,True,19.5,73.5,72.35730306471558,2.173770589306053,5.890212955064635e-09,100,2.3992314309475344,7.002260748820509e-05,100,0.0025991780956606536,0.0025991780956606536,1,1,1,True,True,False,False,False,False
51,Mandalay,MM,21.97473,96.08359,1208099,0.3333079,4.516670481422182,0.3728,0.0025833231311815,False,21.5,96.5,0.0,0.09702321546418535,0.8581626999031418,100,-1.7013486612708522,0.03821190124494426,100,0.0006710591363822127,-0.011620789173319657,1,1,-1,True,False,False,False,True,True
52,Ziyang,CN,30.12108,104.64811,905729,0.155723199999444,13.09224078736554,0.7209,0.0025591202315673,True,30.5,104.5,0.0,0.8090701606901426,0.00014911383475336269,100,0.2642054968382687,0.646346772649319,100,0.002875315959072519,0.0009325036244602625,1,1,1,True,True,False,False,False,False
53,Santo Domingo,DO,18.47186,-69.89232,2201941,0.4312265999999539,3.8147554741741487,0.3488,0.0024767920648013,True,18.5,290.5,0.0,0.05136398580117284,0.6761047494752794,100,-0.2504595677718623,0.6569759705248038,100,0.0003640369479558925,-0.0017716593394114244,1,1,-1,True,False,False,False,False,False
54,Baoshan,CN,31.40845,121.48956,2265900,0.0563865307407588,3.418020904860043,0.6576,0.0024670626082674,True,31.5,121.5,0.0,0.21687077299127308,0.16718504423176556,100,-0.42229952763216927,0.3715311523348765,100,0.0008091930826850668,-0.0015632694618464282,1,1,-1,True,False,False,False,False,False
55,Barranquilla,CO,10.96854,-74.78132,1206319,0.09359839,5.737392233157891,0.6294,0.0024053116310744,True,10.5,285.5,0.0,0.8599180046466689,0.00039861449378467807,100,1.340877159432213,0.055099363106661095,100,0.0032955584216506073,0.005169148723622341,1,1,1,True,True,False,False,False,True
56,Cebu City,PH,10.31672,123.89071,965332,0.3347104821106495,0.3356984817273769,0.9923,0.002276329626615,True,10.5,123.5,0.0,-0.05155997865889258,0.704864215078664,100,-1.241095715073817,0.011191745547587941,100,-0.00034864971860720795,-0.008319820378951681,1,-1,-1,False,False,False,False,False,True
57,Surabaya,ID,-7.24917,112.75083,2874314,0.1756715000089241,2.3346303501945727,0.2774,0.0022082061862322,False,-7.5,112.5,0.0,0.10159958270939563,0.5203319519684303,100,-1.2661679778749337,0.02612811451706466,100,0.0008082742470346682,-0.010023216447186678,1,1,-1,True,False,False,False,True,True
58,Seoul,KR,37.566,126.9784,10349312,0.1291627050768389,9.628442816815491,0.6391,0.0021926419501853,True,37.5,126.5,0.0,0.46264333856135315,0.009465016560190016,100,-2.4450705335138516,1.055068339612304e-05,100,0.0015836711876538873,-0.008063429760817531,1,1,-1,True,False,False,False,False,True
59,Weinan,CN,34.50355,109.50891,1199290,0.1088599,1.1139085984588633,0.4515,0.002007256314618,True,34.5,109.5,0.0,0.6614471966947317,0.004707492863763907,100,2.5813920934294066,0.0003814450561940897,100,0.0029476558601258807,0.004989548450551828,1,1,1,True,True,False,False,False,False
60,Alexandria,EG,31.20176,29.91582,5263542,0.106489699999422,6.28671702143896,0.331,0.0019576794418436,True,30.5,29.5,87.548093461353,0.1408546078118241,0.1570808772089735,100,0.005354890861631484,0.9898955912962465,100,0.0008316567730687341,3.1578754158739786e-05,1,1,1,True,True,False,False,False,False
61,Sapporo,JP,43.06667,141.35,1973832,0.1806720360283885,0.9918364232852924,0.5472,0.001933859674291,True,43.5,141.5,0.0,0.784403249071103,3.76324355409136e-05,100,1.6852812169130316,0.0015577174483280133,100,0.002780487765793274,0.003525010037273027,1,1,1,True,True,False,False,False,False
62,Nantong,CN,32.03028,120.87472,2273326,0.0583333852838798,3.006027313649213,0.3838,0.0019166321843848,True,32.5,120.5,0.0,0.4104217192714907,0.011271082369983053,100,0.11106653299124566,0.8099425655227955,100,0.0020501514307415536,0.0005530544622897038,1,1,1,True,True,False,False,False,False
63,Auckland,NZ,-36.84853,174.76349,1547200,0.1584837125632816,27.13054093232625,0.6243,0.0019078322068631,True,-37.5,175.5,97.49702456167354,0.2733853243214412,0.02618718119710635,100,0.5048012365418157,0.3033037562913008,100,0.0008315706038045378,0.0015402046776476636,1,1,1,True,True,False,False,False,False
64,Xianyang,CN,34.33778,108.70261,1034081,0.0907892488942864,3.0365453574426056,0.4512,0.0018758121915692,True,34.5,108.5,0.0,0.5807279143082577,0.004667952293107074,100,1.7542953435130073,0.006967299619589471,100,0.0024179987602424013,0.007405903014280624,1,1,1,True,True,False,False,False,True
65,Hamamatsu,JP,34.7,137.73333,791707,0.7980442000000426,0.2441443503471987,0.2575,0.0018496808038376,True,35.5,137.5,91.4535355869419,0.44968902587737325,0.00028051750528213876,100,0.20959526288727504,0.6294487912634057,100,0.0018496808038376833,0.0015876571738579481,1,1,1,True,True,False,False,False,False
66,Karachi,PK,24.8608,67.0104,11624219,0.2104098999919154,11.779964904249653,0.44,0.0018106153343679,True,24.5,67.5,0.0,0.7261042628856604,0.0005835975998402469,100,1.6144561336745418,0.001025419804031852,100,0.0029980866808499707,0.006736438895084046,1,1,1,True,True,False,False,False,True
67,Shanghai,CN,31.22222,121.45806,24874500,0.05296031,0.2899214160372594,0.6576,0.0017738693845824,True,31.5,121.5,0.0,0.21687077299127308,0.16718504423176556,100,-0.42229952763216927,0.3715311523348765,100,0.0013260819947741032,-0.0025680244387058238,1,1,-1,True,False,False,False,False,False
68,Tainan,TW,22.99083,120.21333,1856642,0.6576578501474174,4.486152437628789,0.1935,0.001610778367505,True,22.5,120.5,0.0,0.015520641974403535,0.8927823442128272,100,-0.7601414682925725,0.13070643284994396,100,0.00012919728720639512,-0.006326449751943242,1,1,-1,True,False,False,False,False,True
69,Kitakyushu,JP,33.85181,130.85034,940978,0.2292976253441503,0.4882887006943406,0.407,0.0015969601989614,True,33.5,130.5,0.0,0.1459774174120193,0.17945182576348465,100,0.70647467913042,0.10198531318799707,100,0.000570967210112322,0.0019178033808634753,1,1,1,True,True,False,False,False,False
70,Lanzhou,CN,36.05701,103.83987,3000000,0.0837336089308837,17.456321049820758,0.4924,0.0015712382400322,True,36.5,103.5,0.0,0.1308294232720509,0.44485876540902275,100,-0.6403060124139518,0.3102873777606168,100,0.00041550170175709555,-0.002013104134310162,1,1,-1,True,False,False,False,False,False
71,Hiroshima,JP,34.4,132.45,1200754,0.350937245802441,0.6408789196613043,0.1934,0.0015640616549372,True,34.5,132.5,0.0,0.22919609547860645,0.037785530150539814,100,1.0071298692776716,0.010776687674966055,100,0.0018537372854608991,0.005189326179235676,1,1,1,True,True,False,False,False,True
72,Davao,PH,7.07306,125.61278,1848947,0.4845108999999862,0.6103608758679115,0.1836,0.0015205006009754,False,7.5,125.5,0.0,-0.16376263099848043,0.2114466005271035,100,-1.0257508276496323,0.048062132101198585,100,-0.0013567709543257367,-0.008506154781302788,1,-1,-1,False,False,False,False,False,True
73,Neijiang,CN,29.58354,105.06216,1251095,0.2026418999999999,41.30617227435727,0.9115,0.0014456937895842,True,29.5,105.5,0.0,0.6523588319742565,0.002403137603818627,100,0.30367032271313016,0.5702295571053143,100,0.0010306568021116458,0.0004772598008569995,1,1,1,True,True,False,False,False,False
74,Santiago de los Caballeros,DO,19.45036,-70.69085,1200000,0.5522715806493135,18.02090485999849,0.2709,0.0014016720464758,True,19.5,289.5,0.0,0.12413702025769568,0.30380143223100076,100,0.12353510895224185,0.8142898984350205,100,0.0006413356110691326,0.0006382219849129511,1,1,1,True,True,False,False,False,False
75,Port-au-Prince,HT,18.54349,-72.33881,1234742,0.412546161369622,10.833905546654478,0.2663,0.0013811960865968,True,18.5,287.5,0.0,0.30776504565923446,0.017459953674504876,100,0.6777605585988675,0.1813759358829027,100,0.0015969361760673484,0.0035300799841707087,1,1,1,True,True,False,False,False,False
76,Hyderabad,PK,25.39689,68.37718,1921275,0.1405366,9.781033035782457,0.6834,0.0013306612472312,True,25.5,68.5,0.0,0.9821242068374367,0.00011202789067217027,100,3.200044939906398,1.5926951926026442e-06,100,0.001920681897766778,0.006464817952918735,1,1,1,True,True,False,False,False,True
77,Nay Pyi Taw,MM,19.745,96.12972,925000,0.7756317,0.7476920729381504,0.4398,0.0013303005997146,False,19.5,96.5,0.0,0.5088559854752731,0.3675961036680296,100,0.7269091425941987,0.4333288148364931,100,0.0015405947913543772,0.0022071576870496407,1,1,1,True,True,False,False,False,False
78,Zhengzhou,CN,34.75778,113.64861,4253913,0.0933468099999583,1.831082627603621,1.526,0.0012674802393856,True,34.5,113.5,0.0,0.8785096909439026,0.0027231809673145847,100,4.450081144900089,7.295894042683662e-07,100,0.0007222093330729942,0.0015282868465959602,1,1,1,True,True,False,False,False,False
79,Anyang,CN,36.096,114.38278,1146839,0.0894178111152896,5.004959182116465,2.7657,0.0012147377205101,True,36.5,114.5,0.0,0.7397972591452658,0.011348802872816206,100,4.425303284307602,7.72399667453958e-07,100,0.00031433646677052167,0.0019976322026455332,1,1,1,True,True,False,False,False,False
80,Fukuoka,JP,33.6,130.41667,1612392,0.2703739154132848,0.1373311970702957,0.407,0.0011292210388418,True,33.5,130.5,0.0,0.1459774174120193,0.17945182576348465,100,0.70647467913042,0.10198531318799707,100,0.0011292210388418322,0.0011292210388418322,1,1,1,True,True,False,False,False,False
81,Panzhihua,CN,26.58509,101.71276,787177,0.1657901999999992,5.020218204013133,0.3991,0.0011250293667992,False,26.5,101.5,0.0,0.23723819889688122,0.4263199600414395,100,1.7204711801143473,0.00771301944756113,100,0.0006672884501915527,0.004937525080940336,1,1,1,True,True,False,False,False,False
82,Quezon City,PH,14.6488,121.0509,3084270,0.3776324,6.759746700236519,0.3367,0.0010393864693847,True,14.5,121.5,0.0,0.1358844541940611,0.3491664101714155,100,-0.3525971155469815,0.4591578121433882,100,0.0004183604241951022,-0.0010785837792259556,1,1,-1,True,False,False,False,False,False
83,Bandar Lampung,ID,-5.42917,105.26111,1166066,0.2649017,20.38605325398646,0.2514,0.0010293927583578,False,-5.5,105.5,0.0,-0.4721384431533759,0.01255520563381431,100,-1.1840125707925384,0.05026462758874761,100,-0.0019166763605641124,-0.004765958241478352,1,-1,-1,False,False,False,False,False,False
84,Yangjiang,CN,21.85563,111.96272,1292987,0.1137957653696654,1.0986495765621953,0.1299,0.0009961720420938,False,22.5,111.5,86.04590698219988,0.018858993886598435,0.9444321665280064,100,0.4343694243445227,0.5353195237083138,100,0.00014454999066959573,0.0033357898353338356,1,1,1,True,True,False,False,False,False
85,Chongqing,CN,29.56026,106.55771,7457599,0.1132862,42.42008087281607,0.585,0.0009810779997386,True,29.5,106.5,0.0,0.5025330445071071,0.016176553884051682,100,-0.13261550658613966,0.8059737629421414,100,0.000841740296603416,-0.00022003778559829407,1,1,-1,True,False,False,False,False,False
86,Jakarta,ID,-6.21462,106.84513,8540121,0.2440006999996528,1.464866102082908,0.2499,0.0009605569416031,False,-6.5,106.5,0.0,-0.4633378275860971,0.0037203287647558252,100,-0.9693007592658724,0.06605851794957882,100,-0.0017654874364265716,-0.00367055978408673,1,-1,-1,False,False,False,False,False,False
87,Pasig City,PH,14.58691,121.0614,853050,0.3756936,34.13443198290992,0.3367,0.0009425574639516,True,14.5,121.5,0.0,0.1358844541940611,0.3491664101714155,100,-0.3525971155469815,0.4591578121433882,100,0.00037935876167269345,-0.00097786315648489,1,1,-1,True,False,False,False,False,False
88,Goyang-si,KR,37.65639,126.835,1061752,0.1293693534595363,0.4425116350042231,0.6391,0.0009003048747226,True,37.5,126.5,0.0,0.46264333856135315,0.009465016560190016,100,-2.4450705335138516,1.055068339612304e-05,100,0.0009003048747226322,-0.004771125671666543,1,1,-1,True,False,False,False,False,False
89,Tianshui,CN,34.57952,105.74238,1212791,0.2934561000002377,1.3275349050126124,0.562,0.000896197666793,True,34.5,105.5,0.0,0.5030628470050102,0.001823300826213313,100,-0.1345595225839963,0.8127898714581672,100,0.0008015038831722943,-0.0002123469756782556,1,1,-1,True,False,False,False,False,False
90,Haiphong,VN,20.86481,106.68345,2625200,0.0714270100110461,4.53192950331885,0.3986,0.0008755768894566,False,20.5,106.5,0.0,0.13518376482682393,0.6079006524997003,100,0.42070696870509033,0.48329195732279295,100,0.0002958319089258338,0.0009244300847039838,1,1,1,True,True,False,False,False,False
91,Changwon,KR,35.22806,128.68111,1025702,0.2072810476453046,1.6327153429465395,0.376,0.0008700584934065,True,35.5,128.5,0.0,0.2016400384992926,0.2240013325102303,100,-1.3045679663415466,0.005624795834776108,100,0.00046544096656692124,-0.0029477887482931425,1,1,-1,True,False,False,False,False,False
92,Kaohsiung,TW,22.61626,120.31333,2737660,0.3681412361152513,1.1596856641489808,0.0956,0.0007876052972501,False,22.5,120.5,0.0,0.015520641974403535,0.8927823442128272,100,-0.7601414682925725,0.13070643284994396,100,0.0001278849152547279,-0.006271166785600579,1,1,-1,True,False,False,False,False,True
93,Vadodara,IN,22.29941,73.20812,1822221,0.0722415566693286,8.30090791180288,1.6367,0.0007753986476834,True,22.5,73.5,0.0,2.0933621615093765,8.988118392321167e-06,100,2.389723267086021,0.005619427993353273,100,0.0009991667539647614,0.001146162098885406,1,1,1,True,True,False,False,False,False
94,Langfang,CN,39.52079,116.71471,868066,0.1032498746941712,10.69657434958424,0.5703,0.0007721279813353,True,39.5,116.5,0.0,0.6991239954208435,0.00023059128679140943,100,1.3440217747620156,0.011314625200820156,100,0.0009484074228386166,0.0018413287039185863,1,1,1,True,True,False,False,False,False
95,Hanoi,VN,21.0245,105.84117,8053663,0.08338389,0.3662165255207696,0.1071,0.0007661094018628,False,21.5,105.5,0.0,-0.15215974942418173,0.6203870829523728,100,-0.27477334448046026,0.6743243052981215,100,-0.0010866657069453778,-0.0019608113447371345,1,-1,-1,False,False,False,False,False,False
96,Caloocan,PH,14.64953,120.96788,1712945,0.3198267016083664,0.091554131380235,0.4215,0.0007599218058339,True,14.5,121.5,59.6300391919957,0.1358844541940611,0.3491664101714155,100,-0.3525971155469815,0.4591578121433882,100,0.0007599218058339519,-0.0029277754484134944,1,1,-1,True,False,False,False,False,False
97,Dongying,CN,37.46271,118.49165,998968,0.0850820200001394,1.1596856641489808,2.0596,0.0007503506881893,True,37.5,118.5,0.0,1.1555562530895245,1.3199758095097826e-07,100,2.9655234644457797,5.20359748400833e-07,100,0.0007476291796560709,0.0007503506881893704,1,1,1,True,True,False,False,False,False
98,Incheon,KR,37.45646,126.70515,3015482,0.1299214000302797,21.896696421759373,0.6391,0.0007501877106964,True,37.5,126.5,0.0,0.46264333856135315,0.009465016560190016,100,-2.4450705335138516,1.055068339612304e-05,100,0.0005415787885817078,-0.0027369847819840865,1,1,-1,True,False,False,False,False,False
99,Taiyuan,CN,37.86944,112.56028,4303673,0.1791104881897064,0.1373311970702957,0.6424,0.0007481143005881,True,37.5,112.5,0.0,0.18162914226745844,0.4318630623187821,100,2.1621714218079906,0.0015203516400064644,100,0.0007481143005881596,0.0007481143005881596,1,1,1,True,True,False,False,False,False
100,Zhenjiang,CN,32.21086,119.45508,950516,0.05357852,9.048599984741031,0.1582,0.0007220839788225,False,32.5,119.5,0.0,0.4116396244470795,0.02716535275791753,100,0.27203619879056096,0.5916987219678009,100,0.0018842111370682146,0.0012432576239977677,1,1,1,True,True,False,False,False,False
101,Giza,EG,30.00944,31.20861,4367343,0.2299891999999745,17.608911268787722,0.1375,0.00070556806689,True,30.5,31.5,0.0,-0.15888071132618495,0.12533555216230116,100,-0.46888116340457575,0.26579816983285476,100,-0.0008127900790737552,-0.002390984507784799,1,-1,-1,False,False,False,False,False,False
102,Ankang,CN,32.68,109.01722,870126,0.0616723443335407,23.49889372091252,0.5842,0.0006825083072401,True,32.5,109.5,0.0,0.9256618443274108,8.742031889519236e-05,100,2.5818032389116943,0.0001331583257645631,100,0.001087165656475611,0.0031113198232242123,1,1,1,True,True,False,False,False,False
103,Suwon,KR,37.29111,127.00889,1234582,0.1291057000001796,2.655069810025225,0.6391,0.0006359158262189,True,37.5,127.5,0.0,0.45583041536398233,0.011297580705755905,100,-2.2834194249431947,1.4443514185439029e-05,100,0.000452258964939372,-0.0021708835816419657,1,1,-1,True,False,False,False,False,False
104,Pimpri-Chinchwad,IN,18.61867,73.80375,1727692,0.1354138,5.645838101777713,2.5294,0.0006171175405221,True,18.5,73.5,0.0,2.099649313227679,9.294375837016502e-10,100,2.35943948560951,4.379221790344478e-05,100,0.0005086243861617433,0.0005740271342499492,1,1,1,True,True,False,False,False,False
105,Chiba,JP,35.6,140.11667,979768,0.7891407000048927,0.0762951094835102,1.0304,0.0006153195528436,True,35.5,139.5,56.88689934282674,1.051378506493669,9.603496664444573e-15,100,0.9864803341780951,0.016199585253151905,100,0.0006153195528436073,0.0006153195528436073,1,1,1,True,True,False,False,False,False
106,Cali,CO,3.43054,-76.5199,2392877,0.3503494944669512,0.106813153276903,0.1145,0.0006105155087874,False,3.5,283.5,0.0,0.15209012242232542,0.31539017762010113,100,0.9734662198728757,0.04363483582510947,100,0.0006105155087874903,0.0006105155087874903,1,1,1,True,True,False,False,False,False
107,Barquisimeto,VE,10.0647,-69.35703,1240714,0.4172064835994755,19.62310215915164,1.5713,0.0005986854645656,True,10.5,290.5,0.0,1.068771153030314,1.5389053814000267e-06,100,1.439002018200401,0.013307961328539019,100,0.00040387738059134183,0.0005470903376482809,1,1,1,True,True,False,False,False,False
108,Tangerang,ID,-6.17806,106.63,1912679,0.2445076999837557,0.7324330510414825,0.2499,0.0005862220146996,False,-6.5,106.5,0.0,-0.4633378275860971,0.0037203287647558252,100,-0.9693007592658724,0.06605851794957882,100,-0.0010760198955639677,-0.0022350167155907735,1,-1,-1,False,False,False,False,False,False
109,Mysuru,IN,12.29791,76.63925,920550,0.0643349354158487,3.189135576409569,2.2097,0.0005723038697131,True,12.5,76.5,0.0,1.6029730961475375,1.979319462017222e-06,100,4.418860143243164,5.960549070934111e-08,100,0.0004110139450472427,0.0008395328968500435,1,1,1,True,True,False,False,False,False
110,Bucheon-si,KR,37.49889,126.78306,850731,0.1299450930209851,3.570611123827007,0.6391,0.000571231348487,True,37.5,126.5,0.0,0.46264333856135315,0.009465016560190016,100,-2.4450705335138516,1.055068339612304e-05,100,0.00041236389958894046,-0.002082229284008537,1,1,-1,True,False,False,False,False,False
111,Tripoli,LY,32.88743,13.18733,1302947,0.0913415484777827,13.488975356679646,0.2372,0.0005650613683371,True,32.5,13.5,0.0,-0.43848812125883485,8.227629135999612e-05,100,-0.49339309652901114,0.3081702707794796,100,-0.0010346854472019495,-0.0011633437687243037,1,-1,-1,False,False,False,False,False,False
112,Beirut,LB,33.89332,35.50157,1916100,0.3636114465008213,19.30266269932099,0.1822,0.0005301694941249,False,33.5,35.5,0.0,-0.3712488767431836,0.008476878503241497,100,1.8832212541387354,0.0003211451144272477,100,-0.0010722637548254282,0.005606475903035965,1,-1,1,False,True,False,False,False,True
113,Yibin,CN,28.7593,104.63994,836340,0.2324686612517436,67.002365148394,0.7861,0.0005162069294723,True,28.5,104.5,0.0,0.6047698929632043,0.010476742474212814,100,1.1988344440698477,0.03765228054277551,100,0.000395979984553714,0.0007924715411244607,1,1,1,True,True,False,False,False,False
114,Havana,CU,23.13302,-82.38304,2163824,0.0697232325262081,4.592965590905635,0.1134,0.0005034226792101,True,22.5,278.5,114.65533280619711,0.09306383318463077,0.49633560112012104,100,0.45880706644104924,0.365381019402433,100,0.0004130476655648807,0.0020448197818887237,1,1,1,True,True,False,False,False,False
115,Guwahati,IN,26.1844,91.7458,962334,0.5471443669493168,11.734187838559592,0.0952,0.0005028785885829,False,26.5,91.5,0.0,-0.1034826332177886,0.8760666199920212,100,0.8019784421737295,0.4929556143180555,100,-0.0005455371989268043,0.004266478443825272,1,-1,1,False,True,False,False,False,False
116,Dhaka,BD,23.7104,90.40744,10356500,0.1949473000000002,0.4882887006943406,0.0607,0.000501866092094,False,23.5,90.5,0.0,0.5624117652799275,0.4039023276593993,100,0.7448210948378787,0.5249037977896028,100,0.004039465985437141,0.004039465985437141,1,1,1,True,True,False,False,False,False
117,San Jose,US,37.33939,-121.89496,997368,0.5581442998560356,1.2207217517357662,0.9056,0.000496426350033,True,37.5,238.5,0.0,-0.09860633864899347,0.7463046427935917,100,1.4230720118987388,0.07558381552809815,100,-5.318489617991973e-05,0.0006725883656629392,1,-1,1,False,True,False,False,False,False
118,Kota,IN,25.18254,75.83907,1001694,0.0572934900065894,26.108186465247627,0.5691,0.000491096082124,False,25.5,75.5,0.0,-0.19454749223303835,0.6147228696246779,100,-0.9289917739640632,0.2075493429425572,100,-0.00016587041830245022,-0.0007829537036394343,1,-1,-1,False,False,False,False,False,False
119,Jiaozuo,CN,35.23925,113.23914,865413,0.0894723600000021,4.974441138323073,2.4451,0.0004495476012168,True,35.5,113.5,0.0,0.8002227312075482,0.008149435344754317,100,4.743952099981832,3.9637411585913296e-07,100,0.0001431602790603172,0.0009065134226237731,1,1,1,True,True,False,False,False,False
120,Taipei,TW,25.05306,121.52639,7871900,0.3369818386905979,0.2288853284504739,0.0507,0.0004195205423698,False,24.5,121.5,61.55523782200742,0.027781980048315717,0.8204069932952488,100,-0.18918954946675642,0.6900787879241037,100,0.00022987702645660413,-0.0015649676136373358,1,1,-1,True,False,False,False,False,False
121,Agra,IN,27.18333,78.01667,1430055,0.0807868441135139,16.983291371023142,0.1594,0.0004130453731711,False,27.5,78.5,0.0,-2.2500563985770614,3.6029206138659724e-07,100,-1.2903142799202958,0.1458611925065018,100,-0.005639560691783063,-0.00327720385660768,1,-1,-1,False,False,False,True,False,False
122,New Taipei City,TW,25.06199,121.45703,4004367,0.3321715041340599,0.5188067444877333,0.0507,0.0004106270631025,False,24.5,121.5,62.640914049237544,0.027781980048315717,0.8204069932952488,100,-0.18918954946675642,0.6900787879241037,100,0.00022499636948036805,-0.00153126040588214,1,1,-1,True,False,False,False,False,False
123,Linyi,CN,35.06306,118.34278,2743843,0.0818507500000001,0.5951018539711868,0.8114,0.0003796795217104,True,35.5,118.5,0.0,0.9343571415070442,1.224760922292213e-05,100,2.876857837069866,2.5520648653009517e-07,100,0.0003796795217104777,0.0003796795217104777,1,1,1,True,True,False,False,False,False
124,Bekasi,ID,-6.2349,106.9896,2564940,0.2359025999999658,0.793469138628268,0.2499,0.0003695291061639,False,-6.5,106.5,0.0,-0.4633378275860971,0.0037203287647558252,100,-0.9693007592658724,0.06605851794957882,100,-0.0006778017461362487,-0.001407185067116637,1,-1,-1,False,False,False,False,False,False
125,Pimpri,IN,18.62292,73.80696,1284606,0.1354138,5.645838101777713,2.5294,0.000359197196582,True,18.5,73.5,0.0,2.099649313227679,9.294375837016502e-10,100,2.35943948560951,4.379221790344478e-05,100,0.00029603448111614576,0.00033411006209276874,1,1,1,True,True,False,False,False,False
126,Bhubaneswar,IN,20.27241,85.83385,885363,0.0658473024412692,13.229571984435836,1.3414,0.0003474043925275,True,20.5,85.5,0.0,0.7660422175070518,0.016902769794355253,100,-0.2764369159074843,0.590170990373493,100,0.00019652192779370543,-6.971439521355569e-05,1,1,-1,True,False,False,False,False,False
127,Pingdingshan,CN,33.73091,113.31554,979130,0.0720692848428089,0.1525902189670205,0.2273,0.0003472585029559,False,33.5,113.5,0.0,0.851505740213277,0.0013367187167382462,100,3.5368765364516563,6.282361487074371e-06,100,0.00034725850295594385,0.00034725850295594385,1,1,1,True,True,False,False,False,False
128,Ulsan,KR,35.53722,129.31667,1098421,0.1786687466094599,0.106813153276903,0.1467,0.0003399052354951,False,35.5,128.5,74.0280093042385,0.2016400384992926,0.2240013325102303,100,-1.3045679663415466,0.005624795834776108,100,0.0003399052354951526,-0.004075402474506162,1,1,-1,True,False,False,False,False,False
129,Natal,BR,-5.795,-35.20944,896708,0.0874660044554751,26.21499961852448,0.3037,0.0003325867328523,True,-5.5,324.5,0.0,0.8737814862593325,2.232107032755965e-10,100,0.4400608814695493,0.3796800881254759,100,0.0009654149842004411,0.00048294017852406473,1,1,1,True,True,False,False,False,False
130,Antipolo,PH,14.62578,121.12251,913712,0.3849308817020014,0.3967345693141624,0.3367,0.0003314198522643,True,14.5,121.5,0.0,0.1358844541940611,0.3491664101714155,100,-0.3525971155469815,0.4591578121433882,100,0.00013333369491191904,-0.0003433462258144934,1,1,-1,True,False,False,False,False,False
131,Wenzhou,CN,27.99942,120.66682,2650000,0.0686242899999701,0.0457770656901175,0.2598,0.0003306022888904,True,27.5,120.5,0.0,-0.2742054670721012,0.15781258106921908,100,-0.5410319474568733,0.302216411388242,100,-0.001976463039722487,-0.0038933692971996336,1,-1,-1,False,False,False,False,False,False
132,Panjin,CN,41.121,122.0739,1166481,0.1240245000000066,0.9460593575952316,1.571,0.0003149296385248,True,41.5,122.5,0.0,1.5271137709246458,2.8654810191642655e-18,100,3.030039433783278,8.559554802835849e-09,100,0.0003149296385248114,0.0003149296385248114,1,1,1,True,True,False,False,False,False
133,Managua,NI,12.13282,-86.2504,973087,0.6997626999999993,0.5951018539711868,0.5376,0.0002791380982256,False,12.5,273.5,0.0,0.6409452827657994,0.007817858333657203,100,2.736907417224187,1.5656084118031907e-05,100,0.00030928222232040614,0.00030928222232040614,1,1,1,True,True,False,False,False,False
134,Ottawa,CA,45.41117,-75.69812,1017449,0.1030978999999999,13.519493400473038,0.1017,0.0002719925024275,False,45.5,284.5,0.0,-0.5163644143429361,0.0387722976589079,100,0.5114932751767289,0.3828567547952238,100,-0.0013693336340815376,0.0013756823078802521,1,-1,1,False,True,False,False,False,False
135,Beijing,CN,39.9075,116.39723,18960744,0.1370146489373686,5.218585488670215,0.5703,0.0002529408037319,True,39.5,116.5,0.0,0.6991239954208435,0.00023059128679140943,100,1.3440217747620156,0.011314625200820156,100,0.0003107270738877104,0.0006036592854691842,1,1,1,True,True,False,False,False,False
136,Xi’an,CN,34.25833,108.92861,9600000,0.1007263999999999,8.6366063935302,0.4515,0.0002515117993584,True,34.5,108.5,0.0,0.5807279143082577,0.004667952293107074,100,1.7542953435130073,0.006967299619589471,100,0.00032417411010405434,0.0009980481686352287,1,1,1,True,True,False,False,False,False
137,Jepara,ID,-6.5924,110.671,1257912,0.1135043000000001,0.0305180437934495,0.4829,0.0002440175633789,True,-7.5,110.5,102.66974301849508,-0.10305104719858066,0.5424959495246064,100,-0.3929704698256441,0.5251295190015133,100,-0.0008236148214783579,-0.003137681625982547,1,-1,-1,False,False,False,False,False,False
138,Zigong,CN,29.34162,104.77689,1262064,0.209717,0.9918364232852924,0.9115,0.0002421462513756,True,29.5,104.5,0.0,0.7501124714278229,0.0007643524518372566,100,0.7903436645806372,0.15801190676449495,100,0.00019874403040387456,0.00020954201241637355,1,1,1,True,True,False,False,False,False
139,Busan,KR,35.10168,129.03004,3285147,0.1661660969867312,28.53437094682232,0.139,0.0002305254564494,False,35.5,128.5,65.38638316982146,0.2016400384992926,0.2240013325102303,100,-1.3045679663415466,0.005624795834776108,100,0.0003347237039019388,-0.0021175870383510903,1,1,-1,True,False,False,False,False,False
140,Daegu,KR,35.87028,128.59111,2365523,0.212614409616326,2.532997634851654,0.1467,0.000217891965716,False,35.5,128.5,0.0,0.2016400384992926,0.2240013325102303,100,-1.3045679663415466,0.005624795834776108,100,0.00029974243584376253,-0.0018957429668174791,1,1,-1,True,False,False,False,False,False
141,Bengaluru,IN,12.97194,77.59369,8495492,0.1020980081948443,4.119935912108076,2.6353,0.0002141837252329,True,12.5,77.5,0.0,1.5588462528726503,6.094911066041862e-06,100,4.878831814175009,1.2510622019868858e-07,100,0.00012442978197271717,0.00034334223673664933,1,1,1,True,True,False,False,False,False
142,Kingston,JM,17.99702,-76.79358,937700,0.3996163345675977,0.0305180437934495,0.2704,0.0001636288480058,True,20.5,283.5,280.01990977160034,-0.11733500636058411,0.25462878575981346,100,-0.868876338865597,0.051781381248759396,100,-0.0006281921568984938,-0.00461706568802181,1,-1,-1,False,False,False,False,False,False
143,Medan,ID,3.58333,98.66667,2435252,0.1908047019318471,0.1831082627604132,1.2442,0.0001521960233025,True,3.5,98.5,0.0,1.242117104132251,4.751846245703163e-13,100,0.4257517094092247,0.4498546051812144,100,0.00015219602330251297,0.00015219602330251297,1,1,1,True,True,False,False,False,False
144,South Tangerang,ID,-6.28862,106.71789,1404785,0.2550163,1.2359807736324342,0.2499,0.0001452925843284,False,-6.5,106.5,0.0,-0.4633378275860971,0.0037203287647558252,100,-0.9693007592658724,0.06605851794957882,100,-0.000266319245348378,-0.0005526444456348152,1,-1,-1,False,False,False,False,False,False
145,Setagaya,JP,35.64188,139.64715,940071,0.6109242,0.0305180437934495,1.5877,0.0001375596194314,True,35.5,139.5,0.0,1.051378506493669,9.603496664444573e-15,100,0.9864803341780951,0.016199585253151905,100,0.00013755961943143213,0.00013755961943143213,1,1,1,True,True,False,False,False,False
146,Sendai,JP,38.26667,140.86667,1096704,0.358443995853743,14.785992217898864,0.1848,0.0001260206090287,False,38.5,140.5,0.0,0.2814295601287652,0.14606446129367706,100,0.4452449821894285,0.43573470400681324,100,0.00019221159759233442,0.00030489187948075716,1,1,1,True,True,False,False,False,False
147,Bogotá,CO,4.60971,-74.08175,7674366,0.2128795999903159,0.8545052262150534,0.3176,0.0001202890283737,False,4.5,285.5,0.0,0.3218970382343915,0.1598695204420503,100,0.053373977683997126,0.9253024866197097,100,0.00012192504151639465,2.0128272939293895e-05,1,1,1,True,True,False,False,False,False
148,Luoyang,CN,34.67345,112.43684,1390581,0.09239673,10.86442359044787,1.4284,9.478375575265922e-05,True,34.5,112.5,0.0,0.8738592883515457,0.0026303965333475164,100,4.428706086931149,6.88713054519579e-07,100,5.745215470388224e-05,0.0003091116857671429,1,1,1,True,True,False,False,False,False
149,Palembang,ID,-2.91673,104.7458,1668848,0.0647146814960711,0.3967345693141624,0.0212,9.042149292762258e-05,False,-2.5,104.5,0.0,-0.7659724061119128,0.00021634671917369972,100,-1.5499930078241082,0.022308485440953017,100,-0.003237183197012161,-0.006490909916702953,1,-1,-1,False,False,False,False,False,True
150,Baoji,CN,34.36775,107.23705,1437802,0.2637275969052465,69.19966430151828,0.4814,8.616546833398013e-05,True,34.5,107.5,0.0,0.5225878634783662,0.0032761488663417032,100,0.9838833051725554,0.08785986125727724,100,9.3601303915101e-05,0.00017757387556036237,1,1,1,True,True,False,False,False,False
151,Al Başrah al Qadīmah,IQ,30.50316,47.81507,2015483,0.0807779799930052,0.106813153276903,0.0194,8.563931653143841e-05,False,30.5,47.5,0.0,0.4375898899758178,0.012736012114725125,100,0.8607044070014451,0.07018458000449503,100,0.00047198624103889086,0.00047198624103889086,1,1,1,True,True,False,False,False,False
152,Kennedy,CO,4.6165,-74.14597,979914,0.209905099994845,3.4943160143434966,0.3176,6.96374397448048e-05,False,4.5,285.5,0.0,0.3218970382343915,0.1598695204420503,100,0.053373977683997126,0.9253024866197097,100,7.058460612793631e-05,1.1652111625451086e-05,1,1,1,True,True,False,False,False,False
153,Basrah,IQ,30.50852,47.7804,1326564,0.0802772099999999,1.129167620355588,0.0194,6.284218389836227e-05,False,30.5,47.5,0.0,0.4375898899758178,0.012736012114725125,100,0.8607044070014451,0.07018458000449503,100,0.0014252132546307833,0.002818747486679457,1,1,1,True,True,False,False,False,False
154,Khulna,BD,22.80979,89.56439,1500689,0.1785707941310001,4.364080262455218,0.6085,6.173769196178179e-05,False,22.5,89.5,0.0,0.5430082807957367,0.25752945340253325,100,0.4140099014000881,0.5566385981361813,100,5.503311508212559e-05,4.1869602804661156e-05,1,1,1,True,True,False,False,False,False
155,Xinxiang,CN,35.19033,113.80151,1047088,0.0947264799999963,8.072022583352464,2.2778,5.675551645155852e-05,True,35.5,113.5,0.0,0.8002227312075482,0.008149435344754317,100,4.743952099981832,3.9637411585913296e-07,100,1.9451091058708507e-05,0.00012324917691300494,1,1,1,True,True,False,False,False,False
156,Jinzhong,CN,37.68403,112.75471,1226617,0.1660062000160998,19.43999389639129,0.6424,5.542377266519764e-05,True,37.5,112.5,0.0,0.18162914226745844,0.4318630623187821,100,2.1621714218079906,0.0015203516400064644,100,1.5550844972774935e-05,0.00019133590961810127,1,1,1,True,True,False,False,False,False
157,Sholapur,IN,17.67152,75.91044,997281,0.1578071376906078,10.727092393377632,2.7252,5.45804768456626e-05,True,17.5,75.5,0.0,2.4580973920202567,2.9974003194689023e-09,100,4.324246980858987,2.8204394171080713e-09,100,4.900961095780857e-05,8.898633816060292e-05,1,1,1,True,True,False,False,False,False
158,Liupanshui,CN,26.59444,104.83333,1320825,0.1616298438553274,0.9918364232852924,0.0844,5.1777484746426405e-05,False,26.5,104.5,0.0,0.021409568453354146,0.9373742054995401,100,0.6090813184862195,0.3561910526208605,100,1.3121029384367822e-05,0.0003768175864129926,1,1,1,True,True,False,False,False,False
159,Petaling Jaya,MY,3.10726,101.60671,807879,0.0509691800000053,18.142977035172063,0.8591,4.014157512375032e-05,True,3.5,101.5,0.0,0.21552309986242052,0.11739963407169986,100,2.0234657526130455,0.0014589820601334416,100,9.962998304141688e-06,9.640708598245766e-05,1,1,1,True,True,False,False,False,False
160,Chengdu,CN,30.66667,104.06667,13568357,0.2469592000001928,8.361943999389666,0.495,3.854409003034229e-05,True,30.5,104.5,0.0,0.8090701606901426,0.00014911383475336269,100,0.2642054968382687,0.646346772649319,100,6.332967411214934e-05,2.0494150106959656e-05,1,1,1,True,True,False,False,False,False
161,Changzhi,CN,36.18389,113.10528,1214940,0.0989742381105521,9.35378042267496,2.4451,3.543453867513183e-05,True,36.5,113.5,0.0,0.6305654932184269,0.027639594637589533,100,4.2430467116833155,1.4441010648664227e-06,100,8.864189218264187e-06,6.33925205571581e-05,1,1,1,True,True,False,False,False,False
162,Taizhou,CN,32.49069,119.90812,1607108,0.0583105917944863,6.042572671091818,0.1582,3.165049655297781e-05,False,32.5,119.5,0.0,0.4116396244470795,0.02716535275791753,100,0.27203619879056096,0.5916987219678009,100,8.269979566601256e-05,5.452741169893662e-05,1,1,1,True,True,False,False,False,False
163,Gazipur,BD,23.99844,90.42234,2674697,0.1960511,1.6174563210498718,0.0607,2.933684224548129e-05,False,23.5,90.5,0.0,0.5624117652799275,0.4039023276593993,100,0.7448210948378787,0.5249037977896028,100,0.00027403456746923245,0.00036398798232167504,1,1,1,True,True,False,False,False,False
164,Multan,PK,30.19679,71.47824,2169915,0.1521000982379538,22.41550316624705,0.1093,2.747009937493442e-05,False,30.5,71.5,0.0,-1.4199987598293058,5.596085244344313e-09,100,-0.19917645517764865,0.7324799578888697,100,-0.00034807610368199713,-4.980602089084147e-05,1,-1,-1,False,False,False,False,False,False
165,Liaocheng,CN,36.45064,116.00247,1229768,0.0541538398080472,1.0681315327688026,1.6904,2.5218804814582957e-05,True,36.5,116.5,0.0,0.9041077173853345,0.000877153694371226,100,3.9941940659274877,4.1684975713330826e-07,100,2.1287717640178228e-05,2.5218804814582953e-05,1,1,1,True,True,False,False,False,False
166,Valencia,VE,10.16153,-68.00044,1619470,0.1146405999959031,1.3427939269093372,1.6437,2.46839178901176e-05,True,10.5,291.5,0.0,0.9471248901254414,3.513609058743271e-05,100,0.30950337983862963,0.6129742362831931,100,1.729561146872902e-05,5.592067839742189e-06,1,1,1,True,True,False,False,False,False
167,Kallakurichi,IN,11.73379,78.95925,1682687,0.07896554,7.858396276798658,1.7572,2.4281377783598855e-05,True,11.5,78.5,0.0,1.0954013678330043,0.00021862055161288497,100,4.106202832886739,1.4904546510732272e-06,100,1.496945910124431e-05,5.90390548499393e-05,1,1,1,True,True,False,False,False,False
168,Heze,CN,35.23929,115.47358,1346717,0.1273150867469405,0.2594033722438666,0.9261,2.251571264893885e-05,True,35.5,115.5,0.0,0.8596532961008492,0.003099334937078712,100,4.393746306616075,4.017437317369501e-07,100,2.2515712648938854e-05,2.2515712648938854e-05,1,1,1,True,True,False,False,False,False
169,Shivaji Nagar,IN,18.53017,73.85263,1000000,0.1458257,0.2899214160372594,2.5294,2.238555473123944e-05,True,18.5,73.5,0.0,2.099649313227679,9.294375837016502e-10,100,2.35943948560951,4.379221790344478e-05,100,2.2385554731239442e-05,2.2385554731239442e-05,1,1,1,True,True,False,False,False,False
170,Caracas,VE,10.48801,-66.87919,3000000,0.1730225400287133,0.0152590218967247,1.2007,2.042034761258471e-05,True,10.5,293.5,0.0,0.9521459621223594,0.00024116896838253306,100,-0.6892725437575955,0.2530089420762919,100,2.042034761258471e-05,-0.0009125679324569202,1,1,-1,True,False,False,False,False,False
171,Baoshan,CN,25.11626,99.16366,935618,0.199426,1.2817578393225515,0.4075,1.8027984983073723e-05,False,25.5,99.5,0.0,0.09377908933187878,0.8051388544503008,100,0.857386158301247,0.16049052256754817,100,4.1272422264470535e-06,3.8216579137934645e-05,1,1,1,True,True,False,False,False,False
172,Handan,CN,36.60999,114.48764,1358318,0.1106007000579147,3.8147554741741487,2.7657,1.4961671246194909e-05,True,36.5,114.5,0.0,0.7397972591452658,0.011348802872816206,100,4.425303284307602,7.72399667453958e-07,100,3.868127418066709e-06,2.1006966030205707e-05,1,1,1,True,True,False,False,False,False
173,Indore,IN,22.71792,75.8333,1994397,0.0668241401186886,0.6408789196613043,2.336,1.4940004805608672e-05,True,22.5,75.5,0.0,2.5099421431159072,1.385246078954382e-06,100,2.622273439252599,0.0013769204661127335,100,1.4940004805608672e-05,1.4940004805608672e-05,1,1,1,True,True,False,False,False,False
174,Depok,ID,-6.4,106.81861,2145400,0.2647448,11.779964904249653,0.2499,1.387779415677878e-05,False,-6.5,106.5,0.0,-0.4633378275860971,0.0037203287647558252,100,-0.9693007592658724,0.06605851794957882,100,-2.542814456858223e-05,-5.2752528194198326e-05,1,-1,-1,False,False,False,False,False,False
175,Kolwezi,CD,-10.71484,25.46674,790248,0.0596853308455603,30.991073472190465,0.5986,1.3818388655759344e-05,False,-10.5,25.5,0.0,0.7260003906502406,0.20647161649645146,100,-0.38642271978856985,0.6524822858216716,100,1.679503334940007e-05,-8.775386770795983e-06,1,1,-1,True,False,False,False,False,False
176,Taichung,TW,24.1469,120.6839,2850285,0.5903575,2.3651483939879654,0.0511,1.254850314375e-05,False,23.5,120.5,74.3246329125842,-0.04341722679939789,0.7428128351338598,100,-0.5433547913995846,0.27757915793279225,100,-1.0645346039062954e-05,-0.00013213722878561984,1,-1,-1,False,False,False,False,False,False
177,Pune,IN,18.51957,73.85535,3124458,0.1458257,0.1678492408636884,2.5294,1.1486070368725823e-05,True,18.5,73.5,0.0,2.099649313227679,9.294375837016502e-10,100,2.35943948560951,4.379221790344478e-05,100,1.1486070368725825e-05,1.1486070368725825e-05,1,1,1,True,True,False,False,False,False
178,Aurangabad,IN,19.87757,75.34226,1175116,0.0945352192163259,9.796292057679125,2.7271,8.714882584437593e-06,True,19.5,75.5,0.0,2.417233535419459,3.681186066800358e-08,100,2.4745828838472406,0.00012929577441168864,100,7.684345928907796e-06,7.874274327869448e-06,1,1,1,True,True,False,False,False,False
179,Shenyang,CN,41.79222,123.43278,7050000,0.0998792262887538,1.3275349050126124,1.7943,7.412707708519327e-06,True,41.5,123.5,0.0,1.581931104771971,3.2047613439377093e-19,100,3.222143675447769,1.5253982839254231e-09,100,7.412707708519327e-06,7.412707708519327e-06,1,1,1,True,True,False,False,False,False
180,Kuala Lumpur,MY,3.1412,101.68653,1453975,0.0504047260380783,1.7395284962234427,0.8591,7.280506355712159e-06,True,3.5,101.5,0.0,0.21552309986242052,0.11739963407169986,100,2.0234657526130455,0.0014589820601334416,100,1.8069514534145657e-06,1.4960922259777776e-05,1,1,1,True,True,False,False,False,False
181,Blantyre,MW,-15.78499,35.00854,902588,0.1351129930442335,4.104676890211351,0.1713,6.680133844755168e-06,False,-15.5,35.5,0.0,0.09428719647906088,0.8311424215439912,100,2.0590071200182964,0.030459175669229163,100,3.6721849091220053e-06,8.286803017754367e-05,1,1,1,True,True,False,False,False,False
182,Xuchang,CN,34.03189,113.86299,1265536,0.0894938719935299,4.058899824521291,1.526,3.616357162117631e-06,True,34.5,113.5,0.0,0.8785096909439026,0.0027231809673145847,100,4.450081144900089,7.295894042683662e-07,100,2.0594477169592792e-06,1.0039718517563539e-05,1,1,1,True,True,False,False,False,False
183,Anshan,CN,41.12361,122.99,1450000,0.1456538782815366,0.1983672846570812,1.7737,2.976771155298167e-06,True,41.5,122.5,0.0,1.5271137709246458,2.8654810191642655e-18,100,3.030039433783278,8.559554802835849e-09,100,2.976771155298167e-06,2.976771155298167e-06,1,1,1,True,True,False,False,False,False
184,Lubumbashi,CD,-11.66089,27.47938,2221925,0.1269135000001872,43.121995880064105,0.5065,2.839621737117903e-06,False,-11.5,27.5,0.0,0.9421581699022127,0.1050802626089661,100,0.045308488631610425,0.9582285488044808,100,5.320674517837157e-06,2.5207034625807177e-07,1,1,1,True,True,False,False,False,False
185,Addis Ababa,ET,9.02497,38.74689,3860000,0.0987208442743054,16.52552071412225,2.3129,2.8194569339276605e-06,True,9.5,38.5,0.0,2.7319968463874593,6.964377177962712e-12,100,4.104488251751783,4.994499012668366e-08,100,3.3539878261039624e-06,5.157654532749328e-06,1,1,1,True,True,False,False,False,False
186,Comilla,BD,23.46186,91.18503,1030000,0.2488164092290879,3.0518043793393304,0.5728,2.6682216159197027e-06,False,23.5,91.5,0.0,0.5805657267597318,0.38859139992951985,100,0.6209626703025843,0.5806444569602414,100,2.7047467071911083e-06,2.894900901415185e-06,1,1,1,True,True,False,False,False,False
187,Jerusalem,IL,31.76904,35.21633,971800,0.2469425443693514,29.907682917525,0.2634,1.707265361990725e-06,True,31.5,35.5,0.0,-0.8335460408570039,4.244624241307721e-11,100,-0.6214556660279579,0.20032525704407492,100,-5.3051592738286545e-06,-3.969226111194752e-06,1,-1,-1,False,False,False,False,False,False
188,Pyongyang,KP,39.03385,125.75432,3222000,0.1516701309305629,29.480430304417496,1.418,1.532334130254123e-06,True,39.5,125.5,0.0,1.1234713231262108,2.9073957679853644e-11,100,-0.07994349643665069,0.8749397929224422,100,1.2080770076208672e-06,-8.425374861192002e-08,1,1,-1,True,False,False,False,False,False
189,Kyoto,JP,35.02107,135.75385,1463723,0.3363467999654756,1.022354467078685,0.664,8.994660704178545e-07,True,35.5,135.5,0.0,0.31160724402400575,0.014346230875514418,100,0.8888257919596994,0.038213104134972836,100,4.1963278193617425e-07,1.2085536705756813e-06,1,1,1,True,True,False,False,False,False
190,Malang,ID,-7.9797,112.6304,847182,0.2511457000002879,0.5798428320745188,0.2774,8.776195985724528e-07,False,-7.5,112.5,0.0,0.10159958270939563,0.5203319519684303,100,-1.2661679778749337,0.02612811451706466,100,3.204936817837909e-07,-3.904472238219932e-06,1,1,-1,True,False,False,False,False,False
191,Medellín,CO,6.245,-75.57151,1999979,0.1971214240095512,0.0152590218967247,0.5965,8.566869730858729e-07,True,6.5,284.5,0.0,0.6903013962596717,0.00835759256137031,100,1.5426061216258735,0.01570740643263121,100,8.566869730858729e-07,8.566869730858729e-07,1,1,1,True,True,False,False,False,False
192,Damascus,SY,33.5102,36.29128,1569394,0.1947431999999904,0.6561379415579722,0.1822,6.73029755562284e-07,False,33.5,36.5,0.0,-0.5169970800049021,0.0003027893290420382,100,1.6711672453099973,0.0009237902064145254,100,-1.8876605347833004e-06,2.442954032239942e-06,1,-1,1,False,True,False,False,False,False
193,Gwangju,KR,35.15472,126.91556,1401235,0.1201671,0.3356984817273769,0.3956,6.674624721634217e-07,True,35.5,126.5,0.0,0.07384949895573033,0.679591054379272,100,-2.646750110426693,9.551517774927543e-07,100,1.4619404156923182e-07,-5.009162074369766e-06,1,1,-1,True,False,False,False,False,False
194,Amman,JO,31.95522,35.94503,1275857,0.1517072145721601,2.105745021744156,0.2634,6.400844697075083e-07,True,31.5,35.5,0.0,-0.8335460408570039,4.244624241307721e-11,100,-0.6214556660279579,0.20032525704407492,100,-1.9889908431611496e-06,-1.4881289281830812e-06,1,-1,-1,False,False,False,False,False,False
195,Puning,CN,23.31072,116.16869,874954,0.0537996565096425,0.6256198977645795,0.0714,6.155005010132267e-07,False,23.5,116.5,0.0,-0.08434180197413882,0.7443474044262948,100,0.5812085746581223,0.4334336637820315,100,-7.251828551914689e-07,5.053047580224409e-06,1,-1,1,False,True,False,False,False,False
196,Qingyang,CN,35.70976,107.64455,2125400,0.0669624900083473,93.69039444571604,0.2095,5.39952270602856e-07,False,35.5,107.5,0.0,0.17215344763573093,0.27817433749718307,100,0.03947340460759265,0.9429311598142199,100,4.43421525697806e-07,1.0144854178169727e-07,1,1,1,True,True,False,False,False,False
197,Salem,IN,11.65376,78.15538,917414,0.08556316,0.1525902189670205,2.2328,4.997142860270237e-07,True,11.5,78.5,0.0,1.0954013678330043,0.00021862055161288497,100,4.106202832886739,1.4904546510732272e-06,100,4.997142860270237e-07,4.997142860270237e-07,1,1,1,True,True,False,False,False,False
198,Kunming,CN,25.03889,102.71833,3855346,0.2247326999966429,0.3204394598306521,0.1242,3.356685715909279e-07,False,25.5,102.5,0.0,-0.1886249397313932,0.5559578532824617,100,-0.58467228955865,0.35643071079589156,100,-5.071389078072135e-07,-1.5616478650945466e-06,1,-1,-1,False,False,False,False,False,False
199,Tiruppur,IN,11.11541,77.35456,963173,0.0790061099999997,6.439307240405924,1.306,3.315665642735338e-07,True,11.5,77.5,0.0,1.1549898249063708,0.00013468551247749127,100,3.780941091058712,5.0002330252731e-06,100,2.924868298163218e-07,1.0008663099184527e-06,1,1,1,True,True,False,False,False,False
200,Fushun,CN,41.88669,123.94363,1400646,0.0714560299394532,0.4730296787976158,1.9705,2.6350394759514496e-07,True,41.5,123.5,0.0,1.581931104771971,3.2047613439377093e-19,100,3.222143675447769,1.5253982839254231e-09,100,2.6350394759514496e-07,2.6350394759514496e-07,1,1,1,True,True,False,False,False,False
201,Meishan,CN,30.04392,103.83696,1107742,0.3372052999999958,9.704737926298948,0.7209,2.3526340848704938e-07,True,30.5,103.5,0.0,0.7833493727513737,0.0002274273633804217,100,0.5739136651731883,0.31812448586620834,100,2.559106187530662e-07,1.8683544395908057e-07,1,1,1,True,True,False,False,False,False
202,Tangshan,CN,39.64381,118.18319,3372102,0.3162972999999999,0.2288853284504739,0.9489,1.5904333389553664e-07,True,39.5,118.5,0.0,1.1810773754267956,5.033381795699753e-10,100,2.097876978024294,5.657874543172873e-05,100,1.5904333389553664e-07,1.5904333389553664e-07,1,1,1,True,True,False,False,False,False
203,Weifang,CN,36.71,119.10194,2044028,0.0536312100003509,0.2441443503471987,1.4478,1.348122234628772e-07,True,36.5,119.5,0.0,1.0723993392959588,5.115807736163397e-08,100,2.359909168294393,3.13714205818043e-06,100,1.3481222346287719e-07,1.3481222346287719e-07,1,1,1,True,True,False,False,False,False
204,Soweto,ZA,-26.26781,27.85849,1695047,0.108932,47.48607614251927,0.8554,1.1792560651695025e-07,True,-26.5,27.5,0.0,1.1930943581062539,6.907979548055601e-10,100,2.714546263732899,2.985614845444138e-07,100,1.654129068631911e-07,3.8611143667569764e-07,1,1,1,True,True,False,False,False,False
205,Lucknow,IN,26.83928,80.92313,2472011,0.092923407530698,1.0986495765621953,1.095,9.315278130211076e-08,True,26.5,80.5,0.0,0.04909565063493821,0.9167178356481137,100,3.8192783714438896,4.368206031596649e-05,100,4.104287897758869e-09,9.346896860413579e-08,1,1,1,True,True,False,False,False,False
206,Xining,CN,36.62554,101.75739,1677177,0.1094059,27.60357061112387,0.6531,6.044792135420331e-08,True,36.5,101.5,0.0,0.45503028134937257,0.013771207474386498,100,0.8182186075076137,0.18740752241697445,100,4.1976415258852714e-08,7.593987544652432e-08,1,1,1,True,True,False,False,False,False
207,Daejeon,KR,36.34913,127.38493,1441203,0.1340866,15.53368429083696,0.59,6.005393629582567e-08,True,36.5,127.5,0.0,0.2382239300811645,0.18659366146761375,100,-2.3747014696494895,6.802838222895724e-06,100,2.4106009754040162e-08,-2.3012670246735912e-07,1,1,-1,True,False,False,False,False,False
208,Dodoma,TZ,-6.17221,35.73947,765179,0.189315614930807,44.876783398184216,2.8545,5.6511767885969806e-08,True,-6.5,35.5,0.0,3.0967421706935845,1.0169466386660564e-12,100,6.153813873393171,7.477035848531137e-13,100,6.155941296002451e-08,1.2888626983854483e-07,1,1,1,True,True,False,False,False,False
209,Gwalior,IN,26.22983,78.17337,1054420,0.0816219629180576,44.38849469748993,1.1912,4.8166977239862135e-08,True,26.5,78.5,0.0,-0.8802939544038454,0.04593321986345759,100,0.9495236633835958,0.26775326021442986,100,-3.438749661876477e-08,3.8239531350243726e-08,1,-1,1,False,True,False,False,False,False
210,Johannesburg,ZA,-26.20227,28.04363,9418183,0.1584781514039589,70.71030746929125,0.8554,1.8602399924541268e-08,True,-26.5,28.5,0.0,1.1339455093748394,9.999101685625303e-09,100,2.681429668326048,2.7160620957947693e-06,100,2.477520153744219e-08,6.013118097798105e-08,1,1,1,True,True,False,False,False,False
211,Zarqa,JO,32.07275,36.08796,792665,0.1103541999999981,50.58365758754866,0.2634,1.5409152664978725e-08,True,32.5,36.5,0.0,-0.6936174806342141,8.034391674638993e-08,100,0.5427630209559672,0.27371384173046764,100,-3.9936601643916065e-08,3.19005246082936e-08,1,-1,1,False,True,False,False,False,False
212,Sanhe,CN,39.98049,117.06887,965075,0.1181934999923526,12.481879911497684,1.0174,1.2834426076257588e-08,True,39.5,117.5,0.0,0.9481528339079544,7.392158926786609e-07,100,1.7450181524370736,0.000988252166008948,100,1.194702052471784e-08,2.2283653899571094e-08,1,1,1,True,True,False,False,False,False
213,Rājkot,IN,22.29161,70.79322,1390640,0.1954547999956735,4.287785152971708,1.2249,8.910568479958237e-09,True,22.5,70.5,0.0,1.004416933381669,0.0015208347028211927,100,0.4638958734987275,0.47658334021243587,100,7.27971919962929e-09,3.3319362086117203e-09,1,1,1,True,True,False,False,False,False
214,Bandung,ID,-6.92222,107.60694,2444160,0.2817743936394322,0.9002822919051141,0.1929,7.836513003651931e-09,False,-6.5,107.5,0.0,-0.44690007036672347,0.00486472403801268,100,-0.6991064650679091,0.1957206397656902,100,-1.7962961115990023e-08,-2.7982913104606182e-08,1,-1,-1,False,False,False,False,False,False
215,Zhaotong,CN,27.31667,103.71667,787845,0.3048376300465372,0.0152590218967247,0.3715,7.738392314048773e-09,False,27.5,103.5,0.0,0.4587698288368704,0.08409381287839297,100,1.7608125924909208,0.005816542933063893,100,7.738392314048773e-09,7.738392314048773e-09,1,1,1,True,True,False,False,False,False
216,Ashgabat,TM,37.95,58.38333,1030063,0.2575801691258474,12.298771648737327,1.2063,6.8795958355776e-09,True,37.5,58.5,0.0,-1.1080801042804038,4.978515674382319e-10,100,1.8078430847106333,0.00020701767609587857,100,-6.080494624163945e-09,1.041488475612681e-08,1,-1,1,False,True,False,False,False,False
217,Mianyang,CN,31.46784,104.68168,1550000,0.2671537664423017,0.4882887006943406,0.4989,4.477183212607225e-09,True,31.5,104.5,0.0,0.8170109388494798,6.45390158656084e-05,100,-0.11915775018238926,0.8415718029618233,100,4.477183212607225e-09,-1.0815672859193333e-09,1,1,-1,True,False,False,False,False,False
218,Dhanbad,IN,23.79759,86.42992,1196214,0.1588235880529,16.006713969634575,0.6117,2.6695712131150403e-09,False,23.5,86.5,0.0,0.8977086540237098,0.09034203433265421,100,2.1319614877751296,0.01329228230926597,100,3.936545117137359e-09,9.544629859571074e-09,1,1,1,True,True,False,False,False,False
219,Ahmedabad,IN,23.02579,72.58727,6357693,0.0785870407568552,16.14404516670487,1.128,2.659089633979322e-09,True,23.5,72.5,0.0,1.332567036663341,0.00116981629977361,100,0.9783264718819549,0.226014876698842,100,3.152116555939657e-09,2.3004832041115733e-09,1,1,1,True,True,False,False,False,False
220,Hubballi,IN,15.34776,75.13378,943788,0.0547479081197656,1.37331197070273,2.2387,1.7955698116368267e-09,True,15.5,75.5,0.0,2.4419667290876514,3.462863755499587e-09,100,5.471588104630918,1.7945681265722528e-10,100,1.7955698116368267e-09,1.7955698116368267e-09,1,1,1,True,True,False,False,False,False
221,Xingtai,CN,37.06217,114.49272,798770,0.1481206,5.004959182116465,2.0652,8.13152979229807e-10,True,37.5,114.5,0.0,0.5748536600252151,0.027853872930958676,100,3.383251539424436,1.6987226201899126e-05,100,2.2075563328793555e-10,1.3621324646066027e-09,1,1,1,True,True,False,False,False,False
222,Suzhou,CN,33.63611,116.97889,1647642,0.0637811998549458,8.6366063935302,0.1665,1.9809157802246186e-10,False,33.5,116.5,0.0,0.6410456740998262,0.005528743592042248,100,2.078346296275684,0.0008030137226242687,100,7.687407060434612e-10,2.553173729379034e-09,1,1,1,True,True,False,False,False,False
223,Nairobi,KE,-1.28333,36.81667,4397073,0.0624027300000072,0.106813153276903,1.1129,1.6194035317150484e-10,True,-1.5,36.5,0.0,2.0218962154782485,6.110380311950023e-10,100,2.759692247002765,8.256294072056155e-05,100,1.6194035317150484e-10,1.6194035317150484e-10,1,1,1,True,True,False,False,False,False
224,Coimbatore,IN,11.00555,76.96612,2136916,0.0912118499914439,2.2125581750210017,1.76,1.4726694366623784e-10,True,11.5,76.5,0.0,1.2073905796982836,2.3000151217030515e-05,100,3.3445958817578694,1.6994550304135879e-06,100,1.0009481137141493e-10,1.8655024607090493e-10,1,1,1,True,True,False,False,False,False
225,Nanyang,CN,33.00524,112.54659,1811812,0.066139472892516,0.3509575036240449,0.1323,1.4083278971349363e-10,False,33.5,112.5,0.0,0.9116769836781504,0.0006975366273505949,100,3.812849686849097,1.98095334907831e-06,100,3.7495720530250695e-10,3.7495720530250695e-10,1,1,1,True,True,False,False,False,False
226,Suqian,CN,33.94917,118.29583,1437685,0.0827449899982909,5.844205386434737,0.2545,1.2165583482653268e-10,False,33.5,118.5,0.0,0.6308847841262286,0.0009391364230635465,100,1.4945876007248489,0.002801919551247296,100,3.034754304208248e-10,7.294191002706757e-10,1,1,1,True,True,False,False,False,False
227,Zaozhuang,CN,34.86472,117.55417,899753,0.0514844965701924,7.904173342488775,0.5173,6.208339533298919e-11,True,34.5,117.5,0.0,0.8013144586463131,0.000390728220110077,100,2.873213231470882,2.006695203056661e-06,100,9.662670835013815e-11,3.587539780798377e-10,1,1,1,True,True,False,False,False,False
228,Bijie,CN,27.30193,105.28627,1137383,0.1369299999813432,0.0152590218967247,0.0892,5.496625048199433e-11,False,27.5,105.5,0.0,0.19640488601082304,0.40262490409973833,100,0.6542400919414472,0.2733316172530147,100,5.496625048199433e-11,5.496625048199433e-11,1,1,1,True,True,False,False,False,False
229,Madurai,IN,9.919,78.11953,1465625,0.0518413650634364,12.314030670634054,0.863,2.7362822284118792e-11,True,9.5,78.5,0.0,0.43731833622193605,0.055045491079626654,100,1.9393517382214687,0.0041940205629412124,100,1.3767610438979941e-11,6.261095146846928e-11,1,1,1,True,True,False,False,False,False
230,Baoding,CN,38.87288,115.46246,2739887,0.1072925044906819,10.040436408026268,0.7306,2.4875028401400063e-11,True,38.5,115.5,0.0,0.6065164971109657,0.00697041692636492,100,2.2647231213088785,0.0004544646526300413,100,2.0607530821854348e-11,7.911967286739017e-11,1,1,1,True,True,False,False,False,False
231,Pekanbaru,ID,0.51667,101.44167,1085000,0.1002372737678649,0.6256198977645795,0.389,2.2480577588317292e-11,True,0.5,101.5,0.0,-0.23170656439950404,0.12654900346347867,100,-0.5322047998215688,0.372231116345433,100,-1.3252747133050291e-11,-3.028852073781091e-11,1,-1,-1,False,False,False,False,False,False
232,Shangqiu,CN,34.4143,115.65613,1859723,0.0612330999999998,0.4730296787976158,0.9261,1.0846740032236544e-11,True,34.5,115.5,0.0,0.8196544514517058,0.0025747853493496282,100,3.7565806513286244,2.2427204573722783e-06,100,1.0846740032236545e-11,1.0846740032236545e-11,1,1,1,True,True,False,False,False,False
233,Kigali,RW,-1.94995,30.05885,1132686,0.0795449316772242,146.8070496681163,3.3303,8.584281793849532e-12,True,-1.5,30.5,0.0,3.488019020668921,2.97846076960294e-17,100,6.0080163828243345,3.3624981209658615e-12,100,9.01491203800252e-12,1.6211224938246474e-11,1,1,1,True,True,False,False,False,False
234,Nampula,MZ,-15.11646,39.2666,770379,0.0543753599773965,31.14366369115743,0.1819,7.784971441841527e-12,False,-15.5,39.5,0.0,0.3213558910443684,0.21664780923408536,100,0.09067376601741821,0.8755844339498536,100,1.3785432772998846e-11,3.874769053510639e-12,1,1,1,True,True,False,False,False,False
235,Taiz,YE,13.57952,44.02091,940600,0.0585731727777385,90.21133745326928,0.3041,4.753116036940412e-12,True,13.5,44.5,0.0,0.39207539246824247,0.0008525854726355562,100,-0.823519751467379,0.04770541784944958,100,6.137181423218933e-12,-1.2632634977162514e-11,1,1,-1,True,False,False,False,False,False
236,Changchun,CN,43.88,125.32278,4714996,0.0634228002268415,0.0457770656901175,1.0533,3.708277976184314e-12,True,43.5,125.5,0.0,1.568834089095841,4.636772425814135e-21,100,3.633839273147744,5.8957807150172695e-12,100,3.708277976184314e-12,3.708277976184314e-12,1,1,1,True,True,False,False,False,False
237,Teni,IN,10.01115,77.47772,1034724,0.0889033836992875,0.3509575036240449,0.7001,1.8471710406842525e-13,True,10.5,77.5,0.0,0.7739100385949205,0.0026174793460963467,100,2.607321721205363,0.0002824917946773867,100,1.8471710406842523e-13,1.8471710406842523e-13,1,1,1,True,True,False,False,False,False
238,Ulan Bator,MN,47.90771,106.88324,844818,0.0670028685074193,0.9308003356985068,0.7594,1.2792988126430438e-13,True,47.5,106.5,0.0,0.4250515267168092,1.4943167287055503e-05,100,-0.024559979140616844,0.9513251272537228,100,7.120612676378115e-14,-4.083654778757508e-15,1,1,-1,True,False,False,False,False,False
239,Hyderabad,IN,17.38405,78.45636,6993262,0.0742353288629107,2.868696116578974,2.9418,1.028918604337368e-13,True,17.5,78.5,0.0,2.609404366100133,2.169679257456341e-08,100,6.431433289456294,1.0253099925613043e-11,100,9.318251359908963e-14,1.028918604337368e-13,1,1,1,True,True,False,False,False,False
240,Ibb,YE,13.96667,44.18333,771514,0.0532805400032114,90.9132524605173,0.3041,3.2042659010053763e-14,True,13.5,44.5,0.0,0.39207539246824247,0.0008525854726355562,100,-0.823519751467379,0.04770541784944958,100,4.1373198150232384e-14,-8.516165223380746e-14,1,1,-1,True,False,False,False,False,False
241,Navi Mumbai,IN,19.03681,73.01582,2600000,0.1217893695201236,5.684341886080804e-14,1.4173,4.996003610813204e-16,True,19.5,73.5,0.0,2.173770589306053,5.890212955064635e-09,100,2.3992314309475344,7.002260748820509e-05,100,4.996003610813204e-16,4.996003610813204e-16,1,1,1,True,True,False,False,False,False
242,Sakai,JP,34.58216,135.46653,826161,0.3961307725316076,5.684341886080804e-14,0.3534,4.440892098500626e-16,True,34.5,135.5,0.0,0.2225293282318638,0.0203035358866883,100,-0.23427313531609467,0.5558058775688698,100,4.440892098500626e-16,-0.001948892494699428,1,1,-1,True,False,False,False,False,False
243,Pudong,CN,31.23995,121.50094,5681512,0.0548643,5.684341886080804e-14,0.6576,4.440892098500626e-16,True,31.5,121.5,0.0,0.21687077299127308,0.16718504423176556,100,-0.42229952763216927,0.3715311523348765,100,4.440892098500626e-16,-0.003077092846228313,1,1,-1,True,False,False,False,False,False
244,Kawasaki,JP,35.52056,139.71722,1538262,0.6526173009763581,5.684341886080804e-14,1.5877,4.440892098500626e-16,True,35.5,139.5,0.0,1.051378506493669,9.603496664444573e-15,100,0.9864803341780951,0.016199585253151905,100,4.440892098500626e-16,4.440892098500626e-16,1,1,1,True,True,False,False,False,False
245,Taguig,PH,14.5243,121.0792,1308085,0.3682486999999998,5.684341886080804e-14,0.3367,3.8857805861880484e-16,True,14.5,121.5,0.0,0.1358844541940611,0.3491664101714155,100,-0.3525971155469815,0.4591578121433882,100,3.885780586188048e-16,-0.0021077421754419345,1,1,-1,True,False,False,False,False,False
246,Shubrā al Khaymah,EG,30.12511,31.25053,1240289,0.2214394999999993,5.684341886080804e-14,0.1375,3.8857805861880484e-16,True,30.5,31.5,0.0,-0.15888071132618495,0.12533555216230116,100,-0.46888116340457575,0.26579816983285476,100,-0.0011237035248355398,-0.0033095611172041517,1,-1,-1,False,False,False,False,False,False
247,Yangpu,CN,31.26193,121.51904,1210800,0.0545040442712518,5.684341886080804e-14,0.6576,3.8857805861880484e-16,True,31.5,121.5,0.0,0.21687077299127308,0.16718504423176556,100,-0.42229952763216927,0.3715311523348765,100,3.885780586188048e-16,-0.00292247502811277,1,1,-1,True,False,False,False,False,False
248,Zamboanga,PH,6.91028,122.07389,1018849,0.2637117133536004,5.684341886080804e-14,0.2715,3.8857805861880484e-16,True,8.5,123.5,236.51647656169908,0.05865207596997213,0.6673908217491143,100,-0.6559093025723989,0.20619022995877145,100,3.885780586188048e-16,-0.005381001450333434,1,1,-1,True,False,False,False,False,True
249,Rui’an,CN,27.77605,120.65859,927383,0.0790537299212845,5.684341886080804e-14,0.2598,3.8857805861880484e-16,True,27.5,120.5,0.0,-0.2742054670721012,0.15781258106921908,100,-0.5410319474568733,0.302216411388242,100,-0.0020658624880065535,-0.004070520903897201,1,-1,-1,False,False,False,False,False,False
250,Semarang,ID,-6.99306,110.42083,1653524,0.1518648833245408,5.684341886080804e-14,0.2262,3.6082248300317592e-16,False,-7.5,110.5,57.041697778337706,-0.10305104719858066,0.5424959495246064,100,-0.3929704698256441,0.5251295190015133,100,-0.0006065564969327808,-0.002306970735814401,1,-1,-1,False,False,False,False,False,False
251,Padang,ID,-0.94924,100.35427,909040,0.4070697,5.684341886080804e-14,0.1255,3.3306690738754696e-16,False,-0.5,100.5,0.0,0.004384347572682794,0.9769680380974585,100,-0.5389199776470072,0.30604927917707325,100,3.3306690738754696e-16,-0.004086783521356385,1,1,-1,True,False,False,False,False,False
252,Osaka,JP,34.69379,135.50107,2753862,0.3697804212391887,5.684341886080804e-14,0.3534,3.05311331771918e-16,True,34.5,135.5,0.0,0.2225293282318638,0.0203035358866883,100,-0.23427313531609467,0.5558058775688698,100,3.0531133177191805e-16,-0.0011102196040874701,1,1,-1,True,False,False,False,False,False
253,Ra’s Bayrūt,LB,33.9,35.48333,1251739,0.4060524820209177,5.684341886080804e-14,0.1491,2.7755575615628914e-16,False,33.5,35.5,0.0,-0.3712488767431836,0.008476878503241497,100,1.8832212541387354,0.0003211451144272477,100,-0.0017125688390402793,2.7755575615628914e-16,1,-1,1,False,True,False,False,False,False
254,Cairo,EG,30.06263,31.24967,9606916,0.2230294118225173,5.684341886080804e-14,0.1375,2.498001805406602e-16,True,30.5,31.5,0.0,-0.15888071132618495,0.12533555216230116,100,-0.46888116340457575,0.26579816983285476,100,-0.0006956254730438594,-0.0020456106503384253,1,-1,-1,False,False,False,False,False,False
255,Huludao,CN,40.75243,120.83552,944495,0.0637216438575618,5.684341886080804e-14,1.2492,1.8041124150158796e-16,True,40.5,120.5,0.0,1.4046320493951754,1.0347789918599388e-15,100,2.2492089889721387,4.6840284501010765e-06,100,1.8041124150158794e-16,1.8041124150158794e-16,1,1,1,True,True,False,False,False,False
256,Yichang,CN,30.71444,111.28472,1350150,0.0836621915854064,5.684341886080804e-14,0.1956,1.3877787807814454e-16,False,30.5,111.5,0.0,0.16158290870028247,0.5387872668890206,100,-0.18124657594556648,0.7992700001995983,100,1.3877787807814457e-16,-0.00048240756461120915,1,1,-1,True,False,False,False,False,False
257,Wanzhou,CN,30.76451,108.39586,1545900,0.0686881409288709,5.684341886080804e-14,0.8416,1.249000902703301e-16,True,30.5,108.5,0.0,0.5020148564228614,0.021529401885932636,100,0.14817947274067036,0.8087426257923764,100,1.249000902703301e-16,1.249000902703301e-16,1,1,1,True,True,False,False,False,False
258,Aden,YE,12.77957,45.03852,1079670,0.1397681999999957,5.684341886080804e-14,0.2321,1.249000902703301e-16,True,13.5,45.5,94.41598545551584,0.38813296088337906,0.0009358254420786375,100,-0.5215079476012309,0.25374794971470566,100,1.249000902703301e-16,-0.0012975596334426215,1,1,-1,True,False,False,False,False,False
259,Bhopal,IN,23.25469,77.40289,1798218,0.0656964099919073,5.684341886080804e-14,1.675,1.1102230246251563e-16,True,23.5,77.5,0.0,2.171750739056703,2.2286954971118496e-05,100,2.750383286844376,0.0005058801341311936,100,1.1102230246251565e-16,1.1102230246251565e-16,1,1,1,True,True,False,False,False,False
260,Kakamega,KE,0.28422,34.75229,1867579,0.0544357799794899,20.080872816052533,3.8168,7.087400801883261e-17,True,0.5,34.5,0.0,3.264178109515171,1.0881933880233844e-15,100,7.728925811479968,4.776724908818966e-14,100,6.004639308918544e-17,1.534974093340239e-16,1,1,1,True,True,False,False,False,False
261,Lilongwe,MW,-13.96692,33.78725,1115815,0.1319032000000003,4.1962310215915295,1.3916,5.1906355558566127e-17,True,-13.5,33.5,0.0,0.5701552772599138,0.2539702219025628,100,4.235532661467484,2.4339210591246833e-07,100,2.097621187816983e-17,1.6411951208378445e-16,1,1,1,True,True,False,False,False,False
262,Saitama,JP,35.90807,139.65657,1324854,0.5603807087562043,5.684341886080804e-14,1.5877,4.163336342344337e-17,True,35.5,139.5,0.0,1.051378506493669,9.603496664444573e-15,100,0.9864803341780951,0.016199585253151905,100,4.163336342344337e-17,4.163336342344337e-17,1,1,1,True,True,False,False,False,False
263,Shijiazhuang,CN,38.04139,114.47861,3938513,0.118746899999866,7.202258335240742,2.0652,3.5278765281167854e-17,True,38.5,114.5,0.0,0.37671518441877233,0.0857241421227144,100,1.8454823784746235,0.0042925619005740635,100,6.255646738116976e-18,3.14090748118632e-17,1,1,1,True,True,False,False,False,False
264,Kampung Baru Subang,MY,3.15,101.53333,833571,0.0515035017817863,5.684341886080804e-14,0.8591,2.4286128663675302e-17,True,3.5,101.5,0.0,0.21552309986242052,0.11739963407169986,100,2.0234657526130455,0.0014589820601334416,100,2.42861286636753e-17,2.42861286636753e-17,1,1,1,True,True,False,False,False,False
265,Jieyang,CN,23.5418,116.36581,1899394,0.0664599161984411,5.684341886080804e-14,0.0714,1.7347234759768068e-17,False,23.5,116.5,0.0,-0.08434180197413882,0.7443474044262948,100,0.5812085746581223,0.4334336637820315,100,-2.739357748338285e-05,1.734723475976807e-17,1,-1,1,False,True,False,False,False,False
266,Changzhou,CN,31.77359,119.95401,3290918,0.055045040004099,5.684341886080804e-14,0.0957,1.5612511283791264e-17,False,31.5,119.5,0.0,0.14474358030296416,0.5136617420911055,100,-0.6471839929747911,0.2647020867129776,100,1.5612511283791264e-17,-0.0001981821989067642,1,1,-1,True,False,False,False,False,False
267,Shiyan,CN,32.6475,110.77806,3460000,0.0575011800151797,5.684341886080804e-14,0.5956,1.3877787807814457e-17,True,32.5,110.5,0.0,0.9099249067731731,0.0002007595413125623,100,2.8541724220715476,4.3722768613632314e-05,100,1.3877787807814457e-17,1.3877787807814457e-17,1,1,1,True,True,False,False,False,False
268,Cúcuta,CO,7.90745,-72.5049,777106,0.3421606999999999,5.684341886080804e-14,1.5072,1.734723475976807e-18,True,7.5,287.5,0.0,1.2480175251122563,0.0011188610963197066,100,1.8875401512058636,0.005280667731475563,100,1.734723475976807e-18,1.734723475976807e-18,1,1,1,True,True,False,False,False,False
269,Yancheng,CN,33.3575,120.1573,1615717,0.0926327899996998,5.684341886080804e-14,0.2108,2.1684043449710093e-19,True,33.5,120.5,0.0,0.5870354348588251,0.00011252844675372707,100,0.6233620767670558,0.14793872582107187,100,2.168404344971009e-19,2.168404344971009e-19,1,1,1,True,True,False,False,False,False
270,Wuwei,CN,37.92672,102.63202,1010295,0.2731125054061775,18.58548867017629,0.0388,1.4233855647727016e-19,False,37.5,102.5,0.0,-0.08038111366518602,0.6264090220935139,100,-0.7603580933058302,0.18941491752565656,100,-2.9429518115218573e-19,-2.752592109611951e-18,1,-1,-1,False,False,False,False,False,False
271,Bogor,ID,-6.59444,106.78917,1127408,0.3060344748976977,5.684341886080804e-14,0.2499,1.0164395367051604e-19,False,-6.5,106.5,0.0,-0.4633378275860971,0.0037203287647558252,100,-0.9693007592658724,0.06605851794957882,100,-9.219030173977691e-07,-1.912504153052921e-06,1,-1,-1,False,False,False,False,False,False
272,Cheongju-si,KR,36.63722,127.48972,852147,0.1316890549833704,5.684341886080804e-14,0.59,7.623296525288703e-21,True,36.5,127.5,0.0,0.2382239300811645,0.18659366146761375,100,-2.3747014696494895,6.802838222895724e-06,100,7.623296525288703e-21,-3.535072040344467e-07,1,1,-1,True,False,False,False,False,False
273,Yixing,CN,31.36059,119.82016,1285785,0.0784322184296391,5.684341886080804e-14,0.0957,1.0587911840678754e-21,False,31.5,119.5,0.0,0.14474358030296416,0.5136617420911055,100,-0.6471839929747911,0.2647020867129776,100,1.0587911840678754e-21,-1.2535178526035422e-08,1,1,-1,True,False,False,False,False,False
274,Tegucigalpa,HN,14.0818,-87.20681,850848,0.3124423751018672,5.684341886080804e-14,0.2957,2.1175823681357513e-22,False,14.5,272.5,0.0,0.5721978850474241,0.024592473560616734,100,1.6765820299277265,0.006079631023851213,100,2.117582368135751e-22,2.117582368135751e-22,1,1,1,True,True,False,False,False,False
275,Benxi,CN,41.28861,123.765,987717,0.0821459299999999,21.637293049515563,1.9705,0.0,True,41.5,123.5,0.0,1.581931104771971,3.2047613439377093e-19,100,3.222143675447769,1.5253982839254231e-09,100,0.0,0.0,1,1,1,True,True,False,False,False,False
276,Longyan,CN,25.07485,117.01775,1025087,0.071305121177354,5.684341886080804e-14,-0.5993,0.0,True,25.5,117.5,0.0,-0.5126656414351812,0.0822738836041128,100,-0.1910962627612118,0.813438637034508,100,0.0,0.0,-1,-1,-1,True,True,False,False,False,False
277,Guang’an,CN,30.47413,106.63696,858159,0.0617389367804756,11.383230334935549,0.8708,0.0,True,30.5,106.5,0.0,0.7247113786971672,0.00046433153371662256,100,0.21123241241846877,0.690837806772397,100,0.0,0.0,1,1,1,True,True,False,False,False,False
278,Wanxian,CN,30.81601,108.37407,859662,0.06553053,143.40428778515297,0.8416,0.0,True,30.5,108.5,0.0,0.5020148564228614,0.021529401885932636,100,0.14817947274067036,0.8087426257923764,100,0.0,0.0,1,1,1,True,True,False,False,False,False
279,Seongnam-si,KR,37.43861,127.13778,914832,0.1251497073317258,0.8697642481117214,0.6391,0.0,True,37.5,127.5,0.0,0.45583041536398233,0.011297580705755905,100,-2.2834194249431947,1.4443514185439029e-05,100,0.0,0.0,1,1,-1,True,False,False,False,False,False
280,Xiamen,CN,24.47979,118.08187,4617251,0.0827425507996686,0.0152590218967247,-0.1349,0.0,True,24.5,117.5,58.923034718493795,-0.2877894982687646,0.27234234069841007,100,0.2774700581898278,0.7127721643009926,100,0.0,0.0,-1,-1,1,True,False,False,False,False,False
281,Weihai,CN,37.50914,122.11356,844310,0.11579407809397,2.792401007095464,1.0586,0.0,True,37.5,121.5,54.13254788745518,1.1956625891914494,4.038427537028508e-11,100,1.1121240456319688,0.026571899691130267,100,0.0,0.0,1,1,1,True,True,False,False,False,False
282,Kobe,JP,34.6913,135.183,1525152,0.3464501999999914,0.4119935912108303,0.3534,0.0,True,34.5,135.5,0.0,0.2225293282318638,0.0203035358866883,100,-0.23427313531609467,0.5558058775688698,100,0.0,0.0,1,1,-1,True,False,False,False,False,False
283,Bazhong,CN,31.8694,106.74432,2712894,0.0669995699998099,101.89974822613874,0.688,0.0,True,31.5,106.5,0.0,0.8658101008260396,1.571168249831067e-05,100,0.6435877366224646,0.21804918331032563,100,0.0,0.0,1,1,1,True,True,False,False,False,False
284,Zunyi,CN,27.68667,106.90722,2037775,0.0692180620677416,26.21499961852448,-0.5637,0.0,True,27.5,106.5,0.0,-0.016250613789497256,0.9400702943808429,100,-0.02510504910157441,0.9657977015261863,100,0.0,0.0,-1,-1,-1,True,True,False,False,False,False
285,Montréal,CA,45.50884,-73.58781,1762949,0.1345321564491395,45.10566872663463,-0.1184,0.0,True,45.5,286.5,0.0,-0.254110840612993,0.3318057516354327,100,1.12028858698058,0.07124719447541293,100,0.0,0.0,-1,-1,1,True,False,False,False,False,False
286,La Paz,BO,-16.5,-68.15,2004652,0.2280680000698181,33.09681849393456,-0.9263,0.0,True,-16.5,291.5,0.0,-1.2827465718096365,1.9824844141768952e-07,100,-1.0192206199570195,0.06181121588901747,100,0.0,0.0,-1,-1,-1,True,True,False,False,False,False
287,Yantai,CN,37.47649,121.44081,2227733,0.06942275,21.515220874341992,1.0586,0.0,True,37.5,121.5,0.0,1.1956625891914494,4.038427537028508e-11,100,1.1121240456319688,0.026571899691130267,100,0.0,0.0,1,1,1,True,True,False,False,False,False
288,Bukavu,CD,-2.49077,28.84281,816811,0.2586775108511142,11.581597619592628,2.157,0.0,True,-2.5,28.5,0.0,2.5980046099700274,2.3010844641012735e-13,100,2.73106084292153,6.144134140184144e-06,100,0.0,0.0,1,1,1,True,True,False,False,False,False
289,Guiyang,CN,26.58333,106.71667,3037159,0.0515039400000423,25.3757534142062,-0.4032,0.0,True,26.5,106.5,0.0,-0.22700066846800376,0.322298141940515,100,0.2558809221061164,0.6851370383622314,100,0.0,0.0,-1,-1,1,True,False,False,False,False,False
290,Isfahan,IR,32.65246,51.67462,1547164,0.2009237,14.38925764858476,-0.136,-3.2532077881139584e-29,False,32.5,51.5,0.0,-0.06711055989148865,0.7574639027907687,100,1.1259244102109467,0.0312414052499367,100,-1.6071692557671811e-29,2.7506300009049936e-28,-1,-1,1,True,False,False,False,False,False
291,Quetta,PK,30.18414,67.00141,1565546,0.2636647003322439,31.494621194781416,-0.3758,-4.185927386786497e-29,True,30.5,67.5,0.0,-0.5585719307194998,0.0001357074693729492,100,-0.3681291857257634,0.35499560535071656,100,-6.202914926357565e-29,-4.101007069842685e-29,-1,-1,-1,True,True,False,False,False,False
292,Ürümqi,CN,43.80096,87.60046,3029372,0.2520546002296858,0.7171740291447577,-3.8585,-1.3439003471778378e-21,True,43.5,87.5,0.0,-2.0033017446731525,5.272916982503847e-37,100,-2.253437202946488,2.8665819963843163e-07,100,-7.192695898971296e-22,-8.0575576837151215e-22,-1,-1,-1,True,True,False,False,False,False
293,Qom,IR,34.6401,50.8764,900000,0.2228387004565928,8.85023270008395,-0.769,-1.1101468390129985e-19,True,34.5,50.5,0.0,-1.1830314015072612,1.4390081825541994e-06,100,-0.37838066936253106,0.3826213346466203,100,-1.6961830305641732e-19,-5.497922381862235e-20,-1,-1,-1,True,True,False,False,False,False
294,Shiraz,IR,29.61031,52.53113,1249942,0.2974346085091356,2.166781109330941,-1.3286,-2.2630386422839787e-17,True,29.5,52.5,0.0,-0.6464586037047194,0.0006917210793533269,100,-2.325914774994368,0.0001310196261940841,100,-1.1136378271266034e-17,-3.897203310116659e-17,-1,-1,-1,True,True,False,False,False,False
295,Jodhpur,IN,26.26841,73.00594,1056191,0.0838126802212359,18.60074769207296,-2.6459,-3.204903241899323e-17,True,26.5,73.5,0.0,-1.2760215528548366,6.70827411023699e-05,100,-3.2861318004380227,1.4466087344334942e-05,100,-1.5808741721324407e-17,-3.9388836450841716e-17,-1,-1,-1,True,True,False,False,False,False
296,Sanaa,YE,15.35452,44.20646,1937451,0.0526933723888093,6.607156481269556,-0.1163,-1.4707008899986972e-16,False,15.5,44.5,0.0,0.12936097681237474,0.2780520742529031,100,-0.6586783315462513,0.12447906267751786,100,1.642571815027703e-16,-8.254761162281989e-16,-1,1,-1,False,True,False,False,False,False
297,Bishkek,KG,42.87,74.59,900000,0.2286191,6.240939955748843,-0.6183,-8.409079320156897e-16,True,42.5,74.5,0.0,-1.4047999488786198,1.701131770528169e-10,100,-2.1568818046749327,8.107581525743611e-05,100,-1.8858555727753376e-15,-2.859800477628663e-15,-1,-1,-1,True,True,False,False,False,False
298,Konya,TR,37.87135,32.48464,1433861,0.1308908002953623,5.8136873426413445,-3.7459,-1.666471201814658e-15,True,37.5,32.5,0.0,-2.254960605265164,1.0485375100780819e-13,100,-6.407025651953987,1.9650216011088807e-17,100,-1.0279738870441446e-15,-2.730218223891498e-15,-1,-1,-1,True,True,False,False,False,False
299,Mashhad,IR,36.29807,59.60567,2307177,0.2156777999852094,14.023041123064049,-0.0141,-1.9040902910269393e-14,False,36.5,59.5,0.0,-1.0682505621399754,7.56802070968929e-11,100,0.7342589670270434,0.09602360350656894,100,-1.4175614173484988e-12,1.004014269420403e-12,-1,-1,1,True,False,False,False,False,False
300,Gorakhpur,IN,29.44768,75.67206,1324570,0.1145384535457551,34.1954680704967,-8.4765,-4.405112279938319e-14,True,29.5,75.5,0.0,-4.736206472698939,3.5997978189512284e-27,100,-9.481847682483522,2.48804752352293e-20,100,-2.613523013719517e-14,-4.849818187206179e-14,-1,-1,-1,True,True,False,False,False,False
301,Sulaymaniyah,IQ,35.56496,45.4329,878146,0.2492028713214842,3.555352101930282,-1.2696,-1.243862992681345e-13,True,35.5,45.5,0.0,-1.447441956703986,0.00011331193137130088,100,0.03767856914452454,0.9634924454595828,100,-1.413938468594774e-13,3.772425357180344e-15,-1,-1,1,True,False,False,False,False,False
302,Shymkent,KZ,42.30988,69.60042,1200000,0.1657323680398688,0.0762951094835102,-0.7951,-2.218793898742697e-12,True,42.5,69.5,0.0,-1.2055891591320753,1.1244869297055068e-07,100,-0.960434368601795,0.06537335245087396,100,-3.3415100706764093e-12,-2.6728414208802045e-12,-1,-1,-1,True,True,False,False,False,False
303,Tehran,IR,35.69439,51.42151,7153309,0.4330289000001777,1.2359807736324342,-3.2319,-8.918518202711793e-12,True,35.5,51.5,0.0,-2.4567338417251006,9.394274105003427e-22,100,-3.3583121574635904,3.793220152964331e-12,100,-6.8660925842321646e-12,-9.248226907906465e-12,-1,-1,-1,True,True,False,False,False,False
304,Marrakesh,MA,31.63416,-7.99994,995871,0.1452008,34.6227206836042,-1.5947,-9.574982613199164e-12,True,31.5,352.5,0.0,-1.3463621183979093,6.891769812056711e-20,100,-3.675866821634602,3.116802484426457e-10,100,-8.117119885792735e-12,-2.1329953789552384e-11,-1,-1,-1,True,True,False,False,False,False
305,Hermosillo,MX,29.08874,-110.96677,812229,0.070163362633263,23.025864042114904,-0.3792,-1.3432238777995403e-11,True,29.5,249.5,0.0,-0.908765451632895,2.62166890729472e-12,100,-0.7656640977778154,0.07168497113457281,100,-3.1909226715574356e-11,-2.6948383130480554e-11,-1,-1,-1,True,True,False,False,False,False
306,Karaj,IR,35.83266,50.99155,1448075,0.3347232003058362,6.713969634546459,-3.2319,-1.5877973888164904e-11,True,35.5,50.5,0.0,-2.413872446741233,7.178049457976164e-18,100,-3.215760154457348,8.510534172873247e-11,100,-1.201915641734186e-11,-1.5802850735844845e-11,-1,-1,-1,True,True,False,False,False,False
307,Ordos,CN,39.6086,109.78157,1940653,0.0849750370641149,14.969100480659222,-2.8592,-3.3855016304000286e-11,True,39.5,109.5,0.0,-1.00371184059125,2.255114624977047e-13,100,-3.780409985428883,8.885006731637853e-13,100,-1.2253517275771797e-11,-4.4093932139785686e-11,-1,-1,-1,True,True,False,False,False,False
308,Quito,EC,-0.22985,-78.52495,2781641,0.5291945128205688,39.597161821927216,-0.2457,-9.063210276745264e-11,True,-0.5,281.5,0.0,-0.5565740917050594,0.0026030271076136363,100,-0.40841782272046023,0.3817617636134845,100,-2.042475985934332e-10,-1.5024744942132097e-10,-1,-1,-1,True,True,False,False,False,False
309,Kirkuk,IQ,35.46806,44.39222,1031000,0.1908058061616414,3.006027313649213,-1.313,-1.42369293986186e-10,True,35.5,44.5,0.0,-1.340275410073413,0.00030343771559558435,100,0.2407289251900759,0.7745959987054852,100,-1.4526128394449542e-10,2.678437216863969e-11,-1,-1,1,True,False,False,False,False,False
310,Lu’an,CN,31.73561,116.51688,1644344,0.0953109421185819,16.632333867399154,-0.3185,-2.9397889367935817e-10,False,31.5,116.5,0.0,0.0013847739056124465,0.9964820903278537,100,-1.3337126756594049,0.09995166044959536,100,1.2849807980138882e-12,-1.2104912228567407e-09,-1,1,-1,False,True,False,False,False,False
311,Hefei,CN,31.86389,117.28083,5050000,0.0983821445081414,3.082322423132723,-0.0756,-3.039325166400886e-10,False,31.5,117.5,0.0,0.012943116681841907,0.9650214209679274,100,-1.2793903783534273,0.09137785047263394,100,5.211159681045301e-11,-5.04181110754313e-09,-1,1,-1,False,True,False,False,False,False
312,Aleppo,SY,36.20124,37.16117,2098210,0.1731152907777781,22.247653925383418,-1.1913,-3.5505559854338794e-10,True,36.5,37.5,0.0,-1.495808568159154,4.8261476224088705e-08,100,-1.101059651765624,0.03149253379488871,100,-4.435736667738227e-10,-3.2865061468577647e-10,-1,-1,-1,True,True,False,False,False,False
313,Kathmandu,NP,27.70169,85.3206,1442271,0.4388813174745403,1.3122758831159445,-0.9247,-4.0030911038414537e-10,False,27.5,85.5,0.0,-0.11433102692024243,0.7819555118296498,100,-0.3535341432549943,0.6404030609126268,100,-5.016509115638556e-11,-1.545046062769406e-10,-1,-1,-1,True,True,False,False,False,False
314,Córdoba,AR,-31.40648,-64.18853,2106734,0.0992516499400665,0.0152590218967247,-2.4175,-1.090670243149346e-09,True,-31.5,295.5,0.0,-2.686821593772358,1.1870435802172503e-24,100,-6.592402583041162,1.005159025572381e-20,100,-1.2068295287645034e-09,-2.7793063470576347e-09,-1,-1,-1,True,True,False,False,False,False
315,Arequipa,PE,-16.39899,-71.53747,1008290,0.5941330976280723,0.8239871824216607,-0.0667,-1.160156761248708e-09,False,-16.5,288.5,0.0,-0.07612619917850656,0.5596337549746272,100,2.873071845964654,3.49968934223883e-08,100,-1.3239050982498847e-09,1.4546730303254237e-08,-1,-1,1,True,False,False,False,False,False
316,Bannu,PK,32.98527,70.60403,1357890,0.2527685959281018,15.640497444113862,-1.1579,-1.385564428971799e-09,True,32.5,70.5,0.0,-1.2649509204010172,1.905783559723543e-10,100,0.03133890737822345,0.9523947249293052,100,-1.5109860878820852e-09,3.824829046019364e-11,-1,-1,1,True,False,False,False,False,False
317,Jaipur,IN,26.91962,75.78781,3046163,0.0645149268963529,11.810482948043044,-4.5934,-2.020510392213274e-09,True,26.5,75.5,0.0,-1.7857515459247288,2.4674827796271555e-06,100,-4.046299791522399,1.002502602750318e-06,100,-8.224143150097088e-10,-1.7957511257839328e-09,-1,-1,-1,True,True,False,False,False,False
318,Hohhot,CN,40.81056,111.65222,2350000,0.1767671363819321,3.204394598306294,-1.0557,-2.173099577262619e-09,True,40.5,111.5,0.0,-0.7313623069947115,2.991881824883685e-07,100,-3.216232620312586,4.6038018667253954e-08,100,-1.5135798446940024e-09,-6.38923592225669e-09,-1,-1,-1,True,True,False,False,False,False
319,Eskişehir,TR,39.77667,30.52056,921630,0.2589663756735736,0.8545052262150534,-2.8862,-2.6101603665541622e-09,True,39.5,30.5,0.0,-2.1353787807279145,4.729927938809804e-12,100,-5.043855229411417,1.4446734027817827e-13,100,-1.955101169855195e-09,-4.403972513219399e-09,-1,-1,-1,True,True,False,False,False,False
320,Almaty,KZ,43.25249,76.9115,1977011,0.3968644310264769,5.684341886080804e-14,-1.4642,-3.1209875317509502e-09,True,43.5,76.5,0.0,-1.6447000826963234,2.8678113813695837e-13,100,-2.824874697882294,2.0514898140369915e-07,100,-3.4952996106633e-09,-5.8880145321901695e-09,-1,-1,-1,True,True,False,False,False,False
321,Homs,SY,34.72405,36.72559,775404,0.2051711999995663,3.616388189517068,-0.3894,-3.827970111359048e-09,True,34.5,36.5,0.0,-0.646679349628159,0.00014297291360376076,100,1.5811455694098948,0.001482756273760656,100,-6.330041335109813e-09,1.6063514906708524e-08,-1,-1,1,True,False,False,False,False,False
322,Meizhou,CN,24.28859,116.11768,992351,0.0582796099993988,12.49713893339441,-0.4666,-6.1828303432702285e-09,False,24.5,116.5,0.0,-0.3103214932323743,0.29379022352695755,100,0.36269035809231065,0.6702903769602481,100,-4.122703146059739e-09,4.872742623447706e-09,-1,-1,1,True,False,False,False,False,False
323,León de los Aldama,MX,21.12183,-101.68253,1579803,0.0725108399999994,4.27252613107504,-3.2531,-8.334039205856399e-09,True,21.5,258.5,0.0,-1.597287217113682,8.841288102052738e-10,100,-4.420678329538914,1.94294221432321e-10,100,-4.204875967008123e-09,-1.111178974500038e-08,-1,-1,-1,True,True,False,False,False,False
324,Santiago,CL,-33.45694,-70.64827,4837295,0.4173637999999916,2.395666437781358,-0.5445,-8.392798256101334e-09,True,-33.5,289.5,0.0,-0.7513408631934733,0.00012115405483634912,100,0.4623586966365253,0.3875895334962373,100,-1.1541323700933943e-08,7.2471435285891385e-09,-1,-1,1,True,False,False,False,False,False
325,Chuzhou,CN,32.32194,118.29778,782671,0.0542267150809773,2.075226977950763,-0.0253,-1.8183707722217105e-08,False,32.5,118.5,0.0,0.3878111398616021,0.06890786780643267,100,0.2973949506279779,0.5946546966658995,100,2.8065467710311815e-07,2.148971125978265e-07,-1,1,1,False,False,False,False,False,False
326,Mexicali,MX,32.62781,-115.45446,1032686,0.6835515193668443,19.577325093461525,-0.0592,-2.532261139990073e-08,False,32.5,244.5,0.0,-0.040324670483671346,0.7235120354390087,100,0.932553519881267,0.014708032878430439,100,-1.7254169385155947e-08,4.055543976450999e-07,-1,-1,1,True,False,False,False,False,False
327,Kabul,AF,34.52813,69.17233,4434550,0.3410787,2.441443503471476,-1.1962,-2.7802184407922652e-08,True,34.5,69.5,0.0,-1.6866213274152666,1.4114726844189494e-11,100,-0.9529147543345946,0.036764893104895044,100,-3.888435004560631e-08,-2.2237085995908232e-08,-1,-1,-1,True,True,False,False,False,False
328,Erbil,IQ,36.19117,44.00943,1612700,0.1994300000000405,1.4190890363927906,-1.313,-3.4498440596081335e-08,True,36.5,44.5,0.0,-1.6342301129946915,2.0973672026892746e-05,100,0.8841716114304782,0.27584931163095056,100,-4.27114318864475e-08,2.409573223432964e-08,-1,-1,1,True,False,False,False,False,False
329,Tashkent,UZ,41.26465,69.21627,1978028,0.170258,15.182726787212973,-1.8495,-1.6091052581911517e-07,True,41.5,69.5,0.0,-1.6199147863242351,2.7304559035828977e-09,100,-2.0545556242050065,0.0008300936673857295,100,-1.414706759784576e-07,-1.7814815723269533e-07,-1,-1,-1,True,True,False,False,False,False
330,Santiago de Querétaro,MX,20.58806,-100.38806,1594212,0.1017961999998979,0.3356984817273769,-3.1198,-2.7608675705370773e-07,True,20.5,259.5,0.0,-1.5031268032222584,1.0028635701473827e-07,100,-4.470050968964514,2.0930585179133602e-10,100,-1.3660122595947338e-07,-3.8696640288329967e-07,-1,-1,-1,True,True,False,False,False,False
331,Ankara,TR,39.91987,32.85427,3517182,0.1666255618933042,9.079118028534424,-2.1996,-5.260375942224583e-07,True,39.5,32.5,0.0,-2.0624249366534824,2.672780185158067e-12,100,-4.935214148365043,4.207414149644062e-14,100,-4.943464184314075e-07,-1.1287289046845302e-06,-1,-1,-1,True,True,False,False,False,False
332,Çankaya,TR,39.9179,32.86268,792189,0.1666255618933042,0.5340657663844013,-2.1996,-7.44889846432645e-07,True,39.5,32.5,0.0,-2.0624249366534824,2.672780185158067e-12,100,-4.935214148365043,4.207414149644062e-14,100,-7.00013890450222e-07,-1.5983247595461128e-06,-1,-1,-1,True,True,False,False,False,False
333,Peshawar,PK,34.008,71.57849,4758762,0.2901222617456738,8.209353780422703,-2.2067,-9.310823135779052e-07,True,34.5,71.5,0.0,-2.127139070296189,8.943332572192616e-12,100,-2.6041001773862593,1.1973509264215591e-05,100,-8.986882006484994e-07,-1.0916094718069903e-06,-1,-1,-1,True,True,False,False,False,False
334,Ciudad Nezahualcoyotl,MX,19.40061,-99.01483,1077208,0.2175630999998143,5.684341886080804e-14,-2.4499,-1.0381060441043847e-06,True,19.5,260.5,0.0,-1.225828604221431,2.8643036164684918e-05,100,-3.7454563005254364,3.036881764937943e-08,100,-5.300097740697982e-07,-1.5537859049927598e-06,-1,-1,-1,True,True,False,False,False,False
335,Tijuana,MX,32.5027,-117.00371,1922523,0.1454692999529328,62.3941405355917,-0.0297,-1.151200746594928e-06,False,32.5,243.5,47.23861821670613,0.12550830376264013,0.268487764790816,100,1.275757926084281,0.001170339883601428,100,4.877385269429777e-06,5.0537391790735076e-05,-1,1,1,False,False,False,False,False,False
336,Ecatepec de Morelos,MX,19.60492,-99.06064,1645352,0.1769872000143959,16.510261692225583,-2.4499,-1.288065626981514e-06,True,19.5,260.5,0.0,-1.225828604221431,2.8643036164684918e-05,100,-3.7454563005254364,3.036881764937943e-08,100,-6.576276983427703e-07,-1.927913314626415e-06,-1,-1,-1,True,True,False,False,False,False
337,Lusaka,ZM,-15.40669,28.28713,2212301,0.0653223858044363,16.60181582360576,-1.4279,-1.2905227307220935e-06,True,-15.5,28.5,0.0,-0.9066603360677474,0.034028674588302804,100,-2.2634403343305243,0.0063961932101179834,100,-8.265268167639173e-07,-2.0177033796512166e-06,-1,-1,-1,True,True,False,False,False,False
338,Gustavo Adolfo Madero,MX,19.49392,-99.11075,1185772,0.208636099855132,14.023041123064049,-2.4499,-1.6414762387937892e-06,True,19.5,260.5,0.0,-1.225828604221431,2.8643036164684918e-05,100,-3.7454563005254364,3.036881764937943e-08,100,-8.380629305371083e-07,-2.456881377559615e-06,-1,-1,-1,True,True,False,False,False,False
339,Los Angeles,US,34.05223,-118.24368,3820914,0.4290697,27.450980392156907,-0.0272,-1.986593470939321e-06,False,34.5,241.5,0.0,-0.014493070388070373,0.9356829208681934,100,1.5167873539128964,0.004335980306919763,100,-1.0587464583694702e-06,0.0001136645887748265,-1,-1,1,True,False,False,False,False,False
340,Rawalpindi,PK,33.59733,73.0479,3357612,0.3984775999894386,6.500343327992709,-1.9647,-2.02388264592984e-06,True,33.5,73.5,0.0,-2.5479333239610145,1.243746064736399e-16,100,-3.8029116185320486,1.4224720208041673e-08,100,-2.5996377534802784e-06,-3.801252139008785e-06,-1,-1,-1,True,True,False,False,False,False
341,Gaziantep,TR,37.05944,37.3825,2222415,0.192733631962112,0.1220721751736277,-2.1107,-2.0395743919534905e-06,True,37.5,37.5,0.0,-1.725567902212487,3.2324347795165136e-08,100,-2.1054206991488127,0.0002082617744097869,100,-1.6780317875190144e-06,-2.034649727541169e-06,-1,-1,-1,True,True,False,False,False,False
342,Chaozhou,CN,23.65396,116.62262,1750945,0.0802770209793662,0.7171740291447577,-0.022,-2.0551410850402907e-06,False,23.5,116.5,0.0,-0.08434180197413882,0.7443474044262948,100,0.5812085746581223,0.4334336637820315,100,-7.87070632691806e-06,5.4839661543843246e-05,-1,-1,1,True,False,False,False,False,False
343,Culiacán,MX,24.80209,-107.39421,808416,0.1008736010758394,19.94354161898224,-0.5729,-2.0974711869263264e-06,True,24.5,252.5,0.0,-0.4999030093063288,0.0014530390232081023,100,-0.45634985112988435,0.3382611925285057,100,-1.8324371481539848e-06,-1.673999323007966e-06,-1,-1,-1,True,True,False,False,False,False
344,Iztapalapa,MX,19.35529,-99.06224,1835486,0.2343617999998143,5.684341886080804e-14,-2.4499,-3.7128006164988185e-06,True,19.5,260.5,0.0,-1.225828604221431,2.8643036164684918e-05,100,-3.7454563005254364,3.036881764937943e-08,100,-1.8955848016054375e-06,-5.557144151193235e-06,-1,-1,-1,True,True,False,False,False,False
345,Alīgarh,IN,27.88145,78.07464,753207,0.1183113748902241,6.424048218509199,-0.726,-4.293349599803528e-06,False,27.5,78.5,0.0,-2.2500563985770614,3.6029206138659724e-07,100,-1.2903142799202958,0.1458611925065018,100,-1.2975597343999762e-05,-7.5596002114733775e-06,-1,-1,-1,True,True,False,False,False,False
346,Ahvaz,IR,31.31901,48.6842,841145,0.2630809,14.328221560997974,-0.1475,-4.5536664083144045e-06,False,31.5,48.5,0.0,0.25041025029172387,0.28680062190478817,100,0.48095394009938663,0.38786819932075733,100,7.78205047935617e-06,1.5004196190244491e-05,-1,1,1,False,False,False,False,False,False
347,Santa Cruz de la Sierra,BO,-17.78629,-63.18117,1831434,0.2547707,1.5106431677729688,-0.9932,-4.5691481460386255e-06,True,-17.5,296.5,0.0,-0.9889286839320858,1.2360603434691123e-07,100,0.9717763946127912,0.06122805313506223,100,-4.549819943213112e-06,4.619221508328638e-06,-1,-1,1,True,False,False,False,False,False
348,Maoming,CN,21.66625,110.91364,1307802,0.0668608739610053,11.230640115968583,-0.0184,-6.469737210338181e-06,False,21.5,110.5,0.0,0.10221309601437903,0.6507879583889032,100,0.2888649161092748,0.638927125543419,100,3.601049316758788e-05,0.00010207971844274077,-1,1,1,False,False,False,False,False,False
349,San Pedro Sula,HN,15.50585,-88.02588,801259,0.3644254999999999,14.0993362325475,-0.041,-9.045056744078246e-06,False,15.5,271.5,0.0,0.4721966200496814,0.08717493490234929,100,0.7481430782394375,0.26525669023314663,100,0.00010505477370451564,0.0001672062586868259,-1,1,1,False,False,False,False,False,False
350,Mexico City,MX,19.42847,-99.12766,12294193,0.2219640727916876,5.684341886080804e-14,-2.4499,-9.498860505506256e-06,True,19.5,260.5,0.0,-1.225828604221431,2.8643036164684918e-05,100,-3.7454563005254364,3.036881764937943e-08,100,-4.849666455685554e-06,-1.4217485478017531e-05,-1,-1,-1,True,True,False,False,False,False
351,Yerevan,AM,40.17765,44.5126,1144700,0.2668403281842528,13.778896772716903,-0.2119,-1.0340446264539603e-05,False,40.5,44.5,0.0,-2.3945076365550446,2.903530268815861e-17,100,0.9822527682507347,0.0864890837716634,100,-0.00011271994799152063,4.8894409371317074e-05,-1,-1,1,True,False,False,False,False,False
352,Guatemala City,GT,14.64072,-90.51327,994938,0.7158972990198481,28.61066605630583,-0.2942,-1.2242415083635633e-05,False,14.5,269.5,0.0,0.2866258184132069,0.2834644146100855,100,-0.15338562166297678,0.8074044310261131,100,1.2042843553211526e-05,-6.397694614936316e-06,-1,1,-1,False,True,False,False,False,False
353,Sargodha,PK,32.08586,72.67418,975886,0.184708032842362,16.69336995498594,-1.1823,-1.3383785385165867e-05,True,32.5,72.5,0.0,-2.087259793137725,2.744071812738064e-16,100,-1.8392459720472518,0.004087165158037806,100,-2.327810815618117e-05,-2.059603741014199e-05,-1,-1,-1,True,True,False,False,False,False
354,Faisalabad,PK,31.41554,73.08969,3800193,0.2352902999999999,16.174563210498263,-2.1694,-1.6148091151211018e-05,True,31.5,73.5,0.0,-2.918905050151084,1.059333986466999e-21,100,-4.078910311033303,5.413675682471377e-08,100,-2.146152980247681e-05,-2.9428164220152115e-05,-1,-1,-1,True,True,False,False,False,False
355,Lüliang,CN,37.5192,111.14436,3346500,0.08261043,0.1831082627604132,-1.9793,-1.640366162603918e-05,True,37.5,111.5,0.0,-0.043968520808359675,0.8308048908856349,100,1.1053954600705895,0.0597177758843955,100,-3.7625292838668794e-07,1.572851627054553e-06,-1,-1,1,True,False,False,False,False,False
356,Naucalpan de Juárez,MX,19.47851,-99.23963,834434,0.2131674108778622,19.699397268635096,-2.4499,-1.7247795541052162e-05,True,19.5,260.5,0.0,-1.225828604221431,2.8643036164684918e-05,100,-3.7454563005254364,3.036881764937943e-08,100,-8.805870775043157e-06,-2.5815857253958218e-05,-1,-1,-1,True,True,False,False,False,False
357,Meerut,IN,28.98002,77.70636,1223184,0.1854663015917488,7.84313725490199,-2.3689,-2.9525356371625216e-05,True,28.5,77.5,0.0,-4.00433363444022,1.48515079030846e-18,100,-6.180556959254741,3.3499498204514146e-10,100,-4.8592611490243394e-05,-7.240794122701454e-05,-1,-1,-1,True,True,False,False,False,False
358,Chandigarh,IN,30.73629,76.7884,970602,0.2426430999999998,5.61532005798432,-5.6908,-3.082547473202998e-05,True,30.5,76.5,0.0,-4.808872053875497,8.863508712613325e-33,100,-8.935027387759193,1.1051567304274211e-21,100,-2.6422217850886485e-05,-4.5954815807446405e-05,-1,-1,-1,True,True,False,False,False,False
359,Bucharest,RO,44.43225,26.10626,1877155,0.3229623135362622,0.2899214160372594,-2.1168,-3.198525018772758e-05,True,44.5,26.5,0.0,-1.8178875417751756,6.481430894087635e-12,100,-3.4012767082182473,7.315335001927124e-09,100,-2.760405432829005e-05,-5.032386710275609e-05,-1,-1,-1,True,True,False,False,False,False
360,Anshun,CN,26.25,105.93333,765313,0.101610587258357,0.1831082627604132,-0.2598,-3.289734126340777e-05,False,26.5,105.5,0.0,-0.07756489327470417,0.7580025206165388,100,0.5604907629153388,0.3919114475244331,100,-9.85129477585776e-06,2.3356462173594085e-05,-1,-1,1,True,False,False,False,False,False
361,Datong,CN,40.09361,113.29139,1850000,0.2004275999999999,4.1809719996948616,-0.7504,-3.378351124176497e-05,True,40.5,113.5,0.0,-0.23121476206993488,0.11844955465869042,100,-1.5998273235142784,0.005020411077253813,100,-1.0499325412476014e-05,-7.102301589762992e-05,-1,-1,-1,True,True,False,False,False,False
362,Gujranwala,PK,32.15567,74.18705,2511118,0.1442940429027946,17.807278553444746,-3.8148,-3.533074269846222e-05,True,32.5,74.5,0.0,-3.2087734753763417,5.714598490226051e-26,100,-5.370162323392895,4.764078401919189e-14,100,-3.001335401441713e-05,-4.8496884878050314e-05,-1,-1,-1,True,True,False,False,False,False
363,Amritsar,IN,31.62234,74.87534,1159227,0.2266374003158889,14.450293736171544,-6.1073,-5.011482914793282e-05,True,31.5,74.5,0.0,-3.6369194320144147,9.20550501205411e-28,100,-6.209254922464389,1.5039530843585064e-14,100,-3.1061536210186204e-05,-5.086801156963211e-05,-1,-1,-1,True,True,False,False,False,False
364,Nanjing,CN,32.06167,118.77778,9314685,0.058399089010373,8.865491721980675,-0.0253,-6.38610302273468e-05,False,32.5,118.5,0.0,0.3878111398616021,0.06890786780643267,100,0.2973949506279779,0.5946546966658995,100,0.000984530795469285,0.0007540441847604107,-1,1,1,False,False,False,False,False,False
365,Qujing,CN,25.48333,103.78333,1408500,0.1917821182272825,5.684341886080804e-14,-0.1679,-7.425047756744359e-05,False,25.5,103.5,0.0,-0.27637625995303355,0.366802626827025,100,-0.7213739346327543,0.26510781778894693,100,-0.00012200760102207449,-0.00031617184044288767,-1,-1,-1,True,True,False,False,False,False
366,Cochabamba,BO,-17.38195,-66.15995,841276,0.2752713000102564,0.0152590218967247,-1.3577,-0.0001074989858086,True,-17.5,293.5,0.0,-1.1115452364441567,1.3168633881498412e-07,100,-0.7107836066149785,0.23584803924031378,100,-8.836638971103806e-05,-5.688096040832322e-05,-1,-1,-1,True,True,False,False,False,False
367,San Diego,US,32.71571,-117.16472,1404452,0.2093355109849011,13.656824597543334,-0.0297,-0.000112629316547,False,32.5,243.5,66.72337826624577,0.12550830376264013,0.268487764790816,100,1.275757926084281,0.001170339883601428,100,0.0004768649053286944,0.004916038100828579,-1,1,1,False,False,False,False,False,False
368,Putian,CN,25.43944,119.01028,1539389,0.0725754700111157,1.6937514305333252,-0.1389,-0.0001160814337147,False,25.5,118.5,51.66683513145008,-0.4191726495152349,0.09511945204866391,100,-0.17771348379362187,0.7984372165746485,100,-0.00034876560490672975,-0.0001484276811406747,-1,-1,-1,True,True,False,False,False,False
369,Milan,IT,45.46427,9.18951,1371498,0.0906286899990103,10.055695429922991,-1.7761,-0.0001163008848194,True,45.5,9.5,0.0,-1.2370884394405832,1.6586164622443937e-07,100,-2.753605362764951,3.299709674521048e-06,100,-8.172714246903437e-05,-0.00017744526033553897,-1,-1,-1,True,True,False,False,False,False
370,Karbala,IQ,32.61603,44.02488,1218732,0.1316135122730927,3.93682764934772,-0.5238,-0.0001279146362438,True,32.5,44.5,0.0,-0.42222112105515414,0.07517805048909944,100,-1.4555752514661118,0.02637723453124931,100,-0.00010328006718982995,-0.00035009502522106474,-1,-1,-1,True,True,False,False,False,False
371,Gurugram,IN,28.4601,77.02635,886519,0.245183804485506,5.706874189364498,-2.3689,-0.0001415826789553,True,28.5,77.5,0.0,-4.00433363444022,1.48515079030846e-18,100,-6.180556959254741,3.3499498204514146e-10,100,-0.00023303261920678132,-0.0003472738026928995,-1,-1,-1,True,True,False,False,False,False
372,Abū Ghurayb,IQ,33.30563,44.18477,900000,0.0786549269613512,20.73701075761045,-0.8459,-0.0001523367858627,True,33.5,44.5,0.0,-0.6999495772346311,0.017067928227654006,100,-1.1302821648291406,0.14226235376136015,100,-0.00012635487859843052,-0.00020260469009248955,-1,-1,-1,True,True,False,False,False,False
373,Xinyang,CN,32.12278,114.06556,1230042,0.05836012,0.686655985351365,-0.1653,-0.0001533313902071,False,32.5,114.5,0.0,0.5535402621050814,0.02868075814028061,100,1.468297066993427,0.0267289492306959,100,0.0005192902279151403,0.0006455197588256592,-1,1,1,False,False,False,False,False,False
374,Jalandhar,IN,31.32556,75.57917,868929,0.2688223032851797,8.682383459220318,-6.1073,-0.0001559091938008,True,31.5,75.5,0.0,-4.160476990172522,3.778223433227726e-33,100,-7.72447550767123,7.887265971023377e-21,100,-0.00010960290022192932,-0.0001921595039401431,-1,-1,-1,True,True,False,False,False,False
375,Bursa,TR,40.19559,29.06013,3101833,0.4104262999848779,2.1362630655375483,-1.8334,-0.0002096325866145,True,40.5,29.5,0.0,-1.6884226515047083,1.4983517198079342e-09,100,-2.574207511451897,4.809648970556076e-06,100,-0.00019351462795054192,-0.00029079652804180024,-1,-1,-1,True,True,False,False,False,False
376,Jinjiang,CN,24.81978,118.57415,1416151,0.071012860000007,10.009918364232874,-0.1389,-0.0002218569216648,False,25.5,118.5,76.00438616870348,-0.4191726495152349,0.09511945204866391,100,-0.17771348379362187,0.7984372165746485,100,-0.0006667201340320936,-0.0002836867033869858,-1,-1,-1,True,True,False,False,False,False
377,Huainan,CN,32.62639,116.99694,1666826,0.0631583100000002,11.459525444419056,-0.1504,-0.0002308977935756,False,32.5,116.5,0.0,0.3779548935160001,0.12768422746382718,100,0.434094180650776,0.49403798323316683,100,0.0005848741522737483,0.000672315831071954,-1,1,1,False,False,False,False,False,False
378,İzmir,TR,38.41273,27.13838,2938292,0.7108020999973488,90.42496375982302,-1.1472,-0.0002703422480119,True,38.5,27.5,0.0,-1.7326019224257931,3.3213706273017625e-11,100,-3.662409361295808,3.486850042805883e-09,100,-0.0004044203433877878,-0.0008285924546890611,-1,-1,-1,True,True,False,False,False,False
379,Bahawalpur,PK,29.39779,71.6752,903795,0.1190218000000238,22.384985122453656,-0.1318,-0.0002729492771905,False,29.5,71.5,0.0,-1.250645454424533,6.929584109862896e-07,100,0.05849655894847834,0.9226282515014547,100,-0.0025485831753415816,0.00012147560653769096,-1,-1,1,True,False,False,False,False,False
380,Trujillo,PE,-8.11599,-79.02998,919899,0.6669608730816291,18.76859693293665,-0.166,-0.0002982185846655,True,-8.5,281.5,72.27483390346707,-0.4567731387778899,0.00476148850334101,100,0.37147752612948043,0.3670362170542539,100,-0.0008170848163714106,0.0006726675479235625,-1,-1,1,True,False,False,False,False,False
381,Algiers,DZ,36.73225,3.08746,2364230,0.360220200010265,52.33844510566877,-0.3448,-0.0003050398441828,True,36.5,3.5,0.0,-0.7697374966728591,2.1619461362790923e-09,100,-1.0179055314661245,0.036189849812854974,100,-0.0006764481412044887,-0.000891065233496087,-1,-1,-1,True,True,False,False,False,False
382,Malatya,TR,38.35018,38.31667,750491,0.2950226995043289,0.8850232700084462,-1.8667,-0.0003126091903371,True,38.5,38.5,0.0,-1.491866110759425,9.100206968336303e-06,100,-0.8743167668368543,0.1484097693083422,100,-0.0002513711898187703,-0.00014881471464076469,-1,-1,-1,True,True,False,False,False,False
383,Sofia,BG,42.69751,23.32415,1152556,0.2816335999999533,12.61921110856798,-2.487,-0.0003294000406889,True,42.5,23.5,0.0,-1.9151466162407667,3.75995026892935e-11,100,-3.1143453746197745,2.2726020225510894e-07,100,-0.00025603684682601454,-0.0004083035906750879,-1,-1,-1,True,True,False,False,False,False
384,Bengbu,CN,32.94083,117.36083,972784,0.0847586799999958,6.927595941100208,-0.0756,-0.0003342250636843,False,32.5,117.5,0.0,0.3662967931492599,0.11888731189942485,100,0.2960609153057302,0.6239316607366578,100,0.001627555878102399,0.0013144280100415295,-1,1,1,False,False,False,False,False,False
385,Kayseri,TR,38.73222,35.48528,1452458,0.1602327415417343,0.671396963454697,-3.4303,-0.0003388840098605,True,38.5,35.5,0.0,-1.9632477267289878,9.464970322442256e-11,100,-3.994096391897789,9.12519392030098e-11,100,-0.00019864722607530576,-0.00039099154604790853,-1,-1,-1,True,True,False,False,False,False
386,Huizhou,CN,23.11147,114.41523,2900113,0.0866846999999999,18.49393453879611,-0.0666,-0.0003771200649233,False,23.5,114.5,0.0,-0.051124558778895525,0.865142623022454,100,0.7278557488112667,0.39423242821466264,100,-0.00028953312914292706,0.004152276695694679,-1,-1,1,True,False,False,False,False,False
387,Lima,PE,-12.04318,-77.02824,7737002,0.5729318000000077,8.041504539559014,-0.2668,-0.0004307030093199,True,-12.5,283.5,76.64516311438945,-0.12382828461357387,0.3203258236776331,100,0.9199400289889411,0.02034372748017221,100,-0.0002003268763734467,0.001511676219348293,-1,-1,1,True,False,False,False,False,False
388,Tbilisi,GE,41.69143,44.83412,1049498,0.2589542,43.32036316472119,-0.59,-0.000482262754851,True,41.5,44.5,0.0,-2.708353276825424,4.1350668351926614e-24,100,-0.5953742430103418,0.261537309182478,100,-0.0021413997821784873,-0.00048661440192905234,-1,-1,-1,True,True,False,False,False,False
389,Adana,TR,36.98615,35.32531,1816750,0.244605180957939,12.268253604943936,-3.1756,-0.0005665372238081,True,37.5,35.5,59.19307119361439,-1.9563044460908292,4.2218947855979155e-11,100,-3.91853784775024,5.700986872645939e-10,100,-0.0003559904659545853,-0.0006907397737513843,-1,-1,-1,True,True,False,False,False,False
390,Budapest,HU,47.49835,19.04045,1741041,0.0753313029959833,39.71923399710079,-0.5819,-0.0006089050159503,True,47.5,19.5,0.0,-1.1412353655811882,3.6833526328917085e-07,100,-0.05151209273454468,0.9159988877346731,100,-0.0011838839553950861,-5.434880069599829e-05,-1,-1,-1,True,True,False,False,False,False
391,Quanzhou,CN,24.91389,118.58583,1469157,0.0701559140831337,5.935759517814915,-0.1389,-0.0006216479062742,False,25.5,118.5,65.74210442747174,-0.4191726495152349,0.09511945204866391,100,-0.17771348379362187,0.7984372165746485,100,-0.0018700636478736765,-0.0007950085224840697,-1,-1,-1,True,True,False,False,False,False
392,Guayaquil,EC,-2.19616,-79.88621,2723665,0.6265439059161264,10.299839780270132,-0.2419,-0.0006497006440756,False,-2.5,280.5,0.0,-0.5089506190694439,0.011215359998918114,100,0.05896938723508271,0.902226945668983,100,-0.001361962537805128,0.00015903516661064376,-1,-1,1,True,False,False,False,False,False
393,Yinchuan,CN,38.46806,106.27306,1487579,0.1974322000193669,13.992523079270654,-1.7919,-0.0006979767837894,True,38.5,106.5,0.0,-0.8616050305681255,4.578814207013e-11,100,-3.1810097530091856,2.6701161248522055e-09,100,-0.0003406872388198763,-0.0012117466051260323,-1,-1,-1,True,True,False,False,False,False
394,Najafgarh,IN,28.60922,76.97982,1365000,0.2602816118756782,3.7079423208972457,-6.5892,-0.0007532157173897,True,28.5,76.5,0.0,-4.370128804567033,1.7727643684355968e-21,100,-8.289565336607726,2.887614896614468e-15,100,-0.0005176505556029228,-0.0009223673269405167,-1,-1,-1,True,True,False,False,False,False
395,Baotou,CN,40.6516,109.84389,2150000,0.1640915259445369,6.62241550316628,-1.46,-0.0007702065404044,True,40.5,109.5,0.0,-1.0226910879463533,5.0902902331708915e-14,100,-3.9675408514608086,4.546987363375058e-13,100,-0.0005432992242192895,-0.0020112404914389512,-1,-1,-1,True,True,False,False,False,False
396,Sialkot,PK,32.49268,74.53134,911817,0.2226351088871861,6.042572671091818,-3.8148,-0.0007796467880671,True,32.5,74.5,0.0,-3.2087734753763417,5.714598490226051e-26,100,-5.370162323392895,4.764078401919189e-14,100,-0.0006622327818925199,-0.001070484239165499,-1,-1,-1,True,True,False,False,False,False
397,Erzurum,TR,39.90861,41.27694,767848,0.3338670945674483,0.5798428320745188,-0.781,-0.0008920058235072,True,39.5,41.5,0.0,-1.0313808145968606,0.0020052916572539598,100,2.810435558209098,0.00010029668529231843,100,-0.0011734401965423774,0.0006763246746234464,-1,-1,1,True,False,False,False,False,False
398,Wuhu,CN,31.35259,118.42947,1598165,0.0523950000000047,0.0610360875868423,-0.3578,-0.0009051439761154,False,31.5,118.5,0.0,0.07240054814653817,0.7826430838583343,100,-0.9801757835746849,0.14644276768413375,100,0.00015530589669437989,-0.0024582840197401867,-1,1,-1,False,True,False,False,False,False
399,Köln,DE,50.93333,6.95,1024621,0.071448900103232,20.40131227588313,-0.2829,-0.0009606448421492,False,50.5,6.5,0.0,-0.41285008098050796,0.07182492174329025,100,-0.207951160768198,0.6827697796162807,100,-0.0013995864212272002,-0.0007068185317053166,-1,-1,-1,True,True,False,False,False,False
400,Vienna,AT,48.20849,16.37208,1691468,0.0797164551533543,11.062790875104952,-0.538,-0.0009995313420966,True,48.5,16.5,0.0,-0.7921462515872157,0.00037383535549638167,100,1.04171313189301,0.05392459680868225,100,-0.0014662359462375568,0.001980723213947877,-1,-1,1,True,False,False,False,False,False
401,Fes,MA,34.03313,-5.00028,1191905,0.217885838432581,22.09506370641645,-1.5972,-0.0011678201209472,True,34.5,354.5,0.0,-1.2379491763650885,1.504262886625251e-18,100,-3.031267100173184,2.9023872988589506e-09,100,-0.0009102955410291019,-0.0021669439799688224,-1,-1,-1,True,True,False,False,False,False
402,Oran,DZ,35.69906,-0.63588,803329,0.35129380212298,32.42542153047992,-0.9452,-0.0011892114031741,True,35.5,359.5,0.0,-1.1740200798679734,2.499329484828298e-19,100,-2.1455501715053393,3.0358077414686534e-06,100,-0.001471952280811352,-0.0026505038312651663,-1,-1,-1,True,True,False,False,False,False
403,Sadr City,IQ,33.3889,44.4583,1211849,0.08109344,14.05355916685744,-0.8459,-0.0012193354934096,True,33.5,44.5,0.0,-0.6999495772346311,0.017067928227654006,100,-1.1302821648291406,0.14226235376136015,100,-0.0010111769030613227,-0.001622292397208236,-1,-1,-1,True,True,False,False,False,False
404,Rome,IT,41.89193,12.51133,2318895,0.1219487,22.308690012970203,-0.4269,-0.0013312110117336,True,42.5,12.5,67.62083397898783,-0.5138868663923933,0.0022272116346145543,100,-0.11601723511698414,0.8214312836568894,100,-0.001600631878979089,-0.0003632607595491777,-1,-1,-1,True,True,False,False,False,False
405,Rabat,MA,34.01325,-6.83255,1655753,0.0716719748318391,40.05493247882811,-1.5122,-0.0013672601883325,True,34.5,353.5,0.0,-1.1398223332406536,3.3876212955199785e-17,100,-2.674399641780695,3.2312722780730425e-07,100,-0.0010365834849927862,-0.0023747153241680634,-1,-1,-1,True,True,False,False,False,False
406,Ghāziābād,IN,28.66535,77.43915,1199191,0.2054343120910291,5.188067444876822,-2.3689,-0.0015027174288339,True,28.5,77.5,0.0,-4.00433363444022,1.48515079030846e-18,100,-6.180556959254741,3.3499498204514146e-10,100,-0.0024755657506125364,-0.0036933303120975577,-1,-1,-1,True,True,False,False,False,False
407,Zapopan,MX,20.72111,-103.38742,1476491,0.1116775796298197,25.78774700541697,-1.65,-0.0015278527572131,True,20.5,256.5,0.0,-0.9707643180719694,0.0004937685255906202,100,-2.403838759888791,0.0024240576790399205,100,-0.000908469612322417,-0.002199952735895714,-1,-1,-1,True,True,False,False,False,False
408,Callao,PE,-12.05162,-77.13452,1300000,0.5972655999999986,5.684341886080804e-14,-0.2668,-0.0015812622489771,True,-12.5,283.5,85.08109938258495,-0.12382828461357387,0.3203258236776331,100,0.9199400289889411,0.02034372748017221,100,-0.0007348394360350285,3.885780586188048e-16,-1,-1,1,True,False,False,False,False,False
409,Belgrade,RS,44.80401,20.46513,1273651,0.1254296751815343,41.76394293125816,-1.5542,-0.0015988441037686,True,44.5,20.5,0.0,-1.8691347430632044,1.546652866748485e-11,100,-2.477238239091873,8.186345516802067e-06,100,-0.001913485504199168,-0.0025123285359288164,-1,-1,-1,True,True,False,False,False,False
410,Valencia,ES,39.47391,-0.37966,824340,0.0695070899995153,9.674219882505554,-0.483,-0.0017649770510182,True,39.5,359.5,0.0,-0.43558737783408324,0.0014147762062213993,100,-0.061556337059070904,0.8871789987992418,100,-0.0015926622635974302,-0.0002261223254444722,-1,-1,-1,True,True,False,False,False,False
411,Naples,IT,40.85216,14.26811,909048,0.1617050012910862,0.5951018539711868,-0.3455,-0.0017659817446177,True,41.5,14.5,74.60520566214622,-0.3655551632245716,0.04358369886011316,100,1.0260001651696964,0.06515247381912963,100,-0.0018681037625521146,0.003071419760754035,-1,-1,1,True,False,False,False,False,False
412,Al Mawşil al Jadīdah,IQ,36.33271,43.10555,2065597,0.1837698,22.247653925383418,-1.2638,-0.001774579880605,True,36.5,43.5,0.0,-1.4991475614292435,8.192709634364434e-05,100,0.9528584748939205,0.24188070122230315,100,-0.002097584312806565,0.0013836444041388854,-1,-1,1,True,False,False,False,False,False
413,Istanbul,TR,41.01384,28.94966,15701602,0.4327548,2.6398107881285,-0.273,-0.0017871685276213,False,40.5,29.5,73.57484600681587,-1.6884226515047083,1.4983517198079342e-09,100,-2.574207511451897,4.809648970556076e-06,100,-0.010931928042899719,-0.01655044588410587,-1,-1,-1,True,True,True,True,True,True
414,Fuzhou,CN,26.06139,119.30611,3740000,0.051719552891057,6.744487678339851,-0.3311,-0.0019431239035406,False,26.5,119.5,0.0,-0.41332396169549207,0.0694412729466671,100,-0.5212152180929578,0.3854837837018717,100,-0.0024238666748780946,-0.0030535900097505286,-1,-1,-1,True,True,False,False,False,False
415,Fuyang,CN,32.9,115.81667,1768947,0.06560592,3.8452735179675415,-0.3122,-0.0020405435224123,False,32.5,115.5,0.0,0.44212282231863514,0.0808012110666028,100,0.8330272903321441,0.20053179665911597,100,0.0029065016216985873,0.005492596378187775,-1,1,1,False,False,False,False,False,True
416,Rajshahi,BD,24.374,88.60114,763580,0.127690699939077,5.684341886080804e-14,-0.5335,-0.0021503134704165,False,24.5,88.5,0.0,0.5221816690882021,0.44669992009749615,100,1.5984291945158464,0.16281633646102295,100,2.220446049250313e-16,2.220446049250313e-16,-1,1,1,False,False,False,False,False,False
417,Antalya,TR,36.90812,30.69556,1335002,0.2329981000000742,5.684341886080804e-14,-0.3999,-0.0021886002904899,True,37.5,30.5,68.05491654090906,-2.138666296819896,3.8495931321781537e-13,100,-6.2669047053337055,8.546102656627603e-17,100,-0.01150647022092463,-0.032346189108882456,-1,-1,-1,True,True,True,True,True,True
418,Jiujiang,CN,29.70475,116.00206,1164268,0.09921758,1.144426642252256,-0.9236,-0.0022378165702468,True,29.5,116.5,0.0,-0.8000748822823185,0.06366730509872368,100,-3.56783471747438,0.0010165170354862229,100,-0.0019418725828218991,-0.008331508770654639,-1,-1,-1,True,True,False,False,False,True
419,Baghdad,IQ,33.34058,44.40088,7216000,0.080273361037564,15.10643167772946,-0.8459,-0.0022428271673237,True,33.5,44.5,0.0,-0.6999495772346311,0.017067928227654006,100,-1.1302821648291406,0.14226235376136015,100,-0.0018595686246622445,-0.0029851846820815736,-1,-1,-1,True,True,False,False,False,False
420,Tangier,MA,35.76727,-5.79975,1035141,0.2055809999960579,2.441443503471476,-0.385,-0.0023111798347327,True,35.5,354.5,0.0,-1.015843673735227,1.0576674977928921e-13,100,-2.1083705768332344,7.05230470134431e-06,100,-0.006064302490741108,-0.012464330969983117,-1,-1,-1,True,True,False,True,True,True
421,Salé,MA,34.0531,-6.79846,972299,0.0743428500016187,23.20897230487526,-1.5122,-0.0023555736187819,True,34.5,353.5,0.0,-1.1398223332406536,3.3876212955199785e-17,100,-2.674399641780695,3.2312722780730425e-07,100,-0.0017854071399735702,-0.004094492616534946,-1,-1,-1,True,True,False,False,False,False
422,Dera Ismail Khan,PK,31.83129,70.9017,763195,0.2558566188558271,18.8448920424201,-0.7912,-0.0025807271329828,True,31.5,70.5,0.0,-1.0554042136831587,1.1901823224048542e-07,100,0.470931776832821,0.3878531172312606,100,-0.003430741365902823,0.0015613814037181983,-1,-1,1,True,False,False,False,False,False
423,Wuzhong,CN,37.9867,106.201,7202654,0.1972265914121957,20.73701075761045,-0.7714,-0.0029932514957789,True,37.5,106.5,0.0,-0.5839233770915125,4.547956640300783e-06,100,-2.506889089425715,2.3899501309098258e-06,100,-0.0022709519713910997,-0.009524085618687422,-1,-1,-1,True,True,False,False,False,True
424,Narela,IN,28.85267,77.09288,800000,0.2424865001761759,5.142290379186704,-2.3689,-0.0030309944519241,True,28.5,77.5,0.0,-4.00433363444022,1.48515079030846e-18,100,-6.180556959254741,3.3499498204514146e-10,100,-0.00499850072751909,-0.007467182589481196,-1,-1,-1,True,True,False,False,False,True
425,Zhongwei,CN,37.51129,105.19067,1174600,0.2145857,22.308690012970203,-0.7714,-0.0030726814569047,True,37.5,105.5,0.0,-0.5057020908012341,0.0001974031250670751,100,-2.3544565770481025,3.15796823936764e-05,100,-0.002020771405255112,-0.009201433184173491,-1,-1,-1,True,True,False,False,False,True
426,Rohini,IN,28.74322,77.06778,860000,0.2509831,3.7232013427939705,-2.3689,-0.0031157366630228,True,28.5,77.5,0.0,-4.00433363444022,1.48515079030846e-18,100,-6.180556959254741,3.3499498204514146e-10,100,-0.005138559241692077,-0.0076769906258470424,-1,-1,-1,True,True,False,True,False,True
427,Anqing,CN,30.51365,117.04723,804493,0.0734550466256087,5.684341886080804e-14,-0.6228,-0.0032250734790999,False,30.5,117.5,0.0,-0.3832939350442976,0.28556350536133973,100,-2.5630162241641385,0.004957815562974756,100,-0.001989694056605096,-0.013009411214495448,-1,-1,-1,True,True,False,False,True,True
428,Niigata,JP,37.92259,139.04125,797591,0.2601448673891304,5.684341886080804e-14,-0.4162,-0.0034359910290833,True,37.5,139.5,0.0,0.267433078970056,0.1525015299651864,100,0.2185436287494497,0.6898250067647294,100,4.440892098500626e-16,4.440892098500626e-16,-1,1,1,False,False,False,False,False,False
429,San Francisco,US,37.77493,-122.41942,827526,0.414144,6.530861371786102,-0.6298,-0.0037395549434221,True,38.5,237.5,80.93162723216541,-0.04752927196794958,0.8778838872356526,100,1.2840424186421606,0.0877346083592503,100,-0.00028367846511140327,0.007754004038462409,-1,-1,1,True,False,False,False,False,True
430,Guadalajara,MX,20.67738,-103.34749,1385629,0.1157240041523691,0.106813153276903,-1.65,-0.0037921671925452,True,20.5,256.5,0.0,-0.9707643180719694,0.0004937685255906202,100,-2.403838759888791,0.0024240576790399205,100,-0.0022525347455346484,-0.005466414834644148,-1,-1,-1,True,True,False,False,False,True
431,Mosul,IQ,36.335,43.11889,1683000,0.1837698,15.73205157549404,-1.2638,-0.003823520628428,True,36.5,43.5,0.0,-1.4991475614292435,8.192709634364434e-05,100,0.9528584748939205,0.24188070122230315,100,-0.004521442984371807,0.0029685299838406037,-1,-1,1,True,False,False,False,False,False
432,Pest,HU,47.5,19.08333,1001748,0.07254013,6.62241550316628,-0.5819,-0.0038863109117462,True,47.5,19.5,0.0,-1.1412353655811882,3.6833526328917085e-07,100,-0.05151209273454468,0.9159988877346731,100,-0.00759022157101924,-0.0003453810215431896,-1,-1,-1,True,True,False,True,False,False
433,Bayan Nur,CN,40.74143,107.38599,1760000,0.1635738308048777,9.277485313191448,-1.1558,-0.0042411337674424,True,40.5,107.5,0.0,-0.9897171652923991,2.3795321359262544e-14,100,-3.228978072891139,8.468345679089922e-11,100,-0.0036391977847373413,-0.011546821822408265,-1,-1,-1,True,True,False,False,True,True
434,Rangpur,BD,25.74664,89.25166,1031388,0.2707102941607577,2.4719615472648684,-1.0354,-0.0051411198019189,False,25.5,89.5,0.0,0.20083278276248892,0.7863275680732951,100,0.970527166245916,0.46831105627186065,100,0.0010102601238103082,0.004921509773799682,-1,1,1,False,False,False,False,False,False
435,Diyarbakır,TR,37.91363,40.21721,1833684,0.1193813,6.530861371786102,-1.6686,-0.0055730278091667,True,37.5,40.5,0.0,-1.50390433595355,4.4185836840669356e-05,100,0.10332635498906198,0.8832991725943963,100,-0.005033570990860423,0.000353024428030313,-1,-1,1,True,False,False,True,False,False
436,Turin,IT,45.07049,7.68682,847287,0.114485601526381,18.58548867017629,-1.5459,-0.0058121023331525,True,45.5,7.5,0.0,-1.227176943435316,1.885406420971329e-06,100,-3.3011827059731234,8.048022556660454e-07,100,-0.004631893609039539,-0.012146153786802394,-1,-1,-1,True,True,False,False,True,True
437,Puebla,MX,19.04778,-98.20723,1692181,0.2727666710441241,12.4208438239109,-1.7035,-0.006715498408346,True,19.5,261.5,0.0,-1.1294629883650724,3.524411911374203e-05,100,-3.6411903060789745,2.6703786633128516e-09,100,-0.004483381170596656,-0.014022464795012096,-1,-1,-1,True,True,False,False,True,True
438,Seattle,US,47.60621,-122.33207,780995,0.3056356000013193,6.8513008316166975,-1.0623,-0.0067245943704312,True,47.5,237.5,0.0,-0.7415272730655654,0.01711100947950304,100,1.0705068428942326,0.06766912117763306,100,-0.00470631157198359,0.006893699241005247,-1,-1,1,True,False,False,False,False,True
439,Srinagar,IN,34.08565,74.80555,1206419,0.3927438,3.006027313649213,-2.9142,-0.0086285932427188,True,34.5,74.5,0.0,-2.7560424763425555,1.1965839900819535e-13,100,-5.455971481867027,2.1507709112610062e-11,100,-0.008177409937557806,-0.015619957858780606,-1,-1,-1,True,True,False,True,True,True
440,Faridabad,IN,28.41124,77.31316,1414050,0.2051115996711991,0.686655985351365,-2.3689,-0.0096483135253369,True,28.5,77.5,0.0,-4.00433363444022,1.48515079030846e-18,100,-6.180556959254741,3.3499498204514146e-10,100,-0.01599573041501612,-0.024055911618601947,-1,-1,-1,True,True,True,True,True,True
441,Delhi,IN,28.65195,77.23149,11034555,0.2294909887507435,15.228503852903032,-2.3689,-0.0113766608006131,True,28.5,77.5,0.0,-4.00433363444022,1.48515079030846e-18,100,-6.180556959254741,3.3499498204514146e-10,100,-0.01889263700598956,-0.028472974096548836,-1,-1,-1,True,True,True,True,True,True
442,Lahore,PK,31.558,74.35071,13004135,0.177375700015881,8.545052262150023,-4.3053,-0.0140276495434888,True,31.5,74.5,0.0,-3.6369194320144147,9.20550501205411e-28,100,-6.209254922464389,1.5039530843585064e-14,100,-0.011951859560342865,-0.01974301922868943,-1,-1,-1,True,True,True,True,True,True
443,Ludhiana,IN,30.91204,75.85379,1618879,0.2378727929457269,10.421911955443704,-7.7419,-0.0153533212038833,True,30.5,75.5,0.0,-4.616165066639481,1.6952947385048235e-30,100,-8.84788258611126,1.4930965978751066e-20,100,-0.009567380821144486,-0.01727620801065277,-1,-1,-1,True,True,False,True,True,True
